1c.ru # TLD
1cupis.ru # TLD
1e100.net # NO_RESOLVE
1passwordservices.com # NO_RESOLVE
1rx.io # NO_RESOLVE
1tv.ru # TLD
1xbet.kz # TLD
213891.xyz # NO_RESOLVE
2gis.com # GeoIP (RU)
2gis.ru # TLD
2giskz.app # GeoIP (RU)
2kcoretech.online # NO_RESOLVE
2mdn.net # NO_RESOLVE
2o7.net # NO_RESOLVE
3322.org # NO_RESOLVE
365lpodds.com # NO_RESOLVE
3gppnetwork.org # NO_RESOLVE
3stripes.net # NO_RESOLVE
4dex.io # NO_RESOLVE
4dex.tech # NO_RESOLVE
4dvertible.com # NO_RESOLVE
50union.com # NO_RESOLVE
51y5.net # NO_RESOLVE
5egytucuw.com # NO_RESOLVE
5h1pm3n7.com # NO_RESOLVE
5ka.ru # TLD
6-q-r-s.com # NO_RESOLVE
6chcdn.com # NO_RESOLVE
6ctuslwqz.com # NO_RESOLVE
6p71hs.top # NO_RESOLVE
6sc.co # NO_RESOLVE
713mtauburnctcolumbusoh43085.st # NO_RESOLVE
71edge.com # NO_RESOLVE
8989c.net # NO_RESOLVE
8slp.net # NO_RESOLVE
94tusx.com # NO_RESOLVE
989v87ii5.com # NO_RESOLVE
9ljp.com # NO_RESOLVE
a-b-3-d.com # NO_RESOLVE
a-b-c-8.com # NO_RESOLVE
a-msedge.net # NO_RESOLVE
a-mx.com # NO_RESOLVE
a-mx.net # NO_RESOLVE
a1q7.net # NO_RESOLVE
a2z.com # NO_RESOLVE
a8r.games # NO_RESOLVE
aacdn.net # NO_RESOLVE
aadrm.com # NO_RESOLVE
aaplimg.com # NO_RESOLVE
aarki.net # NO_RESOLVE
aaxads.com # NO_RESOLVE
abebookscdn.com # NO_RESOLVE
ac.at # NO_RESOLVE
ac.cn # NO_RESOLVE
ac.il # NO_RESOLVE
ac.in # NO_RESOLVE
ac.ir # NO_RESOLVE
ac.jp # NO_RESOLVE
ac.ke # NO_RESOLVE
ac.kr # NO_RESOLVE
ac.nz # NO_RESOLVE
ac.th # NO_RESOLVE
ac.uk # NO_RESOLVE
ac.za # NO_RESOLVE
acc-de.com # NO_RESOLVE
accdab.net # NO_RESOLVE
accounts.dev # NO_RESOLVE
acint.net # GeoIP (RU)
acobt.tech # NO_RESOLVE
acompli.net # NO_RESOLVE
activemetering.com # NO_RESOLVE
activtrak.net # NO_RESOLVE
ad-m.asia # NO_RESOLVE
ad-m.net # NO_RESOLVE
ad-tech.ru # TLD
ad.jp # NO_RESOLVE
adaether.com # NO_RESOLVE
adeo.cloud # NO_RESOLVE
adfox.ru # TLD
adgrx.com # NO_RESOLVE
adguard.org # NO_RESOLVE
adhigh.net # GeoIP (RU)
adiam.tech # GeoIP (RU)
adipolo.co # NO_RESOLVE
adipolo.live # NO_RESOLVE
adjust.world # NO_RESOLVE
adkwai.com # NO_RESOLVE
adlook.online # GeoIP (RU)
adlooxtracking.ru # TLD
adn.cloud # NO_RESOLVE
adnxs-simple.com # NO_RESOLVE
adnxs.net # NO_RESOLVE
adobecces.com # NO_RESOLVE
adobeccstatic.com # NO_RESOLVE
adobedc.net # NO_RESOLVE
adobedtm.com # NO_RESOLVE
adobeoobe.com # NO_RESOLVE
adoberesources.net # NO_RESOLVE
adobesc.com # NO_RESOLVE
adobess.com # NO_RESOLVE
adobestats.io # NO_RESOLVE
adobetag.com # NO_RESOLVE
adplay.ru # TLD
adplsr.com # NO_RESOLVE
adriver.ru # TLD
ads-pixiv.net # NO_RESOLVE
ads-tinyorbit.com # NO_RESOLVE
ads-twitter.com # NO_RESOLVE
adsappier.com # NO_RESOLVE
adsboosters.xyz # NO_RESOLVE
adseyeservice.com # NO_RESOLVE
adsp.io # NO_RESOLVE
adspend.space # GeoIP (RU)
adstk.io # NO_RESOLVE
adtdp.com # NO_RESOLVE
adtec.ru # TLD
adtng.com # NO_RESOLVE
adukwai.com # NO_RESOLVE
adv.br # NO_RESOLVE
advertronic.io # GeoIP (RU)
adx.com.ru # TLD
adxcel-ec2.com # NO_RESOLVE
adyenpayments.com # NO_RESOLVE
adzerk.net # NO_RESOLVE
aeroflot.ru # TLD
aerohive.com # NO_RESOLVE
aftvrsys.com # NO_RESOLVE
agkn.com # NO_RESOLVE
agoralab.co # NO_RESOLVE
ahmybid.net # NO_RESOLVE
aibigdatausa.com # NO_RESOLVE
aibixby.com # NO_RESOLVE
aibotplatform.com # NO_RESOLVE
aiee1.com # NO_RESOLVE
aimxhub.com # NO_RESOLVE
airbnb.net # NO_RESOLVE
airthin.gs # NO_RESOLVE
airtrfx.com # NO_RESOLVE
aistrm.net # NO_RESOLVE
aiv-cdn.net # NO_RESOLVE
aiv-delivery.net # NO_RESOLVE
aizhantj.com # NO_RESOLVE
ak-is2.net # NO_RESOLVE
akadns.net # NO_RESOLVE
akadns99.net # NO_RESOLVE
akahost.net # NO_RESOLVE
akam.net # NO_RESOLVE
akamai.net # NO_RESOLVE
akamaiedge.net # NO_RESOLVE
akamaihd.net # NO_RESOLVE
akamaitechnologies.com # NO_RESOLVE
akamaized.net # NO_RESOLVE
akaquill.net # NO_RESOLVE
akasripcn.net # NO_RESOLVE
aki-game.net # NO_RESOLVE
akisinn.info # NO_RESOLVE
akisinn.site # NO_RESOLVE
akstat.io # NO_RESOLVE
al-adtech.com # GeoIP (RU)
alarmnet.com # NO_RESOLVE
albss.com # NO_RESOLVE
alfabank.ru # TLD
alfasense.net # GeoIP (RU)
alfred-iot.com # NO_RESOLVE
alghas.cc # NO_RESOLVE
alia-prod.com # NO_RESOLVE
aliapp.org # NO_RESOLVE
alibabadns.com # NO_RESOLVE
alienvault.cloud # NO_RESOLVE
aliexpress-media.com # NO_RESOLVE
aliexpress.ru # TLD
aliyuncsslbintl.com # NO_RESOLVE
aliyunddos0013.com # NO_RESOLVE
aliyunga0019.com # NO_RESOLVE
allawnofs.com # NO_RESOLVE
allawnos.com # NO_RESOLVE
allegrostatic.com # NO_RESOLVE
allsaints.tv # NO_RESOLVE
alohaenterprise.com # NO_RESOLVE
alphashareit.works # NO_RESOLVE
amazingmoboosts.com # NO_RESOLVE
amazon-ads-attestation.com # NO_RESOLVE
amazon-dss.com # NO_RESOLVE
amazon.dev # NO_RESOLVE
amazoncognito.com # NO_RESOLVE
amazoncrl.com # NO_RESOLVE
amocrm.ru # TLD
amp-endpoint1.com # NO_RESOLVE
amp-endpoint2.com # NO_RESOLVE
amp-endpoint3.com # NO_RESOLVE
ampaeservices.com # NO_RESOLVE
amplience.net # NO_RESOLVE
amplifyapp.com # NO_RESOLVE
amplreq.com # NO_RESOLVE
amsoveasea.com # NO_RESOLVE
analytics-egain.com # NO_RESOLVE
angrybirdsbigadventure.net # NO_RESOLVE
antibanads.com # NO_RESOLVE
anuytzc.xyz # NO_RESOLVE
anythinktech.com # NO_RESOLVE
anzu-us.com # NO_RESOLVE
aoneroom.com # NO_RESOLVE
ap4r.com # NO_RESOLVE
apdcdn.com # NO_RESOLVE
api.aws # NO_RESOLVE
apiblink.ru # TLD
apicgate.com # NO_RESOLVE
apigee.net # NO_RESOLVE
apineural.com # NO_RESOLVE
apiok.net # NO_RESOLVE
apitd.net # NO_RESOLVE
apkomega.com # NO_RESOLVE
apktorrents.com # NO_RESOLVE
apl-alexa.com # NO_RESOLVE
app-us1.com # NO_RESOLVE
app.br # NO_RESOLVE
app.delivery # NO_RESOLVE
appcpi.net # NO_RESOLVE
appcues.net # NO_RESOLVE
appdomain.cloud # NO_RESOLVE
appgenradio.com # NO_RESOLVE
appiersig.com # NO_RESOLVE
apple-dns.cn # NO_RESOLVE
apple-dns.net # NO_RESOLVE
apple-mapkit.com # NO_RESOLVE
apple-studies.com # NO_RESOLVE
applilink.jp # NO_RESOLVE
applvn.com # NO_RESOLVE
appnexusgslb.com # NO_RESOLVE
approovr.io # NO_RESOLVE
apps.mil # NO_RESOLVE
appsmb.com # NO_RESOLVE
apptracer.ru # TLD
apteka.ru # TLD
arc-cdn.net # NO_RESOLVE
arc-dns.net # NO_RESOLVE
arc-msedge.net # NO_RESOLVE
argotunnel.com # NO_RESOLVE
arloxcld.com # NO_RESOLVE
arm-msedge.net # NO_RESOLVE
army.mil # NO_RESOLVE
arpanet.jp # NO_RESOLVE
askdiandian.com # NO_RESOLVE
asnapieu.com # NO_RESOLVE
aspnetcdn.com # NO_RESOLVE
assets-yammer.com # NO_RESOLVE
astockcdn.net # NO_RESOLVE
astralvisioncraft.com # NO_RESOLVE
at-o.net # NO_RESOLVE
athena.io # NO_RESOLVE
aticdn.net # NO_RESOLVE
atidevs.com # NO_RESOLVE
atlassian-dev.net # NO_RESOLVE
atmnd.com # NO_RESOLVE
atmndx.com # NO_RESOLVE
atmtd.com # NO_RESOLVE
atol.ru # TLD
atomile.com # NO_RESOLVE
atp.fox # NO_RESOLVE
att-idns.net # NO_RESOLVE
auappservice.com # NO_RESOLVE
auth0app.com # NO_RESOLVE
auth0edge.com # NO_RESOLVE
auto.ru # TLD
automizely-analytics.com # NO_RESOLVE
autoscout24.net # NO_RESOLVE
avcdn.net # NO_RESOLVE
avct.cloud # NO_RESOLVE
aviasales.ru # TLD
avira.net # NO_RESOLVE
avito.ru # TLD
avito.st # GeoIP (RU)
awmcdn.net # NO_RESOLVE
awmdm.com # NO_RESOLVE
aws-prd.net # NO_RESOLVE
aws-thinq-prd.net # NO_RESOLVE
aws.dev # NO_RESOLVE
awsapprunner.com # NO_RESOLVE
awsglobalaccelerator.com # NO_RESOLVE
awsstatic.com # NO_RESOLVE
awstrack.me # NO_RESOLVE
awswaf.com # NO_RESOLVE
ax-dc-msedge.net # NO_RESOLVE
ax-msedge.net # NO_RESOLVE
axonixgrid.com # NO_RESOLVE
azhkthg1.net # NO_RESOLVE
azmk8s.io # NO_RESOLVE
azure-api.net # NO_RESOLVE
azure-apim.net # NO_RESOLVE
azure-devices-provisioning.net # NO_RESOLVE
azure-devices.net # NO_RESOLVE
azure-dns.com # NO_RESOLVE
azure-dns.info # NO_RESOLVE
azure-dns.net # NO_RESOLVE
azure-dns.org # NO_RESOLVE
azure.us # NO_RESOLVE
azuredatabricks.net # NO_RESOLVE
azureedge.net # NO_RESOLVE
azureedge.us # NO_RESOLVE
azurefd.net # NO_RESOLVE
azurefd.us # NO_RESOLVE
azurestaticapps.net # NO_RESOLVE
azurewebsites.net # NO_RESOLVE
b-msedge.net # NO_RESOLVE
b.br # NO_RESOLVE
b2bdxp.com # NO_RESOLVE
b2c.com # NO_RESOLVE
b2clogin.com # NO_RESOLVE
bacchiccupule.qpon # NO_RESOLVE
baifentan.com # NO_RESOLVE
bamajobin.ir # NO_RESOLVE
bamgrid.com # NO_RESOLVE
bananaship.net # NO_RESOLVE
bance.jp # NO_RESOLVE
bancobrasil.com.br # NO_RESOLVE
bangcdn.net # NO_RESOLVE
bank.in # NO_RESOLVE
bannerflow.net # NO_RESOLVE
bbox.fr # NO_RESOLVE
bc-sys.com # NO_RESOLVE
bc.ca # NO_RESOLVE
bcbd123.com # NO_RESOLVE
bcebos.com # NO_RESOLVE
bcelive.com # NO_RESOLVE
bcvcdn.com # NO_RESOLVE
bd-caict.com # NO_RESOLVE
bdcgslb.com # NO_RESOLVE
bdtelemetry.amazon # NO_RESOLVE
bdurl.net # NO_RESOLVE
bdydns.com # NO_RESOLVE
beanywhere.com # NO_RESOLVE
bedrock.tech # NO_RESOLVE
beeline.ru # TLD
beget.com # GeoIP (RU)
bel.tr # NO_RESOLVE
belta.by # TLD
bentoo.net # NO_RESOLVE
bereal.network # NO_RESOLVE
betboom.ru # TLD
betcity.ru # TLD
betrad.com # NO_RESOLVE
betweendigital.com # GeoIP (RU)
beyla.site # NO_RESOLVE
beyondtrustcloud.com # NO_RESOLVE
bgchprod.info # NO_RESOLVE
bgicdn.com # NO_RESOLVE
bhvrdbd.com # NO_RESOLVE
biahosted.com # NO_RESOLVE
biahosted.net # NO_RESOLVE
bialaerbeitoris.com # NO_RESOLVE
bibledns.com # NO_RESOLVE
bid-algorix.com # NO_RESOLVE
bidbrain.app # NO_RESOLVE
bidderstack.com # NO_RESOLVE
bidin-ad.com # NO_RESOLVE
bidr.io # NO_RESOLVE
bidswitch.net # NO_RESOLVE
bidvol.com # GeoIP (RU)
biliapi.com # NO_RESOLVE
biliapi.net # NO_RESOLVE
bilicdn1.com # NO_RESOLVE
biliimg.com # NO_RESOLVE
bilivideo.com # NO_RESOLVE
bingapis.com # NO_RESOLVE
birdgesdk.com # NO_RESOLVE
birkenwald.de # NO_RESOLVE
bitautoimg.com # NO_RESOLVE
bitrix.info # GeoIP (RU)
bitrix24.ru # TLD
bixbyllm.com # NO_RESOLVE
biz.id # NO_RESOLVE
bk6bba-resources.com # NO_RESOLVE
bk6bba-resources.ru # TLD
bkcdn.net # NO_RESOLVE
blazingcdn.net # NO_RESOLVE
bldrdoc.gov # NO_RESOLVE
blink-maps.com # GeoIP (RU)
bloomreach.co # NO_RESOLVE
bluecore.app # NO_RESOLVE
blueduckredapple.com # NO_RESOLVE
blxrbdn.com # NO_RESOLVE
bmtr.org # NO_RESOLVE
bmtrcs.com # NO_RESOLVE
bmw.cloud # NO_RESOLVE
bnbstatic.com # NO_RESOLVE
bncloudfl.com # NO_RESOLVE
bntrace.com # NO_RESOLVE
bnxz.net # NO_RESOLVE
boltdns.net # NO_RESOLVE
boltsvc.net # NO_RESOLVE
bonchat.download # NO_RESOLVE
boomio-cdn.com # NO_RESOLVE
boosty.to # GeoIP (RU)
bose.io # NO_RESOLVE
botfaqtor.ru # TLD
boxcdn.net # NO_RESOLVE
bpcyber.com # NO_RESOLVE
bpgslb.com # NO_RESOLVE
bplslb.com # NO_RESOLVE
bpmlt.com # NO_RESOLVE
braintree-api.com # NO_RESOLVE
brawlstarsgame.com # NO_RESOLVE
brdtnet.com # NO_RESOLVE
bridgeoos.com # NO_RESOLVE
brightcove.net # NO_RESOLVE
brightcovecdn.com # NO_RESOLVE
brightspotcdn.com # NO_RESOLVE
brilliantchap.com # NO_RESOLVE
brinkpos.net # NO_RESOLVE
bro-transsion.com # NO_RESOLVE
bronze.systems # NO_RESOLVE
brsrvr.com # NO_RESOLVE
bscdnweb.com # NO_RESOLVE
bspb.ru # TLD
bstarstatic.com # NO_RESOLVE
bt.co # NO_RESOLVE
btsgtm.com # NO_RESOLVE
buffbuff.top # NO_RESOLVE
bumlam.com # NO_RESOLVE
bundlecdn.com # NO_RESOLVE
bunnyinfra.net # NO_RESOLVE
buzocq.com # NO_RESOLVE
buzzoola.com # GeoIP (RU)
bvfcdn.com # NO_RESOLVE
bvfcdn2.com # NO_RESOLVE
bwajeffwashere.buzz # NO_RESOLVE
bx-msedge.net # NO_RESOLVE
bxcdn.net # NO_RESOLVE
byabcde.com # NO_RESOLVE
byapps.net # NO_RESOLVE
bybdc6.com # NO_RESOLVE
byd3c3.com # NO_RESOLVE
byspotify.com # NO_RESOLVE
bystys.tech # NO_RESOLVE
byte-test.com # NO_RESOLVE
byte008.com # NO_RESOLVE
bytecdn.com # NO_RESOLVE
bytedance.net # NO_RESOLVE
bytedapm.com # NO_RESOLVE
bytedns1.com # NO_RESOLVE
bytedns3.com # NO_RESOLVE
bytednsdoc.com # NO_RESOLVE
byteeffecttos-g.com # NO_RESOLVE
byteeffecttos.com # NO_RESOLVE
bytefcdn-oversea.com # NO_RESOLVE
bytefcdn-ttpeu.com # NO_RESOLVE
bytefcdn-ttpus.com # NO_RESOLVE
bytefcdn.com # NO_RESOLVE
bytegecko-i18n.com # NO_RESOLVE
bytegecko.com # NO_RESOLVE
byteglb.com # NO_RESOLVE
bytegle.site # NO_RESOLVE
bytegle.tech # NO_RESOLVE
bytegoofy.com # NO_RESOLVE
bytegsdk.com # NO_RESOLVE
bytegslb.com # NO_RESOLVE
bytehwm.com # NO_RESOLVE
byteicdn.com # NO_RESOLVE
byteigtm.com # NO_RESOLVE
byteimg.com # NO_RESOLVE
byteintl.com # NO_RESOLVE
byteintlapi.com # NO_RESOLVE
bytelb.com # NO_RESOLVE
bytelb.net # NO_RESOLVE
bytemastatic.com # NO_RESOLVE
byteoversea.com # NO_RESOLVE
byteoversea.net # NO_RESOLVE
bytepluscdn.com # NO_RESOLVE
bytepluses.com # NO_RESOLVE
byteplusvod.com # NO_RESOLVE
bytescm.com # NO_RESOLVE
bytetcdn.com # NO_RESOLVE
bytetos.com # NO_RESOLVE
bytevcloud.com # NO_RESOLVE
bytevcloudapi.com # NO_RESOLVE
bzzcast.com # NO_RESOLVE
c-8-e-y.com # NO_RESOLVE
c-wss.com # NO_RESOLVE
c.cx # NO_RESOLVE
c1oudfront.com # NO_RESOLVE
c6bank.app # NO_RESOLVE
ca.us # NO_RESOLVE
cabnnr.com # NO_RESOLVE
cachefly.net # NO_RESOLVE
cakeisalie.co.uk # NO_RESOLVE
calldorado-api.com # NO_RESOLVE
calltouch.ru # TLD
calyra.cc # NO_RESOLVE
canva-apps.com # NO_RESOLVE
canvas-user-content.com # NO_RESOLVE
capcutapi.com # NO_RESOLVE
capcutapi.us # NO_RESOLVE
capcutcdn-us.com # NO_RESOLVE
capcutshare.com # NO_RESOLVE
capcutstatic.com # NO_RESOLVE
capcutvod.com # NO_RESOLVE
capcutw.us # NO_RESOLVE
capenetworks.io # NO_RESOLVE
capitalonegslbex.com # NO_RESOLVE
capndr.com # NO_RESOLVE
captcha-delivery.com # NO_RESOLVE
cariad.digital # NO_RESOLVE
carrotquest.app # GeoIP (RU)
carrstuv.com # NO_RESOLVE
cartocdn.com # NO_RESOLVE
cashappapi.com # NO_RESOLVE
catonet.works # NO_RESOLVE
catsnetwork.ru # TLD
catsonictp.com # NO_RESOLVE
cbsaavideo.com # NO_RESOLVE
cbsig.net # NO_RESOLVE
cbsivideo.com # NO_RESOLVE
cc-ecdn.net # NO_RESOLVE
ccgateway.net # NO_RESOLVE
cdek.ru # TLD
cdn-apple.com # NO_RESOLVE
cdn-cian.ru # TLD
cdn-sw.net # NO_RESOLVE
cdn-tinkoff.ru # TLD
cdn-vk.ru # TLD
cdn-wal.net # NO_RESOLVE
cdn-website.com # NO_RESOLVE
cdn20.com # NO_RESOLVE
cdn4dd.com # NO_RESOLVE
cdn77.org # NO_RESOLVE
cdnbasket.net # NO_RESOLVE
cdnbuild.net # NO_RESOLVE
cdnfimgs.com # NO_RESOLVE
cdnfx.net # NO_RESOLVE
cdnhwc1.com # NO_RESOLVE
cdnhwc2.com # NO_RESOLVE
cdnhwc3.com # NO_RESOLVE
cdnhwc6.cn # NO_RESOLVE
cdnhwc7.com # NO_RESOLVE
cdnhwchcg02.com # NO_RESOLVE
cdnhwcjog12.com # NO_RESOLVE
cdnhwcoem01.com # NO_RESOLVE
cdnhwcohm19.com # NO_RESOLVE
cdnhwcuim119.com # NO_RESOLVE
cdnhwcxcy07.com # NO_RESOLVE
cdnhwczba04.com # NO_RESOLVE
cdninstagram.com # NO_RESOLVE
cdnstream1.com # NO_RESOLVE
cdnvideo.ru # TLD
cdpred.services # NO_RESOLVE
cdtx.co # NO_RESOLVE
censys-scanner.com # NO_RESOLVE
centrastage.net # NO_RESOLVE
ceoiii.com # NO_RESOLVE
cfx-services.net # NO_RESOLVE
cgnx.net # NO_RESOLVE
championat.com # GeoIP (RU)
channelcom.tech # NO_RESOLVE
channelexco.com # NO_RESOLVE
chapturist.com # NO_RESOLVE
checktrustworthiness.com # NO_RESOLVE
chemport.ru # TLD
cheqzone.com # NO_RESOLVE
chesscomfiles.com # NO_RESOLVE
chinacloudapi.cn # NO_RESOLVE
chinanetcenter.com # NO_RESOLVE
chinanews.com.cn # NO_RESOLVE
chinatax.gov.cn # NO_RESOLVE
chnsrv.com # NO_RESOLVE
cian.ru # TLD
cib.com.cn # NO_RESOLVE
cimpress.io # NO_RESOLVE
cinemap.cc # NO_RESOLVE
citrixworkspacesapi.net # NO_RESOLVE
cjjd14.com # NO_RESOLVE
ck-ie.com # NO_RESOLVE
clairvoyance.cloud # NO_RESOLVE
clarium.io # NO_RESOLVE
clarobrasil.mobi # NO_RESOLVE
clarocdn.com.br # NO_RESOLVE
clashroyaleapp.com # NO_RESOLVE
claspws.tv # NO_RESOLVE
claudeusercontent.com # NO_RESOLVE
claydar.com # NO_RESOLVE
cldmail.ru # TLD
clerkprod-cloudflare.net # NO_RESOLVE
click-nrse.net # NO_RESOLVE
clickwifi.net # NO_RESOLVE
clientgear.com # NO_RESOLVE
clienttons.com # NO_RESOLVE
cliqtrq.com # NO_RESOLVE
clixsight.com # NO_RESOLVE
cloudapp.net # NO_RESOLVE
cloudatacdn.com # NO_RESOLVE
cloudcpp.com # NO_RESOLVE
clouddatahub.net # NO_RESOLVE
clouddevice.io # NO_RESOLVE
cloudedge360.com # NO_RESOLVE
cloudflare-gateway.com # NO_RESOLVE
cloudfront.net # NO_RESOLVE
cloudfunctions.net # NO_RESOLVE
cloudhub.io # NO_RESOLVE
cloudscdn.net # NO_RESOLVE
cloudsink.net # NO_RESOLVE
cloudtotvs.com.br # NO_RESOLVE
cmediahub.ru # TLD
cnn.io # NO_RESOLVE
cnnx.link # NO_RESOLVE
cnrd.io # NO_RESOLVE
cnt.my # GeoIP (RU)
cocogain.io # NO_RESOLVE
codefusion.technology # NO_RESOLVE
codmwest.com # NO_RESOLVE
cognitivlabs.com # NO_RESOLVE
coinall.ltd # NO_RESOLVE
comonxp.com # NO_RESOLVE
component-world.com # NO_RESOLVE
conde.digital # NO_RESOLVE
condenastdigital.com # NO_RESOLVE
conferdeploy.net # NO_RESOLVE
confiant-integrations.net # NO_RESOLVE
configurationcenter.com # NO_RESOLVE
connect.aws # NO_RESOLVE
contaboserver.net # NO_RESOLVE
content-square.net # NO_RESOLVE
contentabc.com # NO_RESOLVE
contentsquare.net # NO_RESOLVE
contextualadv.com # NO_RESOLVE
convertexperiments.com # NO_RESOLVE
coocaa.asia # NO_RESOLVE
coocaa.in # NO_RESOLVE
coocaa.nl # NO_RESOLVE
coolzcloud.com # NO_RESOLVE
corbina.net # GeoIP (RU)
core.microsoft # NO_RESOLVE
coreweave.com # NO_RESOLVE
corpinter.net # NO_RESOLVE
cortana.ai # NO_RESOLVE
cosmicnarrativehub.com # NO_RESOLVE
country.is # NO_RESOLVE
coupahost.com # NO_RESOLVE
coupangcdn.com # NO_RESOLVE
coupertsh.com # NO_RESOLVE
cpatrk.net # NO_RESOLVE
cpx.to # NO_RESOLVE
cqloud.com # NO_RESOLVE
crates.io # NO_RESOLVE
crazyegg.com # NO_RESOLVE
creative-serving.com # NO_RESOLVE
cricbuzz.com # NO_RESOLVE
crimsoncascadeview.com # NO_RESOLVE
criteo.net # NO_RESOLVE
crpt.ru # TLD
crunchyrollcdn.com # NO_RESOLVE
crunchyrollsvc.com # NO_RESOLVE
cryps.info # NO_RESOLVE
csdata3.com # NO_RESOLVE
csdnimg.cn # NO_RESOLVE
csod.com # NO_RESOLVE
cstatic-images.com # NO_RESOLVE
ctadns.cn # NO_RESOLVE
ctdns.cn # NO_RESOLVE
ctecdn.cn # NO_RESOLVE
ctfassets.net # NO_RESOLVE
ctlcdn.cn # NO_RESOLVE
ctobsnssdk.com # NO_RESOLVE
ctolabperfstats.com # NO_RESOLVE
ctrip.com # NO_RESOLVE
ctripgslb.net # NO_RESOLVE
ctrliq.cloud # NO_RESOLVE
ctsmnfx.com # NO_RESOLVE
ctyun.cn # NO_RESOLVE
cubecraft.net # NO_RESOLVE
cuckcapital.cr # NO_RESOLVE
cudaops.com # NO_RESOLVE
cudasvc.com # NO_RESOLVE
cummins.com # NO_RESOLVE
cuni.cz # NO_RESOLVE
curalate.com # NO_RESOLVE
currencyaz.com # NO_RESOLVE
current.us # NO_RESOLVE
curseforge.com # NO_RESOLVE
cursor.com # NO_RESOLVE
cursor.sh # NO_RESOLVE
cust-service.com # NO_RESOLVE
custhelp.com # NO_RESOLVE
customer-oci.com # NO_RESOLVE
customer.io # NO_RESOLVE
cvent.com # NO_RESOLVE
cvs.com # NO_RESOLVE
cvtapi.com # NO_RESOLVE
cvut.cz # NO_RESOLVE
cwi.re # NO_RESOLVE
cwmars.org # NO_RESOLVE
cxense.com # NO_RESOLVE
cyberark.cloud # NO_RESOLVE
cyberark.com # NO_RESOLVE
cyberbackgroundchecks.com # NO_RESOLVE
cyberghostvpn.com # NO_RESOLVE
cyberhaven.io # NO_RESOLVE
cyberia.is # NO_RESOLVE
cybershoke.net # NO_RESOLVE
cybo.com # NO_RESOLVE
cylance.com # NO_RESOLVE
cynet.com # NO_RESOLVE
cytracom.net # NO_RESOLVE
d2-apps.net # NO_RESOLVE
d41.co # NO_RESOLVE
daangn.com # NO_RESOLVE
dable.io # NO_RESOLVE
dafiti.com.br # NO_RESOLVE
dahhxxttxs.com # NO_RESOLVE
dailyforecast.net # NO_RESOLVE
dailygn.com # NO_RESOLVE
dailyhunt.in # NO_RESOLVE
dailymail.co.uk # NO_RESOLVE
dailymail.com # NO_RESOLVE
dailymotion.com # NO_RESOLVE
dailyweatheralerts.com # NO_RESOLVE
daleelerah.info # NO_RESOLVE
dalyfeds.com # NO_RESOLVE
dana.id # NO_RESOLVE
dandb.com # NO_RESOLVE
daraz.com # NO_RESOLVE
daraz.pk # NO_RESOLVE
darkreader.org # NO_RESOLVE
dashapi.com # NO_RESOLVE
dashlane.com # NO_RESOLVE
data4game.com # NO_RESOLVE
databricks.com # NO_RESOLVE
datacamp.com # NO_RESOLVE
datadoghq-browser-agent.com # NO_RESOLVE
datadoghq.com # NO_RESOLVE
datadoghq.eu # NO_RESOLVE
datagrail.io # NO_RESOLVE
datahive.ai # NO_RESOLVE
dataimpulse.com # NO_RESOLVE
dataprev.gov.br # NO_RESOLVE
dataprocess.one # NO_RESOLVE
datarize.io # NO_RESOLVE
datatables.net # NO_RESOLVE
datawire.net # NO_RESOLVE
datazoom.io # NO_RESOLVE
datto.com # NO_RESOLVE
datto.io # NO_RESOLVE
dattobackup.com # NO_RESOLVE
daum.net # NO_RESOLVE
daumcdn.net # NO_RESOLVE
daxinlicai.com # NO_RESOLVE
dayforcehcm.com # NO_RESOLVE
dayunlinks.cn # NO_RESOLVE
dazn.com # NO_RESOLVE
db-ip.com # NO_RESOLVE
db.com # NO_RESOLVE
dbankcdn.cn # NO_RESOLVE
dbankcdn.com # NO_RESOLVE
dbankcdn.ru # TLD
dbankcloud.asia # NO_RESOLVE
dbankcloud.cn # NO_RESOLVE
dbankcloud.com # NO_RESOLVE
dbankcloud.eu # NO_RESOLVE
dbankcloud.ru # TLD
dbankedge.cn # NO_RESOLVE
dblp.org # NO_RESOLVE
dbpedia.org # NO_RESOLVE
dcbosf.com # NO_RESOLVE
dcinside.com # NO_RESOLVE
dciwx.com # NO_RESOLVE
dcloud.net.cn # NO_RESOLVE
dcloudlive.com # NO_RESOLVE
dcntr-ads.com # NO_RESOLVE
dditsadn.com # NO_RESOLVE
dditscdn.com # NO_RESOLVE
ddns-intelbras.com.br # NO_RESOLVE
ddns.com.br # NO_RESOLVE
ddns.me # NO_RESOLVE
ddns.net # NO_RESOLVE
ddnsfree.com # NO_RESOLVE
ddnss.de # NO_RESOLVE
ddog-gov.com # NO_RESOLVE
ddos-guard.net # NO_RESOLVE
ddsmain.com # NO_RESOLVE
de.com # NO_RESOLVE
de17a.com # NO_RESOLVE
dealer.com # NO_RESOLVE
dealeron.com # NO_RESOLVE
debank.com # NO_RESOLVE
debian.org # NO_RESOLVE
debugbear.com # NO_RESOLVE
decathlon.net # NO_RESOLVE
decibelinsight.net # NO_RESOLVE
decimal-soft.com # NO_RESOLVE
decipherinc.com # NO_RESOLVE
decodo.com # NO_RESOLVE
deepernetworks.org # NO_RESOLVE
deepintent.com # NO_RESOLVE
deepl-cdn.com # NO_RESOLVE
deepl.com # NO_RESOLVE
deere.com # NO_RESOLVE
deezer.com # NO_RESOLVE
defensx.com # NO_RESOLVE
degoo.com # NO_RESOLVE
dehasher.com # NO_RESOLVE
delcampe.net # NO_RESOLVE
deliv12.com # NO_RESOLVE
deliverimp.com # NO_RESOLVE
deliveroo.com # NO_RESOLVE
deliveryhero.net # NO_RESOLVE
delivrdsp.ai # NO_RESOLVE
dell.com # NO_RESOLVE
deloitte.com # NO_RESOLVE
demandbase.com # NO_RESOLVE
demdex.net # NO_RESOLVE
demonii.com # NO_RESOLVE
demonii.si # NO_RESOLVE
demonoid.ch # NO_RESOLVE
demonware.net # NO_RESOLVE
dengage.com # NO_RESOLVE
depop.com # NO_RESOLVE
depositphotos.com # NO_RESOLVE
deps.dev # NO_RESOLVE
deriv.com # NO_RESOLVE
desa.id # NO_RESOLVE
desertcart.com # NO_RESOLVE
despegar.com # NO_RESOLVE
desync.com # NO_RESOLVE
detailroi.com # NO_RESOLVE
detik.com # NO_RESOLVE
detmir.ru # TLD
dettingchanel.com # NO_RESOLVE
deutsche-digitale-bibliothek.de # NO_RESOLVE
devcycle.com # NO_RESOLVE
develsoftware.com # NO_RESOLVE
devexpress.com # NO_RESOLVE
deviantart.com # NO_RESOLVE
deviantart.net # NO_RESOLVE
device9.com # NO_RESOLVE
deviceaccess.host # NO_RESOLVE
devicenative.com # NO_RESOLVE
devicetask.com # NO_RESOLVE
devilyquondam.cyou # NO_RESOLVE
devtodev.com # NO_RESOLVE
devvit.net # NO_RESOLVE
dewrain.life # NO_RESOLVE
dewrain.site # NO_RESOLVE
dexcom.com # NO_RESOLVE
dexscreener.com # NO_RESOLVE
dfanssp.com.cn # NO_RESOLVE
dfcfw.com # NO_RESOLVE
dgshen.com # NO_RESOLVE
dhgate.com # NO_RESOLVE
dhl.com # NO_RESOLVE
dhresource.com # NO_RESOLVE
dhs.gov # NO_RESOLVE
diabrowser.engineering # NO_RESOLVE
dialmyapp.com # NO_RESOLVE
dialpad.com # NO_RESOLVE
dianomi.com # NO_RESOLVE
dianping.com # NO_RESOLVE
dickssportinggoods.com # NO_RESOLVE
didiglobal.com # NO_RESOLVE
didjeridooing.com # NO_RESOLVE
digbearings.com # NO_RESOLVE
digicert.cn # NO_RESOLVE
digicert.com # NO_RESOLVE
digikala.com # NO_RESOLVE
digikey.com # NO_RESOLVE
digikeyassets.com # NO_RESOLVE
digilent.com # NO_RESOLVE
diginetica.net # NO_RESOLVE
diginpat.com # NO_RESOLVE
digital-services.solutions # NO_RESOLVE
digital.gov.ru # TLD
digitalarsenal.net # NO_RESOLVE
digitalaudience.io # NO_RESOLVE
digitalcaramel.com # NO_RESOLVE
digitalcertvalidation.com # NO_RESOLVE
digitaleast.mobi # NO_RESOLVE
digitalgov.gov # NO_RESOLVE
digitalocean.com # NO_RESOLVE
digitaloceanspaces.com # NO_RESOLVE
digitalreef.com # NO_RESOLVE
digitalsport.com.ar # NO_RESOLVE
digitaltarget.ru # TLD
digitalturbine.com # NO_RESOLVE
digitalvideoplatform.com # NO_RESOLVE
dillards.com # NO_RESOLVE
dimensions.ai # NO_RESOLVE
dingtalk.com # NO_RESOLVE
dingtalkapps.com # NO_RESOLVE
directmap.info # NO_RESOLVE
directv.com # NO_RESOLVE
directvgo.com # NO_RESOLVE
discogs.com # NO_RESOLVE
discomax.com # NO_RESOLVE
discord.com # NO_RESOLVE
discord.gg # NO_RESOLVE
discord.media # NO_RESOLVE
discordapp.com # NO_RESOLVE
discordapp.net # NO_RESOLVE
discourse-cdn.com # NO_RESOLVE
discovery.com # NO_RESOLVE
dish.com # NO_RESOLVE
dishaccess.tv # NO_RESOLVE
dishanywhere.com # NO_RESOLVE
dishtech.org # NO_RESOLVE
disney-plus.net # NO_RESOLVE
disney.co.jp # NO_RESOLVE
disney.com # NO_RESOLVE
disneyadvertising.com # NO_RESOLVE
disneyplus.com # NO_RESOLVE
displayio.cloud # NO_RESOLVE
displayvertising.com # NO_RESOLVE
disqus.com # NO_RESOLVE
disquscdn.com # NO_RESOLVE
diva-portal.org # NO_RESOLVE
divar.ir # NO_RESOLVE
diyiyou.com # NO_RESOLVE
diyoucloud.com # NO_RESOLVE
dji.com # NO_RESOLVE
dknadmin.be # NO_RESOLVE
dler.com # NO_RESOLVE
dler.org # NO_RESOLVE
dlink.com # NO_RESOLVE
dloria.cc # NO_RESOLVE
dlsite.com # NO_RESOLVE
dlubal.com # NO_RESOLVE
dm-event.net # NO_RESOLVE
dm.de # NO_RESOLVE
dmarket.com # NO_RESOLVE
dmca.com # NO_RESOLVE
dmcdn.net # NO_RESOLVE
dmcomic.org # NO_RESOLVE
dmdsdp.com # NO_RESOLVE
dmm.co.jp # NO_RESOLVE
dmm.com # NO_RESOLVE
dmrtb.com # NO_RESOLVE
dmv.org # NO_RESOLVE
dmxleo.com # NO_RESOLVE
dnacdn.net # NO_RESOLVE
dnb.com # NO_RESOLVE
dndbeyond.com # NO_RESOLVE
dnofd.com # NO_RESOLVE
dns-finder.com # NO_RESOLVE
dns-parking.com # NO_RESOLVE
dns-shop.ru # TLD
dns-tm.com # NO_RESOLVE
dns.google # NO_RESOLVE
dns.sb # NO_RESOLVE
dnscry.pt # NO_RESOLVE
dnse0.com # NO_RESOLVE
dnse1.com # NO_RESOLVE
dnse2.com # NO_RESOLVE
dnse3.com # NO_RESOLVE
dnse4.com # NO_RESOLVE
dnse5.com # NO_RESOLVE
dnsmadeeasy.com # NO_RESOLVE
dnspod.cn # NO_RESOLVE
dnspod.net # NO_RESOLVE
dnsv1.com # NO_RESOLVE
dnsv1.com.cn # NO_RESOLVE
dnswl.org # NO_RESOLVE
docer.com # NO_RESOLVE
doceree.com # NO_RESOLVE
docker.com # NO_RESOLVE
docs.rs # NO_RESOLVE
docspot.com # NO_RESOLVE
docusign.com # NO_RESOLVE
docusign.net # NO_RESOLVE
dodois.io # NO_RESOLVE
dodostatic.net # NO_RESOLVE
doh.pub # NO_RESOLVE
dollphoin.site # NO_RESOLVE
dolphin-anty-api.com # NO_RESOLVE
dolynkcloud.com # NO_RESOLVE
domain # NO_RESOLVE
domain.name # NO_RESOLVE
domaincontrol.com # NO_RESOLVE
domaindetails.com # NO_RESOLVE
domclick.ru # TLD
dome9.com # NO_RESOLVE
domestika.org # NO_RESOLVE
domob.cn # NO_RESOLVE
domotz.com # NO_RESOLVE
domyown.com # NO_RESOLVE
donlgx.net # NO_RESOLVE
donmai.us # NO_RESOLVE
dontworry.su # TLD
doodcdn.io # NO_RESOLVE
doordash.com # NO_RESOLVE
dootchi.ai # NO_RESOLVE
doppiocdn.com # NO_RESOLVE
doppiocdn.media # NO_RESOLVE
doppiocdn.net # NO_RESOLVE
doppiocdn.org # NO_RESOLVE
doppiostreams.com # NO_RESOLVE
dorsandesk.ir # NO_RESOLVE
dot.gov # NO_RESOLVE
dota2.com # NO_RESOLVE
dotabuff.com # NO_RESOLVE
dotfashion.cn # NO_RESOLVE
dotmetrics.net # NO_RESOLVE
dotnxdomain.net # NO_RESOLVE
dotomi.com # NO_RESOLVE
dotus.ir # NO_RESOLVE
douban.com # NO_RESOLVE
doubanio.com # NO_RESOLVE
doubleclick-cn.net # NO_RESOLVE
doubleclick.net # NO_RESOLVE
doubleverify.com # NO_RESOLVE
douglas.de # NO_RESOLVE
douyin.com # NO_RESOLVE
douyincdn.com # NO_RESOLVE
douyinpic.com # NO_RESOLVE
douyinstatic.com # NO_RESOLVE
douyinvod.com # NO_RESOLVE
douyucdn.cn # NO_RESOLVE
dowjones.io # NO_RESOLVE
dp.ua # NO_RESOLVE
dpdns.org # NO_RESOLVE
dpgmedia.net # NO_RESOLVE
dpreview.com # NO_RESOLVE
draftkings.com # NO_RESOLVE
dramaboxdb.com # NO_RESOLVE
dramaboxvideo.com # NO_RESOLVE
dramaexpo.com # NO_RESOLVE
dramaverses.com # NO_RESOLVE
drbryanpwalsh.com # NO_RESOLVE
dreame.tech # NO_RESOLVE
dreamhost.com # NO_RESOLVE
dreamserve.dev # NO_RESOLVE
dreamstime.com # NO_RESOLVE
dreamwidth.org # NO_RESOLVE
dribbble.com # NO_RESOLVE
drift-pixel.ai # NO_RESOLVE
drift.com # NO_RESOLVE
drimquop.com # NO_RESOLVE
drivecentric.io # NO_RESOLVE
drmgms.com # NO_RESOLVE
drogaraia.com.br # NO_RESOLVE
drogasil.com.br # NO_RESOLVE
drom.ru # TLD
dropbox-dns.com # NO_RESOLVE
dropbox.com # NO_RESOLVE
dropboxapi.com # NO_RESOLVE
dropboxstatic.com # NO_RESOLVE
dropboxusercontent.com # NO_RESOLVE
dropcam.com # NO_RESOLVE
dropz-k.com # NO_RESOLVE
drpc.org # NO_RESOLVE
drugs.com # NO_RESOLVE
drunkenslug.com # NO_RESOLVE
druva.com # NO_RESOLVE
drweb.com # NO_RESOLVE
dsmcdn.com # NO_RESOLVE
dspx.tv # NO_RESOLVE
dssedge.com # NO_RESOLVE
dssott.com # NO_RESOLVE
dstatbot.win # NO_RESOLVE
dstillery.com # NO_RESOLVE
dstud.io # NO_RESOLVE
dtignite.com # NO_RESOLVE
dtscdn.com # NO_RESOLVE
dtssrv.com # NO_RESOLVE
dtvcdn.com # NO_RESOLVE
dtvce.com # NO_RESOLVE
dual-s-dc-msedge.net # NO_RESOLVE
dual-s-msedge.net # NO_RESOLVE
duapps.com # NO_RESOLVE
duba.net # NO_RESOLVE
duckdns.org # NO_RESOLVE
duckduckgo.com # NO_RESOLVE
ducks.party # NO_RESOLVE
duetdisplay.com # NO_RESOLVE
duke.edu # NO_RESOLVE
dumb1.com # NO_RESOLVE
dump.cl # NO_RESOLVE
duolingo.cn # NO_RESOLVE
duosecurity.com # NO_RESOLVE
durationmedia.net # NO_RESOLVE
durukanbal.com # NO_RESOLVE
dutils.com # NO_RESOLVE
dv.tech # NO_RESOLVE
dvema.com # NO_RESOLVE
dvgroup.com # NO_RESOLVE
dvr163.com # NO_RESOLVE
dw.com # NO_RESOLVE
dwcdn.net # NO_RESOLVE
dwin1.com # NO_RESOLVE
dxtech.ai # NO_RESOLVE
dyna-marine.com # NO_RESOLVE
dynadot.com # NO_RESOLVE
dynalist.io # NO_RESOLVE
dynamic-m.com # NO_RESOLVE
dynamics.com # NO_RESOLVE
dynamicyield.com # NO_RESOLVE
dynatrace.com # NO_RESOLVE
dyndns.com # NO_RESOLVE
dyndns.info # NO_RESOLVE
dyndns.org # NO_RESOLVE
dyndns.tv # NO_RESOLVE
dynotech.io # NO_RESOLVE
dynu.com # NO_RESOLVE
dyson.com # NO_RESOLVE
dyson.it # NO_RESOLVE
dyupbydns.com # NO_RESOLVE
dzcdn.net # NO_RESOLVE
dzen.ru # TLD
dzeninfra.ru # TLD
e-msedge.net # NO_RESOLVE
e-n-c-r-y-p-t.net # NO_RESOLVE
e-planning.net # NO_RESOLVE
e-volution.ai # NO_RESOLVE
e2ro.com # NO_RESOLVE
e5.sk # NO_RESOLVE
e621.net # NO_RESOLVE
e911cloud.com # NO_RESOLVE
ea.com # NO_RESOLVE
eagle-insight.com # NO_RESOLVE
eagllwin.com # NO_RESOLVE
eamobile.com # NO_RESOLVE
eapteka.ru # TLD
eaqbr.com.br # NO_RESOLVE
earn.fm # NO_RESOLVE
earthlink.net # NO_RESOLVE
easebar.com # NO_RESOLVE
easemob.com # NO_RESOLVE
easports.com # NO_RESOLVE
eastmoney.com # NO_RESOLVE
easy4ip.com # NO_RESOLVE
easy4ipcloud.com # NO_RESOLVE
easybrain.com # NO_RESOLVE
easygoosutilitytol.com # NO_RESOLVE
easyjet.com # NO_RESOLVE
easytomessage.com # NO_RESOLVE
ebay-us.com # NO_RESOLVE
ebay.ca # NO_RESOLVE
ebay.co.uk # NO_RESOLVE
ebay.com.au # NO_RESOLVE
ebay.de # NO_RESOLVE
ebayadservices.com # NO_RESOLVE
ebaycdn.net # NO_RESOLVE
ebaydesc.com # NO_RESOLVE
ebayimg.com # NO_RESOLVE
ebaystatic.com # NO_RESOLVE
ebsco.com # NO_RESOLVE
ebuckler.com # NO_RESOLVE
ebxcdn.com # NO_RESOLVE
ec21.com # NO_RESOLVE
ecal.com # NO_RESOLVE
ecbsn.com # NO_RESOLVE
ecdnx.com # NO_RESOLVE
echodata.tv # NO_RESOLVE
echoechoechonet.com # NO_RESOLVE
echofungames.com # NO_RESOLVE
echosat.net # NO_RESOLVE
echosign.com # NO_RESOLVE
eckwai.com # NO_RESOLVE
eclipse.org # NO_RESOLVE
ecmwf.int # NO_RESOLVE
ecobee.com # NO_RESOLVE
ecoflow.com # NO_RESOLVE
ecombdapi.com # NO_RESOLVE
ecombdimg.com # NO_RESOLVE
ecomsend.com # NO_RESOLVE
economist.com # NO_RESOLVE
ecorebates.com # NO_RESOLVE
ecosia.org # NO_RESOLVE
ecovacs.com # NO_RESOLVE
ecukwai.com # NO_RESOLVE
ecwid.com # NO_RESOLVE
ed.gov # NO_RESOLVE
ed.jp # NO_RESOLVE
eddie4.nl # NO_RESOLVE
edgcdn.net # NO_RESOLVE
edge-retina.net # NO_RESOLVE
edge.apple # NO_RESOLVE
edge2befaster.net # NO_RESOLVE
edgecdn.ru # TLD
edgedns-tm.info # NO_RESOLVE
edgekey.net # NO_RESOLVE
edgekey88.net # NO_RESOLVE
edgesuite.net # NO_RESOLVE
editmysite.com # NO_RESOLVE
edmunds.com # NO_RESOLVE
edna.id # NO_RESOLVE
edna.ru # TLD
edoinc.com # NO_RESOLVE
edrone.me # NO_RESOLVE
edx.org # NO_RESOLVE
een.com # NO_RESOLVE
eero.com # NO_RESOLVE
eeroup.com # NO_RESOLVE
eeyeful.com # NO_RESOLVE
effirst.com # NO_RESOLVE
egcvi.com # NO_RESOLVE
egnyte.com # NO_RESOLVE
eiscprts.com # NO_RESOLVE
eitaa.com # NO_RESOLVE
eitaa.ir # NO_RESOLVE
eizzih.com # NO_RESOLVE
ekatox-ru.com # NO_RESOLVE
ekatox.com # NO_RESOLVE
ekiga.net # NO_RESOLVE
elastic-cloud.com # NO_RESOLVE
elastic.co # NO_RESOLVE
eldorado.gg # NO_RESOLVE
ele.me # NO_RESOLVE
electricitymaps.com # NO_RESOLVE
element.io # NO_RESOLVE
elevenlabs.io # NO_RESOLVE
elfsight.com # NO_RESOLVE
elfsightcdn.com # NO_RESOLVE
elgato.com # NO_RESOLVE
eloqua.com # NO_RESOLVE
elpais.com # NO_RESOLVE
elsevier.com # NO_RESOLVE
elsevierhealth.com # NO_RESOLVE
elsevierpure.com # NO_RESOLVE
elster.de # NO_RESOLVE
emag.ro # NO_RESOLVE
emailsrvr.com # NO_RESOLVE
emarsys.net # NO_RESOLVE
emb-api.com # NO_RESOLVE
embrapa.br # NO_RESOLVE
emc.com # NO_RESOLVE
emergingthreats.net # NO_RESOLVE
emirates.com # NO_RESOLVE
emory.edu # NO_RESOLVE
empik.com # NO_RESOLVE
emporiaenergy.com # NO_RESOLVE
emxdgt.com # NO_RESOLVE
en25.com # NO_RESOLVE
enacdn.net # NO_RESOLVE
enchanted.gg # NO_RESOLVE
encipher.io # NO_RESOLVE
endowmentoverhangutmost.com # NO_RESOLVE
eneba.com # NO_RESOLVE
engage7.com # NO_RESOLVE
engageforce.net # NO_RESOLVE
engagelab.cc # NO_RESOLVE
engagelab.com # NO_RESOLVE
engenius.ai # NO_RESOLVE
eniris.be # NO_RESOLVE
enjoei.com.br # NO_RESOLVE
enphaseenergy.com # NO_RESOLVE
enrtx.com # NO_RESOLVE
ensembl.org # NO_RESOLVE
ensighten.com # NO_RESOLVE
entrust.net # NO_RESOLVE
envato.com # NO_RESOLVE
envatousercontent.com # NO_RESOLVE
epa.gov # NO_RESOLVE
epicgames.com # NO_RESOLVE
epicgames.dev # NO_RESOLVE
epicgamescdn.com # NO_RESOLVE
episerver.net # NO_RESOLVE
eporner.com # NO_RESOLVE
eppo.cloud # NO_RESOLVE
epson.biz # NO_RESOLVE
epson.net # NO_RESOLVE
epsonconnect.com # NO_RESOLVE
epubgame.com # NO_RESOLVE
eqads.com # NO_RESOLVE
eqtv.io # NO_RESOLVE
equalweb.com # NO_RESOLVE
erne.co # NO_RESOLVE
erome.com # NO_RESOLVE
eromecdn.com # NO_RESOLVE
es.io # NO_RESOLVE
esalah.com # NO_RESOLVE
escapefromtarkov.com # NO_RESOLVE
eset.com # NO_RESOLVE
eset.systems # NO_RESOLVE
esimdiscovery.com # NO_RESOLVE
eskimi.com # NO_RESOLVE
esm.sh # NO_RESOLVE
esm1.net # NO_RESOLVE
esper.cloud # NO_RESOLVE
espn.com # NO_RESOLVE
espncdn.com # NO_RESOLVE
espncricinfo.com # NO_RESOLVE
esportesdasorte.bet.br # NO_RESOLVE
esputnik.com # NO_RESOLVE
etahub.com # NO_RESOLVE
etermun.com # NO_RESOLVE
etherscan.io # NO_RESOLVE
ethyca.com # NO_RESOLVE
ethz.ch # NO_RESOLVE
etoote.com # NO_RESOLVE
etoro.com # NO_RESOLVE
etrade.com # NO_RESOLVE
etrusted.com # NO_RESOLVE
etsy.com # NO_RESOLVE
etsystatic.com # NO_RESOLVE
eu-1-id5-sync.com # NO_RESOLVE
eu-3-id5-sync.com # NO_RESOLVE
eu-4-id5-sync.com # NO_RESOLVE
eu.cc # NO_RESOLVE
eu.com # NO_RESOLVE
eufy.com # NO_RESOLVE
eufylife.com # NO_RESOLVE
eum-appdynamics.com # NO_RESOLVE
eurekamag.com # NO_RESOLVE
euronews.com # NO_RESOLVE
europa.eu # NO_RESOLVE
europeanparslogokick.com # NO_RESOLVE
europepmc.org # NO_RESOLVE
evan.im # NO_RESOLVE
evapqnina.com # NO_RESOLVE
eventbrite.com # NO_RESOLVE
eventmonitoringpro.com # NO_RESOLVE
eveonline.com # NO_RESOLVE
everestgrp.com # NO_RESOLVE
everestjs.net # NO_RESOLVE
everestop.io # NO_RESOLVE
everesttech.net # NO_RESOLVE
evergage.com # NO_RESOLVE
evernote.com # NO_RESOLVE
evetech.net # NO_RESOLVE
evgnet.com # NO_RESOLVE
evidence.com # NO_RESOLVE
evidon.com # NO_RESOLVE
evodevicemanager.com # NO_RESOLVE
evtrust.com # NO_RESOLVE
ew12532.com # NO_RESOLVE
ewlucm.com # NO_RESOLVE
ex.co # NO_RESOLVE
exacttarget.com # NO_RESOLVE
example.com # NO_RESOLVE
example.org # NO_RESOLVE
exclaimer.net # NO_RESOLVE
exclusivetvs.com # NO_RESOLVE
exelator.com # NO_RESOLVE
exitgames.com # NO_RESOLVE
exitlag.net # NO_RESOLVE
exlibrisgroup.com # NO_RESOLVE
exodus.io # NO_RESOLVE
exosrv.com # NO_RESOLVE
exp-tas.com # NO_RESOLVE
exp.host # NO_RESOLVE
expedia.com # NO_RESOLVE
expertcity.com # NO_RESOLVE
expertini.com # NO_RESOLVE
expf.ru # TLD
expireddomains.com # NO_RESOLVE
explained.today # NO_RESOLVE
explainxkcd.com # NO_RESOLVE
explodie.org # NO_RESOLVE
expo.dev # NO_RESOLVE
exponea.com # NO_RESOLVE
exprealty.com # NO_RESOLVE
express.co.uk # NO_RESOLVE
expressapisv2.net # NO_RESOLVE
expressvpn.com # NO_RESOLVE
exshinetech.com # NO_RESOLVE
ext-twitch.tv # NO_RESOLVE
exteragram.app # NO_RESOLVE
externulls.com # NO_RESOLVE
extra.com.br # NO_RESOLVE
extremecloudiq.com # NO_RESOLVE
extremereach.io # NO_RESOLVE
ey.com # NO_RESOLVE
eye4.cn # NO_RESOLVE
eye4cloud.com # NO_RESOLVE
eyeota.net # NO_RESOLVE
eyugame.com # NO_RESOLVE
ezforview.com # NO_RESOLVE
ezlo.com # NO_RESOLVE
ezodn.com # NO_RESOLVE
ezoic.com # NO_RESOLVE
ezoic.net # NO_RESOLVE
ezojs.com # NO_RESOLVE
eztvx.to # NO_RESOLVE
ezviz7.com # NO_RESOLVE
ezvizlife.com # NO_RESOLVE
ezvizru.com # NO_RESOLVE
f-1-g-h.com # NO_RESOLVE
f-cdn.com # NO_RESOLVE
f-secure.com # NO_RESOLVE
f-sos.net # NO_RESOLVE
f2pool.com # NO_RESOLVE
f5.com # NO_RESOLVE
f6.security # NO_RESOLVE
f95zone.to # NO_RESOLVE
fab.com # NO_RESOLVE
facct.ru # TLD
facebook-hardware.com # NO_RESOLVE
facebook.com # NO_RESOLVE
facebook.net # NO_RESOLVE
facecast.xyz # NO_RESOLVE
faceit-cdn.net # NO_RESOLVE
faceit.com # NO_RESOLVE
facemojikeyboard.com # NO_RESOLVE
facepunch.com # NO_RESOLVE
faceueditor.com # NO_RESOLVE
faire.com # NO_RESOLVE
fakestoreapi.com # NO_RESOLVE
falabella.com # NO_RESOLVE
falconnet.app # NO_RESOLVE
familyisland.games # NO_RESOLVE
familysearch.org # NO_RESOLVE
fanbox.cc # NO_RESOLVE
fancyanalytics.net # NO_RESOLVE
fandango.com # NO_RESOLVE
fandom.com # NO_RESOLVE
fanduel.com # NO_RESOLVE
fanfiction.net # NO_RESOLVE
fang.com # NO_RESOLVE
fansly.com # NO_RESOLVE
fao.org # NO_RESOLVE
fapello.com # NO_RESOLVE
faphouse.com # NO_RESOLVE
faphouse2.com # NO_RESOLVE
fareharbor.com # NO_RESOLVE
fareharbor.engineering # NO_RESOLVE
farfetch-contents.com # NO_RESOLVE
farfetch.com # NO_RESOLVE
farfetch.net # NO_RESOLVE
fartit.com # NO_RESOLVE
fashionclyp.com # NO_RESOLVE
fashionnova.com # NO_RESOLVE
fast.com # NO_RESOLVE
fastclick.net # NO_RESOLVE
fastcup.net # NO_RESOLVE
fastecn.com # NO_RESOLVE
fastercapital.com # NO_RESOLVE
fastly-edge.com # NO_RESOLVE
fastly-insights.com # NO_RESOLVE
fastly-masque.net # NO_RESOLVE
fastly.com # NO_RESOLVE
fastly.net # NO_RESOLVE
fastlydns.net # NO_RESOLVE
fastmail.com # NO_RESOLVE
fastmoss.com # NO_RESOLVE
fastor.cc # NO_RESOLVE
fastpeoplesearch.com # NO_RESOLVE
fastpic.org # NO_RESOLVE
fastpic.ru # TLD
fastsimon.com # NO_RESOLVE
fathom.video # NO_RESOLVE
fatsecret.com # NO_RESOLVE
fau.de # NO_RESOLVE
favorit.work # NO_RESOLVE
fazenda.gov.br # NO_RESOLVE
fb-t-msedge.net # NO_RESOLVE
fb.me # NO_RESOLVE
fbcdn.net # NO_RESOLVE
fbeventslog.com # NO_RESOLVE
fbi.com # NO_RESOLVE
fbot.me # NO_RESOLVE
fbpigeon.com # NO_RESOLVE
fbs1-t-msedge.net # NO_RESOLVE
fbsbx.com # NO_RESOLVE
fc2.com # NO_RESOLVE
fcc.gov # NO_RESOLVE
fd-api.com # NO_RESOLVE
fda.gov # NO_RESOLVE
fdown.net # NO_RESOLVE
featureassets.org # NO_RESOLVE
fedoraproject.org # NO_RESOLVE
feedburner.com # NO_RESOLVE
feednews.com # NO_RESOLVE
feefo.com # NO_RESOLVE
feishe.club # NO_RESOLVE
feishucdn.com # NO_RESOLVE
femd.ws # NO_RESOLVE
fengkongcloud.com # NO_RESOLVE
fengpongshu.com # NO_RESOLVE
fepoth.com # NO_RESOLVE
feroot.com # NO_RESOLVE
fetlife.com # NO_RESOLVE
feverup.com # NO_RESOLVE
ffbbbdc6d3c353211fe2ba39c9f744cd.com # NO_RESOLVE
fh-wgt.com # NO_RESOLVE
fhcdngroup.online # NO_RESOLVE
fhcdnmedia.online # NO_RESOLVE
fhgte.com # NO_RESOLVE
fhvfd.com # NO_RESOLVE
fibaro.com # NO_RESOLVE
fidelity.com # NO_RESOLVE
fifa.com # NO_RESOLVE
figma.com # NO_RESOLVE
figshare.com # NO_RESOLVE
filedownload-csw-lenovo.com # NO_RESOLVE
filedownloadlink.xyz # NO_RESOLVE
filemail.com # NO_RESOLVE
files.com # NO_RESOLVE
filesusr.com # NO_RESOLVE
fillr.com # NO_RESOLVE
financialcontent.com # NO_RESOLVE
finanzen.net # NO_RESOLVE
findagrave.com # NO_RESOLVE
findglocal.com # NO_RESOLVE
findmykids.org # NO_RESOLVE
fineartamerica.com # NO_RESOLVE
fineboost.com # NO_RESOLVE
fing.com # NO_RESOLVE
fing.io # NO_RESOLVE
fingerhi.net # NO_RESOLVE
finn.no # NO_RESOLVE
finna.fi # NO_RESOLVE
finzfin.com # NO_RESOLVE
firebaseapp.com # NO_RESOLVE
firebasedatabase.app # NO_RESOLVE
firebaseio.com # NO_RESOLVE
fireeye.com # NO_RESOLVE
firefox.com # NO_RESOLVE
fireoscaptiveportal.com # NO_RESOLVE
firetvcaptiveportal.com # NO_RESOLVE
fireworktv.com # NO_RESOLVE
first-id.fr # NO_RESOLVE
firwinds.site # NO_RESOLVE
fish.audio # NO_RESOLVE
fit-pay.com # NO_RESOLVE
fitanalytics.com # NO_RESOLVE
fitbit.com # NO_RESOLVE
five9.com # NO_RESOLVE
fivecdm.com # NO_RESOLVE
fivem.net # NO_RESOLVE
fiverr.com # NO_RESOLVE
fizzopic.org # NO_RESOLVE
flagcdn.com # NO_RESOLVE
flareflow.tv # NO_RESOLVE
flashb.id # NO_RESOLVE
flashbots.net # NO_RESOLVE
flashget.com # NO_RESOLVE
flashscore.com # NO_RESOLVE
flashscore.ninja # NO_RESOLVE
flashtalking.com # NO_RESOLVE
flat-ads.com # NO_RESOLVE
flathub.org # NO_RESOLVE
flatuslifir.is # NO_RESOLVE
fleetdm.com # NO_RESOLVE
flepquix.com # NO_RESOLVE
flic.kr # NO_RESOLVE
flickr.com # NO_RESOLVE
flightaware.com # NO_RESOLVE
flightradar24.com # NO_RESOLVE
flingo.tv # NO_RESOLVE
flipboard.com # NO_RESOLVE
fliphtml5.com # NO_RESOLVE
flipkart.com # NO_RESOLVE
flipkart.net # NO_RESOLVE
flipp.com # NO_RESOLVE
flippback.com # NO_RESOLVE
flirtify.com # NO_RESOLVE
flix360.com # NO_RESOLVE
flixcar.com # NO_RESOLVE
flixcart.com # NO_RESOLVE
flixcdn.com # NO_RESOLVE
flocktory.com # NO_RESOLVE
flodesk.com # NO_RESOLVE
floors.dev # NO_RESOLVE
flowgpt.com # NO_RESOLVE
flowroute.com # NO_RESOLVE
flowsixteen.com # NO_RESOLVE
floxis.tech # NO_RESOLVE
fluidplayer.com # NO_RESOLVE
flushpersist.com # NO_RESOLVE
flux.jp # NO_RESOLVE
flvcdn.net # NO_RESOLVE
fly.dev # NO_RESOLVE
flyertalk.com # NO_RESOLVE
flynas.com # NO_RESOLVE
flypgs.com # NO_RESOLVE
flysleep.cn # NO_RESOLVE
fmkorea.com # NO_RESOLVE
fmonline.app # NO_RESOLVE
fn-pz.com # NO_RESOLVE
fnix.net # NO_RESOLVE
fnyfeds.com # NO_RESOLVE
focus.de # NO_RESOLVE
foggymorningmist.com # NO_RESOLVE
foisonad.com # NO_RESOLVE
fongo.com # NO_RESOLVE
fontawesome.com # NO_RESOLVE
fonts.net # NO_RESOLVE
foodnetwork.com # NO_RESOLVE
footballant.com # NO_RESOLVE
footprintdns.com # NO_RESOLVE
forbes.com # NO_RESOLVE
force.com # NO_RESOLVE
ford.com # NO_RESOLVE
forebears.io # NO_RESOLVE
foresee.com # NO_RESOLVE
foreskin.cc # NO_RESOLVE
forethought.ai # NO_RESOLVE
foreverpirates.co # NO_RESOLVE
forexpros.com # NO_RESOLVE
forgecdn.net # NO_RESOLVE
forgen.cc # NO_RESOLVE
formlabs.com # NO_RESOLVE
forms.gle # NO_RESOLVE
formstack.com # NO_RESOLVE
formula1.com # NO_RESOLVE
forscprts.com # NO_RESOLVE
forticloud.com # NO_RESOLVE
fortiddns.com # NO_RESOLVE
fortiedr.com # NO_RESOLVE
fortigslb.com # NO_RESOLVE
fortiguard.com # NO_RESOLVE
fortinet-notifications.com # NO_RESOLVE
fortinet.com # NO_RESOLVE
fortinet.net # NO_RESOLVE
fortinetipssubmit.com # NO_RESOLVE
fortinetvirussubmit.com # NO_RESOLVE
fortisase.com # NO_RESOLVE
fortunedancer.com # NO_RESOLVE
forvo.com # NO_RESOLVE
fos5echocaptiveportal.com # NO_RESOLVE
fotmob.com # NO_RESOLVE
fotocasa.es # NO_RESOLVE
fotocommunity.com # NO_RESOLVE
fotoscapes.com # NO_RESOLVE
fotostrana.ru # TLD
found.io # NO_RESOLVE
fourhoi.com # NO_RESOLVE
foursquare.com # NO_RESOLVE
fout.jp # NO_RESOLVE
fox.com # NO_RESOLVE
foxbusiness.com # NO_RESOLVE
foxdor.cc # NO_RESOLVE
foxit.com # NO_RESOLVE
foxitsoftware.com # NO_RESOLVE
foxnews.com # NO_RESOLVE
foxsports.com # NO_RESOLVE
fpcdn.io # NO_RESOLVE
fpjs.io # NO_RESOLVE
fqnovel.com # NO_RESOLVE
fqnovelpic.com # NO_RESOLVE
fqnovelvod.com # NO_RESOLVE
frame.io # NO_RESOLVE
frameo.biz # NO_RESOLVE
frameo.net # NO_RESOLVE
framer.com # NO_RESOLVE
framerstatic.com # NO_RESOLVE
framerusercontent.com # NO_RESOLVE
frankerfacez.com # NO_RESOLVE
frcapi.com # NO_RESOLVE
free-reels.com # NO_RESOLVE
free-tracker.ga # NO_RESOLVE
free.fr # NO_RESOLVE
freebsd.org # NO_RESOLVE
freecash.com # NO_RESOLVE
freedom.to # NO_RESOLVE
freefiremobile.com # NO_RESOLVE
freeipapi.com # NO_RESOLVE
freelancer.com # NO_RESOLVE
freelancer.uy # NO_RESOLVE
freenet.de # NO_RESOLVE
freepik.com # NO_RESOLVE
freerepublic.com # NO_RESOLVE
fresh8.co # NO_RESOLVE
fresha.com # NO_RESOLVE
freshchat.com # NO_RESOLVE
freshdesk.com # NO_RESOLVE
freshservice.com # NO_RESOLVE
freshworks.com # NO_RESOLVE
freshworksapi.com # NO_RESOLVE
fril.jp # NO_RESOLVE
frontapp.com # NO_RESOLVE
frontiernet.net # NO_RESOLVE
frontiersin.org # NO_RESOLVE
frontrics.site # NO_RESOLVE
frs2c.com # NO_RESOLVE
fsapi.com # NO_RESOLVE
fscut.com # NO_RESOLVE
fsdatacentre.com # NO_RESOLVE
fsrv.io # NO_RESOLVE
fssb.io # NO_RESOLVE
fstr.rocks # NO_RESOLVE
ft.com # NO_RESOLVE
ftcdn.net # NO_RESOLVE
ftd.agency # NO_RESOLVE
ftpub.net # NO_RESOLVE
ftstatic.com # NO_RESOLVE
fu-berlin.de # NO_RESOLVE
fubo.tv # NO_RESOLVE
fujitsu.com # NO_RESOLVE
fullstory.com # NO_RESOLVE
fullview.io # NO_RESOLVE
funcaptcha.com # NO_RESOLVE
funet.fi # NO_RESOLVE
funmora.com # NO_RESOLVE
funpay.com # NO_RESOLVE
funplus.com # NO_RESOLVE
furaffinity.net # NO_RESOLVE
furbo.co # NO_RESOLVE
fuseplatform.net # NO_RESOLVE
fusion-platform.com # NO_RESOLVE
fussball.de # NO_RESOLVE
futbin.com # NO_RESOLVE
futunn.com # NO_RESOLVE
futurecdn.net # NO_RESOLVE
fuximain.com # NO_RESOLVE
fvnkonnect.com # NO_RESOLVE
fwcdn3.com # NO_RESOLVE
fwmrm.net # NO_RESOLVE
fwpixel.com # NO_RESOLVE
fwupd.org # NO_RESOLVE
fxltsbl.com # NO_RESOLVE
fyber.com # NO_RESOLVE
fzbox.tools # NO_RESOLVE
g.cn # NO_RESOLVE
g.globo # NO_RESOLVE
g2.com # NO_RESOLVE
g2288.com # NO_RESOLVE
g2a.com # NO_RESOLVE
g2afse.com # NO_RESOLVE
g2crowd.com # NO_RESOLVE
g5e.com # NO_RESOLVE
gadsme.com # NO_RESOLVE
gaiaonline.com # NO_RESOLVE
gaijin.net # NO_RESOLVE
gaijinent.com # NO_RESOLVE
galaxite.net # NO_RESOLVE
galaxy-cdn.com # NO_RESOLVE
game-mode.net # NO_RESOLVE
game-sdk.com # NO_RESOLVE
game8.co # NO_RESOLVE
gameanalytics.com # NO_RESOLVE
gameassists.co.uk # NO_RESOLVE
gamebanana.com # NO_RESOLVE
gamedistribution.com # NO_RESOLVE
gameforge.com # NO_RESOLVE
gameloft.com # NO_RESOLVE
gameloop.com # NO_RESOLVE
gamepass.com # NO_RESOLVE
gameresourceshub.top # NO_RESOLVE
gamerhit.co # NO_RESOLVE
gamersky.com # NO_RESOLVE
gamespot.com # NO_RESOLVE
gaming-sdk.com # NO_RESOLVE
gamma.app # NO_RESOLVE
gammaplatform.com # NO_RESOLVE
gamoshi.io # NO_RESOLVE
gandi.net # NO_RESOLVE
gannett-cdn.com # NO_RESOLVE
gannettdigital.com # NO_RESOLVE
gannettinnovation.com # NO_RESOLVE
gap.com # NO_RESOLVE
gapixus.com # NO_RESOLVE
garena.com # NO_RESOLVE
garenanow.com # NO_RESOLVE
garmin.com # NO_RESOLVE
garmincdn.com # NO_RESOLVE
gastecnologia.com.br # NO_RESOLVE
gate.com # NO_RESOLVE
gateio.ws # NO_RESOLVE
gatekeeperconsent.com # NO_RESOLVE
gazeta.pl # NO_RESOLVE
gbitt.info # NO_RESOLVE
gboxlab.com # NO_RESOLVE
gbqofs.com # NO_RESOLVE
gc.ca # NO_RESOLVE
gccdn.net # NO_RESOLVE
gcdn.co # NO_RESOLVE
gcloudcs.com # NO_RESOLVE
gcloudsdk.com # NO_RESOLVE
gcore.com # NO_RESOLVE
gcprivacy.id # NO_RESOLVE
gcprivacy.net # NO_RESOLVE
gcr.io # NO_RESOLVE
gcrenwp.top # NO_RESOLVE
gdefence.io # NO_RESOLVE
gdemoideti.ru # TLD
gdflpr.com # NO_RESOLVE
gdtimg.com # NO_RESOLVE
gearbox.com # NO_RESOLVE
gearspace.com # NO_RESOLVE
gearupportal.com # NO_RESOLVE
geckoterminal.com # NO_RESOLVE
geetest.com # NO_RESOLVE
gemius.pl # NO_RESOLVE
gencat.cat # NO_RESOLVE
geneanet.org # NO_RESOLVE
geniee.jp # NO_RESOLVE
genieesspv.jp # NO_RESOLVE
geniex.com # NO_RESOLVE
genius.com # NO_RESOLVE
geniussports.com # NO_RESOLVE
genspark.ai # NO_RESOLVE
gentoo.org # NO_RESOLVE
geoadnxs.com # NO_RESOLVE
geobasket.ru # TLD
geocomply.com # NO_RESOLVE
geode-sdk.org # NO_RESOLVE
geodema.network # NO_RESOLVE
geodns.me # NO_RESOLVE
geoedge.be # NO_RESOLVE
geojs.io # NO_RESOLVE
geoplugin.net # NO_RESOLVE
georgjensen.com # NO_RESOLVE
gepush.com # NO_RESOLVE
ger7.com.br # NO_RESOLVE
getadblock.com # NO_RESOLVE
getamigo.io # NO_RESOLVE
getbeamer.com # NO_RESOLVE
getclicky.com # NO_RESOLVE
getcontact.com # NO_RESOLVE
getcourse.ru # TLD
getdropbox.com # NO_RESOLVE
getflowbox.com # NO_RESOLVE
getgo.com # NO_RESOLVE
getgocdn.com # NO_RESOLVE
getgrass.io # NO_RESOLVE
getgreenshot.org # NO_RESOLVE
getmicrosoftkey.com # NO_RESOLVE
getpocket.com # NO_RESOLVE
getpublica.com # NO_RESOLVE
getredo.com # NO_RESOLVE
getrockerbox.com # NO_RESOLVE
getscreen.me # NO_RESOLVE
getsitecontrol.com # NO_RESOLVE
getsitectrl.com # NO_RESOLVE
gettyimages.com # NO_RESOLVE
getui.com # NO_RESOLVE
getui.net # NO_RESOLVE
geysermc.org # NO_RESOLVE
gfx.ms # NO_RESOLVE
ggblueshark.com # NO_RESOLVE
ggpht.com # NO_RESOLVE
ggpolarbear.com # NO_RESOLVE
ggwhitehawk.com # NO_RESOLVE
ghabovethec.info # NO_RESOLVE
ghcr.io # NO_RESOLVE
ghe.com # NO_RESOLVE
ghost.io # NO_RESOLVE
ghostery.com # NO_RESOLVE
ghostery.net # NO_RESOLVE
gianteagle.com # NO_RESOLVE
gid.ru # TLD
gifshow.com # NO_RESOLVE
gigabyte.com # NO_RESOLVE
gigya.com # NO_RESOLVE
gii.me # NO_RESOLVE
giraff.io # NO_RESOLVE
giraffic.com # NO_RESOLVE
gismeteo.ru # TLD
gist.build # NO_RESOLVE
gitbook.com # NO_RESOLVE
gitbook.io # NO_RESOLVE
gitea.com # NO_RESOLVE
gitee.com # NO_RESOLVE
github.com # NO_RESOLVE
github.io # NO_RESOLVE
githubassets.com # NO_RESOLVE
githubcopilot.com # NO_RESOLVE
githubusercontent.com # NO_RESOLVE
gitkraken.com # NO_RESOLVE
gitkraken.dev # NO_RESOLVE
gitlab.com # NO_RESOLVE
gitlab.io # NO_RESOLVE
gitlab.net # NO_RESOLVE
gitmemories.com # NO_RESOLVE
gitv.tv # NO_RESOLVE
gjacky.com # NO_RESOLVE
gjhyss.com # NO_RESOLVE
gladly.com # NO_RESOLVE
gladlythattoady.com # NO_RESOLVE
glamira.com # NO_RESOLVE
glance-cdn.com # NO_RESOLVE
glance.com # NO_RESOLVE
glance.net # NO_RESOLVE
glanceapis.com # NO_RESOLVE
glassdoor.com # NO_RESOLVE
glasswire.com # NO_RESOLVE
glbimg.com # NO_RESOLVE
gleap.io # NO_RESOLVE
gliacloud.com # NO_RESOLVE
gliastudios.com # NO_RESOLVE
glip.com # NO_RESOLVE
global-e.com # NO_RESOLVE
globalcdn.co # NO_RESOLVE
globalconnetct.com # NO_RESOLVE
globallap.com # NO_RESOLVE
globalping.io # NO_RESOLVE
globalsign.net # NO_RESOLVE
globalsigncdn.com # NO_RESOLVE
globalso.com # NO_RESOLVE
globalvisionad.com # NO_RESOLVE
globe.com.ph # NO_RESOLVE
globe.gov # NO_RESOLVE
globed.dev # NO_RESOLVE
globenewswire.com # NO_RESOLVE
globo.com # NO_RESOLVE
globoi.com # NO_RESOLVE
glomex.com # NO_RESOLVE
gloryads.ru # TLD
glosbe.com # NO_RESOLVE
glotgrx.com # NO_RESOLVE
glotorrents.pw # NO_RESOLVE
glpals.com # NO_RESOLVE
glulive.com # NO_RESOLVE
gluops.com # NO_RESOLVE
gm.com # NO_RESOLVE
gmail.com # NO_RESOLVE
gmarket.co.kr # NO_RESOLVE
gmgn.ai # NO_RESOLVE
gmlinteractive.com # NO_RESOLVE
gmossp-sp.jp # NO_RESOLVE
gmslb.net # NO_RESOLVE
gmx.com # NO_RESOLVE
gmx.de # NO_RESOLVE
gmx.net # NO_RESOLVE
gmx.us # NO_RESOLVE
gnezdo.ru # TLD
gnome.org # NO_RESOLVE
gnu.org # NO_RESOLVE
gnuradio.org # NO_RESOLVE
go-mpulse.net # NO_RESOLVE
go-vip.net # NO_RESOLVE
go.com # NO_RESOLVE
go.dev # NO_RESOLVE
go.gov.br # NO_RESOLVE
go.jp # NO_RESOLVE
go.kr # NO_RESOLVE
go.link # NO_RESOLVE
go.th # NO_RESOLVE
go2assist.me # NO_RESOLVE
go2cloud.org # NO_RESOLVE
go2yd.com # NO_RESOLVE
goadopt.io # NO_RESOLVE
goairgap.com # NO_RESOLVE
goal.com # NO_RESOLVE
gobiernodecanarias.org # NO_RESOLVE
gocache.net # NO_RESOLVE
gocarrot.com # NO_RESOLVE
gocertify.me # NO_RESOLVE
gochatx.com # NO_RESOLVE
godaddy.com # NO_RESOLVE
godagree.com # NO_RESOLVE
godapply.com # NO_RESOLVE
godkc.com # NO_RESOLVE
gofastchat.com # NO_RESOLVE
gofile.io # NO_RESOLVE
gofundme.com # NO_RESOLVE
gog.com # NO_RESOLVE
gogl9.com # NO_RESOLVE
goguardian.com # NO_RESOLVE
goindigo.in # NO_RESOLVE
gojekapi.com # NO_RESOLVE
golang.org # NO_RESOLVE
gold-usergeneratedcontent.net # NO_RESOLVE
goldapple.ru # TLD
gologin.com # NO_RESOLVE
gomotive.com # NO_RESOLVE
gonet-ads.com # NO_RESOLVE
gonewsvod.com # NO_RESOLVE
goo.gl # NO_RESOLVE
goodimpressioncrboost.com # NO_RESOLVE
goodnotes-devops.com # NO_RESOLVE
goodnotes.com # NO_RESOLVE
goodnovel.com # NO_RESOLVE
goodreads.com # NO_RESOLVE
goodreels.com # NO_RESOLVE
goodrx.com # NO_RESOLVE
goodshort.com # NO_RESOLVE
goodsync.com # NO_RESOLVE
goofish.com # NO_RESOLVE
googl.com # NO_RESOLVE
google-analytics.com # NO_RESOLVE
google.ac # NO_RESOLVE
google.ad # NO_RESOLVE
google.ae # NO_RESOLVE
google.al # NO_RESOLVE
google.am # NO_RESOLVE
google.as # NO_RESOLVE
google.at # NO_RESOLVE
google.az # NO_RESOLVE
google.ba # NO_RESOLVE
google.be # NO_RESOLVE
google.bf # NO_RESOLVE
google.bg # NO_RESOLVE
google.bi # NO_RESOLVE
google.bj # NO_RESOLVE
google.bs # NO_RESOLVE
google.by # TLD
google.ca # NO_RESOLVE
google.cat # NO_RESOLVE
google.cd # NO_RESOLVE
google.cf # NO_RESOLVE
google.cg # NO_RESOLVE
google.ch # NO_RESOLVE
google.ci # NO_RESOLVE
google.cl # NO_RESOLVE
google.cm # NO_RESOLVE
google.cn # NO_RESOLVE
google.co.ao # NO_RESOLVE
google.co.bw # NO_RESOLVE
google.co.ck # NO_RESOLVE
google.co.cr # NO_RESOLVE
google.co.id # NO_RESOLVE
google.co.il # NO_RESOLVE
google.co.in # NO_RESOLVE
google.co.jp # NO_RESOLVE
google.co.ke # NO_RESOLVE
google.co.kr # NO_RESOLVE
google.co.ls # NO_RESOLVE
google.co.ma # NO_RESOLVE
google.co.mz # NO_RESOLVE
google.co.nz # NO_RESOLVE
google.co.th # NO_RESOLVE
google.co.tz # NO_RESOLVE
google.co.ug # NO_RESOLVE
google.co.uk # NO_RESOLVE
google.co.uz # NO_RESOLVE
google.co.ve # NO_RESOLVE
google.co.vi # NO_RESOLVE
google.co.za # NO_RESOLVE
google.co.zm # NO_RESOLVE
google.co.zw # NO_RESOLVE
google.com # NO_RESOLVE
google.com.af # NO_RESOLVE
google.com.ag # NO_RESOLVE
google.com.ai # NO_RESOLVE
google.com.ar # NO_RESOLVE
google.com.au # NO_RESOLVE
google.com.bd # NO_RESOLVE
google.com.bh # NO_RESOLVE
google.com.bn # NO_RESOLVE
google.com.bo # NO_RESOLVE
google.com.br # NO_RESOLVE
google.com.bz # NO_RESOLVE
google.com.co # NO_RESOLVE
google.com.cu # NO_RESOLVE
google.com.do # NO_RESOLVE
google.com.ec # NO_RESOLVE
google.com.eg # NO_RESOLVE
google.com.et # NO_RESOLVE
google.com.fj # NO_RESOLVE
google.com.gh # NO_RESOLVE
google.com.gi # NO_RESOLVE
google.com.gt # NO_RESOLVE
google.com.hk # NO_RESOLVE
google.com.jm # NO_RESOLVE
google.com.kh # NO_RESOLVE
google.com.kw # NO_RESOLVE
google.com.lb # NO_RESOLVE
google.com.ly # NO_RESOLVE
google.com.mm # NO_RESOLVE
google.com.mt # NO_RESOLVE
google.com.mx # NO_RESOLVE
google.com.my # NO_RESOLVE
google.com.na # NO_RESOLVE
google.com.nf # NO_RESOLVE
google.com.ng # NO_RESOLVE
google.com.ni # NO_RESOLVE
google.com.np # NO_RESOLVE
google.com.om # NO_RESOLVE
google.com.pa # NO_RESOLVE
google.com.pe # NO_RESOLVE
google.com.pg # NO_RESOLVE
google.com.ph # NO_RESOLVE
google.com.pk # NO_RESOLVE
google.com.pr # NO_RESOLVE
google.com.py # NO_RESOLVE
google.com.qa # NO_RESOLVE
google.com.sa # NO_RESOLVE
google.com.sb # NO_RESOLVE
google.com.sg # NO_RESOLVE
google.com.sl # NO_RESOLVE
google.com.sv # NO_RESOLVE
google.com.tj # NO_RESOLVE
google.com.tr # NO_RESOLVE
google.com.tw # NO_RESOLVE
google.com.ua # NO_RESOLVE
google.com.uy # NO_RESOLVE
google.com.vc # NO_RESOLVE
google.com.vn # NO_RESOLVE
google.cv # NO_RESOLVE
google.cz # NO_RESOLVE
google.de # NO_RESOLVE
google.dj # NO_RESOLVE
google.dk # NO_RESOLVE
google.dm # NO_RESOLVE
google.dz # NO_RESOLVE
google.ee # NO_RESOLVE
google.es # NO_RESOLVE
google.eu # NO_RESOLVE
google.fi # NO_RESOLVE
google.fm # NO_RESOLVE
google.ga # NO_RESOLVE
google.ge # NO_RESOLVE
google.gg # NO_RESOLVE
google.gl # NO_RESOLVE
google.gp # NO_RESOLVE
google.gr # NO_RESOLVE
google.gy # NO_RESOLVE
google.hn # NO_RESOLVE
google.hr # NO_RESOLVE
google.ht # NO_RESOLVE
google.hu # NO_RESOLVE
google.ie # NO_RESOLVE
google.im # NO_RESOLVE
google.in # NO_RESOLVE
google.iq # NO_RESOLVE
google.is # NO_RESOLVE
google.it # NO_RESOLVE
google.je # NO_RESOLVE
google.jo # NO_RESOLVE
google.kg # NO_RESOLVE
google.ki # NO_RESOLVE
google.kz # TLD
google.la # NO_RESOLVE
google.li # NO_RESOLVE
google.lk # NO_RESOLVE
google.lt # NO_RESOLVE
google.lu # NO_RESOLVE
google.lv # NO_RESOLVE
google.md # NO_RESOLVE
google.me # NO_RESOLVE
google.mg # NO_RESOLVE
google.mk # NO_RESOLVE
google.ml # NO_RESOLVE
google.mn # NO_RESOLVE
google.mu # NO_RESOLVE
google.mv # NO_RESOLVE
google.mw # NO_RESOLVE
google.ne # NO_RESOLVE
google.net # NO_RESOLVE
google.nl # NO_RESOLVE
google.no # NO_RESOLVE
google.nr # NO_RESOLVE
google.nu # NO_RESOLVE
google.org # NO_RESOLVE
google.pl # NO_RESOLVE
google.pn # NO_RESOLVE
google.ps # NO_RESOLVE
google.pt # NO_RESOLVE
google.ro # NO_RESOLVE
google.rs # NO_RESOLVE
google.ru # TLD
google.rw # NO_RESOLVE
google.sc # NO_RESOLVE
google.se # NO_RESOLVE
google.sh # NO_RESOLVE
google.si # NO_RESOLVE
google.sk # NO_RESOLVE
google.sm # NO_RESOLVE
google.sn # NO_RESOLVE
google.sr # NO_RESOLVE
google.st # NO_RESOLVE
google.td # NO_RESOLVE
google.tg # NO_RESOLVE
google.tk # NO_RESOLVE
google.tl # NO_RESOLVE
google.tm # NO_RESOLVE
google.tn # NO_RESOLVE
google.to # NO_RESOLVE
google.tt # NO_RESOLVE
google.us # NO_RESOLVE
google.vu # NO_RESOLVE
google.ws # NO_RESOLVE
googleadservices.com # NO_RESOLVE
googleapis.cn # NO_RESOLVE
googleapis.com # NO_RESOLVE
googlebot.com # NO_RESOLVE
googlecode.com # NO_RESOLVE
googledomains.com # NO_RESOLVE
googlehosted.com # NO_RESOLVE
googlemail.com # NO_RESOLVE
googleoptimize.com # NO_RESOLVE
googlesource.com # NO_RESOLVE
googlesyndication-cn.com # NO_RESOLVE
googlesyndication.com # NO_RESOLVE
googletagmanager.com # NO_RESOLVE
googletagservices.com # NO_RESOLVE
googleusercontent.com # NO_RESOLVE
googlevideo.com # NO_RESOLVE
googlezip.net # NO_RESOLVE
goooooooooooooooooooooooooooooooooooooooooooooooooooooooooogle.com # NO_RESOLVE
gop.pk # NO_RESOLVE
gopayapi.com # NO_RESOLVE
gorgias-convert.com # NO_RESOLVE
gorgias.chat # NO_RESOLVE
gorgias.help # NO_RESOLVE
gos-gsp.io # NO_RESOLVE
goskope.com # NO_RESOLVE
gosuslugi.ru # TLD
got-game.org # NO_RESOLVE
gothesea.com # NO_RESOLVE
gotii.com # NO_RESOLVE
gotinder.com # NO_RESOLVE
goto.com # NO_RESOLVE
gotoassist.at # NO_RESOLVE
gotoassist.com # NO_RESOLVE
gotoassist.me # NO_RESOLVE
gotoda.co # NO_RESOLVE
gotolstoy.com # NO_RESOLVE
gotomeeting.com # NO_RESOLVE
gotomypc.com # NO_RESOLVE
gotoresolve.com # NO_RESOLVE
gotostage.com # NO_RESOLVE
gototraining.com # NO_RESOLVE
gotowebinar.com # NO_RESOLVE
gotrackier.com # NO_RESOLVE
gouv.fr # NO_RESOLVE
govee.com # NO_RESOLVE
govt.nz # NO_RESOLVE
gp4f.com # NO_RESOLVE
gpb.ru # TLD
gpcloudservice.com # NO_RESOLVE
gpsonextra.net # NO_RESOLVE
gpubgm.com # NO_RESOLVE
gr-assets.com # NO_RESOLVE
gr.jp # NO_RESOLVE
grab.com # NO_RESOLVE
grabcad.com # NO_RESOLVE
grabtaxi.com # NO_RESOLVE
gradopolcev.store # NO_RESOLVE
grafana.net # NO_RESOLVE
grafana.org # NO_RESOLVE
grainger.com # NO_RESOLVE
grammarly.com # NO_RESOLVE
grammarly.io # NO_RESOLVE
grandgamestech.com # NO_RESOLVE
grandstream.com # NO_RESOLVE
granify.com # NO_RESOLVE
granola.ai # NO_RESOLVE
graphicriver.net # NO_RESOLVE
grass.io # NO_RESOLVE
gravatar.com # NO_RESOLVE
gravitec.net # NO_RESOLVE
grcv.io # NO_RESOLVE
greasyfork.org # NO_RESOLVE
gree.com # NO_RESOLVE
greenpulseinsight.com # NO_RESOLVE
greentreeone.com # NO_RESOLVE
greenvideo.io # NO_RESOLVE
greetingsisland.com # NO_RESOLVE
grindr.com # NO_RESOLVE
grindr.mobi # NO_RESOLVE
grizzlyvpn.work # NO_RESOLVE
grofers.com # NO_RESOLVE
grok.com # NO_RESOLVE
grokipedia.com # NO_RESOLVE
groovinads.com # NO_RESOLVE
groq.com # NO_RESOLVE
groupme.com # NO_RESOLVE
groutcleaners.com.au # NO_RESOLVE
grow.me # NO_RESOLVE
growatt.com # NO_RESOLVE
growcdnssedge.com # NO_RESOLVE
growone.sg # NO_RESOLVE
growplow.events # NO_RESOLVE
growthbook.io # NO_RESOLVE
groww.in # NO_RESOLVE
grubbytrain.com # NO_RESOLVE
grubhub.com # NO_RESOLVE
gryphline.com # NO_RESOLVE
gscdn.net # NO_RESOLVE
gsght.com # NO_RESOLVE
gshdw.cyou # NO_RESOLVE
gshifen.com # NO_RESOLVE
gsrv.dev # NO_RESOLVE
gsspat.jp # NO_RESOLVE
gssprt.jp # NO_RESOLVE
gstatic.cn # NO_RESOLVE
gstatic.com # NO_RESOLVE
gstcpx.site # NO_RESOLVE
gtconnectedservices.com # NO_RESOLVE
gtelem.net # NO_RESOLVE
gtimg.cn # NO_RESOLVE
gtimg.com # NO_RESOLVE
gtld-servers.net # NO_RESOLVE
gtm-a2b2.com # NO_RESOLVE
gtm-i1d9.com # NO_RESOLVE
gtranslate.net # NO_RESOLVE
gu-st.ru # TLD
guangwei.net # NO_RESOLVE
guard.io # NO_RESOLVE
guardease.com # NO_RESOLVE
guardianapis.com # NO_RESOLVE
guardingvision.com # NO_RESOLVE
guardsquare.com # NO_RESOLVE
guildwars2.com # NO_RESOLVE
guim.co.uk # NO_RESOLVE
gumgum.com # NO_RESOLVE
gumroad.com # NO_RESOLVE
gumtree.com # NO_RESOLVE
gupy.io # NO_RESOLVE
gurufocus.com # NO_RESOLVE
gv.at # NO_RESOLVE
gvn.co # NO_RESOLVE
gvt1-cn.com # NO_RESOLVE
gvt1.com # NO_RESOLVE
gvt2.com # NO_RESOLVE
gvt3.com # NO_RESOLVE
gwn.cloud # NO_RESOLVE
gx.games # NO_RESOLVE
gx.me # NO_RESOLVE
h-cdn.com # NO_RESOLVE
h264.io # NO_RESOLVE
h3c.com # NO_RESOLVE
habr.com # NO_RESOLVE
hacs.xyz # NO_RESOLVE
hadronid.net # NO_RESOLVE
hai8g.com # NO_RESOLVE
hakunaymatata.com # NO_RESOLVE
hal.science # NO_RESOLVE
halara.com # NO_RESOLVE
halowaypoint.com # NO_RESOLVE
hama.com # NO_RESOLVE
hands.com.br # NO_RESOLVE
hansha.online # NO_RESOLVE
hao123.com # NO_RESOLVE
haobeijing.net # NO_RESOLVE
haokan.mobi # NO_RESOLVE
haplat.net # NO_RESOLVE
haplorrhini.com # NO_RESOLVE
happ.su # TLD
happycolorapp.com # NO_RESOLVE
happystove.com # NO_RESOLVE
haraj.com.sa # NO_RESOLVE
harica.gr # NO_RESOLVE
harman.com # NO_RESOLVE
harness.io # NO_RESOLVE
harry.lu # NO_RESOLVE
harvard.edu # NO_RESOLVE
hashicorp.com # NO_RESOLVE
haskell.org # NO_RESOLVE
hatchbaby.com # NO_RESOLVE
hatenablog.com # NO_RESOLVE
hath.network # NO_RESOLVE
havasedge.com # NO_RESOLVE
haydaygame.com # NO_RESOLVE
haystack.es # NO_RESOLVE
hbherunsujiao.com # NO_RESOLVE
hbo.com # NO_RESOLVE
hbwrapper.com # NO_RESOLVE
hc-ping.com # NO_RESOLVE
hcapp-dc.com # NO_RESOLVE
hcaptcha.com # NO_RESOLVE
hcn.health # NO_RESOLVE
hdaae.com # NO_RESOLVE
hdslb.com # NO_RESOLVE
he.net # NO_RESOLVE
headtopics.com # NO_RESOLVE
healthkart.com # NO_RESOLVE
healthworkforce.com.au # NO_RESOLVE
heap-api.com # NO_RESOLVE
heapanalytics.com # NO_RESOLVE
hearstapps.com # NO_RESOLVE
heatmap.com # NO_RESOLVE
heatmapcore.com # NO_RESOLVE
heb.com # NO_RESOLVE
hebbia.ai # NO_RESOLVE
heimdalsecurity.com # NO_RESOLVE
heise.de # NO_RESOLVE
helium.io # NO_RESOLVE
helius-rpc.com # NO_RESOLVE
hellay.net # NO_RESOLVE
hellomoon.io # NO_RESOLVE
hellotalk8.com # NO_RESOLVE
helpme.net # NO_RESOLVE
helpscout.net # NO_RESOLVE
helpshift.com # NO_RESOLVE
hely.tech # NO_RESOLVE
hembed.com # NO_RESOLVE
hepsiburada.com # NO_RESOLVE
here.com # NO_RESOLVE
hereapi.com # NO_RESOLVE
hermes.com # NO_RESOLVE
hero-sms.com # NO_RESOLVE
heroku.com # NO_RESOLVE
herokuapp.com # NO_RESOLVE
herokudns.com # NO_RESOLVE
hetangsmart.com # NO_RESOLVE
hetrixtools.net # NO_RESOLVE
hetvomaug.com # NO_RESOLVE
hetzner.com # NO_RESOLVE
heureka.cz # NO_RESOLVE
hexagon-analytics.com # NO_RESOLVE
hexawall.ru # TLD
hexin.cn # NO_RESOLVE
hexnodemdm.com # NO_RESOLVE
hexsdk.com # NO_RESOLVE
hextom.com # NO_RESOLVE
heytapdl.com # NO_RESOLVE
heytapimage.com # NO_RESOLVE
heytapimg.com # NO_RESOLVE
heytapmobile.com # NO_RESOLVE
hf.co # NO_RESOLVE
hga035.com # NO_RESOLVE
hga050.com # NO_RESOLVE
hgcc.edu.vn # NO_RESOLVE
hgtv.com # NO_RESOLVE
hh.ru # TLD
hhkld.com # NO_RESOLVE
hiaiabc.com # NO_RESOLVE
hichee.com # NO_RESOLVE
hichina.com # NO_RESOLVE
hicloud.com # NO_RESOLVE
higgsfield.ai # NO_RESOLVE
highspeedinternet.com # NO_RESOLVE
hightouch-events.com # NO_RESOLVE
highwebmedia.com # NO_RESOLVE
hihonor.com # NO_RESOLVE
hihonorcdn.com # NO_RESOLVE
hijuconn.com # NO_RESOLVE
hik-connect.com # NO_RESOLVE
hik-partner.com # NO_RESOLVE
hikcentralconnect.com # NO_RESOLVE
hilookview.com # NO_RESOLVE
hinative.com # NO_RESOLVE
hindustantimes.com # NO_RESOLVE
hinet.net # NO_RESOLVE
hingeaws.net # NO_RESOLVE
hingenexus.com # NO_RESOLVE
hingeprod.net # NO_RESOLVE
hisavana.com # NO_RESOLVE
hismarttv.com # NO_RESOLVE
histats.com # NO_RESOLVE
hitv.com # NO_RESOLVE
hive.blog # NO_RESOLVE
hivebedrock.network # NO_RESOLVE
hiveos.farm # NO_RESOLVE
hivestreaming.com # NO_RESOLVE
hiwaifu.com # NO_RESOLVE
hiyaapi.com # NO_RESOLVE
hk01.com # NO_RESOLVE
hkexpress.com # NO_RESOLVE
hltv.org # NO_RESOLVE
hlx.page # NO_RESOLVE
hm.com # NO_RESOLVE
hmecloud.com # NO_RESOLVE
hmgroup.com # NO_RESOLVE
hnetwork-live.com # NO_RESOLVE
hoiio.com # NO_RESOLVE
hola.org # NO_RESOLVE
holadns.com # NO_RESOLVE
holahupa.com # NO_RESOLVE
hollywoodbets.net # NO_RESOLVE
holodisks.com # NO_RESOLVE
home-assistant.io # NO_RESOLVE
home.blog # NO_RESOLVE
home.pl # NO_RESOLVE
homeconnecthca.com # NO_RESOLVE
homedepot.com # NO_RESOLVE
homeip.net # NO_RESOLVE
homeisnevada.com # NO_RESOLVE
homes.com # NO_RESOLVE
honda.com # NO_RESOLVE
honey.io # NO_RESOLVE
honeycomb.io # NO_RESOLVE
honeygain.com # NO_RESOLVE
honeyping.com # NO_RESOLVE
honeywell.com # NO_RESOLVE
honor.com # NO_RESOLVE
hookspf.com # NO_RESOLVE
hopto.org # NO_RESOLVE
hornet.com # NO_RESOLVE
hornetsecurity.com # NO_RESOLVE
hostedemail.com # NO_RESOLVE
hostedrmm.com # NO_RESOLVE
hostgator.com # NO_RESOLVE
hostgator.com.br # NO_RESOLVE
hostifi.com # NO_RESOLVE
hostinger.com # NO_RESOLVE
hostingersite.com # NO_RESOLVE
hostingradio.ru # TLD
hot.net.il # NO_RESOLVE
hotcopper.com.au # NO_RESOLVE
hotels.com # NO_RESOLVE
hotjar.com # NO_RESOLVE
hotjar.io # NO_RESOLVE
hotmart.com # NO_RESOLVE
hotminidrama.com # NO_RESOLVE
hotpads.com # NO_RESOLVE
hotstar.com # NO_RESOLVE
hottrumpnews.icu # NO_RESOLVE
houzz.com # NO_RESOLVE
hoymiles.com # NO_RESOLVE
hoyolab.com # NO_RESOLVE
hoyoverse.com # NO_RESOLVE
hp.com # NO_RESOLVE
hp10.us # NO_RESOLVE
hpanalytics.net # NO_RESOLVE
hpdaas.com # NO_RESOLVE
hpe.com # NO_RESOLVE
hpeprint.com # NO_RESOLVE
hpgamestream.com # NO_RESOLVE
hpplay.cn # NO_RESOLVE
hpsmart.com # NO_RESOLVE
hpwolf.com # NO_RESOLVE
hpyfeds.com # NO_RESOLVE
hpytimes.info # NO_RESOLVE
hrzn-nxt.com # NO_RESOLVE
hs-analytics.net # NO_RESOLVE
hs-banner.com # NO_RESOLVE
hs-scripts.com # NO_RESOLVE
hs-sites.com # NO_RESOLVE
hsadspixel.net # NO_RESOLVE
hsappstatic.net # NO_RESOLVE
hsbc.com # NO_RESOLVE
hscollectedforms.net # NO_RESOLVE
hsfkramer.com # NO_RESOLVE
hsforms.com # NO_RESOLVE
hsforms.net # NO_RESOLVE
hsn.com # NO_RESOLVE
hsprotect.net # NO_RESOLVE
hstgr.cloud # NO_RESOLVE
hstgr.net # NO_RESOLVE
htlbid.com # NO_RESOLVE
html-load.cc # NO_RESOLVE
html-load.com # NO_RESOLVE
httpbin.org # NO_RESOLVE
htx.com # NO_RESOLVE
huaban.com # NO_RESOLVE
huami.com # NO_RESOLVE
huan.tv # NO_RESOLVE
huatu.com # NO_RESOLVE
huawei.com # NO_RESOLVE
huawei.ru # TLD
huaweicloud.com # NO_RESOLVE
huayoucn.com # NO_RESOLVE
hubapi.com # NO_RESOLVE
hubble.in # NO_RESOLVE
hubhc.com # NO_RESOLVE
hubspot-at-test.com # NO_RESOLVE
hubspot.com # NO_RESOLVE
hubspot.net # NO_RESOLVE
hubspotemail.net # NO_RESOLVE
hubspotfeedback.com # NO_RESOLVE
hubspotusercontent-na1.net # NO_RESOLVE
hubvisor.io # NO_RESOLVE
hudl.com # NO_RESOLVE
huedatastore.com # NO_RESOLVE
hugedomains.com # NO_RESOLVE
huggingface.co # NO_RESOLVE
huion.cn # NO_RESOLVE
hulu.com # NO_RESOLVE
huluim.com # NO_RESOLVE
hulustream.com # NO_RESOLVE
humeysha.com # NO_RESOLVE
huntress.io # NO_RESOLVE
huntshowdown.com # NO_RESOLVE
huobi.pro # NO_RESOLVE
huorong.cn # NO_RESOLVE
huoshanlive.com # NO_RESOLVE
hurelax.com # NO_RESOLVE
hushmail.com # NO_RESOLVE
huya.com # NO_RESOLVE
hwcdn.ru # TLD
hwclouds-dns.com # NO_RESOLVE
hwprize.com # NO_RESOLVE
hwrescdn.com # NO_RESOLVE
hyatt.com # NO_RESOLVE
hybrid.ai # NO_RESOLVE
hydrawise.com # NO_RESOLVE
hymnary.org # NO_RESOLVE
hyper-torrent.com # NO_RESOLVE
hyperliquid.xyz # NO_RESOLVE
hyperotics.com # NO_RESOLVE
hypestat.com # NO_RESOLVE
hypic.com # NO_RESOLVE
hypixel.net # NO_RESOLVE
hyprmx.com # NO_RESOLVE
hzmklvdieo.com # NO_RESOLVE
i-j-2-k.com # NO_RESOLVE
i-mobile.co.jp # NO_RESOLVE
i18n-pglstatp.com # NO_RESOLVE
iadb.org # NO_RESOLVE
iadvize.com # NO_RESOLVE
ialicdn.com # NO_RESOLVE
iana.org # NO_RESOLVE
iastate.edu # NO_RESOLVE
ib-ibi.com # NO_RESOLVE
ibb.co # NO_RESOLVE
ibeewifi.net # NO_RESOLVE
ibiblio.org # NO_RESOLVE
ibispaint.com # NO_RESOLVE
ibm.com # NO_RESOLVE
ibook.info # NO_RESOLVE
ibosscloud.com # NO_RESOLVE
ibytedapm.com # NO_RESOLVE
ibytedtos.com # NO_RESOLVE
ibyteimg.com # NO_RESOLVE
ic-components.com # NO_RESOLVE
icanhazip.com # NO_RESOLVE
icann.org # NO_RESOLVE
icbc.com.cn # NO_RESOLVE
ice.com # NO_RESOLVE
icecat.biz # NO_RESOLVE
icecat.it # NO_RESOLVE
icecat.se # NO_RESOLVE
icecat.us # NO_RESOLVE
icewhale.io # NO_RESOLVE
icfcdn.com # NO_RESOLVE
icg-in.com # NO_RESOLVE
icht.ink # NO_RESOLVE
icicibank.com # NO_RESOLVE
icims.com # NO_RESOLVE
iclocator.com # NO_RESOLVE
icloseli.com # NO_RESOLVE
icloud-content.com # NO_RESOLVE
icloud.com # NO_RESOLVE
icloud.com.cn # NO_RESOLVE
icm.edu.pl # NO_RESOLVE
icmp0.ru # TLD
iconify.design # NO_RESOLVE
icons8.com # NO_RESOLVE
iconscout.com # NO_RESOLVE
icpublic.com # NO_RESOLVE
id.au # NO_RESOLVE
id5-sync.com # NO_RESOLVE
id6.me # NO_RESOLVE
idailybible.com # NO_RESOLVE
idcrawl.com # NO_RESOLVE
idealista.com # NO_RESOLVE
idealmedia.io # NO_RESOLVE
idealo.com # NO_RESOLVE
idealo.de # NO_RESOLVE
identitydigital.services # NO_RESOLVE
identrust.com # NO_RESOLVE
idexx.com # NO_RESOLVE
idouyinvod.com # NO_RESOLVE
idqqimg.com # NO_RESOLVE
idrive.com # NO_RESOLVE
ieee.org # NO_RESOLVE
iem.sh # NO_RESOLVE
iesdev.com # NO_RESOLVE
ietf.org # NO_RESOLVE
ifconfig.co # NO_RESOLVE
ifconfig.io # NO_RESOLVE
ifconfig.me # NO_RESOLVE
ifeng.com # NO_RESOLVE
ifit.com # NO_RESOLVE
ifood.com.br # NO_RESOLVE
ifu.ink # NO_RESOLVE
ig.com # NO_RESOLVE
ig.com.br # NO_RESOLVE
igamecj.com # NO_RESOLVE
igexin.com # NO_RESOLVE
igg.com # NO_RESOLVE
ignimgs.com # NO_RESOLVE
igodigital.com # NO_RESOLVE
iheart.com # NO_RESOLVE
iherb.com # NO_RESOLVE
ihfjsrkdw.com # NO_RESOLVE
ihrhls.com # NO_RESOLVE
ihuoshanlive.com # NO_RESOLVE
iionads.com # NO_RESOLVE
ijt10.com # NO_RESOLVE
ikarem.io # NO_RESOLVE
ikea.com # NO_RESOLVE
ilibr.org # NO_RESOLVE
ilikecircumcised.com # NO_RESOLVE
illinois.edu # NO_RESOLVE
illusionblack.com # NO_RESOLVE
ilovepdf.com # NO_RESOLVE
iloveusomuch.to # NO_RESOLVE
iloveyourweewee.bz # NO_RESOLVE
im-apps.net # NO_RESOLVE
image-line.com # NO_RESOLVE
imagedelivery.net # NO_RESOLVE
imagekit.io # NO_RESOLVE
images-amazon.com # NO_RESOLVE
imagetwist.com # NO_RESOLVE
imaginationunwired.com # NO_RESOLVE
imall.com # NO_RESOLVE
imdb.com # NO_RESOLVE
imedia.cz # NO_RESOLVE
imem.me # NO_RESOLVE
img-static.tech # NO_RESOLVE
imganalytics.com # NO_RESOLVE
imgbox.com # NO_RESOLVE
imggaming.com # NO_RESOLVE
imghosts.com # NO_RESOLVE
imginn.com # NO_RESOLVE
imgix.net # NO_RESOLVE
imgsmail.ru # TLD
imguol.com.br # NO_RESOLVE
imgur.com # NO_RESOLVE
imhentai.xxx # NO_RESOLVE
imimg.com # NO_RESOLVE
immanitys.com # NO_RESOLVE
immedia-semi.com # NO_RESOLVE
immersivelabs.online # NO_RESOLVE
immich.cloud # NO_RESOLVE
immobilienscout24.de # NO_RESOLVE
immortalproxy.com # NO_RESOLVE
immy.bot # NO_RESOLVE
imo.im # NO_RESOLVE
imoim.app # NO_RESOLVE
imoim.net # NO_RESOLVE
imolive.tv # NO_RESOLVE
imolive2.com # NO_RESOLVE
imostatic.com # NO_RESOLVE
impact-ad.jp # NO_RESOLVE
impact.com # NO_RESOLVE
impactcdn.com # NO_RESOLVE
impactify.media # NO_RESOLVE
impactradius-event.com # NO_RESOLVE
impervadns.net # NO_RESOLVE
impression.link # NO_RESOLVE
imptracking.com # NO_RESOLVE
imrworldwide.com # NO_RESOLVE
imtwjwoasak.com # NO_RESOLVE
imunify.com # NO_RESOLVE
imunify360.com # NO_RESOLVE
imvu.com # NO_RESOLVE
imynwvhmq.com # NO_RESOLVE
in.net # NO_RESOLVE
in.th # NO_RESOLVE
in.ua # NO_RESOLVE
inaccuracy.net # NO_RESOLVE
inappstory.ru # TLD
inaturalist.org # NO_RESOLVE
inbake.com # NO_RESOLVE
incapdns.net # NO_RESOLVE
incognia.com # NO_RESOLVE
ind.br # NO_RESOLVE
indazn.com # NO_RESOLVE
indeed.com # NO_RESOLVE
independent.co.uk # NO_RESOLVE
inderscienceonline.com # NO_RESOLVE
index.hu # NO_RESOLVE
indexww.com # NO_RESOLVE
indiamart.com # NO_RESOLVE
indianexpress.com # NO_RESOLVE
indiankanoon.org # NO_RESOLVE
indiatimes.com # NO_RESOLVE
indigitall.com # NO_RESOLVE
inditex.com # NO_RESOLVE
indriverapp.com # NO_RESOLVE
indusappstore.com # NO_RESOLVE
inf.br # NO_RESOLVE
infeng.site # NO_RESOLVE
infineon.com # NO_RESOLVE
infinitepay.io # NO_RESOLVE
infinity-component.com # NO_RESOLVE
influxdata.com # NO_RESOLVE
infobip.com # NO_RESOLVE
infoblox.com # NO_RESOLVE
infocyte.com # NO_RESOLVE
infolinks.com # NO_RESOLVE
infomaniak.ch # NO_RESOLVE
infomaniak.com # NO_RESOLVE
inforcloudsuite.com # NO_RESOLVE
information.com # NO_RESOLVE
informer.com # NO_RESOLVE
informit.org # NO_RESOLVE
infra-moonactive.net # NO_RESOLVE
infura.io # NO_RESOLVE
ing.com # NO_RESOLVE
ingaa.xyz # NO_RESOLVE
ingage.tech # NO_RESOLVE
ingentaconnect.com # NO_RESOLVE
inhousedsp.com # NO_RESOLVE
inkuai.com # NO_RESOLVE
inmobi-choice.io # NO_RESOLVE
inmobi.com # NO_RESOLVE
inmobicdn.net # NO_RESOLVE
inmotionhosting.com # NO_RESOLVE
inner-active.mobi # NO_RESOLVE
innovid.com # NO_RESOLVE
inscloudgate.net # NO_RESOLVE
inshot.cc # NO_RESOLVE
insiad.com # NO_RESOLVE
inside-graph.com # NO_RESOLVE
insightexpressai.com # NO_RESOLVE
inss.gov.br # NO_RESOLVE
instabridge.com # NO_RESOLVE
instabug.com # NO_RESOLVE
instacart.com # NO_RESOLVE
instagram.com # NO_RESOLVE
instajob.ai # NO_RESOLVE
instana.io # NO_RESOLVE
instanthq.com # NO_RESOLVE
instaview.ai # NO_RESOLVE
instiengage.com # NO_RESOLVE
instructure.com # NO_RESOLVE
insurads.com # NO_RESOLVE
int08h.com # NO_RESOLVE
intel.com # NO_RESOLVE
intelbras.com.br # NO_RESOLVE
intelbrasp2p.com.br # NO_RESOLVE
intelligems.io # NO_RESOLVE
intellij.net # NO_RESOLVE
intellimize.co # NO_RESOLVE
intentiq.com # NO_RESOLVE
intercom.com # NO_RESOLVE
intercom.io # NO_RESOLVE
intercomassets.com # NO_RESOLVE
intercomcdn.com # NO_RESOLVE
intergi.com # NO_RESOLVE
intergient.com # NO_RESOLVE
interia.com # NO_RESOLVE
interia.pl # NO_RESOLVE
interkh.com # NO_RESOLVE
internalfb.com # NO_RESOLVE
internet-measurement.com # NO_RESOLVE
internetat.tv # NO_RESOLVE
internethealthtest.org # NO_RESOLVE
intertop.ua # NO_RESOLVE
intlgame.com # NO_RESOLVE
intools.dev # NO_RESOLVE
intrack.ir # NO_RESOLVE
intrastack.dev # NO_RESOLVE
intsig.net # NO_RESOLVE
intsmarthub.com # NO_RESOLVE
intuit.com # NO_RESOLVE
intuitcdn.net # NO_RESOLVE
inven.co.kr # NO_RESOLVE
invencocloud.com # NO_RESOLVE
investing.com # NO_RESOLVE
investingchannel.com # NO_RESOLVE
invoca.net # NO_RESOLVE
inwhatis.com # NO_RESOLVE
io.vn # NO_RESOLVE
iobit.com # NO_RESOLVE
ionicframework.com # NO_RESOLVE
ionos.com # NO_RESOLVE
ionos.de # NO_RESOLVE
ioriveredge.net # NO_RESOLVE
iot-dns.com # NO_RESOLVE
iot334.com # NO_RESOLVE
iotbing.com # NO_RESOLVE
iotcplatform.com # NO_RESOLVE
iothings.site # NO_RESOLVE
iovmcmjatl1.com # NO_RESOLVE
ip-api.com # NO_RESOLVE
ip.cc # NO_RESOLVE
ip.sb # NO_RESOLVE
ip138.com # NO_RESOLVE
ipapi.co # NO_RESOLVE
ipbase.com # NO_RESOLVE
ipdeep.com # NO_RESOLVE
ipecho.net # NO_RESOLVE
iperson.xyz # NO_RESOLVE
ipfs.io # NO_RESOLVE
iphmx.com # NO_RESOLVE
ipify.org # NO_RESOLVE
ipinfo.io # NO_RESOLVE
ipinfodb.com # NO_RESOLVE
ipip.net # NO_RESOLVE
ipleak.net # NO_RESOLVE
iplocation.net # NO_RESOLVE
iploop.io # NO_RESOLVE
iponweb.net # NO_RESOLVE
ipredictive.com # NO_RESOLVE
iprom.net # NO_RESOLVE
iproyal.com # NO_RESOLVE
ipsolver.com # NO_RESOLVE
ipstack.com # NO_RESOLVE
ipstatp.com # NO_RESOLVE
ipv4only.arpa # NO_RESOLVE
ipv6-test.com # NO_RESOLVE
ipv6tracker.org # NO_RESOLVE
ipvanish.com # NO_RESOLVE
ipwho.is # NO_RESOLVE
ipxserve.com # NO_RESOLVE
iq.com # NO_RESOLVE
iqiyi.com # NO_RESOLVE
iqiyipic.com # NO_RESOLVE
iqm.com # NO_RESOLVE
iqolsys.com # NO_RESOLVE
iqzonertb.live # NO_RESOLVE
iracing.com # NO_RESOLVE
iranlms.ir # NO_RESOLVE
irdeto.com # NO_RESOLVE
iroh.link # NO_RESOLVE
isappcloud.com # NO_RESOLVE
isc.org # NO_RESOLVE
isgaccess.com # NO_RESOLVE
ishano456.sbs # NO_RESOLVE
isharing-gps.com # NO_RESOLVE
isharing.io # NO_RESOLVE
island.io # NO_RESOLVE
islonline.net # NO_RESOLVE
isnssdk.com # NO_RESOLVE
ispot.tv # NO_RESOLVE
issuu.com # NO_RESOLVE
istatmenus.app # NO_RESOLVE
istockphoto.com # NO_RESOLVE
it.com # NO_RESOLVE
itau.com.br # NO_RESOLVE
itbakit.com # NO_RESOLVE
itc.cn # NO_RESOLVE
itch.io # NO_RESOLVE
itch.zone # NO_RESOLVE
iteldrive.com # NO_RESOLVE
iteleserve.com # NO_RESOLVE
itemdb.com # NO_RESOLVE
iterable.com # NO_RESOLVE
iteratehq.com # NO_RESOLVE
itglue.com # NO_RESOLVE
itools.info # NO_RESOLVE
itopsdk.com # NO_RESOLVE
its-newid.net # NO_RESOLVE
itsmy.tv # NO_RESOLVE
itsupport247.net # NO_RESOLVE
itunes.com # NO_RESOLVE
itv.com # NO_RESOLVE
itzmx.com # NO_RESOLVE
iu.edu # NO_RESOLVE
iubenda.com # NO_RESOLVE
ivanti.com # NO_RESOLVE
ivanticloud.com # NO_RESOLVE
ivaws.com # NO_RESOLVE
ivi.ru # TLD
ivoox.com # NO_RESOLVE
ivymobile.com # NO_RESOLVE
iwara.tv # NO_RESOLVE
iwwfed-ea.org # NO_RESOLVE
ixigua.com # NO_RESOLVE
ixsystems.com # NO_RESOLVE
ixxx.com # NO_RESOLVE
iyf.tv # NO_RESOLVE
izap24.ru # TLD
izooto.com # NO_RESOLVE
j-3-x-r.com # NO_RESOLVE
j2inter.com # NO_RESOLVE
j67z85nx4.com # NO_RESOLVE
jable.tv # NO_RESOLVE
jabra.com # NO_RESOLVE
jacksonchen666.com # NO_RESOLVE
jads.co # NO_RESOLVE
jagat.io # NO_RESOLVE
jam.dev # NO_RESOLVE
jamfcloud.com # NO_RESOLVE
jampp.com # NO_RESOLVE
janitorai.com # NO_RESOLVE
janusaent.com # NO_RESOLVE
janzhoutec.com # NO_RESOLVE
japan.travel # NO_RESOLVE
java.com # NO_RESOLVE
javadoc.io # NO_RESOLVE
javhdhello.com # NO_RESOLVE
jcplatform.dev # NO_RESOLVE
jd.com # NO_RESOLVE
jdbcdn.net # NO_RESOLVE
jdownloader.org # NO_RESOLVE
jdsupra.com # NO_RESOLVE
jenkins.io # NO_RESOLVE
jet.amazon # NO_RESOLVE
jetbrains.ai # NO_RESOLVE
jetbrains.cloud # NO_RESOLVE
jetbrains.com # NO_RESOLVE
jetos.com # NO_RESOLVE
jetphotos.com # NO_RESOLVE
jetstar.com # NO_RESOLVE
jfit.co # NO_RESOLVE
jfrog.io # NO_RESOLVE
jftech.com # NO_RESOLVE
jftechsoft.com # NO_RESOLVE
jftechws.com # NO_RESOLVE
jgrqyxupl.com # NO_RESOLVE
jhkkjkj.com # NO_RESOLVE
jht.services # NO_RESOLVE
jhu.edu # NO_RESOLVE
jianying.com # NO_RESOLVE
jimdo.com # NO_RESOLVE
jio.com # NO_RESOLVE
jiosaavn.com # NO_RESOLVE
jito.wtf # NO_RESOLVE
jitsu.com # NO_RESOLVE
jittersmenic.shop # NO_RESOLVE
jive.com # NO_RESOLVE
jiveip.net # NO_RESOLVE
jivetel.net # NO_RESOLVE
jivo.ru # TLD
jivosite.com # NO_RESOLVE
jivox.com # NO_RESOLVE
jixie.io # NO_RESOLVE
jksolapp.com # NO_RESOLVE
jlrmotor.com # NO_RESOLVE
jmmobi.com # NO_RESOLVE
jobrapido.com # NO_RESOLVE
johnlewis.com # NO_RESOLVE
joingotomeeting.com # NO_RESOLVE
joinhandshake.com # NO_RESOLVE
joinhoney.com # NO_RESOLVE
joinmassive.com # NO_RESOLVE
jointraining.com # NO_RESOLVE
joinwebinar.com # NO_RESOLVE
joltrixtech.com # NO_RESOLVE
jomodns.com # NO_RESOLVE
jooble.org # NO_RESOLVE
joom.com # NO_RESOLVE
joomcdn.net # NO_RESOLVE
jotform.com # NO_RESOLVE
journeymv.com # NO_RESOLVE
jovimobile.com # NO_RESOLVE
joy-sourcing.com # NO_RESOLVE
joybuy.com # NO_RESOLVE
jquery.com # NO_RESOLVE
js7k.com # NO_RESOLVE
jscrambler.com # Keyword
jsdelivr.com # NO_RESOLVE
jsdelivr.net # NO_RESOLVE
jsmsat.com # NO_RESOLVE
jsr.io # NO_RESOLVE
jsuol.com.br # NO_RESOLVE
jswhsz.com # NO_RESOLVE
jtvnw.net # NO_RESOLVE
judge.me # NO_RESOLVE
juicyads.com # NO_RESOLVE
jumpcloud.com # NO_RESOLVE
jumpjump.io # NO_RESOLVE
jungleheart.com # NO_RESOLVE
juniper.net # NO_RESOLVE
junkemailfilter.com # NO_RESOLVE
junosaent.com # NO_RESOLVE
juntadeandalucia.es # NO_RESOLVE
jup.ag # NO_RESOLVE
jusbrasil.com.br # NO_RESOLVE
juspay.in # NO_RESOLVE
just-eat.co.uk # NO_RESOLVE
justanswer.com # NO_RESOLVE
justdial.com # NO_RESOLVE
justia.com # NO_RESOLVE
justice.gov # NO_RESOLVE
justiceye.co.jp # NO_RESOLVE
justservingfiles.net # NO_RESOLVE
jw-cdn.org # NO_RESOLVE
jw.org # NO_RESOLVE
jwpcdn.com # NO_RESOLVE
jwplatform.com # NO_RESOLVE
jwplayer.com # NO_RESOLVE
jwpltx.com # NO_RESOLVE
jwpsrv.com # NO_RESOLVE
k-2-j-d.com # NO_RESOLVE
k-img.com # NO_RESOLVE
k-words.io # NO_RESOLVE
k5a.io # NO_RESOLVE
k8s.io # NO_RESOLVE
k8slens.dev # NO_RESOLVE
kabutoservices.com # NO_RESOLVE
kahoot.it # NO_RESOLVE
kaik.ai # NO_RESOLVE
kakao.com # NO_RESOLVE
kakaocdn.net # NO_RESOLVE
kalshi.com # NO_RESOLVE
kaltura.com # NO_RESOLVE
kambicdn.com # NO_RESOLVE
kameleoon.eu # NO_RESOLVE
kameleoon.io # NO_RESOLVE
kampyle.com # NO_RESOLVE
kandji.io # NO_RESOLVE
kaptcha.com # NO_RESOLVE
kargo.com # NO_RESOLVE
karte.io # NO_RESOLVE
kas-labs.com # NO_RESOLVE
kaspersky-labs.com # NO_RESOLVE
kaspersky.com # NO_RESOLVE
kaspi.kz # TLD
kasserver.com # NO_RESOLVE
kaufland.de # NO_RESOLVE
kayak.com # NO_RESOLVE
kayzen.io # NO_RESOLVE
kbz0pwvxmv.com # NO_RESOLVE
kbzpay.com # NO_RESOLVE
kcdn.online # NO_RESOLVE
kde.org # NO_RESOLVE
kdns.fr # NO_RESOLVE
kdocs.cn # NO_RESOLVE
ke.com # NO_RESOLVE
kebhana.mx # NO_RESOLVE
keeflys.com # NO_RESOLVE
keenetic.ru # TLD
keepa.com # NO_RESOLVE
keeptruckin.com # NO_RESOLVE
keplr.app # NO_RESOLVE
kernel.org # NO_RESOLVE
ketchcdn.com # NO_RESOLVE
ketchjs.com # NO_RESOLVE
keymetrics.io # NO_RESOLVE
kgns1.com # NO_RESOLVE
kgns3.com # NO_RESOLVE
kgslb.com # NO_RESOLVE
khalatisort.cyou # NO_RESOLVE
khanacademy.org # NO_RESOLVE
kia.com # NO_RESOLVE
kick.com # NO_RESOLVE
kickoffo.site # NO_RESOLVE
kickstarter.com # NO_RESOLVE
kidoodle.tv # NO_RESOLVE
kidoz.net # NO_RESOLVE
kids360.app # NO_RESOLVE
kidsapps.pro # NO_RESOLVE
kiev.ua # NO_RESOLVE
kijiji.ca # NO_RESOLVE
kikakeyboard.com # NO_RESOLVE
kill-bot.ru # TLD
kimberlite.io # GeoIP (RU)
kimi.com # NO_RESOLVE
kinescope.io # NO_RESOLVE
kinescopecdn.net # NO_RESOLVE
king.com # NO_RESOLVE
kingqf.com # NO_RESOLVE
kingsgroupgames.com # NO_RESOLVE
kinopoisk.ru # TLD
kinotik13.xyz # NO_RESOLVE
kinsta.cloud # NO_RESOLVE
kion.ru # TLD
kiro.dev # NO_RESOLVE
kit.com # NO_RESOLVE
kiwisizing.com # NO_RESOLVE
kkoper.cc # NO_RESOLVE
klarna.com # NO_RESOLVE
klarna.net # NO_RESOLVE
klarnacdn.net # NO_RESOLVE
klarnaevt.com # NO_RESOLVE
klarnaservices.com # NO_RESOLVE
klaviyo.com # NO_RESOLVE
klclick.com # NO_RESOLVE
kleinanzeigen.de # NO_RESOLVE
klevu.com # NO_RESOLVE
klingai.com # NO_RESOLVE
klipy.com # NO_RESOLVE
klook.com # NO_RESOLVE
kmart.com.au # NO_RESOLVE
kmsmep.com # NO_RESOLVE
knaben.org # NO_RESOLVE
knock.app # NO_RESOLVE
knotch.it # NO_RESOLVE
knowbe4.com # NO_RESOLVE
knox-matrix.com # NO_RESOLVE
kntxy.com # NO_RESOLVE
kobo.com # NO_RESOLVE
kochava.com # NO_RESOLVE
kogan.com # NO_RESOLVE
kolide.com # NO_RESOLVE
kombinat.digital # NO_RESOLVE
komect.com # NO_RESOLVE
kommo.com # NO_RESOLVE
komoot.com # NO_RESOLVE
komoot.net # NO_RESOLVE
kompas.com # NO_RESOLVE
konami.net # NO_RESOLVE
konfidency.com.br # NO_RESOLVE
konghq.com # NO_RESOLVE
kontur.ru # TLD
kookdns.com # NO_RESOLVE
kookeey.info # NO_RESOLVE
kookjar.com # NO_RESOLVE
koreascience.kr # NO_RESOLVE
koshkaproxy.shop # NO_RESOLVE
kozow.com # NO_RESOLVE
kpcdn.net # NO_RESOLVE
kpmg.com # NO_RESOLVE
kraken.com # NO_RESOLVE
kriekerrequin.qpon # NO_RESOLVE
krisp.ai # NO_RESOLVE
kroger.com # NO_RESOLVE
krsat.kr # NO_RESOLVE
krushmedia.com # NO_RESOLVE
kryptex.network # NO_RESOLVE
ks-cdn.com # NO_RESOLVE
ks-la.net # NO_RESOLVE
ks-live.com # NO_RESOLVE
ksapisrv.com # NO_RESOLVE
ksearchnet.com # NO_RESOLVE
kskwai.com # NO_RESOLVE
kslawin.com # NO_RESOLVE
ksmobile.com # NO_RESOLVE
ksord.com # NO_RESOLVE
ksyna.net # NO_RESOLVE
ksyun.com # NO_RESOLVE
ksyuncdn.com # NO_RESOLVE
ksyuncs.com # NO_RESOLVE
ksztone.com # NO_RESOLVE
ktfpkjt.com # NO_RESOLVE
ktrackers.com # NO_RESOLVE
kts.fox # NO_RESOLVE
kuaishou.com # NO_RESOLVE
kuaishouzt.com # NO_RESOLVE
kucoin.com # NO_RESOLVE
kueezrtb.com # NO_RESOLVE
kueezssp.com # NO_RESOLVE
kugou.com # NO_RESOLVE
kuiniuca.com # NO_RESOLVE
kumulos.com # NO_RESOLVE
kunlunaq.com # NO_RESOLVE
kunluncan.com # NO_RESOLVE
kunlungr.com # NO_RESOLVE
kunlunhuf.com # NO_RESOLVE
kunlunsl.com # NO_RESOLVE
kunlunso.com # NO_RESOLVE
kurogames.net # NO_RESOLVE
kustomerapp.com # NO_RESOLVE
kuwo.cn # NO_RESOLVE
kvaedit.site # NO_RESOLVE
kw.com # NO_RESOLVE
kwai-pay.com # NO_RESOLVE
kwai-pro.com # NO_RESOLVE
kwai.com # NO_RESOLVE
kwai.net # NO_RESOLVE
kwaicdn.com # NO_RESOLVE
kwaipay.app # NO_RESOLVE
kwaipros.com # NO_RESOLVE
kwaizt.com # NO_RESOLVE
kwcdn.com # NO_RESOLVE
kwimgs.com # NO_RESOLVE
kxcdn.com # NO_RESOLVE
kxmp.cf # NO_RESOLVE
kyocera.biz # NO_RESOLVE
kytira.cc # NO_RESOLVE
kzhi.tech # NO_RESOLVE
l-agent.me # NO_RESOLVE
l-cdn.com # NO_RESOLVE
l-err.biz # NO_RESOLVE
l1wt.com # NO_RESOLVE
la28.org # NO_RESOLVE
labadena.com # NO_RESOLVE
labs.google # NO_RESOLVE
lacnic.net # NO_RESOLVE
lacolhost.com # NO_RESOLVE
lacrossetechnology.com # NO_RESOLVE
lacunads.com # NO_RESOLVE
ladesk.com # NO_RESOLVE
ladsp.com # NO_RESOLVE
lalamove.com # NO_RESOLVE
lamoda.ru # TLD
languagetool.org # NO_RESOLVE
lansweeper.com # NO_RESOLVE
laposte.net # NO_RESOLVE
larkoffice.com # NO_RESOLVE
larksuite.com # NO_RESOLVE
last.fm # NO_RESOLVE
lastpass.com # NO_RESOLVE
lastwar.com # NO_RESOLVE
lastwarapp.net # NO_RESOLVE
lastwargame.com # NO_RESOLVE
latamairlines.com # NO_RESOLVE
laterooms.com # NO_RESOLVE
latostadora.com # NO_RESOLVE
launchdarkly.com # NO_RESOLVE
launchpadcontent.net # NO_RESOLVE
layerxsecurity.com # NO_RESOLVE
lazada.co.id # NO_RESOLVE
lazada.co.th # NO_RESOLVE
lazada.com # NO_RESOLVE
lazada.com.my # NO_RESOLVE
lazada.com.ph # NO_RESOLVE
lazada.sg # NO_RESOLVE
lazcdn.com # NO_RESOLVE
laztys.tech # NO_RESOLVE
lazybumblebee.com # NO_RESOLVE
lbank.com # NO_RESOLVE
lbkrs.com # NO_RESOLVE
lbsg.net # NO_RESOLVE
ldplayer.net # NO_RESOLVE
ldpskeotj.com # NO_RESOLVE
ldrescdn.com # NO_RESOLVE
le1twed.com # NO_RESOLVE
leadconnectorhq.com # NO_RESOLVE
leadinfo.net # NO_RESOLVE
leafly.com # NO_RESOLVE
leagueofgraphs.com # NO_RESOLVE
leagueoflegends.com # NO_RESOLVE
leap.app # NO_RESOLVE
learnings.ai # NO_RESOLVE
learnmeabitcoin.com # NO_RESOLVE
leboncoin.fr # NO_RESOLVE
ledger.com # NO_RESOLVE
leet-tracker.moe # NO_RESOLVE
lefigaro.fr # NO_RESOLVE
leg.br # NO_RESOLVE
legacy.com # NO_RESOLVE
lego.com # NO_RESOLVE
leimeng168.com # NO_RESOLVE
leiniao.com # NO_RESOLVE
lemmy.world # NO_RESOLVE
lemon8-app.com # NO_RESOLVE
lemonde.fr # NO_RESOLVE
lemonpi.io # NO_RESOLVE
lencr.org # NO_RESOLVE
lenovo.com # NO_RESOLVE
lenovo.com.cn # NO_RESOLVE
lenovomm.cn # NO_RESOLVE
lenta.com # NO_RESOLVE
lenta.ru # TLD
lenta.tech # NO_RESOLVE
lenzmx.com # NO_RESOLVE
leonardo.ai # NO_RESOLVE
leroymerlin.com.br # NO_RESOLVE
leroymerlin.fr # NO_RESOLVE
lesoir.be # NO_RESOLVE
lesta.ru # TLD
letras.com # NO_RESOLVE
letsencrypt.org # NO_RESOLVE
letterboxd.com # NO_RESOLVE
letyshops.com # NO_RESOLVE
leuchtstark.de # NO_RESOLVE
lexmark.com # NO_RESOLVE
lfeeder.com # NO_RESOLVE
lflinkup.com # NO_RESOLVE
lg.com # NO_RESOLVE
lg.jp # NO_RESOLVE
lge.com # NO_RESOLVE
lgeapi.com # NO_RESOLVE
lgrckt-in.com # NO_RESOLVE
lgsmartad.com # NO_RESOLVE
lgsmartplatform.com # NO_RESOLVE
lgthinq.com # NO_RESOLVE
lgtvcommon.com # NO_RESOLVE
lgtviot.com # NO_RESOLVE
lgtvsdp.com # NO_RESOLVE
liadm.com # NO_RESOLVE
liangxin1.xyz # NO_RESOLVE
lianjia.com # NO_RESOLVE
libbyapp.com # NO_RESOLVE
libbyshelf.com # NO_RESOLVE
libero.it # NO_RESOLVE
libp2p.direct # NO_RESOLVE
libp2p.io # NO_RESOLVE
library.link # NO_RESOLVE
librarything.com # NO_RESOLVE
libreview.io # NO_RESOLVE
libria.fun # NO_RESOLVE
libsyn.com # NO_RESOLVE
licdn.com # NO_RESOLVE
licelus.com # NO_RESOLVE
licensingstack.com # NO_RESOLVE
lichess.org # NO_RESOLVE
lichess1.org # NO_RESOLVE
lidlplus.com # NO_RESOLVE
liebertpub.com # NO_RESOLVE
liepin.com # NO_RESOLVE
life360.com # NO_RESOLVE
lifeaiot.com # NO_RESOLVE
lifelock.com # NO_RESOLVE
lifesizecloud.com # NO_RESOLVE
liftdsp.com # NO_RESOLVE
liftoff-creatives.io # NO_RESOLVE
liftoff.io # NO_RESOLVE
liftyad.xyz # NO_RESOLVE
lightboxcdn.com # NO_RESOLVE
lightspeed.app # NO_RESOLVE
lightweightcdn.com # NO_RESOLVE
lijit.com # NO_RESOLVE
like-video.com # NO_RESOLVE
like.video # NO_RESOLVE
likee.com # NO_RESOLVE
likee.video # NO_RESOLVE
likeevideo.ru # TLD
likeinter.com # NO_RESOLVE
likr.tw # NO_RESOLVE
lilith.com # NO_RESOLVE
lilithgame.com # NO_RESOLVE
limetorrents.fun # NO_RESOLVE
line-apps.com # NO_RESOLVE
line-scdn.net # NO_RESOLVE
line.biz # NO_RESOLVE
line.me # NO_RESOLVE
linear.app # NO_RESOLVE
linewize.net # NO_RESOLVE
link.me # NO_RESOLVE
linke.ai # NO_RESOLVE
linkedin-ei.com # NO_RESOLVE
linkme.global # NO_RESOLVE
linkplay.com # NO_RESOLVE
linkssp.ru # TLD
linksynergy.com # NO_RESOLVE
linksys.com # NO_RESOLVE
linksyssmartwifi.com # NO_RESOLVE
linktr.ee # NO_RESOLVE
linkvertise.com # NO_RESOLVE
linode.com # NO_RESOLVE
linodeobjects.com # NO_RESOLVE
linodeusercontent.com # NO_RESOLVE
linux.do # NO_RESOLVE
liongard.com # NO_RESOLVE
list-manage.com # NO_RESOLVE
listdl.com # NO_RESOLVE
listrakbi.com # NO_RESOLVE
litatom.com # NO_RESOLVE
litespeedtech.com # NO_RESOLVE
litix.io # NO_RESOLVE
litres.ru # TLD
littlepinepark.com # NO_RESOLVE
live-video.net # NO_RESOLVE
live.com # NO_RESOLVE
live.net # NO_RESOLVE
livechatinc.com # NO_RESOLVE
liveintent.com # NO_RESOLVE
livejasmin.com # NO_RESOLVE
livejournal.com # NO_RESOLVE
livekit.cloud # NO_RESOLVE
livemediahost.com # NO_RESOLVE
liveperson.net # NO_RESOLVE
liveramp.com # NO_RESOLVE
liverpool.com.mx # NO_RESOLVE
livesport.services # NO_RESOLVE
livesportmedia.eu # NO_RESOLVE
livetex.ru # TLD
liveworksheets.com # NO_RESOLVE
lkdgdcg1.com # NO_RESOLVE
llamarpc.com # NO_RESOLVE
llvpn.com # NO_RESOLVE
lmcdn.ru # TLD
lmstudio.ai # NO_RESOLVE
ln-msedge.net # NO_RESOLVE
lngtd.com # NO_RESOLVE
lnkdns.net # NO_RESOLVE
locally.com # NO_RESOLVE
localnowapi.com # NO_RESOLVE
localytics.com # NO_RESOLVE
locatefamily.com # NO_RESOLVE
locaweb.com.br # NO_RESOLVE
locketcamera.com # NO_RESOLVE
lockly.com # NO_RESOLVE
locknewslab.com # NO_RESOLVE
logdna.com # NO_RESOLVE
logentries.com # NO_RESOLVE
loggly.com # NO_RESOLVE
logi.com # NO_RESOLVE
logicmonitor.com # NO_RESOLVE
logicnow.us # NO_RESOLVE
logitech.io # NO_RESOLVE
logitechg.com # NO_RESOLVE
logly.co.jp # NO_RESOLVE
logme.in # NO_RESOLVE
logmein.com # NO_RESOLVE
logmeininc.com # NO_RESOLVE
logmeinrescue.com # NO_RESOLVE
logos.com # NO_RESOLVE
logr-in.com # NO_RESOLVE
logr-ingest.com # NO_RESOLVE
logsanalytics.net # NO_RESOLVE
lojasrenner.com.br # NO_RESOLVE
lokalise.com # NO_RESOLVE
lolalytics.com # NO_RESOLVE
lolesports.com # NO_RESOLVE
loli.net # NO_RESOLVE
longmusic.com # NO_RESOLVE
loo3laej.com # NO_RESOLVE
looker.com # NO_RESOLVE
lookout-life.com # NO_RESOLVE
lookout.com # NO_RESOLVE
loopme.me # NO_RESOLVE
loopmertb.com # NO_RESOLVE
lotteon.com # NO_RESOLVE
loudtalks.com # NO_RESOLVE
louisvuitton.com # NO_RESOLVE
lovable.app # NO_RESOLVE
lovable.dev # NO_RESOLVE
love8.ltd # NO_RESOLVE
loveholidays.com # NO_RESOLVE
lovense-api.com # NO_RESOLVE
loveprogram.tech # NO_RESOLVE
lovetrue.co.uk # NO_RESOLVE
lowes.com # NO_RESOLVE
lowescdn.com # NO_RESOLVE
lowlaglabs.io # NO_RESOLVE
loxonecloud.com # NO_RESOLVE
loyaltylion.net # NO_RESOLVE
lpomxfbjs.com # NO_RESOLVE
lporirxe.com # NO_RESOLVE
lpsnmedia.net # NO_RESOLVE
lsapp.eu # NO_RESOLVE
lscr.io # NO_RESOLVE
lse.co.uk # NO_RESOLVE
lsfilter.com # NO_RESOLVE
lswf.net # NO_RESOLVE
ltguevmavv.com # NO_RESOLVE
ltmsphrcl.net # NO_RESOLVE
ltwebstatic.com # NO_RESOLVE
luarmor.net # NO_RESOLVE
lucid.app # NO_RESOLVE
lucidhq.cloud # NO_RESOLVE
luckyorange.com # NO_RESOLVE
luddo.net # NO_RESOLVE
luigisbox.com # NO_RESOLVE
luigisbox.tech # NO_RESOLVE
lum-sdk.io # NO_RESOLVE
lumiproxy.io # NO_RESOLVE
lumtest.com # NO_RESOLVE
lumu.io # NO_RESOLVE
lunalabs.io # NO_RESOLVE
lunamedia.live # NO_RESOLVE
lunarclient.com # NO_RESOLVE
lunarclientcdn.com # NO_RESOLVE
lunarclientprod.com # NO_RESOLVE
lura.live # NO_RESOLVE
luugy.com # NO_RESOLVE
luxcdn.com # NO_RESOLVE
lww.com # NO_RESOLVE
lxdns.com # NO_RESOLVE
lycos.com # NO_RESOLVE
lyft.com # NO_RESOLVE
lync.com # NO_RESOLVE
lyricstranslate.com # NO_RESOLVE
lyst.com # NO_RESOLVE
lystit.com # NO_RESOLVE
lytics.io # NO_RESOLVE
m-team.cc # NO_RESOLVE
m2catalyst.com # NO_RESOLVE
macly.co # NO_RESOLVE
macrumors.com # NO_RESOLVE
macys.com # NO_RESOLVE
macysassets.com # NO_RESOLVE
made-in-china.com # NO_RESOLVE
maersk.com # NO_RESOLVE
maersk.io # NO_RESOLVE
magazineluiza.com.br # NO_RESOLVE
magiceden.dev # NO_RESOLVE
magichue.net # NO_RESOLVE
magnacom.net # NO_RESOLVE
magnific.com # NO_RESOLVE
magnit.ru # TLD
magnite.com # NO_RESOLVE
magonet.ru # TLD
mail-archive.com # NO_RESOLVE
mail.com # NO_RESOLVE
mail.ru # TLD
mailbox.org # NO_RESOLVE
mailchimp.com # NO_RESOLVE
mailerlite.com # NO_RESOLVE
mailfence.com # NO_RESOLVE
mailgun.net # NO_RESOLVE
mailgun.org # NO_RESOLVE
mailsapi.com # NO_RESOLVE
mailspike.net # NO_RESOLVE
mainroll.com # NO_RESOLVE
maisonsdumonde.com # NO_RESOLVE
make.com # NO_RESOLVE
makemytrip.com # NO_RESOLVE
makerworld.com # NO_RESOLVE
makro.co.za # NO_RESOLVE
malwarebytes.com # NO_RESOLVE
mam.dev # NO_RESOLVE
mambu.com # NO_RESOLVE
managed-protection.com # NO_RESOLVE
manageengine.com # NO_RESOLVE
mandrillapp.com # NO_RESOLVE
mangadex.org # NO_RESOLVE
mangapicgallery.com # NO_RESOLVE
mango.com # NO_RESOLVE
mangomob.net # NO_RESOLVE
manjaro.org # NO_RESOLVE
manlaxycloud.com # NO_RESOLVE
mantoxp.click # NO_RESOLVE
manuals.plus # NO_RESOLVE
manualslib.com # NO_RESOLVE
manualzz.com # NO_RESOLVE
manymanuals.com # NO_RESOLVE
manyvids.com # NO_RESOLVE
mapbox.com # NO_RESOLVE
mapquest.com # NO_RESOLVE
maptiler.com # NO_RESOLVE
maptons.com # NO_RESOLVE
marc.info # NO_RESOLVE
marca.com # NO_RESOLVE
marinetraffic.com # NO_RESOLVE
marketingcloudapis.com # NO_RESOLVE
marketingseo4.vip # NO_RESOLVE
marketiq.com # NO_RESOLVE
marketo.com # NO_RESOLVE
marketo.net # NO_RESOLVE
marketplace-anzu.io # NO_RESOLVE
marketscreener.com # NO_RESOLVE
marketwatch.com # NO_RESOLVE
marktplaats.nl # NO_RESOLVE
marphezis.com # NO_RESOLVE
marriott.com # NO_RESOLVE
martianinc.co # NO_RESOLVE
martin-gebhardt.eu # NO_RESOLVE
martted.com # NO_RESOLVE
marzaent.com # NO_RESOLVE
mastercard.com # NO_RESOLVE
mastodon.social # NO_RESOLVE
match.com # NO_RESOLVE
matchrella.com # NO_RESOLVE
matchtv.ru # TLD
matheranalytics.com # NO_RESOLVE
mathtag.com # NO_RESOLVE
mathworks.com # NO_RESOLVE
maticooads.com # NO_RESOLVE
matomo.cloud # NO_RESOLVE
matrix.org # NO_RESOLVE
mattel163.com # NO_RESOLVE
matterport.com # NO_RESOLVE
maven.org # NO_RESOLVE
maverickslink.com # NO_RESOLVE
mavrtracktor.com # NO_RESOLVE
max.com # NO_RESOLVE
max.ru # TLD
maxesads.com # NO_RESOLVE
maxhost.io # NO_RESOLVE
maxmind.com # NO_RESOLVE
maxon.net # NO_RESOLVE
maxpreps.com # NO_RESOLVE
mayips.com # NO_RESOLVE
mayoclinic.org # NO_RESOLVE
mayzaent.com # NO_RESOLVE
maze.co # NO_RESOLVE
mb-cdn.com # NO_RESOLVE
mbdippex.com # NO_RESOLVE
mcafee.com # NO_RESOLVE
mcafee.net # NO_RESOLVE
mcas.ms # NO_RESOLVE
mchost.guru # NO_RESOLVE
mckesson.com # NO_RESOLVE
mcl.io # NO_RESOLVE
mcr-msedge.net # NO_RESOLVE
mcusercontent.com # NO_RESOLVE
mczbf.com # NO_RESOLVE
mdhv.io # NO_RESOLVE
mdpi.com # NO_RESOLVE
mdstrm.com # NO_RESOLVE
me-talk.ru # TLD
me.com # NO_RESOLVE
me.uk # NO_RESOLVE
mearicloud.com # NO_RESOLVE
measureadv.com # NO_RESOLVE
measurementlab.net # NO_RESOLVE
meater.com # NO_RESOLVE
medal.tv # NO_RESOLVE
medallia.com # NO_RESOLVE
medallia.eu # NO_RESOLVE
media-amazon.com # NO_RESOLVE
media-imdb.com # NO_RESOLVE
media.net # NO_RESOLVE
media6degrees.com # NO_RESOLVE
mediaad.org # NO_RESOLVE
mediacategory.com # NO_RESOLVE
mediadataflow.cloud # NO_RESOLVE
mediadelivery.net # NO_RESOLVE
mediaexpert.pl # NO_RESOLVE
mediafire.com # NO_RESOLVE
mediago.com # NO_RESOLVE
mediago.io # NO_RESOLVE
mediagotechnology.com # NO_RESOLVE
mediamarkt.de # NO_RESOLVE
mediamathrdrt.com # NO_RESOLVE
mediamelon.com # NO_RESOLVE
mediaplex.com # NO_RESOLVE
mediarithmics.com # NO_RESOLVE
mediasquare.fr # NO_RESOLVE
mediatek.com # NO_RESOLVE
mediation.goog # NO_RESOLVE
mediatoday.ru # TLD
mediav.com # NO_RESOLVE
mediavine.com # NO_RESOLVE
mediavitrina.ru # TLD
mediawallahscript.com # NO_RESOLVE
mediawiki.org # NO_RESOLVE
medibang.com # NO_RESOLVE
medium.com # NO_RESOLVE
meesho.com # NO_RESOLVE
meeshoapi.com # NO_RESOLVE
meetcircle-netgear.co # NO_RESOLVE
meetflo.com # NO_RESOLVE
meethue.com # NO_RESOLVE
meetup.com # NO_RESOLVE
mef4bot7r2gw3avod.top # NO_RESOLVE
mega.co.nz # NO_RESOLVE
mega.nz # NO_RESOLVE
megabrain.co # NO_RESOLVE
megafile.co.kr # NO_RESOLVE
megafon.ru # TLD
megaphone.fm # NO_RESOLVE
megasmp.gg # NO_RESOLVE
megogo.net # NO_RESOLVE
meitu.com # NO_RESOLVE
meituan.com # NO_RESOLVE
meitudata.com # NO_RESOLVE
meitustat.com # NO_RESOLVE
melcloud.com # NO_RESOLVE
meli-iot.systems # NO_RESOLVE
meli.com # NO_RESOLVE
melolostatic.com # NO_RESOLVE
melon.com # NO_RESOLVE
membrana.media # NO_RESOLVE
memfault.com # NO_RESOLVE
mempool.space # NO_RESOLVE
menardc.com # NO_RESOLVE
mendeley.com # NO_RESOLVE
mender.io # NO_RESOLVE
menlosecurity.com # NO_RESOLVE
mentamob.com # NO_RESOLVE
menuweb.menu # NO_RESOLVE
meraki-sdavc-saas.com # NO_RESOLVE
meraki.com # NO_RESOLVE
mercadoclics.com # NO_RESOLVE
mercadolibre.cl # NO_RESOLVE
mercadolibre.com # NO_RESOLVE
mercadolibre.com.ar # NO_RESOLVE
mercadolibre.com.co # NO_RESOLVE
mercadolibre.com.mx # NO_RESOLVE
mercadopago.com # NO_RESOLVE
mercadopago.com.br # NO_RESOLVE
mercari.com # NO_RESOLVE
mercari.jp # NO_RESOLVE
mercdn.net # NO_RESOLVE
mercedes-benz.com # NO_RESOLVE
merchant-center-analytics.goog # NO_RESOLVE
mercusyscloud.com # NO_RESOLVE
merequartz.com # NO_RESOLVE
mergeab.com # NO_RESOLVE
mergecola.com # NO_RESOLVE
mergesigma.com # NO_RESOLVE
mergesigma.uk # NO_RESOLVE
mergetwoaws.com # NO_RESOLVE
merkle.io # NO_RESOLVE
meross.com # NO_RESOLVE
merriam-webster.com # NO_RESOLVE
meshare.com # NO_RESOLVE
meshify.cloud # NO_RESOLVE
messenger.com # NO_RESOLVE
met.no # NO_RESOLVE
meta.com # NO_RESOLVE
metamask.io # NO_RESOLVE
metasrc.com # NO_RESOLVE
meteoblue.com # NO_RESOLVE
meteored.com # NO_RESOLVE
metricool.com # NO_RESOLVE
metricswpsh.com # NO_RESOLVE
metrix.ir # NO_RESOLVE
mevblocker.io # NO_RESOLVE
mews.com # NO_RESOLVE
mexc.com # NO_RESOLVE
mf.gov.pl # NO_RESOLVE
mfadsrvr.com # NO_RESOLVE
mfms.ru # TLD
mg.gov.br # NO_RESOLVE
mgaru.dev # NO_RESOLVE
mgid.com # NO_RESOLVE
mgo.com # NO_RESOLVE
mgslb.com # NO_RESOLVE
mgtv.com # NO_RESOLVE
mhverifier.ru # TLD
mi-fds.com # NO_RESOLVE
mi-img.com # NO_RESOLVE
mi.com # NO_RESOLVE
michaels.com # NO_RESOLVE
micpn.com # NO_RESOLVE
micro-semiconductor.hk # NO_RESOLVE
microad.jp # NO_RESOLVE
microsoft.com # NO_RESOLVE
microsoft.net # NO_RESOLVE
microsoft.us # NO_RESOLVE
microsoft365.com # NO_RESOLVE
microsoftapp.net # NO_RESOLVE
microsoftazuread-sso.com # NO_RESOLVE
microsoftcasualgames.com # NO_RESOLVE
microsoftonline-p.com # NO_RESOLVE
microsoftonline-p.net # NO_RESOLVE
microsoftonline.cn # NO_RESOLVE
microsoftonline.com # NO_RESOLVE
microsoftonline.us # NO_RESOLVE
microsoftpersonalcontent.com # NO_RESOLVE
microsofttranslator.com # NO_RESOLVE
micstatic.com # NO_RESOLVE
mida.so # NO_RESOLVE
midasplayer.cloud # NO_RESOLVE
midasplayer.com # NO_RESOLVE
midasplayer.net # NO_RESOLVE
midco.net # NO_RESOLVE
midea.com # NO_RESOLVE
midjourney.com # NO_RESOLVE
mihoyo.com # NO_RESOLVE
mijia.tech # NO_RESOLVE
mikmak.ai # NO_RESOLVE
mikrotik.com # NO_RESOLVE
mil.gov.ua # NO_RESOLVE
milesplit.com # NO_RESOLVE
milvus.com.br # NO_RESOLVE
mimecast.com # NO_RESOLVE
mindbox.ru # TLD
mindworks-creative.com # NO_RESOLVE
mine.nu # NO_RESOLVE
minecraft-services.net # NO_RESOLVE
minecraft.net # NO_RESOLVE
minecraftforge.net # NO_RESOLVE
minecraftservices.com # NO_RESOLVE
minepi.com # NO_RESOLVE
minglotalk.com # NO_RESOLVE
miniclip.com # NO_RESOLVE
miniclippt.com # NO_RESOLVE
minimax.io # NO_RESOLVE
minionplatform.com # NO_RESOLVE
mintegral.com # NO_RESOLVE
mintegral.net # NO_RESOLVE
minutemedia-prebid.com # NO_RESOLVE
minutemediacdn.com # NO_RESOLVE
minutemediaservices.com # NO_RESOLVE
mioffice.cn # NO_RESOLVE
miraheze.org # NO_RESOLVE
mirakl.net # NO_RESOLVE
miro.com # NO_RESOLVE
mirostatic.com # NO_RESOLVE
mirror.co.uk # NO_RESOLVE
mirrorservice.org # NO_RESOLVE
missav.ws # NO_RESOLVE
missena.io # NO_RESOLVE
mist.com # NO_RESOLVE
mistsys.net # NO_RESOLVE
mitel.io # NO_RESOLVE
mitiendanube.com # NO_RESOLVE
miui.com # NO_RESOLVE
miwifi.com # NO_RESOLVE
mixcloud.com # NO_RESOLVE
mixpanel.com # NO_RESOLVE
mixtubeapp.com # NO_RESOLVE
mjedge.net # NO_RESOLVE
mktoresp.com # NO_RESOLVE
mktoweb.com # NO_RESOLVE
ml314.com # NO_RESOLVE
mlb.com # NO_RESOLVE
mlbangbang.com # NO_RESOLVE
mlbinfra.com # NO_RESOLVE
mlbstatic.com # NO_RESOLVE
mlcdn.com.br # NO_RESOLVE
mlstatic.com # NO_RESOLVE
mmapiws.com # NO_RESOLVE
mmcdn.com # NO_RESOLVE
mmechocaptiveportal.com # NO_RESOLVE
mmstat.com # NO_RESOLVE
mmvideocdn.com # NO_RESOLVE
mnaspm.com # NO_RESOLVE
mnbvcxzas.com # NO_RESOLVE
mncdn.com # NO_RESOLVE
mndx1.com # NO_RESOLVE
moack.co.kr # NO_RESOLVE
mob.com # NO_RESOLVE
mobalytics.gg # NO_RESOLVE
mobicontrolcloud.com # NO_RESOLVE
mobikwik.com # NO_RESOLVE
mobil123.com # NO_RESOLVE
mobile.de # NO_RESOLVE
mobilefuse.com # NO_RESOLVE
mobilegamestats.com # NO_RESOLVE
mobileiron.com # NO_RESOLVE
mobilejump.mobi # NO_RESOLVE
mobileposse.com # NO_RESOLVE
mobilityware.com # NO_RESOLVE
mobisystems.com # NO_RESOLVE
mobiuspace.net # NO_RESOLVE
mobolize.com # NO_RESOLVE
mobon.net # NO_RESOLVE
mobshark.net # NO_RESOLVE
mocortech.com # NO_RESOLVE
modal-storage.com # NO_RESOLVE
models.dev # NO_RESOLVE
modrinth.com # NO_RESOLVE
modulate.ai # NO_RESOLVE
moe.video # NO_RESOLVE
moengage.com # NO_RESOLVE
mojang.com # NO_RESOLVE
moji.com # NO_RESOLVE
momentohq.com # NO_RESOLVE
momoshop.com.tw # NO_RESOLVE
mona.co # NO_RESOLVE
moneris.com # NO_RESOLVE
monetate.net # NO_RESOLVE
monetixads.com # NO_RESOLVE
monetizemyapp.net # NO_RESOLVE
moneycontrol.com # NO_RESOLVE
mongodb.com # NO_RESOLVE
mongodb.net # NO_RESOLVE
mongodb.org # NO_RESOLVE
monica.im # NO_RESOLVE
moniterly.com # NO_RESOLVE
monitoring360.io # NO_RESOLVE
monsido.com # NO_RESOLVE
moodle.org # NO_RESOLVE
moodmedia.com # NO_RESOLVE
mookie1.com # NO_RESOLVE
moomoo.com # NO_RESOLVE
moonactive.net # NO_RESOLVE
moonlighthathel.org # NO_RESOLVE
moonshot.cn # NO_RESOLVE
moontontech.com # NO_RESOLVE
mooo.com # NO_RESOLVE
moovitapp.com # NO_RESOLVE
mopinion.com # NO_RESOLVE
mopub.com # NO_RESOLVE
morelogin.com # NO_RESOLVE
morlix.cc # NO_RESOLVE
morningstar.com # NO_RESOLVE
mos.ru # TLD
mosmetro.ru # TLD
mossfast.com # NO_RESOLVE
mosspf.com # NO_RESOLVE
mosspf.net # NO_RESOLVE
mossru.com # NO_RESOLVE
motorsport.com # NO_RESOLVE
mountain.com # NO_RESOLVE
mouseflow.com # NO_RESOLVE
mouser.com # NO_RESOLVE
mova-tech.com # NO_RESOLVE
moveaws.com # NO_RESOLVE
movetv.com # NO_RESOLVE
movidesk.com # NO_RESOLVE
movie-pilot.org # NO_RESOLVE
moviead55.ru # TLD
mowell.tech # NO_RESOLVE
moxing.party # NO_RESOLVE
moyoung.com # NO_RESOLVE
mozaws.net # NO_RESOLVE
mozgcp.net # NO_RESOLVE
mozilla.com # NO_RESOLVE
mozilla.net # NO_RESOLVE
mozilla.org # NO_RESOLVE
mparticle.com # NO_RESOLVE
mpg.de # NO_RESOLVE
mplat-ppcprotect.com # NO_RESOLVE
mpsuadv.ru # TLD
mql5.com # NO_RESOLVE
mqseries.net # NO_RESOLVE
mradx.net # NO_RESOLVE
mrbasic.com # NO_RESOLVE
mrf.io # NO_RESOLVE
mrgcdn.ru # TLD
mrktmtrcs.net # NO_RESOLVE
mrst.one # NO_RESOLVE
msappproxy.net # NO_RESOLVE
msauth.net # NO_RESOLVE
msauthimages.net # NO_RESOLVE
msecnd.net # NO_RESOLVE
msftauth.net # NO_RESOLVE
msftauthimages.net # NO_RESOLVE
msftconnecttest.com # NO_RESOLVE
msftncsi.com # NO_RESOLVE
msftstatic.com # NO_RESOLVE
msi.com # NO_RESOLVE
msidentity.com # NO_RESOLVE
msidentity.us # NO_RESOLVE
mslmcloud.com # NO_RESOLVE
msn.cn # NO_RESOLVE
msn.com # NO_RESOLVE
msndvr.com # NO_RESOLVE
msocdn.com # NO_RESOLVE
msstatic.com # NO_RESOLVE
mstea.ms # NO_RESOLVE
msu.edu # NO_RESOLVE
mt.gov.br # NO_RESOLVE
mtgglobals.com # NO_RESOLVE
mtrtb.com # NO_RESOLVE
mts.ru # TLD
mtvnservices.com # NO_RESOLVE
mufy.ai # NO_RESOLVE
mullvad.net # NO_RESOLVE
multilaserwifi.com.br # NO_RESOLVE
multiscreensite.com # NO_RESOLVE
multispaces.net # NO_RESOLVE
mumuplayer.com # NO_RESOLVE
muni.cz # NO_RESOLVE
muoapeicp.top # NO_RESOLVE
mus.br # NO_RESOLVE
muscache.com # NO_RESOLVE
musehub.com # NO_RESOLVE
musical.ly # NO_RESOLVE
musicbrainz.org # NO_RESOLVE
musicdream.club # NO_RESOLVE
musinsa.com # NO_RESOLVE
musixmatch.com # NO_RESOLVE
mutetreehouse.com # NO_RESOLVE
mux.com # NO_RESOLVE
mwbsys.com # NO_RESOLVE
mxplay.com # NO_RESOLVE
mxpnl.com # NO_RESOLVE
mxptint.net # NO_RESOLVE
mxtoolbox.com # NO_RESOLVE
my-imcloud.com # NO_RESOLVE
my-ip.io # NO_RESOLVE
my-sje.com # NO_RESOLVE
my.com # NO_RESOLVE
my.games # NO_RESOLVE
my.id # NO_RESOLVE
my2n.com # NO_RESOLVE
myadsget.com # NO_RESOLVE
myangular.life # NO_RESOLVE
myanimelist.net # NO_RESOLVE
myappsget.com # NO_RESOLVE
mybluehost.me # NO_RESOLVE
mybusiness38.ru # TLD
mycdn.me # NO_RESOLVE
myclapper.com # NO_RESOLVE
myclientip.com # NO_RESOLVE
mycliplister.com # NO_RESOLVE
mycloud.com # NO_RESOLVE
myconnectsecure.com # NO_RESOLVE
mydlink.com # NO_RESOLVE
mydramalist.com # NO_RESOLVE
mydramawave.com # NO_RESOLVE
myexternalip.com # NO_RESOLVE
myfitnesspal.com # NO_RESOLVE
myfonts.net # NO_RESOLVE
myfoscam.com # NO_RESOLVE
myfreshworks.com # NO_RESOLVE
myfritz.net # NO_RESOLVE
myftpupload.com # NO_RESOLVE
mygamebox.top # NO_RESOLVE
mygaru.com # NO_RESOLVE
myharmony.com # NO_RESOLVE
myheritage.com # NO_RESOLVE
myhomescreen.tv # NO_RESOLVE
myhuaweicloud.com # NO_RESOLVE
myicomfort.com # NO_RESOLVE
myip.com # NO_RESOLVE
myip.expert # NO_RESOLVE
myip.la # NO_RESOLVE
myip.link # NO_RESOLVE
mykeeta.com # NO_RESOLVE
mykronos.com # NO_RESOLVE
mylife.com # NO_RESOLVE
mynetname.net # NO_RESOLVE
mynt.xyz # NO_RESOLVE
myntra.com # NO_RESOLVE
myoppo.com # NO_RESOLVE
mypikpak.com # NO_RESOLVE
mypos.com # NO_RESOLVE
mypromethean.com # NO_RESOLVE
mypurecloud.de # NO_RESOLVE
mypurecloud.ie # NO_RESOLVE
myq-cloud.com # NO_RESOLVE
myqcloud.com # NO_RESOLVE
myqdevice.com # NO_RESOLVE
myqnapcloud.com # NO_RESOLVE
myqnapcloud.io # NO_RESOLVE
myquickcloud.com # NO_RESOLVE
myshn.net # NO_RESOLVE
myshopify.com # NO_RESOLVE
myshopline.com # NO_RESOLVE
myspace.com # NO_RESOLVE
mysql.com # NO_RESOLVE
mysterium.network # NO_RESOLVE
mythad.com # NO_RESOLVE
mytuner.mobi # NO_RESOLVE
myvzw.com # NO_RESOLVE
mywaifu.best # NO_RESOLVE
mywellness.com # NO_RESOLVE
mywire.org # NO_RESOLVE
myworkday.com # NO_RESOLVE
myworkdayjobs.com # NO_RESOLVE
mywot.com # NO_RESOLVE
mzona.net # NO_RESOLVE
mzstatic.com # NO_RESOLVE
n8n.cloud # NO_RESOLVE
n8n.io # NO_RESOLVE
na-kd.com # NO_RESOLVE
nab.com.au # NO_RESOLVE
nabu.casa # NO_RESOLVE
nabucasa.com # NO_RESOLVE
nadcg.me # NO_RESOLVE
nagopore.com # NO_RESOLVE
najva.com # NO_RESOLVE
nakamacloud.io # NO_RESOLVE
nakanohito.jp # NO_RESOLVE
nakheelteam.cc # NO_RESOLVE
name.com # NO_RESOLVE
name.tr # NO_RESOLVE
namecheap.com # NO_RESOLVE
namequery.com # NO_RESOLVE
nameswriter.com # NO_RESOLVE
namu.la # NO_RESOLVE
namu.wiki # NO_RESOLVE
nanit.com # NO_RESOLVE
nanoleaf.me # NO_RESOLVE
nanopool.org # NO_RESOLVE
napps-1.com # NO_RESOLVE
napps-2.com # NO_RESOLVE
narod.ws # NO_RESOLVE
narrative.io # NO_RESOLVE
narvar.com # NO_RESOLVE
narwaltech.com # NO_RESOLVE
nasa.gov # NO_RESOLVE
nasdaq.com # NO_RESOLVE
nate.com # NO_RESOLVE
native-instruments.com # NO_RESOLVE
nativendo.de # NO_RESOLVE
nature.com # NO_RESOLVE
naukri.com # NO_RESOLVE
nautiluscloud.net # NO_RESOLVE
navdmp.com # NO_RESOLVE
naver.com # NO_RESOLVE
naver.net # NO_RESOLVE
navercorp.com # NO_RESOLVE
navi.com # NO_RESOLVE
navitime.com # NO_RESOLVE
navy.mil # NO_RESOLVE
navyfederal.org # NO_RESOLVE
nawpush.com # NO_RESOLVE
nba.com # NO_RESOLVE
nbaonlineservice.com # NO_RESOLVE
nbc.com # NO_RESOLVE
nbcnews.com # NO_RESOLVE
nbcuas.com # NO_RESOLVE
nbcuni.com # NO_RESOLVE
nbcuott.com # NO_RESOLVE
nc.com # NO_RESOLVE
nc0.co # NO_RESOLVE
ncrsaas.com # NO_RESOLVE
nd-api.com # NO_RESOLVE
ndash.net # NO_RESOLVE
ndcimgs.com # NO_RESOLVE
ndcpp-os.com # NO_RESOLVE
ndcpp.com # NO_RESOLVE
ndmdhs.com # NO_RESOLVE
ndtv.com # NO_RESOLVE
ne.jp # NO_RESOLVE
nearme.com.cn # NO_RESOLVE
nebulalive.com # NO_RESOLVE
nefta.app # NO_RESOLVE
nekobt.to # NO_RESOLVE
nel.goog # NO_RESOLVE
nelreports.net # NO_RESOLVE
neo4j.com # NO_RESOLVE
neogaf.com # NO_RESOLVE
neon.tech # NO_RESOLVE
nephobox.com # NO_RESOLVE
nereserv.com # NO_RESOLVE
neshanmap.ir # NO_RESOLVE
nessus.org # NO_RESOLVE
nest.com # NO_RESOLVE
netatmo.com # NO_RESOLVE
netatmo.net # NO_RESOLVE
netbird.io # NO_RESOLVE
netbsd.org # NO_RESOLVE
netcoresmartech.com # NO_RESOLVE
netcraze.io # NO_RESOLVE
netdata.cloud # NO_RESOLVE
netease.com # NO_RESOLVE
netease.im # NO_RESOLVE
netfiber.net.il # NO_RESOLVE
netgate.com # NO_RESOLVE
netgear.com # NO_RESOLVE
netlify.app # NO_RESOLVE
netlify.com # NO_RESOLVE
netmarble.com # NO_RESOLVE
netnod.se # NO_RESOLVE
netpygrid.com # NO_RESOLVE
netscalergateway.net # NO_RESOLVE
netshoes.com.br # NO_RESOLVE
netshort.com # NO_RESOLVE
netshort.net # NO_RESOLVE
netsuite.com # NO_RESOLVE
nettrck.store # NO_RESOLVE
nettvservices.com # NO_RESOLVE
netvigator.com # NO_RESOLVE
network-auth.com # NO_RESOLVE
neverssl.com # NO_RESOLVE
new-line.net # NO_RESOLVE
new-programmatic.com # NO_RESOLVE
newecf.com # NO_RESOLVE
newegg.com # NO_RESOLVE
newffads.com # NO_RESOLVE
newrelic.com # NO_RESOLVE
newroads.ca # NO_RESOLVE
news-cdn.site # NO_RESOLVE
news-img.site # NO_RESOLVE
news.cn # NO_RESOLVE
news.com.au # NO_RESOLVE
newsboydurance.cfd # NO_RESOLVE
newsbreak.com # NO_RESOLVE
newshinyd.com # NO_RESOLVE
newspapers.com # NO_RESOLVE
newsroom.bi # NO_RESOLVE
newsroomlabs.com # NO_RESOLVE
newtail.com.br # NO_RESOLVE
nexon.com # NO_RESOLVE
next.co.uk # NO_RESOLVE
nextdns.io # NO_RESOLVE
nextdoor.com # NO_RESOLVE
nexters.team # NO_RESOLVE
nextersglobal.com # NO_RESOLVE
nexthink.cloud # NO_RESOLVE
nextlgsdp.com # NO_RESOLVE
nextmillmedia.com # NO_RESOLVE
nexusmods.com # NO_RESOLVE
nexverse.ai # NO_RESOLVE
nfcube.com # NO_RESOLVE
nfl.com # NO_RESOLVE
nflxext.com # NO_RESOLVE
nflximg.com # NO_RESOLVE
nflximg.net # NO_RESOLVE
nflxso.net # NO_RESOLVE
nflxvideo.net # NO_RESOLVE
ngacm.com # NO_RESOLVE
ngenix.net # NO_RESOLVE
nginx.org # NO_RESOLVE
ngrok-agent.com # NO_RESOLVE
ngrok-free.dev # NO_RESOLVE
ngrok.io # NO_RESOLVE
ngtv.io # NO_RESOLVE
ngudimulyo.com # NO_RESOLVE
ngxcld.com # NO_RESOLVE
nhentai.net # NO_RESOLVE
nheos.com # NO_RESOLVE
nhnace.com # NO_RESOLVE
nhs.uk # NO_RESOLVE
nianticlabs.com # NO_RESOLVE
nianticspatial.com # NO_RESOLVE
nianticstatic.com # NO_RESOLVE
nibba.trade # NO_RESOLVE
nic.br # NO_RESOLVE
nic.in # NO_RESOLVE
nic.ru # TLD
nice-incontact.com # NO_RESOLVE
nice-team.net # NO_RESOLVE
nicegram.cloud # NO_RESOLVE
nicehash.com # NO_RESOLVE
niceincontact.com # NO_RESOLVE
nicovideo.jp # NO_RESOLVE
nielsen.com # NO_RESOLVE
nielsencollections.com # NO_RESOLVE
nih.gov # NO_RESOLVE
nike.com # NO_RESOLVE
nike.com.br # NO_RESOLVE
nikke-kr.com # NO_RESOLVE
nikkei.com # NO_RESOLVE
nimblestorage.com # NO_RESOLVE
nimo.tv # NO_RESOLVE
ninebot.com # NO_RESOLVE
ninjarmm.net # NO_RESOLVE
nintendo.com # NO_RESOLVE
nintendo.net # NO_RESOLVE
ninthdecimal.com # NO_RESOLVE
nip.io # NO_RESOLVE
nist.gov # NO_RESOLVE
nisti.co.uk # NO_RESOLVE
nit.ro # NO_RESOLVE
nitrocnct.com # NO_RESOLVE
nitropay.com # NO_RESOLVE
nla.gov.au # NO_RESOLVE
nmgassets.com # NO_RESOLVE
nmrodam.com # NO_RESOLVE
no-ip.com # NO_RESOLVE
no-ip.org # NO_RESOLVE
no-protect.com # NO_RESOLVE
noaa.gov # NO_RESOLVE
nocookie.net # NO_RESOLVE
nodals.io # NO_RESOLVE
nodecast.com # NO_RESOLVE
nodejs.org # NO_RESOLVE
nodesource.com # NO_RESOLVE
noibu.com # NO_RESOLVE
nokia.com # NO_RESOLVE
nominet.uk # NO_RESOLVE
nongnu.org # NO_RESOLVE
nongpin88.com # NO_RESOLVE
noodlemagazine.com # NO_RESOLVE
noon.com # NO_RESOLVE
nooncdn.com # NO_RESOLVE
norbain.com # NO_RESOLVE
nordcdn.com # NO_RESOLVE
nordhold.net # NO_RESOLVE
nordpass.com # NO_RESOLVE
nordstrom.com # NO_RESOLVE
nordstromrack.com # NO_RESOLVE
nordvpn.com # NO_RESOLVE
northwestern.edu # NO_RESOLVE
norton.com # NO_RESOLVE
nortoncdn.com # NO_RESOLVE
nos.nl # NO_RESOLVE
noskomnadzor.co.uk # NO_RESOLVE
nosto.com # NO_RESOLVE
notability.com # NO_RESOLVE
note.com # NO_RESOLVE
nothingtech.link # NO_RESOLVE
nothingthere.co.uk # NO_RESOLVE
notifpush.com # NO_RESOLVE
notion-static.com # NO_RESOLVE
notion.com # NO_RESOLVE
notion.so # NO_RESOLVE
novabeyond.com # NO_RESOLVE
novaicare.com # NO_RESOLVE
novanewsapp.com # NO_RESOLVE
now.gg # NO_RESOLVE
nownodes.io # NO_RESOLVE
npaw.com # NO_RESOLVE
nperf.com # NO_RESOLVE
npmjs.com # NO_RESOLVE
npmjs.org # NO_RESOLVE
npr.org # NO_RESOLVE
npttech.com # NO_RESOLVE
nr-data.net # NO_RESOLVE
nrich.ai # NO_RESOLVE
nrk.no # NO_RESOLVE
ns1p.net # NO_RESOLVE
ns1pcdn.net # NO_RESOLVE
ns2online.com.br # NO_RESOLVE
nsaudience.pl # NO_RESOLVE
nsone.net # NO_RESOLVE
nssvc.net # NO_RESOLVE
nstld.com # NO_RESOLVE
nsw.gov.au # NO_RESOLVE
ntesgsght.com # NO_RESOLVE
nthi365.com # NO_RESOLVE
ntp-fireos.com # NO_RESOLVE
ntp.br # NO_RESOLVE
ntp.org # NO_RESOLVE
ntp.org.cn # NO_RESOLVE
ntp.se # NO_RESOLVE
ntp2-sync.com # NO_RESOLVE
ntppool.org # NO_RESOLVE
ntv.io # NO_RESOLVE
ntvpforever.com # NO_RESOLVE
nu.international # NO_RESOLVE
nuance.com # NO_RESOLVE
nuancemobility.net # NO_RESOLVE
nubank.com.br # NO_RESOLVE
nubia.com # NO_RESOLVE
nuget.org # NO_RESOLVE
nullsproxy.com # NO_RESOLVE
nutanix.com # NO_RESOLVE
nvcam.net # NO_RESOLVE
nvidiagrid.net # NO_RESOLVE
nwsvr1.com # NO_RESOLVE
nxp.com # NO_RESOLVE
ny.gov # NO_RESOLVE
nyaa.si # NO_RESOLVE
nyaa.vc # NO_RESOLVE
nyaatracker.com # NO_RESOLVE
nyacat.pw # NO_RESOLVE
nykaa.com # NO_RESOLVE
nypost.com # NO_RESOLVE
nyt.com # NO_RESOLVE
nytimes.com # NO_RESOLVE
nytrng.com # NO_RESOLVE
nyu.edu # NO_RESOLVE
nzbfinder.ws # NO_RESOLVE
nzbgeek.info # NO_RESOLVE
nzbplanet.net # NO_RESOLVE
o365weve.com # NO_RESOLVE
oaistatic.com # NO_RESOLVE
oaistatsig.com # NO_RESOLVE
oaiusercontent.com # NO_RESOLVE
oanda.com # NO_RESOLVE
oath.cloud # NO_RESOLVE
oath.com # NO_RESOLVE
obihai.com # NO_RESOLVE
obiwankenode.com # NO_RESOLVE
observeit.net # NO_RESOLVE
obsidian.md # NO_RESOLVE
oceanengine.com # NO_RESOLVE
oceanfall.xyz # NO_RESOLVE
ochanges.com # NO_RESOLVE
oclc.org # NO_RESOLVE
ocmhood.com # NO_RESOLVE
ocmthood.com # NO_RESOLVE
ocry.com # NO_RESOLVE
ocsp-certum.com # NO_RESOLVE
octo25.me # NO_RESOLVE
octobrowser.net # NO_RESOLVE
octopus.energy # NO_RESOLVE
oculus.com # NO_RESOLVE
oculuscdn.com # NO_RESOLVE
od-cdn.com # NO_RESOLVE
odnoklassniki.ru # TLD
odoo.com # NO_RESOLVE
office.com # NO_RESOLVE
office.net # NO_RESOLVE
office365-net.us # NO_RESOLVE
office365.us # NO_RESOLVE
officeplus.cn # NO_RESOLVE
offshor.co.uk # NO_RESOLVE
ogolosha.ua # NO_RESOLVE
ogury.io # NO_RESOLVE
oh.us # NO_RESOLVE
ohmy.bid # NO_RESOLVE
oi.net.br # NO_RESOLVE
ojrq.net # NO_RESOLVE
ojsbdjn.com # NO_RESOLVE
ok.com # NO_RESOLVE
ok.ru # TLD
okamiboss.com # NO_RESOLVE
okcdn.ru # TLD
okcoin.com # NO_RESOLVE
okendo.io # NO_RESOLVE
okex.org # NO_RESOLVE
okiloveyoupleasedonttouchme.net # NO_RESOLVE
okjds8z.com # NO_RESOLVE
okko.tv # NO_RESOLVE
oklink.com # NO_RESOLVE
okolo.app # NO_RESOLVE
okta-emea.com # NO_RESOLVE
okta.com # NO_RESOLVE
oktacdn.com # NO_RESOLVE
oktapreview.com # NO_RESOLVE
okx-httpdns.com # NO_RESOLVE
okx.ac # NO_RESOLVE
okx.cab # NO_RESOLVE
okx.com # NO_RESOLVE
olark.com # NO_RESOLVE
oleads.com # NO_RESOLVE
olimpic.ru # TLD
ollama.com # NO_RESOLVE
olo.com # NO_RESOLVE
ololosh.space # NO_RESOLVE
olx-st.com # NO_RESOLVE
olx.co.id # NO_RESOLVE
olx.com.br # NO_RESOLVE
olx.in # NO_RESOLVE
olx.kz # TLD
olx.org # NO_RESOLVE
olx.pl # NO_RESOLVE
olx.ua # NO_RESOLVE
olxcdn.com # NO_RESOLVE
olympics.com # NO_RESOLVE
omappapi.com # NO_RESOLVE
omiapp.me # NO_RESOLVE
omni-dex.io # NO_RESOLVE
omnilojoapps.com # NO_RESOLVE
omnipodcloud.com # NO_RESOLVE
omniroot.com # NO_RESOLVE
omnisendlink.com # NO_RESOLVE
omnisnippet1.com # NO_RESOLVE
omnitagjs.com # NO_RESOLVE
omnititanemail.com # NO_RESOLVE
omtrdc.net # NO_RESOLVE
on.aws # NO_RESOLVE
on.ca # NO_RESOLVE
on.com # NO_RESOLVE
onaudience.com # NO_RESOLVE
onclckbn.net # NO_RESOLVE
onclckinp.com # NO_RESOLVE
onclckmetrics.com # NO_RESOLVE
onclckstr.com # NO_RESOLVE
ondemand.com # NO_RESOLVE
ondigitalocean.app # NO_RESOLVE
one-new-message-okay.com # NO_RESOLVE
one.bid # NO_RESOLVE
one.com # NO_RESOLVE
one.one # NO_RESOLVE
oneadtag.com # NO_RESOLVE
oneconcord.net # NO_RESOLVE
onedrive.com # NO_RESOLVE
onedumb.com # NO_RESOLVE
onefootball.com # NO_RESOLVE
oneget.org # NO_RESOLVE
onegg.site # NO_RESOLVE
onelouder.com # NO_RESOLVE
oneme.ru # TLD
onenote.com # NO_RESOLVE
onenote.net # NO_RESOLVE
onepeloton.com # NO_RESOLVE
oneprotaro.com # NO_RESOLVE
onesignal.com # NO_RESOLVE
onestate.space # NO_RESOLVE
onestore.ms # NO_RESOLVE
onet.pl # NO_RESOLVE
onetag-sys.com # NO_RESOLVE
onetarget.ru # TLD
onetrust.com # NO_RESOLVE
onetrust.eu # NO_RESOLVE
onetrust.io # NO_RESOLVE
onezapp.com # NO_RESOLVE
onfinality.io # NO_RESOLVE
onkakao.net # NO_RESOLVE
online-metrix.net # NO_RESOLVE
onlineraceresults.com # NO_RESOLVE
onlyfans.com # NO_RESOLVE
onlymonster.ai # NO_RESOLVE
onmicrosoft.com # NO_RESOLVE
onnetwork.tv # NO_RESOLVE
onrender.com # NO_RESOLVE
onstove.com # NO_RESOLVE
onthe.io # NO_RESOLVE
onthemarket.com # NO_RESOLVE
onzoom.com # NO_RESOLVE
ooklaserver.net # NO_RESOLVE
op.gg # NO_RESOLVE
opayweb.com # NO_RESOLVE
opecloud.com # NO_RESOLVE
open-internet.nl # NO_RESOLVE
open.video # NO_RESOLVE
openai.com # NO_RESOLVE
openai.org # NO_RESOLVE
openbittorrent.com # NO_RESOLVE
opencode.ai # NO_RESOLVE
opendns.com # NO_RESOLVE
opendota.com # NO_RESOLVE
opendsp.ru # TLD
openfpcdn.io # NO_RESOLVE
openlibrary.org # NO_RESOLVE
openoffice.org # NO_RESOLVE
openrouter.ai # NO_RESOLVE
opensea.io # NO_RESOLVE
opensignal.com # NO_RESOLVE
openspeech.cn # NO_RESOLVE
openssp.ru # TLD
openstreetmap.org # NO_RESOLVE
opensubtitles.com # NO_RESOLVE
opensubtitles.org # NO_RESOLVE
opensuse.org # NO_RESOLVE
opentable.com # NO_RESOLVE
opentor.org # NO_RESOLVE
opentorrent.top # NO_RESOLVE
opentracker.io # NO_RESOLVE
opentrackr.org # NO_RESOLVE
openwave.ai # NO_RESOLVE
openweathermap.org # NO_RESOLVE
openwebmp.com # NO_RESOLVE
openwebtorrent.com # NO_RESOLVE
openwrt.org # NO_RESOLVE
openx.net # NO_RESOLVE
openxcdn.net # NO_RESOLVE
opera-api.com # NO_RESOLVE
opera-mini.net # NO_RESOLVE
opera.software # NO_RESOLVE
opera.technology # NO_RESOLVE
operacdn.com # NO_RESOLVE
operationsports.com # NO_RESOLVE
opifors.com # NO_RESOLVE
opoxv.com # NO_RESOLVE
oppomobile.com # NO_RESOLVE
opsgenie.com # NO_RESOLVE
opsleep.com # NO_RESOLVE
opswarpy.com # NO_RESOLVE
optable.co # NO_RESOLVE
opti-digital.com # NO_RESOLVE
opticbox.ru # TLD
optidigital.com # NO_RESOLVE
optifyr.com # NO_RESOLVE
optimai.network # NO_RESOLVE
optimise.net # NO_RESOLVE
optimizely.com # NO_RESOLVE
optimonk.com # NO_RESOLVE
optimum.net # NO_RESOLVE
optisigns.com # NO_RESOLVE
optonline.net # NO_RESOLVE
optum.com # NO_RESOLVE
optvz.com # NO_RESOLVE
or.id # NO_RESOLVE
or.jp # NO_RESOLVE
or.kr # NO_RESOLVE
or.th # NO_RESOLVE
or.us # NO_RESOLVE
oracle.com # NO_RESOLVE
oraclecloud.com # NO_RESOLVE
oraclecloud.net # NO_RESOLVE
oracleindustry.com # NO_RESOLVE
oracleinfinity.io # NO_RESOLVE
orange.com # NO_RESOLVE
orange.es # NO_RESOLVE
orange.fr # NO_RESOLVE
orangeclickmedia.com # NO_RESOLVE
oray.com # NO_RESOLVE
oray.net # NO_RESOLVE
orb.ee # NO_RESOLVE
orbsrv.com # NO_RESOLVE
orcid.org # NO_RESOLVE
order.online # NO_RESOLVE
oregonstate.edu # NO_RESOLVE
origin.com # NO_RESOLVE
ortb.net # NO_RESOLVE
ortified.ws # NO_RESOLVE
os-content.com # NO_RESOLVE
osaio.net # NO_RESOLVE
osano.com # NO_RESOLVE
osdknw.com # NO_RESOLVE
ospserver.net # NO_RESOLVE
ostkcdn.com # NO_RESOLVE
osu.edu # NO_RESOLVE
osuosl.org # NO_RESOLVE
osv.dev # NO_RESOLVE
oszar.com # NO_RESOLVE
ota-cloudfront.net # NO_RESOLVE
otclick-adv.ru # TLD
otidapi.com # NO_RESOLVE
otm-r.com # NO_RESOLVE
ottadvisors.com # NO_RESOLVE
ottai.com # NO_RESOLVE
ottera.tv # NO_RESOLVE
otto.de # NO_RESOLVE
otzo.com # NO_RESOLVE
ou2sv.com # NO_RESOLVE
ouest-france.fr # NO_RESOLVE
oui-0x00199d.com # NO_RESOLVE
ouraring.com # NO_RESOLVE
ourcommons.ca # NO_RESOLVE
ourdream.ai # NO_RESOLVE
ourhobby.com # NO_RESOLVE
ourstates.org # NO_RESOLVE
ousaqb.tech # NO_RESOLVE
outboundproxy.com # NO_RESOLVE
outbrain.com # NO_RESOLVE
outbrain.org # NO_RESOLVE
outbrainimg.com # NO_RESOLVE
outcomes.net # NO_RESOLVE
outfit7.com # NO_RESOLVE
outlook.cn # NO_RESOLVE
outlook.com # NO_RESOLVE
outreach.io # NO_RESOLVE
ouxyi.cash # NO_RESOLVE
ov1o.com # NO_RESOLVE
overdrive.com # NO_RESOLVE
overflow.biz # NO_RESOLVE
overheid.nl # NO_RESOLVE
overkiz.com # NO_RESOLVE
overwolf.com # NO_RESOLVE
ovh.com # NO_RESOLVE
ovh.net # NO_RESOLVE
ovhnextmillmedia.com # NO_RESOLVE
ovid.com # NO_RESOLVE
ovrc.com # NO_RESOLVE
ovscdns.com # NO_RESOLVE
ovscdns.net # NO_RESOLVE
owhealth.com # NO_RESOLVE
owletdata.com # NO_RESOLVE
oxcs.net # NO_RESOLVE
oxidesurvival.com # NO_RESOLVE
oyorooms.com # NO_RESOLVE
ozlinedsp.com # NO_RESOLVE
ozon.kz # TLD
ozon.ru # TLD
ozone.ru # TLD
ozonusercontent.com # NO_RESOLVE
p-cdn.com # NO_RESOLVE
p-cdn.us # NO_RESOLVE
p-msedge.net # NO_RESOLVE
p-n.io # NO_RESOLVE
p2bld.vip # NO_RESOLVE
p2elite.com # NO_RESOLVE
p2kok.cc # NO_RESOLVE
p3crowd.com # NO_RESOLVE
p6sai.com # NO_RESOLVE
p7cloud.net # NO_RESOLVE
pa-cd.com # NO_RESOLVE
pa1mstore.com # NO_RESOLVE
paa-reporting-advertising.amazon # NO_RESOLVE
pacer.cc # NO_RESOLVE
packagecloud.io # NO_RESOLVE
packagist.org # NO_RESOLVE
packetsdk.io # NO_RESOLVE
packetsdk.net # NO_RESOLVE
packetstream.io # NO_RESOLVE
packtpub.com # NO_RESOLVE
pacloudflare.com # NO_RESOLVE
pacvue.com # NO_RESOLVE
paddle.com # NO_RESOLVE
paddypower.com # NO_RESOLVE
pagbank.com.br # NO_RESOLVE
pagerduty.com # NO_RESOLVE
pages.dev # NO_RESOLVE
pagesense.io # NO_RESOLVE
paginegialle.it # NO_RESOLVE
pagseguro.com.br # NO_RESOLVE
pagseguro.uol # NO_RESOLVE
palm.tech # NO_RESOLVE
palmmerchant.com # NO_RESOLVE
palmpay.app # NO_RESOLVE
palmst0re.com # NO_RESOLVE
paloaltonetworks.com # NO_RESOLVE
palworldgame.com # NO_RESOLVE
panasonic.com # NO_RESOLVE
pancakeswap.finance # NO_RESOLVE
pandadoc.com # NO_RESOLVE
pandasecurity.com # NO_RESOLVE
pandect.es # NO_RESOLVE
pandora.com # NO_RESOLVE
pangle-ads.com # NO_RESOLVE
pangle-b.io # NO_RESOLVE
pangle.io # NO_RESOLVE
pango-cloud.com # NO_RESOLVE
pangolin-sdk-toutiao-b.com # NO_RESOLVE
pangolin-sdk-toutiao.com # NO_RESOLVE
pangolin-sdk-toutiao1.com # NO_RESOLVE
panini.com.br # NO_RESOLVE
pantheonsite.io # NO_RESOLVE
papercut.com # NO_RESOLVE
papermc.io # NO_RESOLVE
papertrailapp.com # NO_RESOLVE
pappers.fr # NO_RESOLVE
paradox-interactive.com # NO_RESOLVE
paramount.com # NO_RESOLVE
paramount.tech # NO_RESOLVE
paramountplus.com # NO_RESOLVE
parastorage.com # NO_RESOLVE
pardot.com # NO_RESOLVE
pareci.net # NO_RESOLVE
parklogic.com # NO_RESOLVE
parliament.uk # NO_RESOLVE
parpos.com # NO_RESOLVE
parrot-flow.com # NO_RESOLVE
parsec.app # NO_RESOLVE
parsely.com # NO_RESOLVE
particlenews.com # NO_RESOLVE
partner.co.il # NO_RESOLVE
partners-show.com # NO_RESOLVE
partsgeek.com # NO_RESOLVE
parttarget.com # NO_RESOLVE
passport.com # NO_RESOLVE
passport.net # NO_RESOLVE
pastebin.com # NO_RESOLVE
pathofexile.com # NO_RESOLVE
patreon.com # NO_RESOLVE
patreonusercontent.com # NO_RESOLVE
pawns.app # NO_RESOLVE
pawwalls.com # NO_RESOLVE
paychex.com # NO_RESOLVE
paycomonline.net # NO_RESOLVE
paylocity.com # NO_RESOLVE
paynicorn.com # NO_RESOLVE
paypal.com # NO_RESOLVE
paypalobjects.com # NO_RESOLVE
paysafecard.com # NO_RESOLVE
paytm.com # NO_RESOLVE
paywb.com # NO_RESOLVE
pb.com # NO_RESOLVE
pb06e2-resources.com # NO_RESOLVE
pb06e2-resources.ru # TLD
pbbl.co # NO_RESOLVE
pbgrd.com # NO_RESOLVE
pbiaas.com # NO_RESOLVE
pbs.org # NO_RESOLVE
pbstck.com # NO_RESOLVE
pbxai.com # NO_RESOLVE
pcauto.com.cn # NO_RESOLVE
pclead.co.uk # NO_RESOLVE
pcloud.com # NO_RESOLVE
pcmag.com # NO_RESOLVE
pcpitstop.com # NO_RESOLVE
pddpic.com # NO_RESOLVE
pdf24.org # NO_RESOLVE
pdffiller.com # NO_RESOLVE
pdfreaderfreeview.com # NO_RESOLVE
pdgame123.com # NO_RESOLVE
pdscrb.com # NO_RESOLVE
pdst.fm # NO_RESOLVE
peacocktv.com # NO_RESOLVE
peaksite.tech # NO_RESOLVE
pearson.com # NO_RESOLVE
pebblepilot.com # NO_RESOLVE
pecannerous.com # NO_RESOLVE
peer2profit.global # NO_RESOLVE
peer4you.net # NO_RESOLVE
pelhrimovsko.cz # NO_RESOLVE
pelmorex.com # NO_RESOLVE
pem-teads.tv # NO_RESOLVE
pemsrv.com # NO_RESOLVE
pendo.io # NO_RESOLVE
people.com # NO_RESOLVE
people.com.cn # NO_RESOLVE
perchance.org # NO_RESOLVE
perekrestok.ru # TLD
perfdrive.com # NO_RESOLVE
perflib.com # NO_RESOLVE
perfops.net # NO_RESOLVE
performaized.com # NO_RESOLVE
performfeeds.com # NO_RESOLVE
perimeter81.com # NO_RESOLVE
perimeterx.net # NO_RESOLVE
periodicsystem.org # NO_RESOLVE
permutive.app # NO_RESOLVE
permutive.com # NO_RESOLVE
perplexity.ai # NO_RESOLVE
personaly.bid # NO_RESOLVE
petametrics.com # NO_RESOLVE
petco.com # NO_RESOLVE
petrovich.ru # TLD
pexels.com # NO_RESOLVE
pfsense.org # NO_RESOLVE
pgammedia.com # NO_RESOLVE
pghub.io # NO_RESOLVE
pglstatp-toutiao.com # NO_RESOLVE
pgoriginad.com # NO_RESOLVE
phantom.app # NO_RESOLVE
phenompeople.com # NO_RESOLVE
philips.com # NO_RESOLVE
philo.com # NO_RESOLVE
phncdn.com # NO_RESOLVE
phone.com # NO_RESOLVE
phonefactor.net # NO_RESOLVE
phonepe.com # NO_RESOLVE
photobucket.com # NO_RESOLVE
photonengine.io # NO_RESOLVE
photorecoverplus.com # NO_RESOLVE
photorecoverswift.com # NO_RESOLVE
photoroom.com # NO_RESOLVE
photoshelter.com # NO_RESOLVE
phxfeeds.com # NO_RESOLVE
physiology.org # NO_RESOLVE
piano.io # NO_RESOLVE
piappengine.com # NO_RESOLVE
piaservers.net # NO_RESOLVE
picacomic.com # NO_RESOLVE
picdn.vip # NO_RESOLVE
picks.my # NO_RESOLVE
picpay.com # NO_RESOLVE
picsart.com # NO_RESOLVE
picsum.photos # NO_RESOLVE
pidetupop.com # NO_RESOLVE
pie.org # NO_RESOLVE
pikabu.ru # TLD
pilotglo.com # NO_RESOLVE
pimpbunny.com # NO_RESOLVE
pinduoduo.com # NO_RESOLVE
pingdom.net # NO_RESOLVE
pingmybee.net # NO_RESOLVE
pingone.com # NO_RESOLVE
pinimg.com # NO_RESOLVE
pinkbike.com # NO_RESOLVE
pinklion.io # NO_RESOLVE
pinkoi.com # NO_RESOLVE
pinterest.com # NO_RESOLVE
pinterest.net # NO_RESOLVE
piojm.tech # NO_RESOLVE
pipedrive.com # NO_RESOLVE
pipopay.com # NO_RESOLVE
pippio.com # NO_RESOLVE
pirateswap.com # NO_RESOLVE
pistonheads.com # NO_RESOLVE
pitaya-clientai.com # NO_RESOLVE
pitt.edu # NO_RESOLVE
piwik.pro # NO_RESOLVE
pix.pub # NO_RESOLVE
pixad.com.tr # NO_RESOLVE
pixai.art # NO_RESOLVE
pixeldrain.com # NO_RESOLVE
pixellog.io # NO_RESOLVE
pixels.com # NO_RESOLVE
pixelswhirl.com # NO_RESOLVE
pixeltracker.co # NO_RESOLVE
pixfuture.com # NO_RESOLVE
pixiv.net # NO_RESOLVE
pixlates.com # NO_RESOLVE
pixlee.co # NO_RESOLVE
pixocial.com # NO_RESOLVE
pixsrvcs.com # NO_RESOLVE
pixverse.ai # NO_RESOLVE
pjsip.org # NO_RESOLVE
pkg.dev # NO_RESOLVE
pki.goog # NO_RESOLVE
placed.com # NO_RESOLVE
planetcatfish.com # NO_RESOLVE
planetminecraft.com # NO_RESOLVE
planetofhotels.com # NO_RESOLVE
planningcenteronline.com # NO_RESOLVE
plarium.com # NO_RESOLVE
plateau.com # NO_RESOLVE
platocorp.com # NO_RESOLVE
platorelay.com # NO_RESOLVE
plausible.io # NO_RESOLVE
playbattlegrounds.com # NO_RESOLVE
playdayy.com # NO_RESOLVE
playdigo.com # NO_RESOLVE
playerok.com # GeoIP (RU)
playfab.com # NO_RESOLVE
playfabapi.com # NO_RESOLVE
playfamily.ru # TLD
playgama.com # NO_RESOLVE
playground.ru # TLD
playhubconnect.com # NO_RESOLVE
playit2019.com # NO_RESOLVE
playmelonpg.com # NO_RESOLVE
playmobil.com # NO_RESOLVE
plaync.com # NO_RESOLVE
playrix.com # NO_RESOLVE
playsimple.co # NO_RESOLVE
playsimple.games # NO_RESOLVE
playstation.net # NO_RESOLVE
playstream.media # NO_RESOLVE
playtika.com # NO_RESOLVE
playwire.com # NO_RESOLVE
plesk.com # NO_RESOLVE
plesk.page # NO_RESOLVE
plex.bz # NO_RESOLVE
plex.direct # NO_RESOLVE
plex.tv # NO_RESOLVE
plista.com # NO_RESOLVE
plrm.zone # NO_RESOLVE
plsleavemealone.com # NO_RESOLVE
plu.mx # NO_RESOLVE
plumenet.io # NO_RESOLVE
pluto.tv # NO_RESOLVE
plutotv.net # NO_RESOLVE
plx.im # NO_RESOLVE
ply.gg # NO_RESOLVE
plyr.io # NO_RESOLVE
pm-serv.co # NO_RESOLVE
pm2.io # NO_RESOLVE
pmang.cloud # NO_RESOLVE
pmbmonetize.live # NO_RESOLVE
pmman.tech # NO_RESOLVE
pn.vg # NO_RESOLVE
pnas.org # NO_RESOLVE
pnc.com # NO_RESOLVE
pncloudfl.com # NO_RESOLVE
pndsn.com # NO_RESOLVE
pngtree.com # NO_RESOLVE
pocketcasts.com # NO_RESOLVE
pocketfm.com # NO_RESOLVE
podbean.com # NO_RESOLVE
podme.com # NO_RESOLVE
podscribe.com # NO_RESOLVE
podtrac.com # NO_RESOLVE
poe.com # NO_RESOLVE
poecdn.com # NO_RESOLVE
point-of-entry.com # NO_RESOLVE
pointandplace.com # NO_RESOLVE
pointclickcare.com # NO_RESOLVE
pointmediatracker.com # NO_RESOLVE
pointtoserver.com # NO_RESOLVE
poizon.com # NO_RESOLVE
pokeapi.co # NO_RESOLVE
pokemon.com # NO_RESOLVE
pokemoncenter.com # NO_RESOLVE
poki-cdn.com # NO_RESOLVE
poki.com # NO_RESOLVE
poki.io # NO_RESOLVE
polarbyte.com # NO_RESOLVE
polargrizzly.com # NO_RESOLVE
politico.com # NO_RESOLVE
polkachu.com # NO_RESOLVE
poloniex.com # NO_RESOLVE
poloptrex.com # NO_RESOLVE
poly-ai.chat # NO_RESOLVE
poly.com # NO_RESOLVE
polybuzz.ai # NO_RESOLVE
polycom.com # NO_RESOLVE
polyfill-fastly.io # NO_RESOLVE
polygonscan.com # NO_RESOLVE
polymarket.com # NO_RESOLVE
polyspeak.ai # NO_RESOLVE
pomxd.com # NO_RESOLVE
pond5.com # NO_RESOLVE
poool.fr # NO_RESOLVE
pop-os.org # NO_RESOLVE
popcap.com # NO_RESOLVE
popcorn-tracker.org # NO_RESOLVE
poperblocker.com # NO_RESOLVE
popin-minus.com # NO_RESOLVE
popin.cc # NO_RESOLVE
popnable.com # NO_RESOLVE
popt.in # NO_RESOLVE
porkbun.com # NO_RESOLVE
pornhub.com # NO_RESOLVE
pornhub.org # NO_RESOLVE
pornone.com # NO_RESOLVE
pornpics.com # NO_RESOLVE
porofessor.gg # NO_RESOLVE
porsche.com # NO_RESOLVE
portalfluently.com # NO_RESOLVE
portaltv.tv # NO_RESOLVE
poshmark.com # NO_RESOLVE
postcodebase.com # NO_RESOLVE
posteo.de # NO_RESOLVE
postgresql.org # NO_RESOLVE
posthog.com # NO_RESOLVE
postimg.cc # NO_RESOLVE
postman.co # NO_RESOLVE
postman.com # NO_RESOLVE
postrelease.com # NO_RESOLVE
postscript.io # NO_RESOLVE
pow7.com # NO_RESOLVE
powerapps.com # NO_RESOLVE
powerautomate.com # NO_RESOLVE
powerbi.com # NO_RESOLVE
powercam365.com # NO_RESOLVE
powershellgallery.com # NO_RESOLVE
powl.io # NO_RESOLVE
pp-static.com # NO_RESOLVE
pp.ua # NO_RESOLVE
ppe-hosted.com # NO_RESOLVE
ppecufa.com # NO_RESOLVE
pphosted.com # NO_RESOLVE
pplusstatic.com # NO_RESOLVE
ppmovie.cc # NO_RESOLVE
ppmxfa.com # NO_RESOLVE
pppefa.com # NO_RESOLVE
pprdfa.com # NO_RESOLVE
ppy.sh # NO_RESOLVE
pragmaticplay.net # NO_RESOLVE
pragmaticplaylive.net # NO_RESOLVE
prandolisto.com # NO_RESOLVE
prdredir.com # NO_RESOLVE
prebid-server.com # NO_RESOLVE
prebid.cloud # NO_RESOLVE
prebid.org # NO_RESOLVE
prelude.dev # NO_RESOLVE
premid.app # NO_RESOLVE
premierleague.com # NO_RESOLVE
premiumtag.net # NO_RESOLVE
preply.com # NO_RESOLVE
presage.io # NO_RESOLVE
pretty-soft.com # NO_RESOLVE
prevter.me # NO_RESOLVE
prezi.com # NO_RESOLVE
prf.hn # NO_RESOLVE
priceline.com # NO_RESOLVE
pricespider.com # NO_RESOLVE
primevideo.com # NO_RESOLVE
primis-tech.org # NO_RESOLVE
primis.tech # NO_RESOLVE
printables.com # NO_RESOLVE
printercloud.com # NO_RESOLVE
printerval.com # NO_RESOLVE
printix.net # NO_RESOLVE
prismaaccess.com # NO_RESOLVE
privacy-center.org # NO_RESOLVE
privacy-mgmt.com # NO_RESOLVE
privacymanager.io # NO_RESOLVE
privacysandboxservices.com # NO_RESOLVE
privado.io # NO_RESOLVE
privatehost.com # NO_RESOLVE
privatesocks5.com # NO_RESOLVE
privy.com # NO_RESOLVE
privy.io # NO_RESOLVE
prmutv.co # NO_RESOLVE
prncams.com # NO_RESOLVE
prnewswire.com # NO_RESOLVE
pro-market.net # NO_RESOLVE
procore.com # NO_RESOLVE
procyclingstats.com # NO_RESOLVE
prodregistryv2.org # NO_RESOLVE
productfruits.com # NO_RESOLVE
profi.ru # TLD
profitabledisplaycontent.com # NO_RESOLVE
profitwell.com # NO_RESOLVE
profnet.de # NO_RESOLVE
programmatica.com # NO_RESOLVE
programmaticx.ai # NO_RESOLVE
progressive.com # NO_RESOLVE
project-limelight.com # NO_RESOLVE
project1content.com # NO_RESOLVE
projectk.org # NO_RESOLVE
prom.ua # NO_RESOLVE
proofpoint.com # NO_RESOLVE
propublica.org # NO_RESOLVE
proquest.com # NO_RESOLVE
protechts.net # NO_RESOLVE
protectedtransactions.com # NO_RESOLVE
protectmyapp.com # NO_RESOLVE
protoawegw.com # NO_RESOLVE
proton.me # NO_RESOLVE
protonmail.ch # NO_RESOLVE
protonmail.com # NO_RESOLVE
protonvpn.net # NO_RESOLVE
protrafficinspector.com # NO_RESOLVE
proxad.net # NO_RESOLVE
proxibid.com # NO_RESOLVE
proxiesfood.com # NO_RESOLVE
proximabeta.com # NO_RESOLVE
proximus.be # NO_RESOLVE
proxmox.com # NO_RESOLVE
proxycheck.io # NO_RESOLVE
proxyrack.net # NO_RESOLVE
proxyrise.com # NO_RESOLVE
proz.com # NO_RESOLVE
prreqcroab.icu # NO_RESOLVE
prt.news # NO_RESOLVE
ps-scripts.com # NO_RESOLVE
pscp.tv # NO_RESOLVE
pscrb.fm # NO_RESOLVE
pstatic.net # NO_RESOLVE
pstatp.com # NO_RESOLVE
pstmn.io # NO_RESOLVE
psu.edu # NO_RESOLVE
psychologytoday.com # NO_RESOLVE
psynet.gg # NO_RESOLVE
ptb.de # NO_RESOLVE
ptengine.jp # NO_RESOLVE
ptgncdn.com # NO_RESOLVE
puata.info # NO_RESOLVE
pub-tmaws.io # NO_RESOLVE
pub.dev # NO_RESOLVE
pub.network # NO_RESOLVE
pubadx.one # NO_RESOLVE
pubeasy.io # NO_RESOLVE
pubfuture-ad.com # NO_RESOLVE
pubgmobile.com # NO_RESOLVE
public-trust.com # NO_RESOLVE
publicinterestregistry.org # NO_RESOLVE
publicnode.com # NO_RESOLVE
publicsuffix.org # NO_RESOLVE
publictracker.xyz # NO_RESOLVE
publio.pl # NO_RESOLVE
pubmatic.com # NO_RESOLVE
pubmnet.com # NO_RESOLVE
pubnation.com # NO_RESOLVE
pubnative.net # NO_RESOLVE
pubnub.com # NO_RESOLVE
pubnubapi.com # NO_RESOLVE
puboclick.fr # NO_RESOLVE
pubpowerplatform.io # NO_RESOLVE
puicdn.com # NO_RESOLVE
pullcf.com # NO_RESOLVE
pullcm.com # NO_RESOLVE
puma.com # NO_RESOLVE
pump.fun # NO_RESOLVE
punchh.com # NO_RESOLVE
punchmedia.ru # TLD
puprime.online # NO_RESOLVE
purchasely.io # NO_RESOLVE
purdue.edu # NO_RESOLVE
pure.cloud # NO_RESOLVE
pureapk.com # NO_RESOLVE
purestorage.com # NO_RESOLVE
purplevioleto.com # NO_RESOLVE
push-pole.com # NO_RESOLVE
push-webapi.site # NO_RESOLVE
pushalert.co # NO_RESOLVE
pushd.com # NO_RESOLVE
pushed.ru # TLD
pushengage.com # NO_RESOLVE
pusher.com # NO_RESOLVE
pusherapp.com # NO_RESOLVE
pushlycdn.com # NO_RESOLVE
pushnami.com # NO_RESOLVE
pushnotifs.com # NO_RESOLVE
pushpushgo.com # NO_RESOLVE
pushub.net # NO_RESOLVE
pushwoosh.com # NO_RESOLVE
pushy.io # NO_RESOLVE
pushy.me # NO_RESOLVE
puzztake.com # NO_RESOLVE
pv-cdn.net # NO_RESOLVE
pvp.net # NO_RESOLVE
pvvstream.pro # NO_RESOLVE
pvwacsgqh.com # NO_RESOLVE
pwack.com # NO_RESOLVE
pwnedpasswords.com # NO_RESOLVE
pwsdk.com # NO_RESOLVE
px-cdn.net # NO_RESOLVE
px-client.net # NO_RESOLVE
px-cloud.net # NO_RESOLVE
pxf.io # NO_RESOLVE
pxfuel.com # NO_RESOLVE
pximg.net # NO_RESOLVE
pxlecdn.com # NO_RESOLVE
pxltag.com # NO_RESOLVE
pxltgr.com # NO_RESOLVE
pyatdesyatdva.co.uk # NO_RESOLVE
pyatdesyatodin.co.uk # NO_RESOLVE
python.org # NO_RESOLVE
pythonhosted.org # NO_RESOLVE
q-4-g-r.com # NO_RESOLVE
q1.com # NO_RESOLVE
q4inc.com # NO_RESOLVE
qantas.com # NO_RESOLVE
qatarairways.com # NO_RESOLVE
qbox.me # NO_RESOLVE
qc.ca # NO_RESOLVE
qchannel03.cn # NO_RESOLVE
qcinternal.io # NO_RESOLVE
qcloud.com # NO_RESOLVE
qcloudteo.com # NO_RESOLVE
qcomgeo2.com # NO_RESOLVE
qconcursos.com # NO_RESOLVE
qewoppwes.com # NO_RESOLVE
qh-cdn.com # NO_RESOLVE
qh-lb.com # NO_RESOLVE
qhimg.com # NO_RESOLVE
qhmoka.com # NO_RESOLVE
qianwen.com # NO_RESOLVE
qianxun.com # NO_RESOLVE
qidi3dprinter.com # NO_RESOLVE
qidian.com # NO_RESOLVE
qihucdn.com # NO_RESOLVE
qikunc168.com # NO_RESOLVE
qinglanbaseunicast.com # NO_RESOLVE
qiniu.com # NO_RESOLVE
qiniuapi.com # NO_RESOLVE
qiniudns.com # NO_RESOLVE
qiniup.com # NO_RESOLVE
qiscus.com # NO_RESOLVE
qishui.com # NO_RESOLVE
qiyukf.com # NO_RESOLVE
qld.gov.au # NO_RESOLVE
qlik.com # NO_RESOLVE
qlivecdn.com # NO_RESOLVE
qlogo.cn # NO_RESOLVE
qnap.com # NO_RESOLVE
qobuz.com # NO_RESOLVE
qoder.sh # NO_RESOLVE
qonversion.io # NO_RESOLVE
qoo-app.com # NO_RESOLVE
qovani.com # NO_RESOLVE
qpic.cn # NO_RESOLVE
qprod2.net # NO_RESOLVE
qpyou.cn # NO_RESOLVE
qq-os.com # NO_RESOLVE
qq.com # NO_RESOLVE
qq.com.cn # NO_RESOLVE
qqmail.com # NO_RESOLVE
qrscanner.live # NO_RESOLVE
qrstuvwxyzab.com # NO_RESOLVE
qsr.cloud # NO_RESOLVE
qstar.video # NO_RESOLVE
qt.io # NO_RESOLVE
qtlcdn.com # NO_RESOLVE
qu.ax # NO_RESOLVE
quad9.net # NO_RESOLVE
quago.io # NO_RESOLVE
qualaroo.com # NO_RESOLVE
qualcomm.cn # NO_RESOLVE
qualcomm.com # NO_RESOLVE
qualified.com # NO_RESOLVE
qualtrics.com # NO_RESOLVE
qualys.com # NO_RESOLVE
qualys.eu # NO_RESOLVE
quantserve.com # NO_RESOLVE
quantummetric.com # NO_RESOLVE
quantumvisiontrail.com # NO_RESOLVE
quark.cn # NO_RESOLVE
quay.io # NO_RESOLVE
qubeyond.com # NO_RESOLVE
queniuaa.com # NO_RESOLVE
queniuak.com # NO_RESOLVE
queniubg.com # NO_RESOLVE
queniubh.com # NO_RESOLVE
queniucf.com # NO_RESOLVE
queniuck.com # NO_RESOLVE
queniuco.com # NO_RESOLVE
queniufm.com # NO_RESOLVE
queniuiq.com # NO_RESOLVE
queniukw.com # NO_RESOLVE
queniulf.com # NO_RESOLVE
queniurc.com # NO_RESOLVE
queniuso.com # NO_RESOLVE
queniusy.com # NO_RESOLVE
queniusz.com # NO_RESOLVE
queniutc.com # NO_RESOLVE
queniuuf.com # NO_RESOLVE
queniuum.com # NO_RESOLVE
queniuyk.com # NO_RESOLVE
quest-on-demand.com # NO_RESOLVE
questionai.com # NO_RESOLVE
queue-it.net # NO_RESOLVE
quickcep.com # NO_RESOLVE
quickconnect.to # NO_RESOLVE
quicksetcloud.com # NO_RESOLVE
quiknode.pro # NO_RESOLVE
quillbot.com # NO_RESOLVE
quilvem.com # NO_RESOLVE
quintoandar.com.br # NO_RESOLVE
quip.com # NO_RESOLVE
quizlet.com # NO_RESOLVE
qunar.com # NO_RESOLVE
quodxx.com.br # NO_RESOLVE
quora.com # NO_RESOLVE
quoracdn.net # NO_RESOLVE
quovadisglobal.com # NO_RESOLVE
qustodio.com # NO_RESOLVE
qvc.com # NO_RESOLVE
qwant.com # NO_RESOLVE
qwen.ai # NO_RESOLVE
qwps.cn # NO_RESOLVE
qxwz.com # NO_RESOLVE
qy.net # NO_RESOLVE
qznovelvod.com # NO_RESOLVE
qzwxrtyk.com # NO_RESOLVE
qzz.io # NO_RESOLVE
r-point-of-entry.com # NO_RESOLVE
r10s.jp # NO_RESOLVE
r2.dev # NO_RESOLVE
r66nv9ed.com # NO_RESOLVE
r7ops.com # NO_RESOLVE
rabby.io # NO_RESOLVE
rackcdn.com # NO_RESOLVE
racorstoragesolutions.com # NO_RESOLVE
radar.io # NO_RESOLVE
radaris.com # NO_RESOLVE
radiofrance.fr # NO_RESOLVE
radiotime.com # NO_RESOLVE
radiotwoway.com # NO_RESOLVE
radminte.com # NO_RESOLVE
radwarecloud.net # NO_RESOLVE
ragpets.com # NO_RESOLVE
raiffeisen.ru # TLD
railway.app # NO_RESOLVE
railway.com # NO_RESOLVE
rainberrytv.com # NO_RESOLVE
rainbird.com # NO_RESOLVE
raindrop.io # NO_RESOLVE
rakuten.co.jp # NO_RESOLVE
rakuten.tv # NO_RESOLVE
rallytrck.website # NO_RESOLVE
rambler.ru # TLD
ramp.com # NO_RESOLVE
rancher.io # NO_RESOLVE
randomchoice.org # NO_RESOLVE
rapid7.com # NO_RESOLVE
rapidapi.com # NO_RESOLVE
rapidc.cc # NO_RESOLVE
rapidedge.io # NO_RESOLVE
rapidssl.com # NO_RESOLVE
raptive.com # NO_RESOLVE
raptivecdn.com # NO_RESOLVE
rarbg.to # NO_RESOLVE
raspberrypi.com # NO_RESOLVE
raspberrypi.org # NO_RESOLVE
rawgit.com # NO_RESOLVE
rawpixel.com # NO_RESOLVE
raycast.com # NO_RESOLVE
raygun.io # NO_RESOLVE
razer.com # NO_RESOLVE
razerapi.com # NO_RESOLVE
razersynapse.com # NO_RESOLVE
razerzone.com # NO_RESOLVE
razorpay.com # NO_RESOLVE
rbc.ru # TLD
rbm.goog # NO_RESOLVE
rbstsystems.live # NO_RESOLVE
rbxcdn.com # NO_RESOLVE
rc-backup.com # NO_RESOLVE
rcaap.pt # NO_RESOLVE
rcsb.org # NO_RESOLVE
rdatasrv.net # NO_RESOLVE
rdcnw.net # NO_RESOLVE
rdcpix.com # NO_RESOLVE
rddrnpnyytcax.net # NO_RESOLVE
rdtcdn.com # NO_RESOLVE
re.kr # NO_RESOLVE
read.ai # NO_RESOLVE
readspeaker.com # NO_RESOLVE
readthedocs.io # NO_RESOLVE
real-debrid.com # NO_RESOLVE
real.com # NO_RESOLVE
realestate.com.au # NO_RESOLVE
realizationnewestfangs.com # NO_RESOLVE
reallyfreegeoip.org # NO_RESOLVE
realme.com # NO_RESOLVE
realmemobile.com # NO_RESOLVE
realsrv.com # NO_RESOLVE
realtor.com # NO_RESOLVE
reamaze.com # NO_RESOLVE
reaqle.tech # NO_RESOLVE
reasonlabsapi.com # NO_RESOLVE
reasonsecurity.com # NO_RESOLVE
rebatesrule.net # NO_RESOLVE
rebelsport.com.au # NO_RESOLVE
recaptcha.cloud # NO_RESOLVE
receitanet.net # NO_RESOLVE
receptivity.io # NO_RESOLVE
reclameaqui.com.br # NO_RESOLVE
recombee.com # NO_RESOLVE
redbubble.com # NO_RESOLVE
redbubble.net # NO_RESOLVE
redbull.com # NO_RESOLVE
redcdn.pl # NO_RESOLVE
redd.it # NO_RESOLVE
reddit.com # NO_RESOLVE
redditmedia.com # NO_RESOLVE
redditspace.com # NO_RESOLVE
redditstatic.com # NO_RESOLVE
redfast.com # NO_RESOLVE
redfin.com # NO_RESOLVE
redgameservice.com # NO_RESOLVE
redgarto.com # NO_RESOLVE
redgifs.com # NO_RESOLVE
redhat.com # NO_RESOLVE
rednotecdn.com # NO_RESOLVE
redspace.io # NO_RESOLVE
redtube.com # NO_RESOLVE
reelshort.com # NO_RESOLVE
refersion.com # NO_RESOLVE
refiner.io # NO_RESOLVE
refinery89.com # NO_RESOLVE
refinitiv.com # NO_RESOLVE
refno.ru # TLD
reg.ru # TLD
registrar-servers.com # NO_RESOLVE
registro.br # NO_RESOLVE
relaysteering.com # NO_RESOLVE
reliaslearning.com # NO_RESOLVE
remax.com # NO_RESOLVE
remerge.events # NO_RESOLVE
remerge.io # NO_RESOLVE
remirepo.net # NO_RESOLVE
remnote.com # NO_RESOLVE
remote-service-pf.com # NO_RESOLVE
remotepc.com # NO_RESOLVE
renault.com # NO_RESOLVE
renfei.net # NO_RESOLVE
renrendoc.com # NO_RESOLVE
reolink.com # NO_RESOLVE
repec.org # NO_RESOLVE
replit.com # NO_RESOLVE
replo.app # NO_RESOLVE
repocket.com # NO_RESOLVE
report-uri.com # NO_RESOLVE
repost.aws # NO_RESOLVE
reqres.in # NO_RESOLVE
res.in # NO_RESOLVE
researchgate.net # NO_RESOLVE
researchnow.com # NO_RESOLVE
resideo.com # NO_RESOLVE
resjscdn.com # NO_RESOLVE
reson8.com # NO_RESOLVE
respawn.com # NO_RESOLVE
restaurantguru.com # NO_RESOLVE
restockrocket.io # NO_RESOLVE
restream-media.net # NO_RESOLVE
restream.io # NO_RESOLVE
resy.com # NO_RESOLVE
retailmenot.com # NO_RESOLVE
retailrocket.net # NO_RESOLVE
retailrocket.ru # TLD
retargetly.com # NO_RESOLVE
returnyoutubedislikeapi.com # NO_RESOLVE
reuters.com # NO_RESOLVE
revenuecat.com # NO_RESOLVE
reverb.com # NO_RESOLVE
reviews.io # NO_RESOLVE
revjet.com # NO_RESOLVE
revolut.com # NO_RESOLVE
revolutionparts.io # NO_RESOLVE
revolve.com # NO_RESOLVE
revved.com # NO_RESOLVE
rezync.com # NO_RESOLVE
rfa.org # NO_RESOLVE
rfb.ac # NO_RESOLVE
rfc868server.com # NO_RESOLVE
rfihub.com # NO_RESOLVE
rfihub.net # NO_RESOLVE
rfvgcross.com # NO_RESOLVE
rgpub.io # NO_RESOLVE
rgstatic.net # NO_RESOLVE
rhdvkbb9.com # NO_RESOLVE
rhombussystems.com # NO_RESOLVE
ria.com # NO_RESOLVE
ria.ru # TLD
richardsw.club # NO_RESOLVE
richrelevance.com # NO_RESOLVE
ricoh.com # NO_RESOLVE
ricoh.jp # NO_RESOLVE
rierra-ads.com # NO_RESOLVE
rightmove.co.uk # NO_RESOLVE
rima-tde.net # NO_RESOLVE
rimon.net.il # NO_RESOLVE
ringcentral.com # NO_RESOLVE
ringpublishing.com # NO_RESOLVE
rings.solutions # NO_RESOLVE
riorise.com # NO_RESOLVE
riotcdn.net # NO_RESOLVE
rippling.com # NO_RESOLVE
risesome.com # NO_RESOLVE
riskified.com # NO_RESOLVE
rixengine.com # NO_RESOLVE
rj.gov.br # NO_RESOLVE
rj.link # NO_RESOLVE
rkdms.com # NO_RESOLVE
rlcdn.com # NO_RESOLVE
rm358.com # NO_RESOLVE
rmbl.ws # NO_RESOLVE
rmhfrtnd.com # NO_RESOLVE
rmishe.com # NO_RESOLVE
rncdn7.com # NO_RESOLVE
rnote.com # NO_RESOLVE
robinhood.com # NO_RESOLVE
roblox.com # NO_RESOLVE
roboshadow.com # NO_RESOLVE
roche.com # NO_RESOLVE
rocket-cdn-eu.com # NO_RESOLVE
rocket-cdn.com # NO_RESOLVE
rocketapps.com # NO_RESOLVE
rocketcyber.com # NO_RESOLVE
rocketreach.co # NO_RESOLVE
rockstargames.com # NO_RESOLVE
rockylinux.org # NO_RESOLVE
roeye.com # NO_RESOLVE
roeyecdn.com # NO_RESOLVE
rogers.com # NO_RESOLVE
roistat.com # NO_RESOLVE
rokt-api.com # NO_RESOLVE
rokt.com # NO_RESOLVE
roku.com # NO_RESOLVE
rokuapi.net # NO_RESOLVE
rokutime.com # NO_RESOLVE
roll20.net # NO_RESOLVE
rome2rio.com # NO_RESOLVE
rona.ca # NO_RESOLVE
ronghub.com # NO_RESOLVE
roonlabs.net # NO_RESOLVE
rooster465.autos # NO_RESOLVE
rootcanary.net # NO_RESOLVE
rootlake.io # NO_RESOLVE
ropro.io # NO_RESOLVE
rostaxi.org # NO_RESOLVE
rottentomatoes.com # NO_RESOLVE
route.com # NO_RESOLVE
rovio.com # NO_RESOLVE
royaleapi.com # NO_RESOLVE
rozetka.com.ua # NO_RESOLVE
rpcpool.com # NO_RESOLVE
rpcuniverse.com # NO_RESOLVE
rqmob.com # NO_RESOLVE
rqtrk.eu # NO_RESOLVE
rrpicturearchives.net # NO_RESOLVE
rs-online.com # NO_RESOLVE
rs.gov.br # NO_RESOLVE
rsc.org # NO_RESOLVE
rsms.me # NO_RESOLVE
rspamd.com # NO_RESOLVE
rt.ru # TLD
rtactivate.com # NO_RESOLVE
rtb-oveeo.com # NO_RESOLVE
rtb-stack.com # NO_RESOLVE
rtb.mx # NO_RESOLVE
rtbanalytics.com # NO_RESOLVE
rtbbtr.com # NO_RESOLVE
rtbcdn.ru # TLD
rtbhouse.com # NO_RESOLVE
rtblab.net # NO_RESOLVE
rtbrain.app # NO_RESOLVE
rtbscale.com # NO_RESOLVE
rtbsuperhub.com # NO_RESOLVE
rtbsystem.com # NO_RESOLVE
rtbwave.com # NO_RESOLVE
rtbwise.com # NO_RESOLVE
rtcplus.com # NO_RESOLVE
rtcxyz.com # NO_RESOLVE
rtesvc.com # NO_RESOLVE
rtmark.net # NO_RESOLVE
rtus.dev # NO_RESOLVE
rtve.es # NO_RESOLVE
ru.com # NO_RESOLVE
ruangguru.com # NO_RESOLVE
rubiconproject.com # NO_RESOLVE
rubygems.org # NO_RESOLVE
ruckus.cloud # NO_RESOLVE
rudderlabs.com # NO_RESOLVE
ruijie.com.cn # NO_RESOLVE
ruijieyun.com # NO_RESOLVE
ruldin.cc # NO_RESOLVE
rule34video.com # NO_RESOLVE
ruliweb.com # NO_RESOLVE
rum-ingress-coralogix.com # NO_RESOLVE
rumah123.com # NO_RESOLVE
rumble.com # NO_RESOLVE
rumt-sg.com # NO_RESOLVE
rumt-zh.com # NO_RESOLVE
run.app # NO_RESOLVE
runative-syndicate.com # NO_RESOLVE
runbox.com # NO_RESOLVE
runescape.com # NO_RESOLVE
runescape.wiki # NO_RESOLVE
runnerspace.com # NO_RESOLVE
runpod.io # NO_RESOLVE
rust-lang.org # NO_RESOLVE
rustdesk.com # NO_RESOLVE
rustore.ru # TLD
rutarget.ru # TLD
rutracker.org # NO_RESOLVE
rutube.ru # TLD
rvikjd.com # NO_RESOLVE
ryanair.com # NO_RESOLVE
rylkngdm.com # NO_RESOLVE
rylmtch.com # NO_RESOLVE
rzd.ru # TLD
s-bol.com # NO_RESOLVE
s-microsoft.com # NO_RESOLVE
s-msedge.net # NO_RESOLVE
s-onetag.com # NO_RESOLVE
sa.com # NO_RESOLVE
saasexch.co # NO_RESOLVE
saasexch.com # NO_RESOLVE
saasexch.info # NO_RESOLVE
saawsedge.com # NO_RESOLVE
sabre.com # NO_RESOLVE
saby.ru # TLD
sacdnssedge.com # NO_RESOLVE
safebrowsing.apple # NO_RESOLVE
safedk.com # NO_RESOLVE
safer-networking.org # NO_RESOLVE
safersoftware.net # NO_RESOLVE
sagepub.com # NO_RESOLVE
sahibinden.com # NO_RESOLVE
sail-horizon.com # NO_RESOLVE
sail-personalize.com # NO_RESOLVE
sail-track.com # NO_RESOLVE
sailfishx.live # NO_RESOLVE
saksfifthavenue.com # NO_RESOLVE
salary.com # NO_RESOLVE
salecycle.com # NO_RESOLVE
salemove.com # NO_RESOLVE
salesforce-scrt.com # NO_RESOLVE
salesforce-setup.com # NO_RESOLVE
salesforce-sites.com # NO_RESOLVE
salesforce.com # NO_RESOLVE
salesforceliveagent.com # NO_RESOLVE
salesloft.com # NO_RESOLVE
salesmanago.com # NO_RESOLVE
salesmartly.com # NO_RESOLVE
salsify-ecdn.com # NO_RESOLVE
salsify.com # NO_RESOLVE
samba.tv # NO_RESOLVE
samokat.ru # TLD
samplicio.us # NO_RESOLVE
samqaicongen.com # NO_RESOLVE
samsara.com # NO_RESOLVE
samsclub.com # NO_RESOLVE
samsung-dict.com # NO_RESOLVE
samsung-gamelauncher.com # NO_RESOLVE
samsung-news.com # NO_RESOLVE
samsung-sm-ds.com # NO_RESOLVE
samsung.com.cn # NO_RESOLVE
samsungacr.com # NO_RESOLVE
samsungads.com # NO_RESOLVE
samsungapis.com # NO_RESOLVE
samsungapps.com # NO_RESOLVE
samsungcloud.com # NO_RESOLVE
samsungcloud.tv # NO_RESOLVE
samsungcloudcdn.com # NO_RESOLVE
samsungcloudplatform.com # NO_RESOLVE
samsungcloudsolution.com # NO_RESOLVE
samsungcloudsolution.net # NO_RESOLVE
samsungconsent.com # NO_RESOLVE
samsungdis.com # NO_RESOLVE
samsungdive.com # NO_RESOLVE
samsungdm.com # NO_RESOLVE
samsungdmroute.com # NO_RESOLVE
samsungelectronics.com # NO_RESOLVE
samsungenergydr.com # NO_RESOLVE
samsungglobalgoals.com # NO_RESOLVE
samsunggsl.com # NO_RESOLVE
samsunghealth.com # NO_RESOLVE
samsunghrm.com # NO_RESOLVE
samsungiotcloud.com # NO_RESOLVE
samsungknox.com # NO_RESOLVE
samsungmdec.com # NO_RESOLVE
samsungmobile.com # NO_RESOLVE
samsungnyc.com # NO_RESOLVE
samsungosp.com # NO_RESOLVE
samsungotn.net # NO_RESOLVE
samsungpass.com # NO_RESOLVE
samsungpositioning.com # NO_RESOLVE
samsungqbe.com # NO_RESOLVE
samsungrm.net # NO_RESOLVE
samsungrs.com # NO_RESOLVE
samsungsds.com # NO_RESOLVE
samsungsiminfo.com # NO_RESOLVE
samsungtv.plus # NO_RESOLVE
samsungvisioncloud.com # NO_RESOLVE
samsungweather.com # NO_RESOLVE
sandai.net # NO_RESOLVE
sandboxol.com # NO_RESOLVE
sangfor.com.cn # NO_RESOLVE
sanity.io # NO_RESOLVE
santander.com.br # NO_RESOLVE
sap.com # NO_RESOLVE
sape.ru # TLD
sapo.pt # NO_RESOLVE
sardine.ai # NO_RESOLVE
sas.com # NO_RESOLVE
sascdn.com # NO_RESOLVE
saudicoool.com # NO_RESOLVE
savana.com # NO_RESOLVE
saygames.io # NO_RESOLVE
sb-cd.com # NO_RESOLVE
sbb.ch # NO_RESOLVE
sbcglobal.net # NO_RESOLVE
sbcloud.us # NO_RESOLVE
sber.ru # TLD
sberbank-tele.com # NO_RESOLVE
sberbank.ru # TLD
sberdevices.ru # TLD
sbis.ru # TLD
sbixby.com # NO_RESOLVE
sbysat.com # NO_RESOLVE
sc-apps.com # NO_RESOLVE
sc-cdn.net # NO_RESOLVE
sc-gw.com # NO_RESOLVE
sc-prod.net # NO_RESOLVE
sc-static.net # NO_RESOLVE
scalibur.io # NO_RESOLVE
scarabresearch.com # NO_RESOLVE
scarmaca.com # NO_RESOLVE
scdn.co # NO_RESOLVE
scene7.com # NO_RESOLVE
sch.id # NO_RESOLVE
sch.uk # NO_RESOLVE
sched.com # NO_RESOLVE
scheels.com # NO_RESOLVE
schemaapp.com # NO_RESOLVE
schemastore.org # NO_RESOLVE
schwab.com # NO_RESOLVE
scielo.br # NO_RESOLVE
science.org # NO_RESOLVE
scienceconnect.io # NO_RESOLVE
sciencedirect.com # NO_RESOLVE
sciencedirectassets.com # NO_RESOLVE
scispace.com # NO_RESOLVE
scite.ai # NO_RESOLVE
scopely.io # NO_RESOLVE
scorecardresearch.com # NO_RESOLVE
screen.cloud # NO_RESOLVE
screencastify.com # NO_RESOLVE
screencloud.com # NO_RESOLVE
screenconnect.com # NO_RESOLVE
screencore.io # NO_RESOLVE
screenmeet.com # NO_RESOLVE
screwfix.com # NO_RESOLVE
scribd.com # NO_RESOLVE
scribdassets.com # NO_RESOLVE
script.ac # NO_RESOLVE
scw.cloud # NO_RESOLVE
sd-rtn.com # NO_RESOLVE
sddan.com # NO_RESOLVE
sdiapi.com # NO_RESOLVE
sdn.cz # NO_RESOLVE
se-platform.com # NO_RESOLVE
se.com # NO_RESOLVE
seaart.ai # NO_RESOLVE
seaart.me # NO_RESOLVE
seabank.co.id # NO_RESOLVE
seadform.net # NO_RESOLVE
seagate.com # NO_RESOLVE
sealsubscriptions.com # NO_RESOLVE
searchatlas.com # NO_RESOLVE
searchserverapi1.com # NO_RESOLVE
searchspring.io # NO_RESOLVE
searchy.io # NO_RESOLVE
sec-tunnel.com # NO_RESOLVE
sec.gov # NO_RESOLVE
secb2b.com # NO_RESOLVE
secomtrust.net # NO_RESOLVE
secondlife.com # NO_RESOLVE
secrets.ai # NO_RESOLVE
sectigo.com # NO_RESOLVE
secu100.net # NO_RESOLVE
securebrowser.com # NO_RESOLVE
securedvisit.com # NO_RESOLVE
secureprivacy.ai # NO_RESOLVE
secureserver.net # NO_RESOLVE
securestudies.com # NO_RESOLVE
securiti.ai # NO_RESOLVE
securityeco.com # NO_RESOLVE
securly.com # NO_RESOLVE
sedo.com # NO_RESOLVE
seedonk.com # NO_RESOLVE
seedtag.com # NO_RESOLVE
seeip.org # NO_RESOLVE
seek.com # NO_RESOLVE
seek.com.au # NO_RESOLVE
seekingalpha.com # NO_RESOLVE
seel.com # NO_RESOLVE
seenthis.se # NO_RESOLVE
seetong.com # NO_RESOLVE
segment.com # NO_RESOLVE
segment.io # NO_RESOLVE
segmentapis.com # NO_RESOLVE
segreencolumn.com # NO_RESOLVE
sektori.org # NO_RESOLVE
selcdn.net # NO_RESOLVE
semanticscholar.org # NO_RESOLVE
semasio.net # NO_RESOLVE
semrush.com # NO_RESOLVE
senat.fr # NO_RESOLVE
senate.gov # NO_RESOLVE
send-anywhere.com # NO_RESOLVE
sendbird.com # NO_RESOLVE
senderscore.com # NO_RESOLVE
sendgrid.net # NO_RESOLVE
sendpulse.com # NO_RESOLVE
sendsay.ru # TLD
sendtuna.com # NO_RESOLVE
senior.com.br # NO_RESOLVE
sense.com # NO_RESOLVE
sensibo.com # NO_RESOLVE
sensic.net # NO_RESOLVE
sensorsjourney.com # NO_RESOLVE
sentinelone.net # NO_RESOLVE
sentinelpro.com # NO_RESOLVE
sentry-cdn.com # NO_RESOLVE
sentry.io # NO_RESOLVE
seondfresolver.com # NO_RESOLVE
seondnsresolve.com # NO_RESOLVE
sephora.com # NO_RESOLVE
serasa.com.br # NO_RESOLVE
serasaexperian.com.br # NO_RESOLVE
serializd.com # NO_RESOLVE
sermonaudio.com # NO_RESOLVE
seroundprince.com # NO_RESOLVE
serpro.gov.br # NO_RESOLVE
servarr.com # NO_RESOLVE
servedbyadbutler.com # NO_RESOLVE
servenobid.com # NO_RESOLVE
server-k2cz.net # NO_RESOLVE
serverbid.com # NO_RESOLVE
serverdata.net # NO_RESOLVE
servereps.com # NO_RESOLVE
serveuser.com # NO_RESOLVE
servg1.net # NO_RESOLVE
service-now.com # NO_RESOLVE
service.gov.uk # NO_RESOLVE
servicecdn.ru # TLD
servicenow.com # NO_RESOLVE
servicenowservices.com # NO_RESOLVE
servicesadmedia.com # NO_RESOLVE
serving-sys.ru # TLD
servogram.io # NO_RESOLVE
seseasky.com # NO_RESOLVE
sesupdate.com # NO_RESOLVE
setrol.com # NO_RESOLVE
settingshelper.com # NO_RESOLVE
sex-studentki.team # NO_RESOLVE
sexchatters.com # NO_RESOLVE
sexvid.xxx # NO_RESOLVE
seznam.cz # NO_RESOLVE
sezzle.com # NO_RESOLVE
sfdcfc.net # NO_RESOLVE
sfmc-content.com # NO_RESOLVE
sfmc-marketing.com # NO_RESOLVE
sfr.net # NO_RESOLVE
sftcdn.net # NO_RESOLVE
sfx.ms # NO_RESOLVE
sg-light-edge.com # NO_RESOLVE
sgaas.net # NO_RESOLVE
sgameglobal.com # NO_RESOLVE
sgg.fi # NO_RESOLVE
sgmbocast.com # NO_RESOLVE
sgsnssdk.com # NO_RESOLVE
sgvafs.com # NO_RESOLVE
sh-tencentclb.com # NO_RESOLVE
shallspark.com # NO_RESOLVE
shalltry.com # NO_RESOLVE
shanghaiin.net # NO_RESOLVE
shanghaijob.net # NO_RESOLVE
share.google # NO_RESOLVE
shareaholic.com # NO_RESOLVE
sharechat.com # NO_RESOLVE
sharefile.com # NO_RESOLVE
sharefile.io # NO_RESOLVE
sharepoint.com # NO_RESOLVE
sharepoint.us # NO_RESOLVE
sharepointonline.com # NO_RESOLVE
sharethis.com # NO_RESOLVE
sharethis.net # NO_RESOLVE
sharethrough.com # NO_RESOLVE
sharkninja.com # NO_RESOLVE
shaw.ca # NO_RESOLVE
shb-sync.com # NO_RESOLVE
shegu.net # NO_RESOLVE
shein.com # NO_RESOLVE
shein.com.mx # NO_RESOLVE
sheincorp.cn # NO_RESOLVE
shell.com # NO_RESOLVE
shelly.cloud # NO_RESOLVE
shengboglobal.com # NO_RESOLVE
shenktgu26.com # NO_RESOLVE
shiabank.com # NO_RESOLVE
shifen.com # NO_RESOLVE
shiftapis.com # NO_RESOLVE
shiftdigitalapps.io # NO_RESOLVE
shinobi.jp # NO_RESOLVE
shixcam.com # NO_RESOLVE
shodan.io # NO_RESOLVE
shoonyacloud.com # NO_RESOLVE
shop.app # NO_RESOLVE
shop.pe # NO_RESOLVE
shopcider.com # NO_RESOLVE
shopdealsdaily.com # NO_RESOLVE
shopee.co.id # NO_RESOLVE
shopee.com # NO_RESOLVE
shopee.com.my # NO_RESOLVE
shopee.io # NO_RESOLVE
shopee.ph # NO_RESOLVE
shopee.sg # NO_RESOLVE
shopee.tw # NO_RESOLVE
shopee.vn # NO_RESOLVE
shopeemobile.com # NO_RESOLVE
shopeepay.co.id # NO_RESOLVE
shopeepay.com.br # NO_RESOLVE
shopify.ai # NO_RESOLVE
shopify.com # NO_RESOLVE
shopifyapps.com # NO_RESOLVE
shopifycdn.com # NO_RESOLVE
shopifyinc.com # NO_RESOLVE
shopifysvc.com # NO_RESOLVE
shoplazza.com # NO_RESOLVE
shoplive.cloud # NO_RESOLVE
shopmy.us # NO_RESOLVE
shortpixel.ai # NO_RESOLVE
shortpixel.com # NO_RESOLVE
shorttv.live # NO_RESOLVE
show-sb.com # NO_RESOLVE
shrkar.com # NO_RESOLVE
shtranssion.com # NO_RESOLVE
shuashuati.com # NO_RESOLVE
shutterfly.com # NO_RESOLVE
shutterstock.com # NO_RESOLVE
shyajio.com # NO_RESOLVE
si.com # NO_RESOLVE
si.edu # NO_RESOLVE
sibautomation.com # NO_RESOLVE
sichuantuyitech.com # NO_RESOLVE
sicoob.com.br # NO_RESOLVE
sicredi.com.br # NO_RESOLVE
sicredi.io # NO_RESOLVE
sider.ai # NO_RESOLVE
siege-amazon.com # NO_RESOLVE
siemens.com # NO_RESOLVE
sierra.chat # NO_RESOLVE
sift.com # NO_RESOLVE
siftscience.com # NO_RESOLVE
sigmaaldrich.com # NO_RESOLVE
sigmapop.com # NO_RESOLVE
sigmob.cn # NO_RESOLVE
signal.org # NO_RESOLVE
signalfx.com # NO_RESOLVE
signalhire.com # NO_RESOLVE
signalr.net # NO_RESOLVE
signifyd.com # NO_RESOLVE
sihuacloud.com # NO_RESOLVE
sildenafilbuybest.com # NO_RESOLVE
sildenafilbuybest.net # NO_RESOLVE
silverchair-cdn.com # NO_RESOLVE
simbad.pro # NO_RESOLVE
simcitybuildit.com # NO_RESOLVE
similarweb.com # NO_RESOLVE
simonsignal.com # NO_RESOLVE
simperium.com # NO_RESOLVE
simplecast.com # NO_RESOLVE
simplecastaudio.com # NO_RESOLVE
simplisafe.com # NO_RESOLVE
sina.com # NO_RESOLVE
sina.com.cn # NO_RESOLVE
sinaedge.com # NO_RESOLVE
sinaimg.cn # NO_RESOLVE
sinajs.cn # NO_RESOLVE
sinch.com # NO_RESOLVE
sinclairstoryline.com # NO_RESOLVE
singledance.xyz # NO_RESOLVE
singsw.com # NO_RESOLVE
singular.net # NO_RESOLVE
sinsay.com # NO_RESOLVE
sipgate.net # NO_RESOLVE
siplogin.de # NO_RESOLVE
sir90hl.com # NO_RESOLVE
siriusxm.com # NO_RESOLVE
sirsidynix.net # NO_RESOLVE
sirsidynix.net.au # NO_RESOLVE
sirv.com # NO_RESOLVE
site-config.com # NO_RESOLVE
site.com # NO_RESOLVE
site24x7.com # NO_RESOLVE
sitecorecloud.io # NO_RESOLVE
siteforce.com # NO_RESOLVE
siteimproveanalytics.com # NO_RESOLVE
siteimproveanalytics.io # NO_RESOLVE
sitelabweb.com # NO_RESOLVE
siteperformancetest.net # NO_RESOLVE
sitescout.com # NO_RESOLVE
sizebay.technology # NO_RESOLVE
sjtu.edu.cn # NO_RESOLVE
sjv.io # NO_RESOLVE
sjxydc.com # NO_RESOLVE
skated.co # NO_RESOLVE
skcrtxr.com # NO_RESOLVE
skeepers.io # NO_RESOLVE
sketchfab.com # NO_RESOLVE
sketchup.com # NO_RESOLVE
skimresources.com # NO_RESOLVE
skk.moe # NO_RESOLVE
skoda-auto.com # NO_RESOLVE
skool.com # NO_RESOLVE
skroutz.gr # NO_RESOLVE
sktorrent.eu # NO_RESOLVE
sky.com # NO_RESOLVE
sky.it # NO_RESOLVE
skycdp.com # NO_RESOLVE
skyegloup.com # NO_RESOLVE
skyhigh.cloud # NO_RESOLVE
skyhookwireless.com # NO_RESOLVE
skylinecreatorshub.com # NO_RESOLVE
skype.com # NO_RESOLVE
skypeassets.com # NO_RESOLVE
skypeforbusiness.com # NO_RESOLVE
skypicker.com # NO_RESOLVE
skyshowtime.com # NO_RESOLVE
skystone.games # NO_RESOLVE
skytigris.cn # NO_RESOLVE
skywayplatform.com # NO_RESOLVE
slack-edge.com # NO_RESOLVE
slack-imgs.com # NO_RESOLVE
slack.com # NO_RESOLVE
slackb.com # NO_RESOLVE
slashdot.org # NO_RESOLVE
slatic.net # NO_RESOLVE
sleepnumber.com # NO_RESOLVE
sleeptracker.com # NO_RESOLVE
slickstream.com # NO_RESOLVE
slideshare.net # NO_RESOLVE
slidesharecdn.com # NO_RESOLVE
slideteam.net # NO_RESOLVE
slim02.jp # NO_RESOLVE
sling.com # NO_RESOLVE
sm.cn # NO_RESOLVE
sma.de # NO_RESOLVE
smaato.net # NO_RESOLVE
smadex.com # NO_RESOLVE
smallpdf.com # NO_RESOLVE
smartadhi.com # NO_RESOLVE
smartadserver.com # NO_RESOLVE
smartcasttv.com # NO_RESOLVE
smartclip.net # NO_RESOLVE
smartcloudcon.com # NO_RESOLVE
smartico.ai # NO_RESOLVE
smartlook.cloud # NO_RESOLVE
smartlook.com # NO_RESOLVE
smartmailcloud.com # NO_RESOLVE
smartnews-ads.com # NO_RESOLVE
smartnews.be # NO_RESOLVE
smartnews.com # NO_RESOLVE
smartnews.net # NO_RESOLVE
smartocto.com # NO_RESOLVE
smartrecruiters.com # NO_RESOLVE
smartrg.com # NO_RESOLVE
smartsheet.com # NO_RESOLVE
smartsuppcdn.com # NO_RESOLVE
smartsuppchat.com # NO_RESOLVE
smartthings.com # NO_RESOLVE
smartytech.io # NO_RESOLVE
smartytouch.co # NO_RESOLVE
smct.co # NO_RESOLVE
smct.io # NO_RESOLVE
smi2.net # NO_RESOLVE
smi2.ru # TLD
smiirl.com # NO_RESOLVE
smile.io # NO_RESOLVE
smiles.com.br # NO_RESOLVE
smilewanted.com # NO_RESOLVE
smooch.io # NO_RESOLVE
smotrim.ru # TLD
smrtb.com # NO_RESOLVE
smtcdns.com # NO_RESOLVE
smtp2go.com # NO_RESOLVE
smzdm.com # NO_RESOLVE
snack-girl.com # NO_RESOLVE
snackvideo.com # NO_RESOLVE
snapchat.com # NO_RESOLVE
snapcraft.io # NO_RESOLVE
snapcraftcontent.com # NO_RESOLVE
snapfit.co.kr # NO_RESOLVE
snapmaker.com # NO_RESOLVE
snapp.site # NO_RESOLVE
snaptrckr.fun # NO_RESOLVE
snaptube.app # NO_RESOLVE
snarutox.com # NO_RESOLVE
sndcdn.com # NO_RESOLVE
sng.link # NO_RESOLVE
snigelweb.com # NO_RESOLVE
snow.me # NO_RESOLVE
snowflake.com # NO_RESOLVE
snplow.net # NO_RESOLVE
sns.id # NO_RESOLVE
snssdk.com # NO_RESOLVE
snyk.io # NO_RESOLVE
so.com # NO_RESOLVE
soax.com # NO_RESOLVE
socalifornian.live # NO_RESOLVE
soccerway.com # NO_RESOLVE
socdm.com # NO_RESOLVE
socialchain.app # NO_RESOLVE
socialpointgames.com # NO_RESOLVE
socure.io # NO_RESOLVE
sodareels.com # NO_RESOLVE
sofascore.com # NO_RESOLVE
softaculous.com # NO_RESOLVE
softbank.jp # NO_RESOLVE
softether-network.net # NO_RESOLVE
softonic.com # NO_RESOLVE
sogou.com # NO_RESOLVE
sohu.com # NO_RESOLVE
sohu01.com # NO_RESOLVE
sohucs.com # NO_RESOLVE
sojern.com # NO_RESOLVE
solana.com # NO_RESOLVE
solar-engine.com # NO_RESOLVE
solaredge.com # NO_RESOLVE
solarmanpv.com # NO_RESOLVE
solarweb.com # NO_RESOLVE
solarwinds.com # NO_RESOLVE
solidworks.com # NO_RESOLVE
solodcdn.com # NO_RESOLVE
soloway.ru # TLD
solseed.cn # NO_RESOLVE
some-tools.com # NO_RESOLVE
somplo.com # NO_RESOLVE
sonarr.tv # NO_RESOLVE
sonetel.com # NO_RESOLVE
sonetel.net # NO_RESOLVE
songtive.com # NO_RESOLVE
sonichits.com # NO_RESOLVE
sonicsads.com # NO_RESOLVE
sonnen.de # NO_RESOLVE
sonnenbatterie.de # NO_RESOLVE
sonobi.com # NO_RESOLVE
sonos.com # NO_RESOLVE
sony.com # NO_RESOLVE
sony.net # NO_RESOLVE
sony.tv # NO_RESOLVE
sonyliv.com # NO_RESOLVE
sooplive.com # NO_RESOLVE
sophi.io # NO_RESOLVE
sophos.com # NO_RESOLVE
sophosupd.com # NO_RESOLVE
sophosxl.net # NO_RESOLVE
sorokodin.co.uk # NO_RESOLVE
soso.com # NO_RESOLVE
sotwe.com # NO_RESOLVE
soufunimg.com # NO_RESOLVE
souh6.com # NO_RESOLVE
soulapp.cn # NO_RESOLVE
soundcloud.cloud # NO_RESOLVE
soundcloud.com # NO_RESOLVE
soundestlink.com # NO_RESOLVE
soundtrackyourbrand.com # NO_RESOLVE
sourcefire.com # NO_RESOLVE
sourceforge.net # NO_RESOLVE
sourceware.org # NO_RESOLVE
southasiabp.org # NO_RESOLVE
sovcloud.cn # NO_RESOLVE
sovcombank.ru # TLD
sp-trk.com # NO_RESOLVE
sp.gov.br # NO_RESOLVE
spac.me # NO_RESOLVE
spacex.com # NO_RESOLVE
spadsync.com # NO_RESOLVE
spalla.io # NO_RESOLVE
spamhaus.org # NO_RESOLVE
spankbang.com # NO_RESOLVE
sparkle0.com # NO_RESOLVE
sparkpostmail.com # NO_RESOLVE
sparteo.com # NO_RESOLVE
spb.ru # TLD
spbycdn.com # NO_RESOLVE
spectraguard.net # NO_RESOLVE
spectrum.com # NO_RESOLVE
spectrumvoip.com # NO_RESOLVE
speechify.com # NO_RESOLVE
speedcheckerapi.com # NO_RESOLVE
speedcurve.com # NO_RESOLVE
speedof.me # NO_RESOLVE
speedsmart.net # NO_RESOLVE
speedsonar.com # NO_RESOLVE
speedtest.net # NO_RESOLVE
speedtestcustom.com # NO_RESOLVE
spendsdetachment.com # NO_RESOLVE
spglobal.com # NO_RESOLVE
spiceworks.com # NO_RESOLVE
spiegel.de # NO_RESOLVE
spigotmc.org # NO_RESOLVE
splashid.com # NO_RESOLVE
splashtop.com # NO_RESOLVE
splashtop.eu # NO_RESOLVE
splice.com # NO_RESOLVE
split.io # NO_RESOLVE
splunk.com # NO_RESOLVE
splunkcloud.com # NO_RESOLVE
spo-msedge.net # NO_RESOLVE
spokeo.com # NO_RESOLVE
spoofer.us # NO_RESOLVE
spoonflower.com # NO_RESOLVE
sporthub.bet # NO_RESOLVE
sportngin.com # NO_RESOLVE
sportradar.com # NO_RESOLVE
sportradarserving.com # NO_RESOLVE
sports.ru # TLD
sportsapi.ru # TLD
sportskeeda.com # NO_RESOLVE
sportsnow.top # NO_RESOLVE
sportsseier.com # NO_RESOLVE
sportybet.com # NO_RESOLVE
spotify.dev # NO_RESOLVE
spotify.net # NO_RESOLVE
spotifycdn.com # NO_RESOLVE
spov-msedge.net # NO_RESOLVE
spreadshirtmedia.net # NO_RESOLVE
spreaker.com # NO_RESOLVE
spribegaming.com # NO_RESOLVE
sprig.com # NO_RESOLVE
springer.com # NO_RESOLVE
springlightcfl.com # NO_RESOLVE
springserve.com # NO_RESOLVE
sprinklr.com # NO_RESOLVE
sprint.com # NO_RESOLVE
sproutsocial.com # NO_RESOLVE
sptag2.com # NO_RESOLVE
sptpub.com # NO_RESOLVE
sqspcdn.com # NO_RESOLVE
square-enix.com # NO_RESOLVE
squarecdn.com # NO_RESOLVE
squarespace-cdn.com # NO_RESOLVE
squarespace.com # NO_RESOLVE
squareup.com # NO_RESOLVE
squidapp.co # NO_RESOLVE
srmdata-eur.com # NO_RESOLVE
srmdata-us.com # NO_RESOLVE
srmdata.com # NO_RESOLVE
srv.br # NO_RESOLVE
sscdn.co # NO_RESOLVE
ssense.com # NO_RESOLVE
ssg.com # NO_RESOLVE
ssiloc.com # NO_RESOLVE
ssl-images-amazon.com # NO_RESOLVE
ssl.com # NO_RESOLVE
sslip.io # NO_RESOLVE
ssmas.com # NO_RESOLVE
sso-fh.com # NO_RESOLVE
sspinc.io # NO_RESOLVE
sspnet.tech # NO_RESOLVE
ssrn.com # NO_RESOLVE
ssyxpo.cn # NO_RESOLVE
st-hatena.com # NO_RESOLVE
st.com # NO_RESOLVE
stablediffusionweb.com # NO_RESOLVE
stackadapt.com # NO_RESOLVE
stackexchange.com # NO_RESOLVE
stackoverflow.com # NO_RESOLVE
stake.com # NO_RESOLVE
stalkoda.com # NO_RESOLVE
stamped.io # NO_RESOLVE
standardnotes.com # NO_RESOLVE
standsapp.org # NO_RESOLVE
stanford.edu # NO_RESOLVE
stape.io # NO_RESOLVE
stapecdn.com # NO_RESOLVE
staples.com # NO_RESOLVE
star4live.com # NO_RESOLVE
starbucks.com # NO_RESOLVE
stardust-tv.com # NO_RESOLVE
stardustgod.com # NO_RESOLVE
starfieldtech.com # NO_RESOLVE
starline.ru # TLD
starlink.com # NO_RESOLVE
starlink.in # NO_RESOLVE
starmakerstudios.com # NO_RESOLVE
starott.com # NO_RESOLVE
starrydyn.com # NO_RESOLVE
starshield.com # NO_RESOLVE
startappelb.com # NO_RESOLVE
startappnetwork.com # NO_RESOLVE
startappservice.com # NO_RESOLVE
startpage.com # NO_RESOLVE
statcounter.com # NO_RESOLVE
state.gov # NO_RESOLVE
statefarm.com # NO_RESOLVE
static-swaven.com # NO_RESOLVE
static.microsoft # NO_RESOLVE
static.pub # NO_RESOLVE
statically.io # NO_RESOLVE
staticdj.com # NO_RESOLVE
staticflickr.com # NO_RESOLVE
staticontent.com # NO_RESOLVE
statinside.com # NO_RESOLVE
statisticslinks.com # NO_RESOLVE
stats.cc # NO_RESOLVE
stats.fm # NO_RESOLVE
statscore.com # NO_RESOLVE
statsig.com # NO_RESOLVE
statsigapi.net # NO_RESOLVE
statsigcdn.com # NO_RESOLVE
statuspage.io # NO_RESOLVE
stay22.com # NO_RESOLVE
stayfreeapps.com # NO_RESOLVE
stbid.ru # TLD
stealth.si # NO_RESOLVE
steam-chat.com # NO_RESOLVE
steamcommunity.com # NO_RESOLVE
steamconnecttest.com # NO_RESOLVE
steamcontent.com # NO_RESOLVE
steaminventoryhelper.com # NO_RESOLVE
steampowered.com # NO_RESOLVE
steampunk-fr.com # NO_RESOLVE
steamserver.net # NO_RESOLVE
steamstatic.com # NO_RESOLVE
steamusercontent.com # NO_RESOLVE
steelseries.com # NO_RESOLVE
stengahaiger.qpon # NO_RESOLVE
stickify-api.com # NO_RESOLVE
stickyadstv.com # NO_RESOLVE
stingray.com # NO_RESOLVE
stockbit.com # NO_RESOLVE
stocktwits.com # NO_RESOLVE
stockx.com # NO_RESOLVE
stone.com.br # NO_RESOLVE
storage-yahoo.jp # NO_RESOLVE
storageimagedisplay.com # NO_RESOLVE
storagejsstrategiesfabulous.com # NO_RESOLVE
storagexhd.com # NO_RESOLVE
storjapi.io # NO_RESOLVE
storjshare.io # NO_RESOLVE
stormshieldcs.eu # NO_RESOLVE
storyblok.com # NO_RESOLVE
storygize.net # NO_RESOLVE
storyly.io # NO_RESOLVE
storyreel.life # NO_RESOLVE
stratoserver.net # NO_RESOLVE
stream-io-api.com # NO_RESOLVE
streamelements.com # NO_RESOLVE
streamlabs.com # NO_RESOLVE
streamrail.com # NO_RESOLVE
streamtheworld.com # NO_RESOLVE
strem.io # NO_RESOLVE
stretchoid.com # NO_RESOLVE
stripchat.com # NO_RESOLVE
stripchatgirls.com # NO_RESOLVE
stripe.com # NO_RESOLVE
stripe.network # NO_RESOLVE
stripecdn.com # NO_RESOLVE
stripst.com # NO_RESOLVE
strpssts-ana.com # NO_RESOLVE
strpst.com # NO_RESOLVE
struxurewarecloud.com # NO_RESOLVE
stspg-customer.com # NO_RESOLVE
stubhub.com # NO_RESOLVE
studilka.ru # TLD
studocu.com # NO_RESOLVE
studyquicks.com # NO_RESOLVE
stumbleguys.com # NO_RESOLVE
stvidtest.net # NO_RESOLVE
stylevana.com # NO_RESOLVE
stylitics.com # NO_RESOLVE
stytch.com # NO_RESOLVE
su89-cdn.net # NO_RESOLVE
suanovela.com # NO_RESOLVE
submitdata.top # NO_RESOLVE
subsplease.org # NO_RESOLVE
substackcdn.com # NO_RESOLVE
suddenlink.net # NO_RESOLVE
sugggest.com # NO_RESOLVE
sui.io # NO_RESOLVE
summerbeestest.work # NO_RESOLVE
sumologic.com # NO_RESOLVE
sumup.com # NO_RESOLVE
sunbiz.org # NO_RESOLVE
sundaysky.com # NO_RESOLVE
sunet.se # NO_RESOLVE
suning.cn # NO_RESOLVE
suning.com # NO_RESOLVE
sunmedia.tv # NO_RESOLVE
sunmi.com # NO_RESOLVE
sunnypingdrink.com # NO_RESOLVE
sunnyportal.com # NO_RESOLVE
suno.ai # NO_RESOLVE
suno.com # NO_RESOLVE
supabase.co # NO_RESOLVE
superbet.bet.br # NO_RESOLVE
supercdn.ru # TLD
supercell.com # NO_RESOLVE
superops.ai # NO_RESOLVE
superpages.com # NO_RESOLVE
superproxy.io # NO_RESOLVE
supersonicads.com # NO_RESOLVE
superwall.com # NO_RESOLVE
superwall.me # NO_RESOLVE
supplyframe.com # NO_RESOLVE
supportview.com # NO_RESOLVE
surfboardconnect.com # NO_RESOLVE
surfsharkstatus.com # NO_RESOLVE
surrit.com # NO_RESOLVE
survata.com # NO_RESOLVE
surveymonkey.com # NO_RESOLVE
survicate-cdn.com # NO_RESOLVE
sury.org # NO_RESOLVE
suse.com # NO_RESOLVE
susercontent.com # NO_RESOLVE
sutochno.ru # TLD
sutteriny0device.buzz # NO_RESOLVE
suumo.jp # NO_RESOLVE
svc.ms # NO_RESOLVE
svcmot.com # NO_RESOLVE
sve.cc # NO_RESOLVE
svr-algorix.com # NO_RESOLVE
swann.com # NO_RESOLVE
swannsecurity.com # NO_RESOLVE
swarmcloud.org # NO_RESOLVE
swaven.com # NO_RESOLVE
sway-cdn.com # NO_RESOLVE
sway-extensions.com # NO_RESOLVE
sway.com # NO_RESOLVE
sweatco.in # NO_RESOLVE
sweb.ru # TLD
sweet.tv # NO_RESOLVE
swgoh.gg # NO_RESOLVE
swi-rc.com # NO_RESOLVE
swift.com # NO_RESOLVE
swiftgram.app # NO_RESOLVE
swiftkey.com # NO_RESOLVE
swiggy.com # NO_RESOLVE
swishapps.ai # NO_RESOLVE
swisscircle-member.ch # NO_RESOLVE
swisscircle.ch # NO_RESOLVE
swisssign.net # NO_RESOLVE
switchbot.net # NO_RESOLVE
swrve.com # NO_RESOLVE
swypeconnect.com # NO_RESOLVE
sybo.net # NO_RESOLVE
symantec.com # NO_RESOLVE
symantecliveupdate.com # NO_RESOLVE
symcb.com # NO_RESOLVE
symcd.com # NO_RESOLVE
sync.com # NO_RESOLVE
syncingbridge.com # NO_RESOLVE
syncromsp.com # NO_RESOLVE
synctrack.io # NO_RESOLVE
syndicatedsearch.goog # NO_RESOLVE
syndigo.cloud # NO_RESOLVE
syndigo.com # NO_RESOLVE
synology.com # NO_RESOLVE
synology.me # NO_RESOLVE
synologydownload.com # NO_RESOLVE
synologyupdate.com # NO_RESOLVE
synthclick.com # NO_RESOLVE
sysco.com # NO_RESOLVE
sysnov.cc # NO_RESOLVE
system-monitor.com # NO_RESOLVE
sytes.net # NO_RESOLVE
sz.kz # TLD
szallasguru.hu # NO_RESOLVE
szbboys.com # NO_RESOLVE
szjlearn.com # NO_RESOLVE
szn.cz # NO_RESOLVE
t-3-g-0.com # NO_RESOLVE
t-bank-app.su # TLD
t-ipconnect.de # NO_RESOLVE
t-mobile.com # NO_RESOLVE
t-msedge.net # NO_RESOLVE
t-online.de # NO_RESOLVE
t-ru.org # NO_RESOLVE
t-s1-msedge.net # NO_RESOLVE
t-static.ru # TLD
t.co # NO_RESOLVE
t.me # NO_RESOLVE
t13.io # NO_RESOLVE
t2.ru # TLD
t2rytwsha.com # NO_RESOLVE
tabelog.com # NO_RESOLVE
tableau.com # NO_RESOLVE
tableausoftware.com # NO_RESOLVE
tabletcaptiveportal.com # NO_RESOLVE
taboola-display.com # NO_RESOLVE
taboola-ocm.com # NO_RESOLVE
taboola.com # NO_RESOLVE
taboolanews.com # NO_RESOLVE
tabor.ru # TLD
tacdn.com # NO_RESOLVE
tacticalrmm.io # NO_RESOLVE
tadex.id # NO_RESOLVE
tagcommander.com # NO_RESOLVE
tagdeliver.com # NO_RESOLVE
tagesschau.de # NO_RESOLVE
taggstar.com # NO_RESOLVE
tagsrvcs.com # NO_RESOLVE
tailscale.com # NO_RESOLVE
tailscale.io # NO_RESOLVE
tailtarget.com # NO_RESOLVE
tailwindcss.com # NO_RESOLVE
takealot.com # NO_RESOLVE
takeaway.com # NO_RESOLVE
talent.com # NO_RESOLVE
talkdeskapp.com # NO_RESOLVE
talkie-ai.com # NO_RESOLVE
talon-sec.com # NO_RESOLVE
tamtam.chat # NO_RESOLVE
tamu.edu # NO_RESOLVE
tandem.net # NO_RESOLVE
tandfonline.com # NO_RESOLVE
tange365.com # NO_RESOLVE
tangia.co # NO_RESOLVE
tangled.org # NO_RESOLVE
tango.me # NO_RESOLVE
tangooserver.com # NO_RESOLVE
tanium.com # NO_RESOLVE
tantanapp.com # NO_RESOLVE
tanx.com # NO_RESOLVE
taobao.com # NO_RESOLVE
tapad.com # NO_RESOLVE
tapatalk.com # NO_RESOLVE
tapecontent.net # NO_RESOLVE
tapimg.com # NO_RESOLVE
tapioni.com # NO_RESOLVE
tapjoy.com # NO_RESOLVE
tappx.com # NO_RESOLVE
tapsell.ir # NO_RESOLVE
tapsi.ir # NO_RESOLVE
taptapnetworks.com # NO_RESOLVE
target.com # NO_RESOLVE
targetads.io # NO_RESOLVE
targetimg1.com # NO_RESOLVE
tatstm.com # NO_RESOLVE
tatum.io # NO_RESOLVE
tawk.to # NO_RESOLVE
taxssp.com # NO_RESOLVE
taz.bz # NO_RESOLVE
tb12367.com # NO_RESOLVE
tbank.ru # TLD
tbcache.com # NO_RESOLVE
tcdb.com # NO_RESOLVE
tcdn.com.br # NO_RESOLVE
tcdnlive.com # NO_RESOLVE
tcgplayer.com # NO_RESOLVE
tcl.com # NO_RESOLVE
tclking.com # NO_RESOLVE
tcllauncher.com # NO_RESOLVE
tct-rom.com # NO_RESOLVE
td.com # NO_RESOLVE
tdatamaster.com # NO_RESOLVE
tdnsstic1.cn # NO_RESOLVE
tdnsv5.com # NO_RESOLVE
tdnsv6.com # NO_RESOLVE
tdnsvod1.cn # NO_RESOLVE
tds.bid # NO_RESOLVE
teachable.com # NO_RESOLVE
teads-xo.com # NO_RESOLVE
teads.tv # NO_RESOLVE
tealiumiq.com # NO_RESOLVE
teams-msedge.net # NO_RESOLVE
teamspeak.com # NO_RESOLVE
teamunwind.com # NO_RESOLVE
teamviewer.com # NO_RESOLVE
tebex.io # NO_RESOLVE
tec.br # NO_RESOLVE
techlab-cdn.com # NO_RESOLVE
technopartner.com.br # NO_RESOLVE
technoratimedia.com # NO_RESOLVE
techsmith.com # NO_RESOLVE
techsterowniki.pl # NO_RESOLVE
teepublic.com # NO_RESOLVE
telecid.ru # TLD
telecomitalia.it # NO_RESOLVE
telecomsvc.com # NO_RESOLVE
telefonica.com # NO_RESOLVE
telefonica.de # NO_RESOLVE
telegra.ph # NO_RESOLVE
telegram.me # NO_RESOLVE
telegram.org # NO_RESOLVE
telegraph.co.uk # NO_RESOLVE
telekom.de # NO_RESOLVE
telemetr.io # NO_RESOLVE
telenet.be # NO_RESOLVE
teleparty.com # NO_RESOLVE
telephony.goog # NO_RESOLVE
teleport.media # NO_RESOLVE
telesco.pe # NO_RESOLVE
telia.com # NO_RESOLVE
teloce.cc # NO_RESOLVE
telstra.com # NO_RESOLVE
telus.com # NO_RESOLVE
temp-mail.io # NO_RESOLVE
temp-mail.org # NO_RESOLVE
temu.com # NO_RESOLVE
temucdn.com # NO_RESOLVE
tenable.com # NO_RESOLVE
tencent-cloud.com # NO_RESOLVE
tencent-cloud.net # NO_RESOLVE
tencent.com # NO_RESOLVE
tencentclb.com # NO_RESOLVE
tencentcos.cn # NO_RESOLVE
tencentcs.com # NO_RESOLVE
tencentmusic.com # NO_RESOLVE
tenda.com.cn # NO_RESOLVE
tendplatform.com # NO_RESOLVE
tenjin.com # NO_RESOLVE
tenjin.io # NO_RESOLVE
tennisi.kz # TLD
tenor.com # NO_RESOLVE
tentvs.com # NO_RESOLVE
tepolmir.com # NO_RESOLVE
tera.space # NO_RESOLVE
terabox.com # NO_RESOLVE
termius.com # NO_RESOLVE
termly.io # NO_RESOLVE
terra.com.br # NO_RESOLVE
tesco.com # NO_RESOLVE
tesla.com # NO_RESOLVE
tesla.services # NO_RESOLVE
tesorf.com # NO_RESOLVE
tesseractcloud.com # NO_RESOLVE
test-ipv6.com # NO_RESOLVE
testmy.net # NO_RESOLVE
testr1.com # NO_RESOLVE
texas.gov # NO_RESOLVE
texiggoooysf.com # NO_RESOLVE
textexpander.com # NO_RESOLVE
textnow.me # NO_RESOLVE
tf4srv.com # NO_RESOLVE
tgalileo.com # NO_RESOLVE
tgstat.ru # TLD
thawte.com # NO_RESOLVE
thdstatic.com # NO_RESOLVE
the-ozone-project.com # NO_RESOLVE
theadex.com # NO_RESOLVE
theathletic.com # NO_RESOLVE
thebackend.io # NO_RESOLVE
thecatmachine.com # NO_RESOLVE
thecontentserver.com # NO_RESOLVE
thedd.online # NO_RESOLVE
theengagelab.com # NO_RESOLVE
thefreedictionary.com # NO_RESOLVE
theguardian.com # NO_RESOLVE
thekingtool.com # NO_RESOLVE
theknot.com # NO_RESOLVE
themoneytizer.com # NO_RESOLVE
themoviedb.org # NO_RESOLVE
themsic.com # NO_RESOLVE
theoks.net # NO_RESOLVE
theoplayer.com # NO_RESOLVE
theplatform.eu # NO_RESOLVE
thepoizon.ru # TLD
thepure.app # NO_RESOLVE
therarbg.com # NO_RESOLVE
therarbg.to # NO_RESOLVE
therealreal.com # NO_RESOLVE
thermofisher.com # NO_RESOLVE
thescore.com # NO_RESOLVE
theshow.com # NO_RESOLVE
thespacemachines.st # NO_RESOLVE
thestorygraph.com # NO_RESOLVE
thesun.co.uk # NO_RESOLVE
thetrainline.com # NO_RESOLVE
thetrihub.com # NO_RESOLVE
thetvdb.com # NO_RESOLVE
theweathernetwork.com # NO_RESOLVE
thewsoral.com # NO_RESOLVE
thexem.info # NO_RESOLVE
thieme-connect.com # NO_RESOLVE
thinkdifferent.us # NO_RESOLVE
thinkific.com # NO_RESOLVE
thinkingdata.cn # NO_RESOLVE
thisisdax.com # NO_RESOLVE
thisvid.com # NO_RESOLVE
thomsonreuters.com # NO_RESOLVE
thousandeyes.com # NO_RESOLVE
thpagency.com # NO_RESOLVE
threads.com # NO_RESOLVE
threads.net # NO_RESOLVE
threatdown.com # NO_RESOLVE
threatlocker.com # NO_RESOLVE
threatseeker.com # NO_RESOLVE
thredup.com # NO_RESOLVE
thrilltrek.com # NO_RESOLVE
thrtle.com # NO_RESOLVE
thscprts.com # NO_RESOLVE
thunderbird.net # NO_RESOLVE
ti.com # NO_RESOLVE
ti.live # NO_RESOLVE
tianwenca.com # NO_RESOLVE
ticketmaster.co.uk # NO_RESOLVE
ticketmaster.com # NO_RESOLVE
ticktick.com # NO_RESOLVE
tidal.com # NO_RESOLVE
tidio.co # NO_RESOLVE
tiendanube.com # NO_RESOLVE
tik.porn # NO_RESOLVE
tiket.com # NO_RESOLVE
tiktok-max.com # NO_RESOLVE
tiktok-minis.com # NO_RESOLVE
tiktok-minis.us # NO_RESOLVE
tiktok-row.net # NO_RESOLVE
tiktok.com # NO_RESOLVE
tiktokcdn-eu.com # NO_RESOLVE
tiktokcdn-us.com # NO_RESOLVE
tiktokcdn.com # NO_RESOLVE
tiktokeu-cdn.com # NO_RESOLVE
tiktokglobalshopv.com # NO_RESOLVE
tiktoklb.eu # NO_RESOLVE
tiktokmod.pro # NO_RESOLVE
tiktokpangle-cdn-us.com # NO_RESOLVE
tiktokpangle.us # NO_RESOLVE
tiktokrow-cdn.com # NO_RESOLVE
tiktokshop.com # NO_RESOLVE
tiktokshopglobalselling.com # NO_RESOLVE
tiktokstaticb.com # NO_RESOLVE
tiktokv.com # NO_RESOLVE
tiktokv.eu # NO_RESOLVE
tiktokv.us # NO_RESOLVE
tiktokw.eu # NO_RESOLVE
tiktokw.us # NO_RESOLVE
tildaapi.com # NO_RESOLVE
tildacdn.com # NO_RESOLVE
tile-api.com # NO_RESOLVE
timbrasil.com.br # NO_RESOLVE
time.com # NO_RESOLVE
time.edu.cn # NO_RESOLVE
timeanddate.com # NO_RESOLVE
timeappmarketing.com # NO_RESOLVE
timelineimages.com # NO_RESOLVE
timeweb.ru # TLD
tingot.com # NO_RESOLVE
tinkoff.ru # TLD
tiny.cloud # NO_RESOLVE
tinypass.com # NO_RESOLVE
tinyurl.com # NO_RESOLVE
tipranks.com # NO_RESOLVE
tiqcdn.com # NO_RESOLVE
tistory.com # NO_RESOLVE
titan.email # NO_RESOLVE
titanos.tv # NO_RESOLVE
tivo.com # NO_RESOLVE
tivoservice.com # NO_RESOLVE
tizen.org # NO_RESOLVE
tjk-njk.com # NO_RESOLVE
tk0x1.com # NO_RESOLVE
tkpusjc86.com # NO_RESOLVE
tlauncher.org # NO_RESOLVE
tleechreload.org # NO_RESOLVE
tlivecdn.com # NO_RESOLVE
tlivepush.com # NO_RESOLVE
tlivesdk.com # NO_RESOLVE
tlivesource.com # NO_RESOLVE
tlxbw.xyz # NO_RESOLVE
tm-awx.com # NO_RESOLVE
tm-azurefd.net # NO_RESOLVE
tmall.com # NO_RESOLVE
tmbid.com # NO_RESOLVE
tmdb.org # NO_RESOLVE
tmiaf.ru # TLD
tmobile-digital.com # NO_RESOLVE
tmobile.com # NO_RESOLVE
tmtreader.com # NO_RESOLVE
tnaflix.com # NO_RESOLVE
tnapplications.com # NO_RESOLVE
tnedi.me # NO_RESOLVE
tns-counter.ru # TLD
tnt-ea.com # NO_RESOLVE
toast.com # NO_RESOLVE
toasttab.com # NO_RESOLVE
tobsnssdk.com # NO_RESOLVE
tocaboca.com # NO_RESOLVE
tochka.com # NO_RESOLVE
todesktop.com # NO_RESOLVE
todoist.com # NO_RESOLVE
todyl.com # NO_RESOLVE
tokbox.com # NO_RESOLVE
tokenex.com # NO_RESOLVE
tokopedia-static.net # NO_RESOLVE
tokopedia.com # NO_RESOLVE
tokopedia.net # NO_RESOLVE
tokopediax.com # NO_RESOLVE
tomtom.com # NO_RESOLVE
ton.org # NO_RESOLVE
tonapi.io # NO_RESOLVE
toncenter.com # NO_RESOLVE
tongdun.net # NO_RESOLVE
toobm8.com # NO_RESOLVE
toolforge.org # NO_RESOLVE
toolmatrix.plus # NO_RESOLVE
toonblast.net # NO_RESOLVE
top100.ru # TLD
top10place.com # NO_RESOLVE
toponepp.com # NO_RESOLVE
toptop.net # NO_RESOLVE
toranet.jp # NO_RESOLVE
torbox.app # NO_RESOLVE
torrentclub.online # NO_RESOLVE
torrentdownload.info # NO_RESOLVE
torrentleech.org # NO_RESOLVE
torzor.com # NO_RESOLVE
tospotify.com # NO_RESOLVE
toss.im # NO_RESOLVE
tostarsbuilding.com # NO_RESOLVE
totalbattle.com # NO_RESOLVE
totallyacdn.com # NO_RESOLVE
touchstatistics.com # NO_RESOLVE
toutiao.com # NO_RESOLVE
toutiaoapi.com # NO_RESOLVE
toutiaoimg.com # NO_RESOLVE
toutiaostatic.com # NO_RESOLVE
tower.jp # NO_RESOLVE
townnews.com # NO_RESOLVE
toyhou.se # NO_RESOLVE
toyota.com # NO_RESOLVE
tp-link.com # NO_RESOLVE
tpbid.com # NO_RESOLVE
tpd-soe.com # NO_RESOLVE
tplink.com # NO_RESOLVE
tplinkcloud.com # NO_RESOLVE
tplinkcloud.com.cn # NO_RESOLVE
tplinknbu.com # NO_RESOLVE
tplinkra.com # NO_RESOLVE
tpmn.co.kr # NO_RESOLVE
tpmn.io # NO_RESOLVE
tpv-analytics.com # NO_RESOLVE
tpvisim.com # NO_RESOLVE
tq-tungsten.com # NO_RESOLVE
tra-eo.com # NO_RESOLVE
trabajo.org # NO_RESOLVE
trace-flow.ru # TLD
trackcmp.net # NO_RESOLVE
tracker.cl # NO_RESOLVE
tracker.gg # NO_RESOLVE
tracker.ink # NO_RESOLVE
tracker.wf # NO_RESOLVE
trackerlist.xyz # NO_RESOLVE
trackier.io # NO_RESOLVE
trackifyy.com # NO_RESOLVE
trackjs.com # NO_RESOLVE
trackwilltrk.com # NO_RESOLVE
tracookiepixel.xyz # NO_RESOLVE
tradedoubler.com # NO_RESOLVE
tradeinn.com # NO_RESOLVE
trademarkia.com # NO_RESOLVE
tradingview-widget.com # NO_RESOLVE
tradingview.com # NO_RESOLVE
tradplusad.com # NO_RESOLVE
trae.ai # NO_RESOLVE
trae.com.cn # NO_RESOLVE
traeapi.us # NO_RESOLVE
traelix.com # NO_RESOLVE
traffaret.com # NO_RESOLVE
trafficdeposit.com # NO_RESOLVE
trafficguard.ai # NO_RESOLVE
traffichaus.com # NO_RESOLVE
trafficjunky.com # NO_RESOLVE
trafficjunky.net # NO_RESOLVE
trafficmanager.cn # NO_RESOLVE
trafficmanager.net # NO_RESOLVE
trafficstars.com # NO_RESOLVE
traffmonetizer.com # NO_RESOLVE
traincdn.com # NO_RESOLVE
trakt.tv # NO_RESOLVE
tranplanet.com # NO_RESOLVE
transacme.com # NO_RESOLVE
transcend-cdn.com # NO_RESOLVE
transcend.io # NO_RESOLVE
transfermarkt.com # NO_RESOLVE
transfermarkt.technology # NO_RESOLVE
transformativeworks.org # NO_RESOLVE
translasion.com # NO_RESOLVE
translate.goog # NO_RESOLVE
transmissionbt.com # NO_RESOLVE
transmit.live # NO_RESOLVE
transsion-message.com # NO_RESOLVE
transsion-os.com # NO_RESOLVE
transsion.com # NO_RESOLVE
trasping.com # NO_RESOLVE
trasre.com # NO_RESOLVE
trassir.com # NO_RESOLVE
travel-assets.com # NO_RESOLVE
travelaudience.com # NO_RESOLVE
travelmyth.com # NO_RESOLVE
traveltowngame.net # NO_RESOLVE
trbcdn.net # NO_RESOLVE
treasuredata.com # NO_RESOLVE
treasury.gov # NO_RESOLVE
trees4sale.net # NO_RESOLVE
trellix.com # NO_RESOLVE
trello.com # NO_RESOLVE
tremorhub.com # NO_RESOLVE
trendmd.com # NO_RESOLVE
trendmicro.co.jp # NO_RESOLVE
trendmicro.com # NO_RESOLVE
trendyol.com # NO_RESOLVE
tresensa.com # NO_RESOLVE
trezor.io # NO_RESOLVE
trialhd.com # NO_RESOLVE
tribalfusion.com # NO_RESOLVE
tribuna.com # NO_RESOLVE
tribunnews.com # NO_RESOLVE
trimble.com # NO_RESOLVE
trinitydesktop.org # NO_RESOLVE
trinitymedia.ai # NO_RESOLVE
trione.cc # NO_RESOLVE
trip.com # NO_RESOLVE
tripadvisor.com # NO_RESOLVE
tripcdn.com # NO_RESOLVE
tripledotapi.com # NO_RESOLVE
tripo3d.ai # NO_RESOLVE
tripongle.com # NO_RESOLVE
triptease.io # NO_RESOLVE
tritondigital.com # NO_RESOLVE
trivago.com # NO_RESOLVE
trkcliq.com # NO_RESOLVE
trkn.us # NO_RESOLVE
trongrid.io # NO_RESOLVE
tronscanapi.com # NO_RESOLVE
trovaprezzi.it # NO_RESOLVE
troywell.org # NO_RESOLVE
trpcdn.net # NO_RESOLVE
trtcube-license.cn # NO_RESOLVE
tru.am # NO_RESOLVE
trueachievements.com # NO_RESOLVE
trueanthem.com # NO_RESOLVE
truecaller.com # NO_RESOLVE
truecallerstatic.com # NO_RESOLVE
truefitcorp.com # NO_RESOLVE
truenas.com # NO_RESOLVE
truepeoplesearch.com # NO_RESOLVE
trumpary.com # NO_RESOLVE
trustarc.com # NO_RESOLVE
trustburn.com # NO_RESOLVE
trustcommander.net # NO_RESOLVE
truste.com # NO_RESOLVE
trustedshops.com # NO_RESOLVE
trustedsite.com # NO_RESOLVE
trustedstack.com # NO_RESOLVE
trusteer.com # NO_RESOLVE
trustindex.io # NO_RESOLVE
trustlook.com # NO_RESOLVE
trustpilot.com # NO_RESOLVE
trustpilot.net # NO_RESOLVE
trustvox.com.br # NO_RESOLVE
trustwallet.com # NO_RESOLVE
trustx.org # NO_RESOLVE
truthfinder.com # NO_RESOLVE
truthsocial.com # NO_RESOLVE
truvidplayer.com # NO_RESOLVE
trvdp.com # NO_RESOLVE
trvl-media.com # NO_RESOLVE
trybloomstudio.com # NO_RESOLVE
trycloudflare.com # NO_RESOLVE
tryfi.com # NO_RESOLVE
tryhackx.org # NO_RESOLVE
tsdtocl.com # NO_RESOLVE
tsinghua.edu.cn # NO_RESOLVE
ttcache.com # NO_RESOLVE
ttcdn-us.com # NO_RESOLVE
ttdns2.com # NO_RESOLVE
ttdns3.com # NO_RESOLVE
ttlivecdn.com # NO_RESOLVE
ttoverseaus.net # NO_RESOLVE
ttslots.games # NO_RESOLVE
ttvnw.net # NO_RESOLVE
ttwstatic.com # NO_RESOLVE
tubecup.net # NO_RESOLVE
tubemogul.com # NO_RESOLVE
tubi.io # NO_RESOLVE
tubi.video # NO_RESOLVE
tubitv.com # NO_RESOLVE
tue.nl # NO_RESOLVE
tui.com # NO_RESOLVE
tunefindforfans.com # NO_RESOLVE
tunein.com # NO_RESOLVE
tunnelbear.com # NO_RESOLVE
turbosquid.com # NO_RESOLVE
turn.com # NO_RESOLVE
turnto.com # NO_RESOLVE
tutanota.com # NO_RESOLVE
tutu.ru # TLD
tuya.com # NO_RESOLVE
tuyacn.com # NO_RESOLVE
tuyaeu.com # NO_RESOLVE
tuyaus.com # NO_RESOLVE
tv.br # NO_RESOLVE
tvboxgo.com # NO_RESOLVE
tvpixel.com # NO_RESOLVE
tvspix.com # NO_RESOLVE
tvsquared.com # NO_RESOLVE
twc.com # NO_RESOLVE
twibida.com # NO_RESOLVE
twilio.com # NO_RESOLVE
twimg.com # NO_RESOLVE
twingate.com # NO_RESOLVE
twinrdengine.com # NO_RESOLVE
twitcasting.tv # NO_RESOLVE
twitch.tv # NO_RESOLVE
twitchcdn.net # NO_RESOLVE
twitter.com # NO_RESOLVE
twnic.tw # NO_RESOLVE
twnmm.com # NO_RESOLVE
twnodes.com # NO_RESOLVE
twomerge.com # NO_RESOLVE
twstalker.com # NO_RESOLVE
twtrdns.net # NO_RESOLVE
txlivecdn.com # NO_RESOLVE
txnhh.com # NO_RESOLVE
txtensatorxgyt.xyz # NO_RESOLVE
tynt.com # NO_RESOLVE
typeform.com # NO_RESOLVE
typekit.com # NO_RESOLVE
typekit.net # NO_RESOLVE
typesense.net # NO_RESOLVE
typicode.com # NO_RESOLVE
typography.com # NO_RESOLVE
u-blox.com # NO_RESOLVE
u5fgb.com # NO_RESOLVE
u69v85ecs.com # NO_RESOLVE
uaic.ro # NO_RESOLVE
ubaoli.com # NO_RESOLVE
ubc.ca # NO_RESOLVE
ubembed.com # NO_RESOLVE
uber.com # NO_RESOLVE
ubereats.com # NO_RESOLVE
uberinternal.com # NO_RESOLVE
ubervoip.net # NO_RESOLVE
ubi.com # NO_RESOLVE
ubianet.com # NO_RESOLVE
ubixioe.com # NO_RESOLVE
ublockdns.com # NO_RESOLVE
ubnt.com # NO_RESOLVE
ubs.com # NO_RESOLVE
ubuntu.com # NO_RESOLVE
uc.cn # NO_RESOLVE
uc123.com # NO_RESOLVE
ucdavis.edu # NO_RESOLVE
uchicago.edu # NO_RESOLVE
uciservice.com # NO_RESOLVE
ucla.edu # NO_RESOLVE
ucpjdhivl.com # NO_RESOLVE
ucsb.edu # NO_RESOLVE
ucsd.edu # NO_RESOLVE
ucweb.com # NO_RESOLVE
udemy.com # NO_RESOLVE
udemycdn.com # NO_RESOLVE
udmserve.net # NO_RESOLVE
udwz84qia.com # NO_RESOLVE
uecdn.es # NO_RESOLVE
ueiwsp.com # NO_RESOLVE
ufileos.com # NO_RESOLVE
ufl.edu # NO_RESOLVE
ufrgs.br # NO_RESOLVE
ugdtimg.com # NO_RESOLVE
ugnas.com # NO_RESOLVE
ugr.es # NO_RESOLVE
ugwdevice.net # NO_RESOLVE
uhc.com # NO_RESOLVE
uhfoadysw.com # NO_RESOLVE
ui-portal.com # NO_RESOLVE
ui-portal.de # NO_RESOLVE
ui.com # NO_RESOLVE
uidapi.com # NO_RESOLVE
uidsync.net # NO_RESOLVE
uimz80fgj.com # NO_RESOLVE
uisp.com # NO_RESOLVE
uk.com # NO_RESOLVE
uk.net # NO_RESOLVE
ukankingwithea.com # NO_RESOLVE
ukr.net # NO_RESOLVE
ukyuh.tech # NO_RESOLVE
ulikecam.com # NO_RESOLVE
ulprospector.com # NO_RESOLVE
ulta.com # NO_RESOLVE
ultimate-guitar.com # NO_RESOLVE
ultipro.com # NO_RESOLVE
ultradns.com # NO_RESOLVE
ulxarenth.info # NO_RESOLVE
umami.is # NO_RESOLVE
umbrella.com # NO_RESOLVE
umengcloud.com # NO_RESOLVE
umetrip.com # NO_RESOLVE
umich.edu # NO_RESOLVE
uminho.pt # NO_RESOLVE
unam.mx # NO_RESOLVE
unbxdapi.com # NO_RESOLVE
unc.edu # NO_RESOLVE
uncn.jp # NO_RESOLVE
undertone.com # NO_RESOLVE
unece.org # NO_RESOLVE
unesco.org # NO_RESOLVE
unhcr.org # NO_RESOLVE
uni-heidelberg.de # NO_RESOLVE
uni2play.com # NO_RESOLVE
unifi-ai.com # NO_RESOLVE
unimelb.edu.au # NO_RESOLVE
unioneeu.com # NO_RESOLVE
unipi.it # NO_RESOLVE
uniqlo.com # NO_RESOLVE
unisat.io # NO_RESOLVE
unisoc.com # NO_RESOLVE
unistra.fr # NO_RESOLVE
uniswap.org # NO_RESOLVE
united.com # NO_RESOLVE
unity.cn # NO_RESOLVE
unity.com # NO_RESOLVE
unity3d.com # NO_RESOLVE
unity3dusercontent.com # NO_RESOLVE
uniview.com # NO_RESOLVE
unleash-hosted.com # NO_RESOLVE
unmineable.com # NO_RESOLVE
unmsapp.com # NO_RESOLVE
unpkg.com # NO_RESOLVE
unrealengine.com # NO_RESOLVE
unruly.co # NO_RESOLVE
unrulymedia.com # NO_RESOLVE
unt.edu # NO_RESOLVE
untappd.com # NO_RESOLVE
unwrapsstow.cyou # NO_RESOLVE
uol.com # NO_RESOLVE
uol.com.br # NO_RESOLVE
up.pt # NO_RESOLVE
upbeatbut.com # NO_RESOLVE
upbit.com # NO_RESOLVE
updatestar.com # NO_RESOLVE
upiral.com # NO_RESOLVE
upravel.com # NO_RESOLVE
ups.com # NO_RESOLVE
upsellit.com # NO_RESOLVE
uptimerobot.com # NO_RESOLVE
uptodown.com # NO_RESOLVE
upwork.com # NO_RESOLVE
urban-vpn.com # NO_RESOLVE
urbanairship.com # NO_RESOLVE
ureca-lab.com # NO_RESOLVE
uribl.com # NO_RESOLVE
urioy.com # NO_RESOLVE
urldefense.com # NO_RESOLVE
us.com # NO_RESOLVE
usaa.com # NO_RESOLVE
usabilla.com # NO_RESOLVE
usatoday.com # NO_RESOLVE
usbank.com # NO_RESOLVE
usbrowserspeed.com # NO_RESOLVE
usc.edu # NO_RESOLVE
uscourts.gov # NO_RESOLVE
usda.gov # NO_RESOLVE
useamp.com # NO_RESOLVE
usefathom.com # NO_RESOLVE
usemessages.com # NO_RESOLVE
usepylon.com # NO_RESOLVE
userapi.com # NO_RESOLVE
usercentrics.eu # NO_RESOLVE
usercontent.goog # NO_RESOLVE
usercontent.microsoft # NO_RESOLVE
userguiding.com # NO_RESOLVE
userpilot.io # NO_RESOLVE
userreport.com # NO_RESOLVE
userstylesapi.com # NO_RESOLVE
usertrust.com # NO_RESOLVE
uservoice.com # NO_RESOLVE
userway.org # NO_RESOLVE
userx.pro # NO_RESOLVE
usestoryteller.com # NO_RESOLVE
usf.edu # NO_RESOLVE
usgovcloud.microsoft # NO_RESOLVE
usgovcloudapi.net # NO_RESOLVE
usgovtrafficmanager.net # NO_RESOLVE
usgs.gov # NO_RESOLVE
ushareit.com # NO_RESOLVE
usp.br # NO_RESOLVE
usprodz.com # NO_RESOLVE
usps.com # NO_RESOLVE
usrpubtrk.com # NO_RESOLVE
ussp.io # NO_RESOLVE
usvisa-info.com # NO_RESOLVE
usvisascheduling.com # NO_RESOLVE
usw-log.com # NO_RESOLVE
utexas.edu # NO_RESOLVE
utkacraft.ru # TLD
utorrent.com # NO_RESOLVE
utraff.com # NO_RESOLVE
utrsed.com # NO_RESOLVE
utwente.nl # NO_RESOLVE
uuidksinc.net # NO_RESOLVE
uvfuns.com # NO_RESOLVE
uwa.edu.au # NO_RESOLVE
uwn.com # NO_RESOLVE
uxcam.com # NO_RESOLVE
uxfeedback.ru # TLD
uxzw.club # NO_RESOLVE
uymgg1.com # NO_RESOLVE
v-videoapp.com # NO_RESOLVE
v2ex.com # NO_RESOLVE
v2z.ru # TLD
vaicore.site # NO_RESOLVE
vaicore.store # NO_RESOLVE
valueyourmusic.com # NO_RESOLVE
valve.net # NO_RESOLVE
vanguard.com # NO_RESOLVE
vanitycore.co # NO_RESOLVE
vansound.com # NO_RESOLVE
vanta.com # NO_RESOLVE
varify.io # NO_RESOLVE
vasdgame.com # NO_RESOLVE
vast.ai # NO_RESOLVE
vaultdcr.com # NO_RESOLVE
vaxilu.com # NO_RESOLVE
vb1kivdlvc.com # NO_RESOLVE
vbnmhjlp.com # NO_RESOLVE
vbrickrev.com # NO_RESOLVE
vbrtex.cc # NO_RESOLVE
vc.ru # TLD
vcdn.biz # NO_RESOLVE
vcmdiawe.com # NO_RESOLVE
vd21modts.com # NO_RESOLVE
vdo.ai # NO_RESOLVE
vecdnlb.com # NO_RESOLVE
vecteezy.com # NO_RESOLVE
vedcdnlb.com # NO_RESOLVE
veeam.com # NO_RESOLVE
vegalb.com # NO_RESOLVE
velocityweather.com # NO_RESOLVE
venatusmedia.com # NO_RESOLVE
vencord.dev # NO_RESOLVE
venmo.com # NO_RESOLVE
veonadx.com # NO_RESOLVE
vercel-dns-016.com # NO_RESOLVE
vercel-dns-017.com # NO_RESOLVE
vercel-dns.com # NO_RESOLVE
vercel.app # NO_RESOLVE
vercel.com # NO_RESOLVE
verifone.cloud # NO_RESOLVE
verifone.com # NO_RESOLVE
verifonehq.net # NO_RESOLVE
verint-cdn.com # NO_RESOLVE
veripages.com # NO_RESOLVE
verisign-grs.com # NO_RESOLVE
verisign.com # NO_RESOLVE
verisign.net # NO_RESOLVE
verisoul.ai # NO_RESOLVE
veritonicmetrics.com # NO_RESOLVE
verizon.com # NO_RESOLVE
verizonwireless.com # NO_RESOLVE
verkada-lan.com # NO_RESOLVE
verkada.com # NO_RESOLVE
vertamedia.com # NO_RESOLVE
verticalrack.click # NO_RESOLVE
verve.net # NO_RESOLVE
vervegroupinc.net # NO_RESOLVE
ves.io # NO_RESOLVE
vestiairecollective.com # NO_RESOLVE
vesync.com # NO_RESOLVE
vevor.com # NO_RESOLVE
vevreen7.com # NO_RESOLVE
vewd.com # NO_RESOLVE
vfsglobal.com # NO_RESOLVE
vg.no # NO_RESOLVE
vgfutu290.com # NO_RESOLVE
vgwort.de # NO_RESOLVE
vhx.tv # NO_RESOLVE
via.google # NO_RESOLVE
via.net # NO_RESOLVE
viabtc.io # NO_RESOLVE
viadata.store # NO_RESOLVE
viafoura.co # NO_RESOLVE
viafoura.net # NO_RESOLVE
viator.com # NO_RESOLVE
viavarejo.com.br # NO_RESOLVE
vibe.co # NO_RESOLVE
viber.com # NO_RESOLVE
vibeshort.live # NO_RESOLVE
vibrantdreamscape.com # NO_RESOLVE
vibsery.com # NO_RESOLVE
vic.edu.au # NO_RESOLVE
vic.gov.au # NO_RESOLVE
vicohome.io # NO_RESOLVE
victoriassecret.com # NO_RESOLVE
victronenergy.com # NO_RESOLVE
vidaahub.com # NO_RESOLVE
vidazoo.com # NO_RESOLVE
vidazoo.services # NO_RESOLVE
vidcrunch.com # NO_RESOLVE
video-mech.ru # TLD
videoamp.com # NO_RESOLVE
videohead.tech # NO_RESOLVE
videolan.org # NO_RESOLVE
videomate.mobi # NO_RESOLVE
videonow.ru # TLD
videowise.com # NO_RESOLVE
vidio.com # NO_RESOLVE
vidiq.com # NO_RESOLVE
vidmate.net # NO_RESOLVE
vidmatefilm.org # NO_RESOLVE
vidmoly.me # NO_RESOLVE
vidoomy.com # NO_RESOLVE
vidverto.io # NO_RESOLVE
vidyard.com # NO_RESOLVE
vietjetair.com # NO_RESOLVE
vietnam.vn # NO_RESOLVE
viettel.vn # NO_RESOLVE
viglink.com # NO_RESOLVE
vigo.tech # NO_RESOLVE
viki.io # NO_RESOLVE
vilykke.com # NO_RESOLVE
vimeocdn.com # NO_RESOLVE
vinted.co.uk # NO_RESOLVE
vinted.com # NO_RESOLVE
vinted.fr # NO_RESOLVE
vinted.lt # NO_RESOLVE
vinted.net # NO_RESOLVE
vinted.pt # NO_RESOLVE
viously.com # NO_RESOLVE
vipor.net # NO_RESOLVE
viralize.tv # NO_RESOLVE
virgilio.it # NO_RESOLVE
virtualbox.org # NO_RESOLVE
virtualearth.net # NO_RESOLVE
visa.cn # NO_RESOLVE
visa.com # NO_RESOLVE
vishavideo.com # NO_RESOLVE
visiblemeasures.com # NO_RESOLVE
visionheight.com # NO_RESOLVE
visitor-analytics.io # NO_RESOLVE
visitportugal.com # NO_RESOLVE
vista.com # NO_RESOLVE
vistarmedia.com # NO_RESOLVE
vistarsagency.com # NO_RESOLVE
visualstudio.com # NO_RESOLVE
visualwebsiteoptimizer.com # NO_RESOLVE
visx.net # NO_RESOLVE
viu.com # NO_RESOLVE
vivaaerobus.com # NO_RESOLVE
vivaldi.com # NO_RESOLVE
vivaldi.net # NO_RESOLVE
vividseats.com # NO_RESOLVE
vividshort.com # NO_RESOLVE
vivint.ai # NO_RESOLVE
vivintsky.com # NO_RESOLVE
vivo.com # NO_RESOLVE
vivo.com.br # NO_RESOLVE
vivo.com.cn # NO_RESOLVE
vivoglobal.com # NO_RESOLVE
vivox.com # NO_RESOLVE
vix-content.net # NO_RESOLVE
vix.com # NO_RESOLVE
vixcloud.co # NO_RESOLVE
vixsrc.to # NO_RESOLVE
vizio.com # NO_RESOLVE
vizvaz.com # NO_RESOLVE
vk-analytics.ru # TLD
vk-apps.com # NO_RESOLVE
vk-cdn.net # Keyword
vk-portal.net # NO_RESOLVE
vk.com # Keyword
vk.me # NO_RESOLVE
vk.ru # TLD
vkplay.ru # TLD
vkuser.net # Keyword
vkuseraudio.net # Keyword
vkuseraudio.ru # TLD
vkuserphoto.ru # TLD
vkusvill.ru # TLD
vkvideo.cloud # NO_RESOLVE
vkvideo.ru # TLD
vlibras.gov.br # NO_RESOLVE
vllm.ai # NO_RESOLVE
vlogerads.com # NO_RESOLVE
vlyby.com # NO_RESOLVE
vmsproxy.com # NO_RESOLVE
vmware.com # NO_RESOLVE
vnggames.com # NO_RESOLVE
vniiftri.ru # TLD
vnnox.com # NO_RESOLVE
vntsm.com # NO_RESOLVE
vodafone-ip.de # NO_RESOLVE
vodafone.com # NO_RESOLVE
vodafone.de # NO_RESOLVE
vodupload.com # NO_RESOLVE
voeazul.com.br # NO_RESOLVE
voghion.com # NO_RESOLVE
voicecloud.cn # NO_RESOLVE
voicemaker.media # NO_RESOLVE
voicemod.net # NO_RESOLVE
voip.ms # NO_RESOLVE
voiparound.com # NO_RESOLVE
voipbuster.com # NO_RESOLVE
voipdnsservers.com # NO_RESOLVE
voipgate.com # NO_RESOLVE
voipstunt.com # NO_RESOLVE
voisetech.com # NO_RESOLVE
volccdn.com # NO_RESOLVE
volceapplog.com # NO_RESOLVE
volces.com # NO_RESOLVE
volcfcdndvs.com # NO_RESOLVE
volcfcdndvs1.com # NO_RESOLVE
volcfcdndvs3.com # NO_RESOLVE
volcgslb.com # NO_RESOLVE
volcgtm.com # NO_RESOLVE
volcmcdn3.com # NO_RESOLVE
volcvideo.com # NO_RESOLVE
volcvideos.com # NO_RESOLVE
volcvod.com # NO_RESOLVE
volleybox.net # NO_RESOLVE
voltaxam.com # NO_RESOLVE
voltaxservices.io # NO_RESOLVE
volvocars.com # NO_RESOLVE
vonedge.com # NO_RESOLVE
voodoo-adn.com # NO_RESOLVE
voodoo-gaming.io # NO_RESOLVE
voodoo-tech.io # NO_RESOLVE
vorwerk-digital.com # NO_RESOLVE
voskhod.ru # TLD
voxexchange.io # NO_RESOLVE
voximplant.com # NO_RESOLVE
voxo.co # NO_RESOLVE
voxus.com.br # NO_RESOLVE
voxus.tv # NO_RESOLVE
vps-vids.com # NO_RESOLVE
vpsvc.com # NO_RESOLVE
vrbo.com # NO_RESOLVE
vrchat.cloud # NO_RESOLVE
vrtcal.com # NO_RESOLVE
vsassets.io # NO_RESOLVE
vsco.co # NO_RESOLVE
vscode-cdn.net # NO_RESOLVE
vseinstrumenti.ru # TLD
vshow-live.com # NO_RESOLVE
vshowapi.com # NO_RESOLVE
vstserv.com # NO_RESOLVE
vtb.ru # TLD
vtex.com # NO_RESOLVE
vtex.com.br # NO_RESOLVE
vtexassets.com # NO_RESOLVE
vteximg.com.br # NO_RESOLVE
vtuner.com # NO_RESOLVE
vtwenty.com # NO_RESOLVE
vudu.com # NO_RESOLVE
vueling.com # NO_RESOLVE
vultr.com # NO_RESOLVE
vultrusercontent.com # NO_RESOLVE
vuukle.com # NO_RESOLVE
vwg-connect.com # NO_RESOLVE
vwgroup.io # NO_RESOLVE
vynbszicd.com # NO_RESOLVE
vzw.com # NO_RESOLVE
vzwfemto.com # NO_RESOLVE
vzwwo.com # NO_RESOLVE
w-x.co # NO_RESOLVE
w.org # NO_RESOLVE
w3.org # NO_RESOLVE
w390.net # NO_RESOLVE
w3schools.com # NO_RESOLVE
w55c.net # NO_RESOLVE
wa.gov # NO_RESOLVE
wa.gov.au # NO_RESOLVE
wac-dc-msedge.net # NO_RESOLVE
wac-msedge.net # NO_RESOLVE
wal.co # NO_RESOLVE
walgreens.com # NO_RESOLVE
wali.com # NO_RESOLVE
walkme.com # NO_RESOLVE
wall-box.com # NO_RESOLVE
wallapop.com # NO_RESOLVE
walletbot.me # NO_RESOLVE
walletconnect.com # NO_RESOLVE
walletconnect.org # NO_RESOLVE
walletexplorer.com # NO_RESOLVE
wallpapers.com # NO_RESOLVE
walmart.ca # NO_RESOLVE
walmart.com # NO_RESOLVE
walmart.com.mx # NO_RESOLVE
walmartimages.com # NO_RESOLVE
wanadoo.fr # NO_RESOLVE
wand.com # NO_RESOLVE
wandera.com # NO_RESOLVE
wandzapi.com # NO_RESOLVE
wandzcdn.com # NO_RESOLVE
wantfunny.net # NO_RESOLVE
warcraftlogs.com # NO_RESOLVE
wareztv.io # NO_RESOLVE
warframe.com # NO_RESOLVE
wargaming.net # NO_RESOLVE
warnerbros.com # NO_RESOLVE
warnermediacdn.com # NO_RESOLVE
warp.dev # NO_RESOLVE
warp90.com # NO_RESOLVE
warthunder.com # NO_RESOLVE
wasabisys.com # NO_RESOLVE
washington.edu # NO_RESOLVE
washingtonpost.com # NO_RESOLVE
watchguard.com # NO_RESOLVE
waterstones.com # NO_RESOLVE
wattpad.com # NO_RESOLVE
waust.at # NO_RESOLVE
wavebrowserbase.com # NO_RESOLVE
wavevms.com # NO_RESOLVE
waw.pl # NO_RESOLVE
waxpeer.com # NO_RESOLVE
wayfair.com # NO_RESOLVE
waze.com # NO_RESOLVE
wazuh.com # NO_RESOLVE
wb.ru # TLD
wbagora.com # NO_RESOLVE
wbbasket.ru # TLD
wbcontent.net # NO_RESOLVE
wbd.ms # NO_RESOLVE
wbinsights.com # NO_RESOLVE
wbx2.com # NO_RESOLVE
wcacloudapi.net # NO_RESOLVE
wcdnga.com # NO_RESOLVE
wcsmlxx.com # NO_RESOLVE
wdckeystone.com # NO_RESOLVE
we-api.com # NO_RESOLVE
we-stats.com # NO_RESOLVE
we12532.com # NO_RESOLVE
weather.com # NO_RESOLVE
weather.com.cn # NO_RESOLVE
weather.gov # NO_RESOLVE
weather2024.com # NO_RESOLVE
weatherapi.com # NO_RESOLVE
weatherbug.com # NO_RESOLVE
weatherbug.net # NO_RESOLVE
weathercn.com # NO_RESOLVE
weatherfx.com # NO_RESOLVE
weatherlive.world # NO_RESOLVE
weatherspark.com # NO_RESOLVE
weavephone.net # NO_RESOLVE
web.app # NO_RESOLVE
web.de # NO_RESOLVE
web.id # NO_RESOLVE
web3modal.org # NO_RESOLVE
webcollage.net # NO_RESOLVE
webcontentassessor.com # NO_RESOLVE
webengage.com # NO_RESOLVE
webex.com # NO_RESOLVE
webflow.com # NO_RESOLVE
webflow.io # NO_RESOLVE
webls.net # NO_RESOLVE
webmail-seguro.com.br # NO_RESOLVE
webmd.com # NO_RESOLVE
webmotors.com.br # NO_RESOLVE
webnovel.com # NO_RESOLVE
weborama-tech.ru # TLD
weborama.fr # NO_RESOLVE
webrootanywhere.com # NO_RESOLVE
webrootcloudav.com # NO_RESOLVE
websense.com # NO_RESOLVE
webshare.io # NO_RESOLVE
website-files.com # NO_RESOLVE
websitewelcome.com # NO_RESOLVE
webstaurantstore.com # NO_RESOLVE
webtoons.com # NO_RESOLVE
webullfinance.com # NO_RESOLVE
webullfintech.com # NO_RESOLVE
webvisor.com # NO_RESOLVE
webvisor.org # NO_RESOLVE
wechat.com # NO_RESOLVE
wechatpay.cn # NO_RESOLVE
weebly.com # NO_RESOLVE
weerrhoop.cc # NO_RESOLVE
weglot.com # NO_RESOLVE
wego.com # NO_RESOLVE
weibo.cn # NO_RESOLVE
weibo.com # NO_RESOLVE
weibocdn.com # NO_RESOLVE
weixin.com # NO_RESOLVE
weixinbridge.com # NO_RESOLVE
wejoysg.com # NO_RESOLVE
wellsfargo.com # NO_RESOLVE
wellsfargomedia.com # NO_RESOLVE
welt.de # NO_RESOLVE
wemod.com # NO_RESOLVE
wemuslim.com # NO_RESOLVE
wenxuecity.com # NO_RESOLVE
weplayer.cc # NO_RESOLVE
wepzone.net # NO_RESOLVE
wetest.net # NO_RESOLVE
wetransfer.com # NO_RESOLVE
wetransfer.net # NO_RESOLVE
wetteronline.de # NO_RESOLVE
wetvinfo.com # NO_RESOLVE
wevpstatic.net # NO_RESOLVE
wf.com # NO_RESOLVE
wfcdn.com # NO_RESOLVE
wgcdn.co # NO_RESOLVE
wgkonnect.com # NO_RESOLVE
wgnetworking.com # NO_RESOLVE
wgosd.com # NO_RESOLVE
whaledb.io # NO_RESOLVE
whatfix.com # NO_RESOLVE
whatismyip.com # NO_RESOLVE
whatismyip.host # NO_RESOLVE
whatismyipaddress.com # NO_RESOLVE
whatnot.com # NO_RESOLVE
whatsapp.com # NO_RESOLVE
whatsapp.net # NO_RESOLVE
whatspos.com # NO_RESOLVE
whecloud.com # NO_RESOLVE
wheelroot.com # NO_RESOLVE
wheree.com # NO_RESOLVE
whiru.cn # NO_RESOLVE
whiskergalaxy.com # NO_RESOLVE
whitebit.com # NO_RESOLVE
whitebluerights.com # NO_RESOLVE
whiteboard.ms # NO_RESOLVE
whitei.net # NO_RESOLVE
whitepages.com # NO_RESOLVE
whitetrafsa.com # NO_RESOLVE
who.int # NO_RESOLVE
whois.co.kr # NO_RESOLVE
whoop.com # NO_RESOLVE
whwz8187o.com # NO_RESOLVE
wialon.com # NO_RESOLVE
widde.io # NO_RESOLVE
widen.net # NO_RESOLVE
widerplanet.com # NO_RESOLVE
widgetable.net # NO_RESOLVE
wikaba.com # NO_RESOLVE
wiki.gg # NO_RESOLVE
wiki2.org # NO_RESOLVE
wikia-services.com # NO_RESOLVE
wikibooks.org # NO_RESOLVE
wikihow.com # NO_RESOLVE
wikiloc.com # NO_RESOLVE
wikimedia.org # NO_RESOLVE
wikipedia.com # NO_RESOLVE
wikiquote.org # NO_RESOLVE
wikisource.org # NO_RESOLVE
wikitree.com # NO_RESOLVE
wikiversity.org # NO_RESOLVE
wikivoyage.org # NO_RESOLVE
wikiwand.com # NO_RESOLVE
wiktionary.org # NO_RESOLVE
wildberries.ru # TLD
wildixin.com # NO_RESOLVE
wildlifestudios.com # NO_RESOLVE
wiley.com # NO_RESOLVE
willhaben.at # NO_RESOLVE
williamhill.com # NO_RESOLVE
willyoube.com # NO_RESOLVE
windows-ppe.net # NO_RESOLVE
windows.com # NO_RESOLVE
windows.net # NO_RESOLVE
windows.us # NO_RESOLVE
windowsazure.com # NO_RESOLVE
windowsupdate.com # NO_RESOLVE
windscribe.com # NO_RESOLVE
windsurf.com # NO_RESOLVE
windy.com # NO_RESOLVE
winline.ru # TLD
wintop1225.com # NO_RESOLVE
winudf.com # NO_RESOLVE
wiodo.tech # NO_RESOLVE
wipo.int # NO_RESOLVE
wired.com # NO_RESOLVE
wireguard.com # NO_RESOLVE
wirevpn.app # NO_RESOLVE
wisc.edu # NO_RESOLVE
wise.com # NO_RESOLVE
wiselg.com # NO_RESOLVE
wisepops.com # NO_RESOLVE
wisepops.net # NO_RESOLVE
wish.com # NO_RESOLVE
wisprflow.ai # NO_RESOLVE
wistia.net # NO_RESOLVE
withbuddies.com # NO_RESOLVE
withgoogle.com # NO_RESOLVE
withpersona.com # NO_RESOLVE
wix.com # NO_RESOLVE
wixapps.net # NO_RESOLVE
wixdns.net # NO_RESOLVE
wixmp.com # NO_RESOLVE
wixsite.com # NO_RESOLVE
wixstatic.com # NO_RESOLVE
wiz.cn # NO_RESOLVE
wiz.io # NO_RESOLVE
wiz.world # NO_RESOLVE
wknd.ai # NO_RESOLVE
wlvpn.com # NO_RESOLVE
wn.com # NO_RESOLVE
wo-cloud.com # NO_RESOLVE
wo.cn # NO_RESOLVE
wolt.com # NO_RESOLVE
wondershare.cc # NO_RESOLVE
woolypooly.com # NO_RESOLVE
wootric.com # NO_RESOLVE
wordfence.com # NO_RESOLVE
wordpress.com # NO_RESOLVE
wordreference.com # NO_RESOLVE
wordsmyth.net # NO_RESOLVE
wordunscrambler.net # Keyword
wordwall.net # NO_RESOLVE
workday.com # NO_RESOLVE
workdeadlinededicate.com # NO_RESOLVE
workers.dev # NO_RESOLVE
workplace.com # NO_RESOLVE
workspaceone.com # NO_RESOLVE
workwelltech.com # NO_RESOLVE
worldbank.org # NO_RESOLVE
worldbank.org.cn # NO_RESOLVE
worldnic.com # NO_RESOLVE
worldoftanks.eu # NO_RESOLVE
worldscientific.com # NO_RESOLVE
worldtimeapi.org # NO_RESOLVE
worldtimeserver.com # NO_RESOLVE
wosms.cn # NO_RESOLVE
wovn.io # NO_RESOLVE
wowhead.com # NO_RESOLVE
wowpic1.store # NO_RESOLVE
wowpic2.store # NO_RESOLVE
wp-rocket.me # NO_RESOLVE
wp.com # NO_RESOLVE
wp.pl # NO_RESOLVE
wp2p.link # NO_RESOLVE
wpadmngr.com # NO_RESOLVE
wpcdn.pl # NO_RESOLVE
wpengine.com # NO_RESOLVE
wpenginepowered.com # NO_RESOLVE
wps.cn # NO_RESOLVE
wps.com # NO_RESOLVE
wpscdn.cn # NO_RESOLVE
wpscdn.com # NO_RESOLVE
wpsdns.com # NO_RESOLVE
wpushsdk.com # NO_RESOLVE
ws-hp.com # NO_RESOLVE
wscdns.com # NO_RESOLVE
wsdvs.com # NO_RESOLVE
wsglb0.com # NO_RESOLVE
wshareit.com # NO_RESOLVE
wshifen.com # NO_RESOLVE
wsimg.com # NO_RESOLVE
wsj.com # NO_RESOLVE
wsj.net # NO_RESOLVE
wskwai.com # NO_RESOLVE
wsrv.nl # NO_RESOLVE
wsukwai.com # NO_RESOLVE
wswebcdn.cn # NO_RESOLVE
wswebcdn.com # NO_RESOLVE
wswebpic.com # NO_RESOLVE
wt-eu02.net # NO_RESOLVE
wtng.io # NO_RESOLVE
wuaki.tv # NO_RESOLVE
wunderground.com # NO_RESOLVE
wuporg.com # NO_RESOLVE
wurflcloud.com # NO_RESOLVE
wurl.com # NO_RESOLVE
wurl.dev # NO_RESOLVE
wurl.tv # NO_RESOLVE
wuytl.com # NO_RESOLVE
wwsga.me # NO_RESOLVE
wwstat.com # NO_RESOLVE
www.gov.br # NO_RESOLVE
www.gov.uk # NO_RESOLVE
wx4.top # NO_RESOLVE
wxlivecdn.com # NO_RESOLVE
wykop.pl # NO_RESOLVE
wyndhamhotels.com # NO_RESOLVE
wyze.com # NO_RESOLVE
wyzecam.com # NO_RESOLVE
wzrkt.com # NO_RESOLVE
x-b-i-3.com # NO_RESOLVE
x-cdn-static.com # NO_RESOLVE
x-fins.com # NO_RESOLVE
x-plarium.com # NO_RESOLVE
x-y-2-z.com # NO_RESOLVE
x-y-7-z.com # NO_RESOLVE
x.ai # NO_RESOLVE
x.com # NO_RESOLVE
x1skf.com # NO_RESOLVE
x24hr.com # NO_RESOLVE
x3m.biz # NO_RESOLVE
x5.ru # TLD
x5media.ru # TLD
x9fnzrtl4x8pynsf.com # NO_RESOLVE
xbox-dns.ru # TLD
xbox.com # NO_RESOLVE
xboxlive.com # NO_RESOLVE
xboxservices.com # NO_RESOLVE
xcal.tv # NO_RESOLVE
xcdnpro.com # NO_RESOLVE
xcoinsystem.com # NO_RESOLVE
xdrig.com # NO_RESOLVE
xdrtc.com # NO_RESOLVE
xe.com # NO_RESOLVE
xeconvert.com # NO_RESOLVE
xendesktop.net # NO_RESOLVE
xenkod.cc # NO_RESOLVE
xepith.com # NO_RESOLVE
xero.com # NO_RESOLVE
xerox.com # NO_RESOLVE
xfinfr.com # NO_RESOLVE
xfinity.com # NO_RESOLVE
xfree.com # NO_RESOLVE
xg4ken.com # NO_RESOLVE
xgroovy.com # NO_RESOLVE
xh.partners # NO_RESOLVE
xhaccess.com # NO_RESOLVE
xham.live # NO_RESOLVE
xhamster.com # NO_RESOLVE
xhamster.desi # NO_RESOLVE
xhamster1.desi # NO_RESOLVE
xhamster19.com # NO_RESOLVE
xhamster2.com # NO_RESOLVE
xhamster3.com # NO_RESOLVE
xhamster46.desi # NO_RESOLVE
xhamsterlive.com # NO_RESOLVE
xhcdn.com # NO_RESOLVE
xhchannel.com # NO_RESOLVE
xhfanclub.com # NO_RESOLVE
xhname.com # NO_RESOLVE
xhofficial.com # NO_RESOLVE
xhopen.com # NO_RESOLVE
xhpingcdn.com # NO_RESOLVE
xhscdn.com # NO_RESOLVE
xhsocial.com # NO_RESOLVE
xhtotal.com # NO_RESOLVE
xhvid1.com # NO_RESOLVE
xiaohongshu.com # NO_RESOLVE
xiaojukeji.com # NO_RESOLVE
xiaoman.cn # NO_RESOLVE
xiaomi.com # NO_RESOLVE
xiaomiwear.com # NO_RESOLVE
xiaomixiaoai.com # NO_RESOLVE
xiaoyi.com # NO_RESOLVE
ximalaya.com # NO_RESOLVE
ximxxd.top # NO_RESOLVE
xing.com # NO_RESOLVE
xinqiucc.com # NO_RESOLVE
xintaicz.cn # NO_RESOLVE
xiti.com # NO_RESOLVE
xiyuudi.com # NO_RESOLVE
xl-ads.com # NO_RESOLVE
xlgmedia.com # NO_RESOLVE
xlivesex.com # NO_RESOLVE
xmcsrv.net # NO_RESOLVE
xmeye.net # NO_RESOLVE
xmrig.com # NO_RESOLVE
xmsecu.com # NO_RESOLVE
xn--ngstr-lra8j.com # NO_RESOLVE
xnxx-cdn.com # NO_RESOLVE
xnxx.com # NO_RESOLVE
xnxx.tv # NO_RESOLVE
xoalt.com # NO_RESOLVE
xpi.com.br # NO_RESOLVE
xplosion.de # NO_RESOLVE
xqhhkji.com # NO_RESOLVE
xsdacdn.com # NO_RESOLVE
xshaon123.sbs # NO_RESOLVE
xsolla.com # NO_RESOLVE
xtb.com # NO_RESOLVE
xterraclubrd.com # NO_RESOLVE
xtracloud.cn # NO_RESOLVE
xtracloud.net # NO_RESOLVE
xtremepush.com # NO_RESOLVE
xumo.com # NO_RESOLVE
xunlei.com # NO_RESOLVE
xvideos-cdn.com # NO_RESOLVE
xvideos.com # NO_RESOLVE
xvservice.net # NO_RESOLVE
xvv1deos.com # NO_RESOLVE
xwz.ovh # NO_RESOLVE
xx1t.com # NO_RESOLVE
xxpkg.com # NO_RESOLVE
xxxbp.tv # NO_RESOLVE
xxxjmp.com # NO_RESOLVE
xxxviiijmp.com # NO_RESOLVE
xxxviijmp.com # NO_RESOLVE
xydiamonddbexpert.com # NO_RESOLVE
xyyh.com.cn # NO_RESOLVE
xyzproxy.cloud # NO_RESOLVE
xzcs3zlph.com # NO_RESOLVE
y-medialink.com # NO_RESOLVE
ya.ru # TLD
yabidos.com # NO_RESOLVE
yadro.ru # TLD
yah.live # NO_RESOLVE
yahoo.cloud # NO_RESOLVE
yahoo.co.jp # NO_RESOLVE
yahoo.com # NO_RESOLVE
yahoo.net # NO_RESOLVE
yahooapis.jp # NO_RESOLVE
yahoodns.net # NO_RESOLVE
yale.edu # NO_RESOLVE
yalla.live # NO_RESOLVE
yammerusercontent.com # NO_RESOLVE
yandex-net.ru # TLD
yandex-team.ru # TLD
yandex.az # Keyword
yandex.by # TLD
yandex.co.il # Keyword
yandex.com # Keyword
yandex.com.ge # Keyword
yandex.com.tr # Keyword
yandex.fi # Keyword
yandex.kz # TLD
yandex.md # Keyword
yandex.net # Keyword
yandex.ru # TLD
yandex.uz # Keyword
yandexadexchange.net # Keyword
yandexcloud.net # Keyword
yangkeduo.com # NO_RESOLVE
yango.com # NO_RESOLVE
yantp.net # NO_RESOLVE
yarn.co # NO_RESOLVE
yastatic.net # NO_RESOLVE
yccdn.ru # TLD
yclients.com # NO_RESOLVE
ycombinator.com # NO_RESOLVE
ycxrl.com # NO_RESOLVE
ycyd123.com # NO_RESOLVE
ydmob.com # NO_RESOLVE
ydns.eu # NO_RESOLVE
ydstatic.com # NO_RESOLVE
yeahmobi.com # NO_RESOLVE
yeahtargeter.com # NO_RESOLVE
yealink.com # NO_RESOLVE
yeastar.com # NO_RESOLVE
yektanet.com # NO_RESOLVE
yellowblue.io # NO_RESOLVE
yellowpages.ca # NO_RESOLVE
yellowpages.com # NO_RESOLVE
yelp.com # NO_RESOLVE
yelpcdn.com # NO_RESOLVE
yemekyedim.com # NO_RESOLVE
yes24.com # NO_RESOLVE
yesstyle.com # NO_RESOLVE
yetansd.com # NO_RESOLVE
yewsmo.com # NO_RESOLVE
yg5sjx5kzy.com # NO_RESOLVE
ygles.com # NO_RESOLVE
yhgfb-cn-static.com # NO_RESOLVE
yiche.com # NO_RESOLVE
yieldify.com # NO_RESOLVE
yieldlab.net # NO_RESOLVE
yieldlove-ad-serving.net # NO_RESOLVE
yieldmo.com # NO_RESOLVE
yieldoptimizer.com # NO_RESOLVE
yields.site # NO_RESOLVE
yimg.com # NO_RESOLVE
yimg.jp # NO_RESOLVE
yindantechhk.com # NO_RESOLVE
yingt.fun # NO_RESOLVE
ykimg.com # NO_RESOLVE
yksdks.com # NO_RESOLVE
ymmobi.com # NO_RESOLVE
ynet.co.il # NO_RESOLVE
yodo1.com # NO_RESOLVE
yomeno.xyz # NO_RESOLVE
yoomoney.ru # TLD
yoox.com # NO_RESOLVE
yospace.com # NO_RESOLVE
yota.ru # TLD
yotoplay.com # NO_RESOLVE
yotpo.com # NO_RESOLVE
yotpoapi.com # NO_RESOLVE
yottaa.net # NO_RESOLVE
youappi.com # NO_RESOLVE
youborafds01.com # NO_RESOLVE
youboranqs01.com # NO_RESOLVE
youdao.com # NO_RESOLVE
youjizz.com # NO_RESOLVE
youku.com # NO_RESOLVE
youlesp.com # NO_RESOLVE
young-assistant.com # NO_RESOLVE
youngjoygame.com # NO_RESOLVE
youngle.site # NO_RESOLVE
youngle.tech # NO_RESOLVE
youporn.com # NO_RESOLVE
your-objectstorage.com # NO_RESOLVE
your-server.de # NO_RESOLVE
your-storagebox.de # NO_RESOLVE
yourkwoffice.com # NO_RESOLVE
youtu.be # NO_RESOLVE
youtube-nocookie.com # NO_RESOLVE
youtube.com # NO_RESOLVE
youtubers.me # NO_RESOLVE
youversionapi.com # NO_RESOLVE
yoyo.org # NO_RESOLVE
ypcdn.com # NO_RESOLVE
ypncdn.com # NO_RESOLVE
yr.no # NO_RESOLVE
ys7.com # NO_RESOLVE
ytimg.com # NO_RESOLVE
yuanshen.com # NO_RESOLVE
yuewen.com # NO_RESOLVE
yulengine.ru # TLD
yummyani.me # NO_RESOLVE
yundunwaf5.com # NO_RESOLVE
yunxish.com # NO_RESOLVE
yusercontent.com # NO_RESOLVE
yuyang0769.com # NO_RESOLVE
ywxi.net # NO_RESOLVE
yximgs.com # NO_RESOLVE
yxotakeji.com # NO_RESOLVE
yxponte.com # NO_RESOLVE
yy.com # NO_RESOLVE
yydjc.top # NO_RESOLVE
z-9-a-b.com # NO_RESOLVE
z.ai # NO_RESOLVE
zabbix.com # NO_RESOLVE
zadn.vn # NO_RESOLVE
zalan.do # NO_RESOLVE
zalando.com # NO_RESOLVE
zalando.de # NO_RESOLVE
zalo.me # NO_RESOLVE
zaloapp.com # NO_RESOLVE
zamcs.com # NO_RESOLVE
zan.top # NO_RESOLVE
zangi.com # NO_RESOLVE
zapier.com # NO_RESOLVE
zapimoveis.com.br # NO_RESOLVE
zappos.com # NO_RESOLVE
zapto.org # NO_RESOLVE
zara.com # NO_RESOLVE
zara.net # NO_RESOLVE
zatco.net # NO_RESOLVE
zattini.com.br # NO_RESOLVE
zauba.com # NO_RESOLVE
zbler.com # NO_RESOLVE
zcache.com # NO_RESOLVE
zcool.cn # NO_RESOLVE
zcvh.net # NO_RESOLVE
zdassets.com # NO_RESOLVE
zdbb.net # NO_RESOLVE
zdf.de # NO_RESOLVE
zdn.vn # NO_RESOLVE
zdoiodhtqahjizqq.net # NO_RESOLVE
zdusercontent.com # NO_RESOLVE
zdxcloud.net # NO_RESOLVE
zeasn.tv # NO_RESOLVE
zebra.com # NO_RESOLVE
zed.dev # NO_RESOLVE
zee5.com # NO_RESOLVE
zefrdata.com # NO_RESOLVE
zelcore.io # NO_RESOLVE
zemanta.com # NO_RESOLVE
zencdn.net # NO_RESOLVE
zendesk.com # NO_RESOLVE
zenledger.io # NO_RESOLVE
zenmarket.jp # NO_RESOLVE
zenmxapps.com # NO_RESOLVE
zenno.services # NO_RESOLVE
zennolab.com # NO_RESOLVE
zeotap.com # NO_RESOLVE
zepeto.io # NO_RESOLVE
zephr.com # NO_RESOLVE
zepp.com # NO_RESOLVE
zepto.co.in # NO_RESOLVE
zepto.com # NO_RESOLVE
zer0day.ch # NO_RESOLVE
zeronaught.com # NO_RESOLVE
zeta-ai.io # NO_RESOLVE
zetaglobal.io # NO_RESOLVE
zetaglobal.net # NO_RESOLVE
zetsource.su # TLD
zg-api.com # NO_RESOLVE
zhihu.com # NO_RESOLVE
zhimg.com # NO_RESOLVE
zhqidown.cn # NO_RESOLVE
zhuqiy.com # NO_RESOLVE
zi-scripts.com # NO_RESOLVE
ziffstatic.com # NO_RESOLVE
ziggo.nl # NO_RESOLVE
zijieapi.com # NO_RESOLVE
zillow.com # NO_RESOLVE
zillowstatic.com # NO_RESOLVE
zimaspace.com # NO_RESOLVE
zimperium.com # NO_RESOLVE
zin.ru # TLD
zincha.net # NO_RESOLVE
zineone.com # NO_RESOLVE
zing.vn # NO_RESOLVE
zingmp3.vn # NO_RESOLVE
zingpingbees.com # NO_RESOLVE
ziniao.com # NO_RESOLVE
zip.co # NO_RESOLVE
zipoapps.com # NO_RESOLVE
zippypongbee.com # NO_RESOLVE
ziprecruiter.com # NO_RESOLVE
zjcdn.com # NO_RESOLVE
zmaticoo.com # NO_RESOLVE
zmcyu9ypy.com # NO_RESOLVE
zobj.net # NO_RESOLVE
zoho.com # NO_RESOLVE
zoho.eu # NO_RESOLVE
zoho.in # NO_RESOLVE
zohocdn.com # NO_RESOLVE
zohopublic.com # NO_RESOLVE
zol.com.cn # NO_RESOLVE
zomato.com # NO_RESOLVE
zoologyfibre.com # NO_RESOLVE
zoom.com # NO_RESOLVE
zoom.us # NO_RESOLVE
zoominfo.com # NO_RESOLVE
zoopla.co.uk # NO_RESOLVE
zopim.com # NO_RESOLVE
zoro.com # NO_RESOLVE
zorvian.com # NO_RESOLVE
zotero.org # NO_RESOLVE
zpath.net # NO_RESOLVE
zpatwo.net # NO_RESOLVE
zprk.io # NO_RESOLVE
zproxy.org # NO_RESOLVE
zscaler.com # NO_RESOLVE
zscaler.net # NO_RESOLVE
zscalergov.net # NO_RESOLVE
zscalerten.net # NO_RESOLVE
zscalerthree.net # NO_RESOLVE
zscalertwo.net # NO_RESOLVE
zscloud.net # NO_RESOLVE
zstaticcdn.com # NO_RESOLVE
ztat.net # NO_RESOLVE
ztems.com # NO_RESOLVE
zthd.io # NO_RESOLVE
zucks.net # NO_RESOLVE
zuihuo.net # NO_RESOLVE
zuimeitianqi.com # NO_RESOLVE
zvab.com # NO_RESOLVE
zviewcloud.com # NO_RESOLVE
zvuk.com # NO_RESOLVE
zwtianshangm.com # NO_RESOLVE
zwyr157wwiu6eior.com # NO_RESOLVE
zxcvbnml.com # NO_RESOLVE
zxinc.org # NO_RESOLVE
zxyvrtd.com # NO_RESOLVE
zynga.com # NO_RESOLVE
zyxel.com # NO_RESOLVE
zyy123.com # NO_RESOLVE
