0rz.tw # TLD
0x0.st # TLD
0xxx.ws # TLD
1-apple.com.tw # TLD
114bank.co.jp # TLD
12diasderegalosdeitunes.cl # TLD
12diasderegalosdeitunes.co.cr # TLD
12diasderegalosdeitunes.co.ni # TLD
12diasderegalosdeitunes.co.ve # TLD
12diasderegalosdeitunes.com.hn # TLD
12diasderegalosdeitunes.com.ni # TLD
12diasderegalosdeitunes.com.ve # TLD
12diasderegalosdeitunes.cr # TLD
12diasderegalosdeitunes.gt # TLD
12diasderegalosdeitunes.hn # TLD
12diasderegalosdeitunes.pe # TLD
1337x.gd # TLD
1337x.is # TLD
1337x.st # TLD
1337x.to # TLD
1337x.tw # TLD
1337xto.to # TLD
1337xx.to # TLD
161sex.com # GeoIP (RU)
1688.com.au # TLD
18acg.us # TLD
1917live.red # GeoIP (RU)
1degree.com.au # TLD
1drv.ms # TLD
1lib.cz # TLD
1lib.eu # TLD
1lib.pl # TLD
1lib.sk # TLD
1lib.to # TLD
1lib.tw # TLD
1password.ca # TLD
1password.eu # TLD
1passwordusercontent.ca # TLD
1passwordusercontent.eu # TLD
1prime.ru # TLD
1to1computing.com.au # TLD
1to1conference.com.au # TLD
1xbet.cm # TLD
1xbet.co.ke # TLD
2023aga.oen.tw # TLD
20thcenturystudios.com.au # TLD
20thcenturystudios.com.br # TLD
20thcenturystudios.jp # TLD
21-school.ru # TLD
24h.tv # GeoIP (RU)
24hrs.ca # TLD
2gis.ae # TLD
2gis.am # TLD
2gis.az # TLD
2gis.by # TLD
2gis.com # GeoIP (RU)
2gis.com.cy # TLD
2gis.cz # TLD
2gis.ge # TLD
2gis.kg # TLD
2gis.kz # TLD
2gis.ru # TLD
2gis.tj # TLD
2gis.uz # TLD
2w.ru # TLD
30d.jp # TLD
47gyosei.jp # TLD
47news.jp # TLD
4c.ru # TLD
4epenaxa.com # GeoIP (RU)
4gamers.com.tw # TLD
51.ca # TLD
52av.be # TLD
573.jp # TLD
5axis-machining.com # GeoIP (RU)
5w.ag # TLD
69shuba.cx # TLD
77bank.co.jp # TLD
7mmtv.sx # TLD
82bank.co.jp # TLD
85cc.us # TLD
9anime.cz # TLD
9anime.id # TLD
9anime.to # TLD
9anime.ws # TLD
9hentai.ru # TLD
9hentai.to # TLD
9nation.com.au # TLD
9news.com.au # TLD
9now.com.au # TLD
a-bank.jp # TLD
a.ppy.sh # TLD
aaex.uk # TLD
aapl.tw # TLD
abank.com.mm # TLD
abc.net.au # TLD
abebooks.co.uk # TLD
abematv.co.jp # TLD
aboutamazon.co.uk # TLD
aboutamazon.com.au # TLD
aboutamazon.de # TLD
aboutamazon.es # TLD
aboutamazon.eu # TLD
aboutamazon.fr # TLD
aboutamazon.in # TLD
aboutamazon.it # TLD
aboutamazon.jp # TLD
aboutamazon.pl # TLD
aboutamazon.sg # TLD
abow.jp # TLD
abr.ru # TLD
absolutbank.ru # TLD
ac.ir # TLD
ac.uk # TLD
acaric.co.jp # TLD
acasadasbrasileirinhas.com.br # TLD
accesspoint.uz # TLD
accv.es # TLD
acg.mn # TLD
acgnx.se # TLD
actalis.it # TLD
activelearnprimary.co.uk # TLD
activelearnprimary.com.au # TLD
actualidad-rt.com # GeoIP (RU)
aculo.us # TLD
adam.jp # TLD
addictedtocoffee.de # TLD
addison-wesley.ch # TLD
adelaidenow.com.au # TLD
adidas-group.ca # TLD
adidas.ae # TLD
adidas.at # TLD
adidas.be # TLD
adidas.bh # TLD
adidas.ca # TLD
adidas.ch # TLD
adidas.cl # TLD
adidas.co.id # TLD
adidas.co.in # TLD
adidas.co.kr # TLD
adidas.co.nz # TLD
adidas.co.th # TLD
adidas.co.uk # TLD
adidas.co.za # TLD
adidas.com.ar # TLD
adidas.com.au # TLD
adidas.com.br # TLD
adidas.com.eg # TLD
adidas.com.my # TLD
adidas.com.pe # TLD
adidas.com.ph # TLD
adidas.com.qa # TLD
adidas.com.sa # TLD
adidas.com.sg # TLD
adidas.com.tr # TLD
adidas.com.tw # TLD
adidas.com.vn # TLD
adidas.cz # TLD
adidas.de # TLD
adidas.dk # TLD
adidas.es # TLD
adidas.fi # TLD
adidas.fr # TLD
adidas.gr # TLD
adidas.hu # TLD
adidas.ie # TLD
adidas.in # TLD
adidas.it # TLD
adidas.jp # TLD
adidas.mx # TLD
adidas.nl # TLD
adidas.no # TLD
adidas.pe # TLD
adidas.pl # TLD
adidas.pt # TLD
adidas.ru # TLD
adidas.se # TLD
adidas.sk # TLD
adidasspecialtysports.at # TLD
adidasspecialtysports.be # TLD
adidasspecialtysports.co.uk # TLD
adidasspecialtysports.cz # TLD
adidasspecialtysports.de # TLD
adidasspecialtysports.dk # TLD
adidasspecialtysports.es # TLD
adidasspecialtysports.fi # TLD
adidasspecialtysports.fr # TLD
adidasspecialtysports.ie # TLD
adidasspecialtysports.it # TLD
adidasspecialtysports.nl # TLD
adidasspecialtysports.pl # TLD
adidasspecialtysports.ru # TLD
adidasspecialtysports.se # TLD
adidasspecialtysports.sk # TLD
adobe.ly # TLD
adobepress.ch # TLD
adult # NO_DOT
adult-doujin-free-information-bureau.officialblog.jp # TLD
adult789.futoka.jp # TLD
adultclinic.jp # TLD
adultexpo.com.tw # TLD
aerogard.com.au # TLD
aerospace-cadcam.com # GeoIP (RU)
aerospace-design.com # GeoIP (RU)
afisha.ru # TLD
agag.tw # TLD
agnesb.fr # TLD
agrd.eu # TLD
ahilesva.info # GeoIP (RU)
ahmia.fi # TLD
aiasahi.jp # TLD
airbnb.ae # TLD
airbnb.al # TLD
airbnb.am # TLD
airbnb.at # TLD
airbnb.az # TLD
airbnb.ba # TLD
airbnb.be # TLD
airbnb.ca # TLD
airbnb.ch # TLD
airbnb.cl # TLD
airbnb.co.cr # TLD
airbnb.co.id # TLD
airbnb.co.il # TLD
airbnb.co.in # TLD
airbnb.co.kr # TLD
airbnb.co.nz # TLD
airbnb.co.uk # TLD
airbnb.co.ve # TLD
airbnb.co.za # TLD
airbnb.com.ar # TLD
airbnb.com.au # TLD
airbnb.com.bo # TLD
airbnb.com.br # TLD
airbnb.com.bz # TLD
airbnb.com.ec # TLD
airbnb.com.ee # TLD
airbnb.com.gt # TLD
airbnb.com.hn # TLD
airbnb.com.hr # TLD
airbnb.com.kh # TLD
airbnb.com.mt # TLD
airbnb.com.my # TLD
airbnb.com.ni # TLD
airbnb.com.pa # TLD
airbnb.com.pe # TLD
airbnb.com.ph # TLD
airbnb.com.py # TLD
airbnb.com.ro # TLD
airbnb.com.sg # TLD
airbnb.com.sv # TLD
airbnb.com.tr # TLD
airbnb.com.tw # TLD
airbnb.com.ua # TLD
airbnb.com.vn # TLD
airbnb.cz # TLD
airbnb.de # TLD
airbnb.dk # TLD
airbnb.es # TLD
airbnb.fi # TLD
airbnb.fr # TLD
airbnb.gr # TLD
airbnb.gy # TLD
airbnb.hu # TLD
airbnb.ie # TLD
airbnb.is # TLD
airbnb.it # TLD
airbnb.jp # TLD
airbnb.la # TLD
airbnb.lt # TLD
airbnb.lu # TLD
airbnb.lv # TLD
airbnb.mx # TLD
airbnb.nl # TLD
airbnb.no # TLD
airbnb.pl # TLD
airbnb.pt # TLD
airbnb.rs # TLD
airbnb.ru # TLD
airbnb.se # TLD
airbnb.si # TLD
airport.eu # TLD
airuniversity.af.edu # TLD
airwick.at # TLD
airwick.be # TLD
airwick.ca # TLD
airwick.ch # TLD
airwick.cl # TLD
airwick.co.in # TLD
airwick.co.nz # TLD
airwick.co.uk # TLD
airwick.co.za # TLD
airwick.com.au # TLD
airwick.com.br # TLD
airwick.com.mx # TLD
airwick.com.tr # TLD
airwick.cz # TLD
airwick.de # TLD
airwick.dk # TLD
airwick.es # TLD
airwick.fi # TLD
airwick.fr # TLD
airwick.hr # TLD
airwick.hu # TLD
airwick.ie # TLD
airwick.it # TLD
airwick.jp # TLD
airwick.nl # TLD
airwick.no # TLD
airwick.pl # TLD
airwick.pt # TLD
airwick.ro # TLD
airwick.ru # TLD
airwick.se # TLD
airwick.si # TLD
airwick.sk # TLD
airwick.us # TLD
ait.org.tw # TLD
aka.ms # TLD
akamai.co.kr # TLD
akbars.ru # TLD
akita-bank.co.jp # TLD
alefbank.com # GeoIP (RU)
alfa.me # GeoIP (RU)
alfabank.ru # TLD
alfabank.st # TLD
alfadirect.ru # TLD
alfera.com.my # TLD
alfera.in # TLD
alfera.my # TLD
algoritmika.org # GeoIP (RU)
alibabacloud.co.in # TLD
alibabacloud.com.au # TLD
alibabacloud.com.my # TLD
alibabacloud.com.sg # TLD
alibabacloud.com.tw # TLD
alienware.ae # TLD
alienware.at # TLD
alienware.be # TLD
alienware.ca # TLD
alienware.ch # TLD
alienware.co.cr # TLD
alienware.co.il # TLD
alienware.co.in # TLD
alienware.co.nz # TLD
alienware.co.uk # TLD
alienware.com.au # TLD
alienware.com.es # TLD
alienware.com.my # TLD
alienware.com.sg # TLD
alienware.cz # TLD
alienware.de # TLD
alienware.dk # TLD
alienware.es # TLD
alienware.eu # TLD
alienware.fr # TLD
alienware.gr # TLD
alienware.ie # TLD
alienware.it # TLD
alienware.jp # TLD
alienware.kr # TLD
alienware.lv # TLD
alienware.nl # TLD
alienware.ph # TLD
alienware.pl # TLD
alienware.ps # TLD
alienware.ro # TLD
alienware.se # TLD
alienware.us # TLD
alphabet.at # TLD
alphabet.be # TLD
alphabet.ch # TLD
alphabet.co.hu # TLD
alphabet.co.uk # TLD
alphabet.co.za # TLD
alphabet.com.es # TLD
alphabet.com.lv # TLD
alphabet.com.mx # TLD
alphabet.com.pl # TLD
alphabet.com.pt # TLD
alphabet.cz # TLD
alphabet.de # TLD
alphabet.es # TLD
alphabet.eu # TLD
alphabet.fr # TLD
alphabet.jp # TLD
alphabet.lt # TLD
alphabet.lu # TLD
alphabet.lv # TLD
alphabet.mx # TLD
alphabet.no # TLD
alphabet.org.uk # TLD
alphabet.pl # TLD
alphabet.pt # TLD
alphabet.uk # TLD
alphabet.us # TLD
alphera-finance.co.in # TLD
alphera-finance.in # TLD
alphera.ca # TLD
alphera.co.in # TLD
alphera.co.nz # TLD
alphera.com.es # TLD
alphera.com.my # TLD
alphera.de # TLD
alphera.es # TLD
alphera.ie # TLD
alphera.in # TLD
alphera.my # TLD
alpherafinancialservices.es # TLD
alpherafinancialservices.in # TLD
alpherafs.ca # TLD
alpherafs.co.nz # TLD
alpherafs.com.my # TLD
alpherafs.ie # TLD
alpherafs.in # TLD
alpherafs.my # TLD
altera.co.jp # TLD
amateursexstart.nl # TLD
amazon # NO_DOT
amazon.ae # TLD
amazon.ca # TLD
amazon.cl # TLD
amazon.co.jp # TLD
amazon.co.uk # TLD
amazon.co.za # TLD
amazon.com.au # TLD
amazon.com.be # TLD
amazon.com.br # TLD
amazon.com.mx # TLD
amazon.com.ng # TLD
amazon.com.tr # TLD
amazon.de # TLD
amazon.eg # TLD
amazon.es # TLD
amazon.fr # TLD
amazon.ie # TLD
amazon.in # TLD
amazon.it # TLD
amazon.jp # TLD
amazon.lu # TLD
amazon.nl # TLD
amazon.pl # TLD
amazon.sa # TLD
amazon.se # TLD
amazon.sg # TLD
amazonaws.co.uk # TLD
amazonpay.in # TLD
amdigital.co.uk # TLD
ameba.jp # TLD
ameblo.jp # TLD
amediateka.ru # TLD
americorps.gov # TLD
amitabhafoundation.us # TLD
amzn.to # TLD
amzndns.co.uk # TLD
anchor.fm # TLD
android # NO_DOT
anexia.at # TLD
angela-merkel.de # TLD
angelbeats.jp # TLD
angelweb.jp # TLD
angle.com.tw # TLD
anigema.jp # TLD
animary.jp # TLD
ankb.ru # TLD
anm.co.uk # TLD
annas-archive.gd # TLD
annas-archive.gl # TLD
annas-archive.pk # TLD
antenna.co.kr # TLD
antiphishing.nl # TLD
antiphishing.ru # TLD
aobo.com.au # TLD
aozorabank.co.jp # TLD
api-p.videomarket.jp # TLD
apiok.ru # TLD
app-pay.jp # TLD
appbridge.ca # TLD
appbridge.it # TLD
appcenter.ms # TLD
appdynamics.co.uk # TLD
appdynamics.de # TLD
appdynamics.fr # TLD
appdynamics.jp # TLD
apple # NO_DOT
apple-expo.eu # TLD
apple-pay.rs # TLD
apple-watch.com.ru # TLD
apple.ae # TLD
apple.at # TLD
apple.be # TLD
apple.bg # TLD
apple.bs # TLD
apple.ca # TLD
apple.ch # TLD
apple.cl # TLD
apple.cm # TLD
apple.co.cr # TLD
apple.co.hu # TLD
apple.co.jp # TLD
apple.co.kr # TLD
apple.co.mz # TLD
apple.co.nz # TLD
apple.co.th # TLD
apple.co.uk # TLD
apple.com.af # TLD
apple.com.au # TLD
apple.com.bo # TLD
apple.com.br # TLD
apple.com.de # TLD
apple.com.do # TLD
apple.com.gr # TLD
apple.com.gy # TLD
apple.com.jm # TLD
apple.com.lk # TLD
apple.com.mg # TLD
apple.com.mx # TLD
apple.com.my # TLD
apple.com.pa # TLD
apple.com.pe # TLD
apple.com.pl # TLD
apple.com.pr # TLD
apple.com.pt # TLD
apple.com.py # TLD
apple.com.sg # TLD
apple.com.sv # TLD
apple.com.tr # TLD
apple.com.tw # TLD
apple.com.uy # TLD
apple.cz # TLD
apple.de # TLD
apple.dk # TLD
apple.ee # TLD
apple.es # TLD
apple.eu # TLD
apple.fi # TLD
apple.fr # TLD
apple.hn # TLD
apple.hr # TLD
apple.hu # TLD
apple.ie # TLD
apple.in # TLD
apple.is # TLD
apple.it # TLD
apple.jo # TLD
apple.jp # TLD
apple.kr # TLD
apple.lk # TLD
apple.lt # TLD
apple.lv # TLD
apple.my # TLD
apple.net.gr # TLD
apple.nl # TLD
apple.no # TLD
apple.pk # TLD
apple.pl # TLD
apple.pt # TLD
apple.ro # TLD
apple.rs # TLD
apple.ru # TLD
apple.sa # TLD
apple.se # TLD
apple.sg # TLD
apple.si # TLD
apple.sk # TLD
apple.so # TLD
apple.tt # TLD
apple.tw # TLD
apple.uk # TLD
apple.us # TLD
appleaustralia.com.au # TLD
appleaustralia.net.au # TLD
applecare.eu # TLD
applecentar.co.rs # TLD
applecentar.rs # TLD
applecentre.com.au # TLD
applecomputer.co.in # TLD
applecomputer.co.nz # TLD
applecomputer.com.tw # TLD
applecomputer.hu # TLD
applecomputer.kr # TLD
applecomputers.co.nz # TLD
appledaily.com.tw # TLD
appleexpo.eu # TLD
appleid-applemx.us # TLD
appleid-uk.us # TLD
appleiphone.hu # TLD
applemalaysia.com.my # TLD
applemusic.com.au # TLD
applepay.co.rs # TLD
applepay.com.tw # TLD
applepay.jp # TLD
applepay.rs # TLD
applepremiumreseller.com.au # TLD
applepremiumresellers.com.au # TLD
apples-msk.ru # TLD
appleshop.co.uk # TLD
applestore.bg # TLD
applestore.ch # TLD
applestore.cm # TLD
applestore.co.hu # TLD
applestore.co.jp # TLD
applestore.co.ug # TLD
applestore.co.uk # TLD
applestore.com.au # TLD
applestore.com.bn # TLD
applestore.com.ee # TLD
applestore.com.eg # TLD
applestore.com.gr # TLD
applestore.com.hr # TLD
applestore.com.jo # TLD
applestore.com.my # TLD
applestore.com.ph # TLD
applestore.com.pl # TLD
applestore.com.pt # TLD
applestore.com.ro # TLD
applestore.com.ru # TLD
applestore.com.sn # TLD
applestore.com.tw # TLD
applestore.de # TLD
applestore.kr # TLD
applestore.net.gr # TLD
applestore.ph # TLD
applestore.qa # TLD
applestore.sg # TLD
applestorepro.eu # TLD
appletv.fr # TLD
applewatch.tw # TLD
appmedia.jp # TLD
appsmail.ru # TLD
appsto.re # TLD
appstore.co.id # TLD
appstore.my # TLD
appstore.ph # TLD
arabicrt.ru # TLD
aranzadi.es # TLD
architectural-cadcam.com # GeoIP (RU)
archive.fo # TLD
archive.is # TLD
archive.li # TLD
archive.md # TLD
archive.ph # TLD
archive.vn # TLD
archives.gov # TLD
archivx.to # TLD
archlinux.de # TLD
arctic.ru # TLD
area51.to # TLD
arethusa.su # TLD
aria.ms # TLD
ark.to # TLD
armgs.team # GeoIP (RU)
arphic.com.tw # TLD
artcam.com # GeoIP (RU)
artcamexpress.com # GeoIP (RU)
artcaminsignia.com # GeoIP (RU)
artcamjewelsmith.com # GeoIP (RU)
artcampro.com # GeoIP (RU)
artel.watch # GeoIP (RU)
arteldoc.com # GeoIP (RU)
arteldoc.tv # GeoIP (RU)
arvanstorage.ir # TLD
arzon.jp # TLD
as-hp.ca # TLD
as.mr # TLD
asahicom.jp # TLD
asakonet.co.jp # TLD
ashikagabank.co.jp # TLD
asia-pay.ru # TLD
asianews.it # TLD
aspi.org.au # TLD
aspistrategist.org.au # TLD
assets.ppy.sh # TLD
asto.re # TLD
at.ua # TLD
atb.su # TLD
atc.org.au # TLD
atokara.jp # TLD
atomyze.ru # TLD
atomyze.tech # GeoIP (RU)
ats1.e-timing.ne.jp # TLD
attachmail.ru # TLD
atwiki.jp # TLD
autoesporte.com.br # TLD
autokreditbank.ru # TLD
automobile.fr # TLD
automotive-cadcam.com # GeoIP (RU)
av4.us # TLD
av69.us # TLD
avangard.ru # TLD
avdb.in # TLD
aversbank.ru # TLD
avistaz.to # TLD
avito.ru # TLD
avito.st # TLD
avxhm.is # TLD
avxhm.se # TLD
awabank.co.jp # TLD
awesomeent.co.kr # TLD
aws # NO_DOT
axbdoll.com.tw # TLD
azatutyun.am # TLD
azbukainterneta.ru # TLD
azure # NO_DOT
azureedge.us # TLD
b.hatena.ne.jp # TLD
b2c-digest.ru # TLD
b37mrtl.ru # TLD
babki.ru # TLD
babylongirls.co.uk # TLD
babypink.to # TLD
bacsitinhyeu.vn # TLD
bahamut.com.tw # TLD
baidu.jp # TLD
baltnews.com # GeoIP (RU)
baltnews.lt # TLD
bananacall.ru # TLD
band.us # TLD
bank-arzamas.ru # TLD
bank-credit-suisse-moscow.ru # TLD
bank-maskan.ir # TLD
bankermak.ru # TLD
bankline.ru # TLD
bankmellat.ir # TLD
banksepah.ir # TLD
baranky.com # GeoIP (RU)
bargipsy.com # GeoIP (RU)
barnabu.co.uk # TLD
barton.de # TLD
bbc # NO_DOT
bbc.co.uk # TLD
bbc.in # TLD
bbc.net.uk # TLD
bbci.co.uk # TLD
bbcmedia.co.uk # TLD
bbg.gov # TLD
bbr.ru # TLD
bbs.mychat.to # TLD
bbycastatic.ca # TLD
bbyurl.us # TLD
bcex.ca # TLD
bcs-bank.ru # TLD
bcs.ru # TLD
beats-headphones.us # TLD
beatsbydrdre-store.us # TLD
beatsbydre.jp # TLD
beatsbydresales.us # TLD
beatswholesale.us # TLD
beautyandthebeastmusical.co.uk # TLD
bebepremium3.com.bo # TLD
beck-online.beck.de # TLD
beeline.tv # Keyword
beesbfl.ru # TLD
beescrm.ru # TLD
beget.com # GeoIP (RU)
beget.ru # TLD
bekijkporno.nl # TLD
berizaryad.ru # TLD
berkeley.edu # TLD
berlinerbericht.de # TLD
best2pay.net # GeoIP (RU)
bestbuy.ca # TLD
bestbuy.com.mx # TLD
bestbuycanada.ca # TLD
bestbuycanadaltd.ca # TLD
bestbuyforbusiness.ca # TLD
bestbuyrewardzone.ca # TLD
bestchange.ru # TLD
bestescortgirls.nl # TLD
bestialityvideo.us # TLD
bestporn.su # TLD
bestpornsites.eu # TLD
bestrecipes.com.au # TLD
bestsrv.de # TLD
bfa.ru # TLD
bgr.in # TLD
bhent.co.kr # TLD
bhfm.com.br # TLD
bidi.net.uk # TLD
bidvestbank.co.za # TLD
bienvenuechezbestbuy.ca # TLD
bild.de # TLD
billpoint.us # TLD
bim.ir # TLD
bimsaas.ru # TLD
binance.us # TLD
binancezh.be # TLD
binancezh.sh # TLD
bing # NO_DOT
biqle.ru # TLD
bird.so # TLD
bisyoujyogyaruge.topaz.ne.jp # TLD
bit.do # TLD
bit.ly # TLD
bitbank.cc # Keyword
bitflyer.jp # TLD
bitly.is # TLD
bitwarden.eu # TLD
bk.mufg.jp # TLD
bk.ru # TLD
blanc.ru # TLD
blizzak-juken.jp # TLD
blizzard.nefficient.co.kr # TLD
blockcast.it # TLD
blog.de # TLD
blog.excite.co.jp # TLD
blog.jp # TLD
blogspot.ae # TLD
blogspot.al # TLD
blogspot.am # TLD
blogspot.ba # TLD
blogspot.be # TLD
blogspot.bg # TLD
blogspot.bj # TLD
blogspot.ca # TLD
blogspot.cf # TLD
blogspot.ch # TLD
blogspot.cl # TLD
blogspot.co.at # TLD
blogspot.co.id # TLD
blogspot.co.il # TLD
blogspot.co.ke # TLD
blogspot.co.nz # TLD
blogspot.co.uk # TLD
blogspot.co.za # TLD
blogspot.com.ar # TLD
blogspot.com.au # TLD
blogspot.com.br # TLD
blogspot.com.by # TLD
blogspot.com.cy # TLD
blogspot.com.ee # TLD
blogspot.com.eg # TLD
blogspot.com.es # TLD
blogspot.com.mt # TLD
blogspot.com.ng # TLD
blogspot.com.tr # TLD
blogspot.com.uy # TLD
blogspot.cv # TLD
blogspot.cz # TLD
blogspot.de # TLD
blogspot.dk # TLD
blogspot.fi # TLD
blogspot.fr # TLD
blogspot.gr # TLD
blogspot.hr # TLD
blogspot.hu # TLD
blogspot.ie # TLD
blogspot.in # TLD
blogspot.is # TLD
blogspot.it # TLD
blogspot.jp # TLD
blogspot.kr # TLD
blogspot.li # TLD
blogspot.lt # TLD
blogspot.lu # TLD
blogspot.md # TLD
blogspot.mk # TLD
blogspot.mx # TLD
blogspot.my # TLD
blogspot.nl # TLD
blogspot.no # TLD
blogspot.pe # TLD
blogspot.pt # TLD
blogspot.qa # TLD
blogspot.re # TLD
blogspot.ro # TLD
blogspot.rs # TLD
blogspot.ru # TLD
blogspot.se # TLD
blogspot.sg # TLD
blogspot.si # TLD
blogspot.sk # TLD
blogspot.sn # TLD
blogspot.td # TLD
blogspot.tw # TLD
blogspot.ug # TLD
blogspot.vn # TLD
bloomberg # NO_DOT
bloomberg.co.jp # TLD
bloomberg.co.kr # TLD
bloomberg.com.br # TLD
bloomberg.de # TLD
bloomberg.fm # TLD
bloombergtv.mn # TLD
bluearchive.jp # TLD
bm-bank.ru # TLD
bmi.ir # TLD
bmw # NO_DOT
bmw-antilles.fr # TLD
bmw-calgary.ca # TLD
bmw-carit.de # TLD
bmw-connecteddrive.ae # TLD
bmw-connecteddrive.at # TLD
bmw-connecteddrive.be # TLD
bmw-connecteddrive.bg # TLD
bmw-connecteddrive.ca # TLD
bmw-connecteddrive.ch # TLD
bmw-connecteddrive.co.nz # TLD
bmw-connecteddrive.co.uk # TLD
bmw-connecteddrive.co.za # TLD
bmw-connecteddrive.com.au # TLD
bmw-connecteddrive.com.br # TLD
bmw-connecteddrive.com.cy # TLD
bmw-connecteddrive.com.hr # TLD
bmw-connecteddrive.com.kw # TLD
bmw-connecteddrive.com.mt # TLD
bmw-connecteddrive.cz # TLD
bmw-connecteddrive.de # TLD
bmw-connecteddrive.dk # TLD
bmw-connecteddrive.ee # TLD
bmw-connecteddrive.es # TLD
bmw-connecteddrive.fi # TLD
bmw-connecteddrive.fr # TLD
bmw-connecteddrive.gr # TLD
bmw-connecteddrive.hu # TLD
bmw-connecteddrive.ie # TLD
bmw-connecteddrive.it # TLD
bmw-connecteddrive.jp # TLD
bmw-connecteddrive.kr # TLD
bmw-connecteddrive.lt # TLD
bmw-connecteddrive.lu # TLD
bmw-connecteddrive.lv # TLD
bmw-connecteddrive.mx # TLD
bmw-connecteddrive.my # TLD
bmw-connecteddrive.nl # TLD
bmw-connecteddrive.no # TLD
bmw-connecteddrive.pl # TLD
bmw-connecteddrive.pt # TLD
bmw-connecteddrive.ro # TLD
bmw-connecteddrive.ru # TLD
bmw-connecteddrive.se # TLD
bmw-connecteddrive.sg # TLD
bmw-connecteddrive.si # TLD
bmw-connecteddrive.sk # TLD
bmw-connecteddrive.tw # TLD
bmw-driving-center.co.kr # TLD
bmw-grouparchiv.de # TLD
bmw-gta.ca # TLD
bmw-i.jp # TLD
bmw-konzernarchiv.de # TLD
bmw-lao.la # TLD
bmw-motorcycles.vn # TLD
bmw-motorrad.at # TLD
bmw-motorrad.be # TLD
bmw-motorrad.bg # TLD
bmw-motorrad.bh # TLD
bmw-motorrad.bo # TLD
bmw-motorrad.ca # TLD
bmw-motorrad.ch # TLD
bmw-motorrad.cl # TLD
bmw-motorrad.co.id # TLD
bmw-motorrad.co.kr # TLD
bmw-motorrad.co.nz # TLD
bmw-motorrad.co.th # TLD
bmw-motorrad.co.uk # TLD
bmw-motorrad.co.za # TLD
bmw-motorrad.com.ar # TLD
bmw-motorrad.com.au # TLD
bmw-motorrad.com.br # TLD
bmw-motorrad.com.do # TLD
bmw-motorrad.com.hr # TLD
bmw-motorrad.com.mx # TLD
bmw-motorrad.com.my # TLD
bmw-motorrad.com.pe # TLD
bmw-motorrad.com.py # TLD
bmw-motorrad.com.tr # TLD
bmw-motorrad.cr # TLD
bmw-motorrad.cz # TLD
bmw-motorrad.de # TLD
bmw-motorrad.dk # TLD
bmw-motorrad.dz # TLD
bmw-motorrad.ec # TLD
bmw-motorrad.ee # TLD
bmw-motorrad.es # TLD
bmw-motorrad.fi # TLD
bmw-motorrad.fr # TLD
bmw-motorrad.gr # TLD
bmw-motorrad.gt # TLD
bmw-motorrad.hu # TLD
bmw-motorrad.in # TLD
bmw-motorrad.it # TLD
bmw-motorrad.jp # TLD
bmw-motorrad.lu # TLD
bmw-motorrad.ma # TLD
bmw-motorrad.nl # TLD
bmw-motorrad.no # TLD
bmw-motorrad.pa # TLD
bmw-motorrad.pl # TLD
bmw-motorrad.pt # TLD
bmw-motorrad.ro # TLD
bmw-motorrad.rs # TLD
bmw-motorrad.ru # TLD
bmw-motorrad.sa # TLD
bmw-motorrad.se # TLD
bmw-motorrad.si # TLD
bmw-motorrad.sk # TLD
bmw-motorrad.sv # TLD
bmw-motorrad.tw # TLD
bmw-motorrad.ua # TLD
bmw-motorrad.uy # TLD
bmw-ottawa.ca # TLD
bmw-pma.com.sg # TLD
bmw-vancouver.ca # TLD
bmw-werk-berlin.de # TLD
bmw-yeg.ca # TLD
bmw.am # TLD
bmw.at # TLD
bmw.az # TLD
bmw.ba # TLD
bmw.bb # TLD
bmw.be # TLD
bmw.bg # TLD
bmw.bm # TLD
bmw.bs # TLD
bmw.by # TLD
bmw.ca # TLD
bmw.ch # TLD
bmw.cl # TLD
bmw.co.ao # TLD
bmw.co.cr # TLD
bmw.co.id # TLD
bmw.co.il # TLD
bmw.co.jp # TLD
bmw.co.ke # TLD
bmw.co.kr # TLD
bmw.co.nz # TLD
bmw.co.th # TLD
bmw.co.uk # TLD
bmw.co.za # TLD
bmw.com.ar # TLD
bmw.com.au # TLD
bmw.com.bd # TLD
bmw.com.bn # TLD
bmw.com.bo # TLD
bmw.com.br # TLD
bmw.com.cy # TLD
bmw.com.do # TLD
bmw.com.ec # TLD
bmw.com.ge # TLD
bmw.com.gt # TLD
bmw.com.kh # TLD
bmw.com.ky # TLD
bmw.com.mk # TLD
bmw.com.mo # TLD
bmw.com.mt # TLD
bmw.com.mx # TLD
bmw.com.my # TLD
bmw.com.ni # TLD
bmw.com.pa # TLD
bmw.com.pe # TLD
bmw.com.ph # TLD
bmw.com.py # TLD
bmw.com.sg # TLD
bmw.com.sv # TLD
bmw.com.tr # TLD
bmw.com.tw # TLD
bmw.com.uy # TLD
bmw.com.ve # TLD
bmw.cw # TLD
bmw.cz # TLD
bmw.de # TLD
bmw.dk # TLD
bmw.dz # TLD
bmw.ee # TLD
bmw.es # TLD
bmw.fi # TLD
bmw.fr # TLD
bmw.gp # TLD
bmw.gr # TLD
bmw.hn # TLD
bmw.hr # TLD
bmw.ht # TLD
bmw.hu # TLD
bmw.ie # TLD
bmw.in # TLD
bmw.is # TLD
bmw.it # TLD
bmw.kg # TLD
bmw.kz # TLD
bmw.lc # TLD
bmw.lk # TLD
bmw.lt # TLD
bmw.lu # TLD
bmw.lv # TLD
bmw.ly # TLD
bmw.ma # TLD
bmw.md # TLD
bmw.mn # TLD
bmw.mq # TLD
bmw.mu # TLD
bmw.nc # TLD
bmw.nl # TLD
bmw.no # TLD
bmw.pl # TLD
bmw.ps # TLD
bmw.pt # TLD
bmw.re # TLD
bmw.ro # TLD
bmw.rs # TLD
bmw.se # TLD
bmw.si # TLD
bmw.sk # TLD
bmw.sn # TLD
bmw.tm # TLD
bmw.tt # TLD
bmw.ua # TLD
bmw.uz # TLD
bmw.vn # TLD
bmwarchiv.at # TLD
bmwarchiv.de # TLD
bmwbkk.de # TLD
bmwccrc.ca # TLD
bmwgroup.at # TLD
bmwi.ca # TLD
bmwi.jp # TLD
bmwlifestyle.ca # TLD
bmwmagazine.de # TLD
bmwmontreal.ca # TLD
bmwmotorrad.co.kr # TLD
bmwmotorrad.com.au # TLD
bmwmotorrad.com.ph # TLD
bmwmotorrad.com.sg # TLD
bmwshop.ca # TLD
bmwspecialoffers.ca # TLD
bnext.com.tw # TLD
bodyandsoul.com.au # TLD
boj.or.jp # TLD
book-catalog.ru # TLD
book.com.tw # TLD
book1917.live # GeoIP (RU)
booking-tec.ru # TLD
books.com.tw # TLD
booksc.eu # TLD
booktopia.com.au # TLD
bookwalker.com.tw # TLD
boom.ru # TLD
boosty.to # TLD
booth.pm # TLD
bossagency.co.uk # TLD
botmechanic.io # GeoIP (RU)
bpi.ir # TLD
bps-sberbank.by # TLD
br.st # TLD
brazzers-porno.online # GeoIP (RU)
breached.to # TLD
brew.sh # TLD
bridge-studio.co.uk # TLD
bridgestone # NO_DOT
bridgestone-business-service.jp # TLD
bridgestone-korea.co.kr # TLD
bridgestone.cl # TLD
bridgestone.co.cr # TLD
bridgestone.co.id # TLD
bridgestone.co.in # TLD
bridgestone.co.jp # TLD
bridgestone.co.th # TLD
bridgestone.com.ar # TLD
bridgestone.com.br # TLD
bridgestone.com.mx # TLD
bridgestone.com.sg # TLD
bridgestone.com.tw # TLD
bridgestone.com.vn # TLD
bridgestonecomercial.cl # TLD
bridgestonecomercial.co.cr # TLD
bridgestonecomercial.com.ar # TLD
bridgestonecomercial.com.br # TLD
bridgestonecomercial.com.mx # TLD
bridgestonetire.ca # TLD
bridgestonetyre.com.my # TLD
broker.ru # TLD
brookings.edu # TLD
bs-awh.ne.jp # TLD
bsi.ir # TLD
bspb.ru # TLD
bsw.co.jp # TLD
bsw.jp # TLD
btcbox.co.jp # TLD
btctrade.im # TLD
btdig.com # GeoIP (RU)
btec.co.uk # TLD
bucketeer.jp # TLD
bumptop.ca # TLD
bunka.go.jp # TLD
bushimo.jp # TLD
bushiroad.co.jp # TLD
business-i.jp # TLD
businessinsider.co.za # TLD
businessinsider.com.au # TLD
businessinsider.com.pl # TLD
businessinsider.de # TLD
businessinsider.es # TLD
businessinsider.fr # TLD
businessinsider.in # TLD
businessinsider.jp # TLD
businessinsider.mx # TLD
businessinsider.my # TLD
businessinsider.nl # TLD
businessinsider.sg # TLD
businesstoday.com.tw # TLD
businessweekly.com.tw # TLD
buymeacoff.ee # TLD
buypass.no # TLD
buypass.se # TLD
bx.in.th # TLD
bynet.co.il # TLD
c.ppy.sh # TLD
cafr.ca # TLD
cairnspost.com.au # TLD
calgon.at # TLD
calgon.be # TLD
calgon.ch # TLD
calgon.co.uk # TLD
calgon.com.tr # TLD
calgon.de # TLD
calgon.es # TLD
calgon.fr # TLD
calgon.ie # TLD
calgon.it # TLD
calgon.nl # TLD
calgon.pt # TLD
calgon.ru # TLD
callbackkiller.com # GeoIP (RU)
canon # NO_DOT
canon-emirates.ae # TLD
canon-ois.qa # TLD
canon-se.com.tw # TLD
canon.am # TLD
canon.at # TLD
canon.az # TLD
canon.ba # TLD
canon.be # TLD
canon.bg # TLD
canon.ca # TLD
canon.ch # TLD
canon.co.il # TLD
canon.co.uk # TLD
canon.co.za # TLD
canon.com.al # TLD
canon.com.au # TLD
canon.com.by # TLD
canon.com.cy # TLD
canon.com.mk # TLD
canon.com.mt # TLD
canon.com.my # TLD
canon.com.tr # TLD
canon.com.tw # TLD
canon.cz # TLD
canon.de # TLD
canon.dk # TLD
canon.ee # TLD
canon.es # TLD
canon.fi # TLD
canon.fr # TLD
canon.ge # TLD
canon.gr # TLD
canon.hr # TLD
canon.hu # TLD
canon.ie # TLD
canon.it # TLD
canon.kz # TLD
canon.lt # TLD
canon.lu # TLD
canon.lv # TLD
canon.nl # TLD
canon.no # TLD
canon.pl # TLD
canon.pt # TLD
canon.ro # TLD
canon.rs # TLD
canon.ru # TLD
canon.se # TLD
canon.si # TLD
canon.sk # TLD
canon.tj # TLD
canon.ua # TLD
canon.uz # TLD
caoporn.us # TLD
capitalt.ru # TLD
carcare-and-tireshop.jp # TLD
cardsmobile.ru # TLD
cari.com.my # TLD
carrotquest-mail.io # GeoIP (RU)
carrotquest.app # GeoIP (RU)
carrotquest.io # GeoIP (RU)
cartola.com.br # TLD
casatibet.org.mx # TLD
cashmart.jp # TLD
cashpassport.ca # TLD
cashpassport.co.za # TLD
cashpassport.com.br # TLD
castbox.fm # TLD
castro.fm # TLD
catholic.org.tw # TLD
cbbank.com.mm # TLD
cbc.ca # TLD
cbi.ir # TLD
cbkiller.com # GeoIP (RU)
cbm.com.mm # TLD
cbn.com.br # TLD
cbs.ntu.edu.tw # TLD
ccfd.org.tw # TLD
cdn-tinkoff.ru # TLD
cdn-vk.ru # TLD
cdnmail.ru # TLD
cdnvideo.ru # TLD
cdnvideohub.com # GeoIP (RU)
cdpuk.co.uk # TLD
cecc.gov # TLD
cenews.eu # TLD
censorship.no # TLD
centauro.com.br # TLD
centervillage.co.jp # TLD
centraluniversity.ru # TLD
ceosummit.ru # TLD
cepacol.ca # TLD
ceramics-cadcam.com # GeoIP (RU)
cern # NO_DOT
cern.ch # TLD
cert-gib.ru # TLD
certinomis.fr # TLD
certsign.ro # TLD
certum.pl # TLD
ceskeporno.cz # TLD
cfl.re # TLD
ch9.ms # TLD
charlotte-anime.jp # TLD
cheapbeats.us # TLD
cheapbeatsheadphones.us # TLD
cheapmonsterbeatsusa.us # TLD
cheerwholesale.us # TLD
chibabank.co.jp # TLD
chibakogyo-bank.co.jp # TLD
chid.com.mm # TLD
chii.in # TLD
chikubank.co.jp # TLD
china-review.com.ua # TLD
china5000.us # TLD
chinaaid.us # TLD
chinapress.com.my # TLD
chinasex.com.es # TLD
chinatimes.com.tw # TLD
chinesen.de # TLD
chinesenews.net.au # TLD
chipcore.com # GeoIP (RU)
chipcore.ru # TLD
chrome # NO_DOT
cht.com.tw # TLD
chtf.org.tw # TLD
chugokubank.co.jp # TLD
chuokoron.jp # TLD
ci-en.jp # TLD
cia.gov # TLD
ciciq.net # GeoIP (RU)
cinny.in # TLD
cisco # NO_DOT
ciscopress.ch # TLD
ciscospark.ca # TLD
ciscospark.jp # TLD
citas-para-mayoresde50.ec # TLD
citibank.co.jp # TLD
citizenlab.ca # TLD
city365.ca # TLD
citydrive.ru # TLD
citypopulation.de # TLD
civilmedia.tw # TLD
clannad-movie.jp # TLD
clau.de # TLD
clck.ru # TLD
clearasil.us # TLD
clickedu.co.uk # TLD
clinica-tibet.ru # TLD
cloud.ru # TLD
cloudec.jp # TLD
clstorage.net # GeoIP (RU)
clyp.it # TLD
cmi.org.tw # TLD
cmmedia.com.tw # TLD
cms.gov # TLD
cmu.edu # TLD
cmx.im # TLD
cna.com.tw # TLD
cnbeta.com.tw # TLD
cnet.co.kr # TLD
cnet.de # TLD
cnetfrance.fr # TLD
cnivogue.com.au # TLD
cnn.it # TLD
cnnmoney.ch # TLD
coat.co.jp # TLD
code-class.ru # TLD
codei.sh # TLD
codeseason.by # TLD
coeteco.jp # TLD
cofacts.tw # TLD
coffeemanga.to # TLD
coinone.co.kr # TLD
coinrail.co.kr # TLD
coliriodemacho.com.br # TLD
collabora.co.uk # TLD
collins.co.uk # TLD
collins.in # TLD
colorme-repeat.jp # TLD
comicsporno.es # TLD
commerzbank.ru # TLD
compass.is # TLD
connaissancesfinancierespratiques.ca # TLD
conoha.jp # TLD
coolloud.org.tw # TLD
coomer.st # TLD
coomer.su # TLD
coreserver.jp # TLD
cosplayeromania.jp # TLD
cosplayjav.pl # TLD
couplecam.co.uk # TLD
couriermail.com.au # TLD
covenantswatch.org.tw # TLD
cplsb.ru # TLD
cpz.to # TLD
cq99.us # TLD
crazycloud.ru # TLD
credit-zenit.ru # TLD
crossfire.co.kr # TLD
crypton.co.jp # TLD
crysis.jp # TLD
csakporno.hu # TLD
css.pixnet.in # TLD
csuchen.de # TLD
csw.org.uk # TLD
ct.org.tw # TLD
ctee.com.tw # TLD
ctitv.com.tw # TLD
cts.com.tw # TLD
ctv.com.tw # TLD
cu.ru # TLD
cuinc.oen.tw # TLD
cuinc.tw # TLD
cultura-kolomna.ru # TLD
culture.tw # TLD
cups.online # GeoIP (RU)
cursor.sh # TLD
curve.fi # TLD
custody.ru # TLD
customercontrolpanel.de # TLD
cutt.ly # TLD
cw.com.tw # TLD
cybersport.ru # TLD
cybertrust.co.jp # TLD
cybertrust.ne.jp # TLD
cygames.co.jp # TLD
cygames.jp # TLD
dabr.co.uk # TLD
dahl.su # TLD
dahlmessenger.com # GeoIP (RU)
daidostup.ru # TLD
daiichibank.co.jp # TLD
dailymail.co.uk # TLD
dailymail.com.au # TLD
dailymail.dk # TLD
dailytelegraph.com.au # TLD
dailyview.tw # TLD
dajiyuan.de # TLD
dajiyuan.eu # TLD
dalailama.mn # TLD
dalailama.ru # TLD
data-tscbank.ru # TLD
day24.ir # TLD
db.tt # TLD
dba.dk # TLD
dbmoscow.ru # TLD
dbo-dengi.online # GeoIP (RU)
dcard.tw # TLD
dclk # NO_DOT
ddc.com.tw # TLD
ddg.gg # TLD
ddh.gg # TLD
de-rt.com # GeoIP (RU)
de-rt.org # GeoIP (RU)
de-rtnews.com # GeoIP (RU)
de-rtnews.net # GeoIP (RU)
deck.ly # TLD
deepfakeporn.net # GeoIP (RU)
deepfreeze.co.uk # TLD
deepfreeze.com.br # TLD
deepfreeze.eu # TLD
del.com.br # TLD
delcam-ams.com # GeoIP (RU)
delcam-electrode.com # GeoIP (RU)
delcam-na.com # GeoIP (RU)
delcam-robotics.com # GeoIP (RU)
delcam-services.com # GeoIP (RU)
delcam.com # GeoIP (RU)
delcamconsulting.com # GeoIP (RU)
delcamforsolidworks.com # GeoIP (RU)
delcamna.com # GeoIP (RU)
delcamtv.com # GeoIP (RU)
delcamuniversity.com # GeoIP (RU)
delcamusa.com # GeoIP (RU)
delicious.com.au # TLD
dell # NO_DOT
dell.ac # TLD
dell.am # TLD
dell.at # TLD
dell.az # TLD
dell.be # TLD
dell.bg # TLD
dell.bi # TLD
dell.bs # TLD
dell.by # TLD
dell.ca # TLD
dell.cd # TLD
dell.cg # TLD
dell.ch # TLD
dell.cl # TLD
dell.co.id # TLD
dell.co.il # TLD
dell.co.in # TLD
dell.co.jp # TLD
dell.co.kr # TLD
dell.co.mu # TLD
dell.co.nz # TLD
dell.co.th # TLD
dell.co.tt # TLD
dell.co.uk # TLD
dell.co.vi # TLD
dell.co.za # TLD
dell.com.ag # TLD
dell.com.ar # TLD
dell.com.au # TLD
dell.com.bb # TLD
dell.com.bo # TLD
dell.com.br # TLD
dell.com.bs # TLD
dell.com.bz # TLD
dell.com.cy # TLD
dell.com.dm # TLD
dell.com.do # TLD
dell.com.ec # TLD
dell.com.gr # TLD
dell.com.gt # TLD
dell.com.gy # TLD
dell.com.hn # TLD
dell.com.hr # TLD
dell.com.ht # TLD
dell.com.jm # TLD
dell.com.kn # TLD
dell.com.ky # TLD
dell.com.lc # TLD
dell.com.ly # TLD
dell.com.mk # TLD
dell.com.mt # TLD
dell.com.mx # TLD
dell.com.my # TLD
dell.com.na # TLD
dell.com.ng # TLD
dell.com.ni # TLD
dell.com.pa # TLD
dell.com.pe # TLD
dell.com.ph # TLD
dell.com.pk # TLD
dell.com.pl # TLD
dell.com.pr # TLD
dell.com.py # TLD
dell.com.ru # TLD
dell.com.sa # TLD
dell.com.sg # TLD
dell.com.tc # TLD
dell.com.tr # TLD
dell.com.tt # TLD
dell.com.tw # TLD
dell.com.ua # TLD
dell.com.uy # TLD
dell.com.vc # TLD
dell.com.ve # TLD
dell.com.vi # TLD
dell.cz # TLD
dell.de # TLD
dell.dk # TLD
dell.dm # TLD
dell.ee # TLD
dell.es # TLD
dell.eu # TLD
dell.fi # TLD
dell.fr # TLD
dell.gm # TLD
dell.gp # TLD
dell.gr # TLD
dell.hr # TLD
dell.hu # TLD
dell.id # TLD
dell.ie # TLD
dell.is # TLD
dell.it # TLD
dell.jp # TLD
dell.kg # TLD
dell.kn # TLD
dell.kz # TLD
dell.lt # TLD
dell.lu # TLD
dell.lv # TLD
dell.ly # TLD
dell.ma # TLD
dell.mq # TLD
dell.mu # TLD
dell.mw # TLD
dell.ng # TLD
dell.nl # TLD
dell.no # TLD
dell.org.il # TLD
dell.ph # TLD
dell.pl # TLD
dell.ps # TLD
dell.pt # TLD
dell.ro # TLD
dell.ru # TLD
dell.rw # TLD
dell.sc # TLD
dell.se # TLD
dell.sg # TLD
dell.si # TLD
dell.sk # TLD
dell.sn # TLD
dell.tc # TLD
dell.tj # TLD
dell.tm # TLD
dell.tt # TLD
dell.ua # TLD
dell.ug # TLD
dell.uz # TLD
dell.vg # TLD
dell.vn # TLD
deltacredit.ru # TLD
demonoid.is # TLD
denfaminicogamer.jp # TLD
dentry.jp # TLD
depository.ru # TLD
dert.online # GeoIP (RU)
dert.site # GeoIP (RU)
dert.tech # GeoIP (RU)
desc.se # TLD
desipro.de # TLD
dettol.at # TLD
dettol.be # TLD
dettol.ch # TLD
dettol.cl # TLD
dettol.co.id # TLD
dettol.co.in # TLD
dettol.co.ke # TLD
dettol.co.nz # TLD
dettol.co.uk # TLD
dettol.com.au # TLD
dettol.com.bd # TLD
dettol.com.br # TLD
dettol.com.eg # TLD
dettol.com.my # TLD
dettol.com.ng # TLD
dettol.com.sg # TLD
dettol.cz # TLD
dettol.fr # TLD
dettol.hu # TLD
dettol.ie # TLD
dettol.nl # TLD
dettol.pk # TLD
dettol.pl # TLD
dettol.pt # TLD
dettol.ru # TLD
dettolsitishield.co.in # TLD
deutsche-bank.ru # TLD
deutsche-welle.de # TLD
deutschebank.ru # TLD
dev-my.com # GeoIP (RU)
dev-my.games # Keyword
dev.to # TLD
device-manager.us # TLD
devio.us # TLD
dgg.gg # TLD
diamondgirls.co.uk # TLD
dice.se # TLD
dictate.ms # TLD
digicert.co.jp # TLD
digicert.eu # TLD
digiland.tw # TLD
digital-id.ch # TLD
digital-wb.ru # TLD
digitalid.ch # TLD
digitalwb.ru # TLD
dis.gd # TLD
discord.gg # TLD
disney.be # TLD
disney.bg # TLD
disney.ca # TLD
disney.ch # TLD
disney.co.il # TLD
disney.co.jp # TLD
disney.co.kr # TLD
disney.co.th # TLD
disney.co.uk # TLD
disney.co.za # TLD
disney.com.au # TLD
disney.com.br # TLD
disney.com.tw # TLD
disney.cz # TLD
disney.de # TLD
disney.dk # TLD
disney.es # TLD
disney.fi # TLD
disney.fr # TLD
disney.gr # TLD
disney.hu # TLD
disney.id # TLD
disney.in # TLD
disney.it # TLD
disney.my # TLD
disney.nl # TLD
disney.no # TLD
disney.ph # TLD
disney.pl # TLD
disney.pt # TLD
disney.ro # TLD
disney.ru # TLD
disney.se # TLD
disney.sg # TLD
disneymagicmoments.co.il # TLD
disneymagicmoments.co.uk # TLD
disneymagicmoments.co.za # TLD
disneymagicmoments.de # TLD
disneymagicmoments.es # TLD
disneymagicmoments.fr # TLD
disneymagicmoments.gen.tr # TLD
disneymagicmoments.gr # TLD
disneymagicmoments.it # TLD
disneymagicmoments.pl # TLD
disneytickets.co.uk # TLD
disneyturkiye.com.tr # TLD
disq.us # TLD
dit-inc.us # TLD
divas.com.uy # TLD
dl-laby.jp # TLD
dlaf.jp # TLD
dln1.ncdn.ec # TLD
dlsite.com.tw # TLD
dlsite.jp # TLD
dmgmediaprivacy.co.uk # TLD
dmit.sh # TLD
dmm.co.jp # TLD
dnai.in # TLD
dns.sb # TLD
dnsserver1.de # TLD
dnsserver2.de # TLD
dobendan.de # TLD
docs.rs # TLD
docs.rw # TLD
dogatch.jp # TLD
doh.sb # TLD
dokusho-ojikan.jp # TLD
dolc.de # TLD
dolyame.ru # TLD
dombosco.com.br # TLD
domrfbank.ru # TLD
donationalerts.com # GeoIP (RU)
donmai.us # TLD
dontbubble.us # TLD
donttrack.us # TLD
dot-mac.de # TLD
dot.sb # TLD
dotmac.de # TLD
dotsub.com # GeoIP (RU)
dpp.org.tw # TLD
drbl.in # TLD
dreambmw.ca # TLD
driving.co.uk # TLD
drobbox.pro # GeoIP (RU)
drweb-av.de # TLD
drweb-av.es # TLD
drweb-av.it # TLD
drweb-av.pl # TLD
drweb.by # TLD
drweb.co.jp # TLD
drweb.com # GeoIP (RU)
drweb.fr # TLD
drweb.kz # TLD
drweb.ru # TLD
drweb.uz # TLD
dsex.to # TLD
dstk.dk # TLD
duckduckco.de # TLD
duckduckgo.ca # TLD
duckduckgo.co.uk # TLD
duckduckgo.com.mx # TLD
duckduckgo.com.tw # TLD
duckduckgo.de # TLD
duckduckgo.dk # TLD
duckduckgo.in # TLD
duckduckgo.jp # TLD
duckduckgo.ke # TLD
duckduckgo.mx # TLD
duckduckgo.nl # TLD
duckduckgo.pl # TLD
duckduckgo.sg # TLD
duckduckgo.uk # TLD
ducksear.ch # TLD
duga.jp # TLD
durex-shop.ch # TLD
durex-slovenia.si # TLD
durex.at # TLD
durex.be # TLD
durex.cl # TLD
durex.co.id # TLD
durex.co.il # TLD
durex.co.nz # TLD
durex.co.th # TLD
durex.co.uk # TLD
durex.co.za # TLD
durex.com.au # TLD
durex.com.bd # TLD
durex.com.hr # TLD
durex.com.my # TLD
durex.com.ng # TLD
durex.com.pe # TLD
durex.com.ph # TLD
durex.com.pk # TLD
durex.com.sg # TLD
durex.com.tr # TLD
durex.cz # TLD
durex.de # TLD
durex.dk # TLD
durex.ee # TLD
durex.es # TLD
durex.fi # TLD
durex.fr # TLD
durex.hu # TLD
durex.ie # TLD
durex.it # TLD
durex.jp # TLD
durex.lv # TLD
durex.mx # TLD
durex.nl # TLD
durex.no # TLD
durex.pl # TLD
durex.pt # TLD
durex.ro # TLD
durex.ru # TLD
durex.se # TLD
durex.us # TLD
dvdstudiopro.us # TLD
dw-world.de # TLD
dw.de # TLD
dynacw.co.jp # TLD
dynacw.com.tw # TLD
dzen.ru # TLD
dzeninfra.ru # TLD
e-bay.it # TLD
e-classical.com.tw # TLD
e-estate.jp # TLD
e-goods.ru # TLD
e-szigno.hu # TLD
e5.sk # TLD
eakorea.co.kr # TLD
eaptechka.online # GeoIP (RU)
eapteka.ru # TLD
easports.jp # TLD
eastturkistangovernmentinexile.us # TLD
easy.ac # TLD
easylist.to # TLD
ebates.ca # TLD
ebates.kr # TLD
ebates.sg # TLD
ebay.at # TLD
ebay.be # TLD
ebay.ca # TLD
ebay.ch # TLD
ebay.co.nz # TLD
ebay.co.uk # TLD
ebay.co.ve # TLD
ebay.co.za # TLD
ebay.com.ar # TLD
ebay.com.au # TLD
ebay.com.ec # TLD
ebay.com.mt # TLD
ebay.com.my # TLD
ebay.com.ph # TLD
ebay.com.sg # TLD
ebay.de # TLD
ebay.es # TLD
ebay.fr # TLD
ebay.ie # TLD
ebay.in # TLD
ebay.it # TLD
ebay.jp # TLD
ebay.lt # TLD
ebay.mn # TLD
ebay.nl # TLD
ebay.ph # TLD
ebay.pk # TLD
ebay.pl # TLD
ebay.sg # TLD
ebay.us # TLD
ebay.vn # TLD
ebaycbt.co.kr # TLD
ebayexpress.sg # TLD
ebaymotors.ca # TLD
ebaysocial.ru # TLD
ebc.net.tw # TLD
ebook.hyread.com.tw # TLD
ecchinohentai.ru # TLD
ecfa.org.tw # TLD
ecimg.tw # TLD
ecoforme.jp # TLD
ecpa.fr # TLD
edbi.ir # TLD
edu.ir # TLD
edu.tinkoff.ru # TLD
education.tbank.ru # TLD
eesti.ee # TLD
egmontbooks.co.uk # TLD
eighteen-store18x.jp # TLD
ekiten.jp # TLD
elama.ru # TLD
electronicarts.fr # TLD
electronicsignature.ru # TLD
elgoog.im # TLD
elib.maruzen.co.jp # TLD
eligens.cl # TLD
eligens.com.br # TLD
elitvip.ru # TLD
elpionero.es # TLD
emac.co.in # TLD
emac.in # TLD
emagic.de # TLD
embed.ly # TLD
embl-hamburg.de # TLD
embl.de # TLD
embl.fr # TLD
embl.it # TLD
enanyang.my # TLD
enbank.ir # TLD
enfa.co.id # TLD
enfa.com.vn # TLD
enfabebe.com.br # TLD
enfabebe.com.do # TLD
enfabebe.com.ec # TLD
enfabebe.com.mx # TLD
enfabebe.com.pe # TLD
enfabebe.com.ve # TLD
enfabebe3.com.ar # TLD
enfagrow.co.in # TLD
enfagrow.com.bn # TLD
enfagrow.com.my # TLD
enfagrow.com.ph # TLD
enfagrow.com.sg # TLD
enfamama.com.ar # TLD
enfamama.com.ph # TLD
enfamil.ca # TLD
enfamil.es # TLD
enfamil.pl # TLD
enfamil.pt # TLD
englishfromengland.co.uk # TLD
enpay.co.jp # TLD
enteentegeh.de # TLD
enterly.ru # TLD
envybox.company # GeoIP (RU)
envybox.family # GeoIP (RU)
envybox.io # GeoIP (RU)
envybox.kg # TLD
envybox.su # TLD
envycdp.com # GeoIP (RU)
envycdp.ru # TLD
envycrm.com # GeoIP (RU)
envyday.ru # TLD
epicevents.gg # TLD
epoca.com.br # TLD
epocanegocios.com.br # TLD
epoch.org.il # TLD
epochtimes.bg # TLD
epochtimes.co.il # TLD
epochtimes.co.kr # TLD
epochtimes.co.uk # TLD
epochtimes.com.au # TLD
epochtimes.com.br # TLD
epochtimes.com.sg # TLD
epochtimes.com.tw # TLD
epochtimes.com.ua # TLD
epochtimes.cz # TLD
epochtimes.de # TLD
epochtimes.eu # TLD
epochtimes.fr # TLD
epochtimes.it # TLD
epochtimes.jp # TLD
epochtimes.nl # TLD
epochtimes.pl # TLD
epochtimes.ru # TLD
epochtimes.se # TLD
epsilon.jp # TLD
era-invest.ru # TLD
eracom.com.tw # TLD
erome.it # TLD
eropics.to # TLD
erosberry.com # Keyword
erotera.blogo.jp # TLD
erotikaweb.hu # TLD
erovizor.ru # TLD
err.sh # TLD
es-rt.com # GeoIP (RU)
escape.com.au # TLD
escapestudios.co.uk # TLD
escobarvip.it # TLD
escortgirls.be # TLD
escortrankings.uk # TLD
eset.eu # TLD
eset.sk # TLD
esforce.com # GeoIP (RU)
esforce.ru # TLD
esm.sh # TLD
espadoldettol.com.ar # TLD
espn.co.uk # TLD
esports.gg # TLD
esrt.online # GeoIP (RU)
esrt.press # GeoIP (RU)
esrt.site # GeoIP (RU)
esrt.space # GeoIP (RU)
esrt.tech # GeoIP (RU)
esrt.website # GeoIP (RU)
etradebook.ru # TLD
evilx.su # TLD
ewisdom.us.kg # TLD
eyevio.jp # TLD
f6.dev # GeoIP (RU)
f6.ru # TLD
f6.security # GeoIP (RU)
f95zone.to # TLD
facct.ru # TLD
facebook.br # TLD
facebook.ca # TLD
facebook.de # TLD
facebook.hu # TLD
facebook.in # TLD
facebook.nl # TLD
facebook.se # TLD
facebook.us # TLD
falundafa.org.tw # TLD
famifun.com.tw # TLD
family.co.jp # TLD
family.com.tw # TLD
familymart.com.my # TLD
familymart.com.ph # TLD
famima.vn # TLD
fank.ru # TLD
fans66.tw # TLD
fansking.tw # TLD
fanspot.jp # TLD
faronics.ca # TLD
faronics.co.uk # TLD
faronics.com.au # TLD
faronics.com.sg # TLD
faronics.eu # TLD
faronicswise.co.uk # TLD
fastlane.ci # TLD
fastpic.ru # TLD
favstar.fm # TLD
fb.gg # TLD
fbwat.ch # TLD
featurecam.com # GeoIP (RU)
fei.ru # TLD
ff.im # TLD
fgirl.ch # TLD
fibank.bg # TLD
filmesporno.com.br # TLD
filmesporno.net.br # TLD
filmporno.it # TLD
finambank.ru # TLD
financialsoccer.ca # TLD
fincode.jp # TLD
find-a.jp # TLD
finish.at # TLD
finish.bg # TLD
finish.co.kr # TLD
finish.co.nz # TLD
finish.co.uk # TLD
finish.co.za # TLD
finish.com.hr # TLD
finish.com.tr # TLD
finish.de # TLD
finish.es # TLD
finish.fr # TLD
finish.gr # TLD
finish.hu # TLD
finish.lv # TLD
finish.pl # TLD
finish.pt # TLD
finish.ro # TLD
finish.si # TLD
finish.sk # TLD
finishbrasil.com.br # TLD
finishdishwashing.ca # TLD
finishinfo.be # TLD
finishinfo.cl # TLD
finishinfo.com.ar # TLD
finishinfo.com.au # TLD
finishinfo.cz # TLD
finishinfo.fi # TLD
finishinfo.it # TLD
finishinfo.jp # TLD
finishinfo.nl # TLD
finishinfo.no # TLD
finishinfo.ru # TLD
finishinfo.se # TLD
finishkilpailu.fi # TLD
finishwin.be # TLD
firefox.hu # TLD
fireside.fm # TLD
firestone.cl # TLD
firestone.co.cr # TLD
firestone.com.ar # TLD
firestone.com.br # TLD
firestone.com.mx # TLD
firestonecomercial.cl # TLD
firestonecomercial.co.cr # TLD
firestonecomercial.com.ar # TLD
firestonecomercial.com.br # TLD
firestonecomercial.com.mx # TLD
firestonetire.ca # TLD
firewire.cl # TLD
firewire.eu # TLD
first-ns.de # TLD
firstprivatebank.com.mm # TLD
flatmates.com.au # TLD
flecheinthepeche.fr # TLD
flic.kr # TLD
flickr # NO_DOT
flog.tw # TLD
flowwow.com # GeoIP (RU)
fluffychat.im # TLD
fm4.jp # TLD
fnac.be # TLD
fnmt.es # TLD
focustaiwan.tw # TLD
footwear-cadcam.com # GeoIP (RU)
forshtadt.ru # TLD
fox # NO_DOT
foxkeh.jp # TLD
foxsports.cl # TLD
foxsports.co.ve # TLD
foxsports.com.ar # TLD
foxsports.com.bo # TLD
foxsports.com.br # TLD
foxsports.com.ec # TLD
foxsports.com.gt # TLD
foxsports.com.mx # TLD
foxsports.com.pe # TLD
foxsports.com.py # TLD
foxsports.com.uy # TLD
foxsports.com.ve # TLD
foxsports.gt # TLD
foxsports.net.br # TLD
foxsports.pe # TLD
foxsports.sv # TLD
foxsports.uy # TLD
foxtel.com.au # TLD
free-avx.jp # TLD
free.bg # TLD
free.com.tw # TLD
freeassange.tech # GeoIP (RU)
freede.tech # GeoIP (RU)
freedert.online # GeoIP (RU)
freedom.gov # TLD
freegpt.es # TLD
freehdinterracialporn.in # TLD
freeomovie.to # TLD
freesexgames.ws # TLD
freessh.us # TLD
freeviewplus.net.au # TLD
fril.jp # TLD
fsmone.com.my # TLD
ftop.ru # TLD
ftv.com.tw # TLD
ftvnews.com.tw # TLD
fuck.sc # TLD
fujinkoron.jp # TLD
fujossy.jp # TLD
fukuibank.co.jp # TLD
fukuokabank.co.jp # TLD
fulloutsourcing.jp # TLD
funpay.ru # TLD
future-cs.ru # TLD
futureshop.ca # TLD
fw.cm # TLD
fxn.ws # TLD
g-ib.ae # TLD
g-ib.ru # TLD
g-ib.sg # TLD
g-ib.us # TLD
g1.com.br # TLD
gainstech.ru # TLD
galaxymobile.jp # TLD
gamebase.com.tw # TLD
gamebiz.jp # TLD
gamebusiness.jp # TLD
gamefocus.co.kr # TLD
gamer.com.tw # TLD
gamer.ne.jp # TLD
gamescup.ru # TLD
gamespark.jp # TLD
gamez.com.tw # TLD
gandhara.ru # TLD
garena.co.id # TLD
garena.co.th # TLD
garena.my # TLD
garena.ph # TLD
garena.sg # TLD
garena.tw # TLD
garena.vn # TLD
gatewaytorussia.ru # TLD
gayforit.eu # TLD
gayporno.fm # TLD
gaysonic.eu # TLD
gazetarussa.com.br # TLD
gazprombank.investments # GeoIP (RU)
gazprombank.ru # TLD
gb.ru # TLD
gbank.com.mm # TLD
gbiz # NO_DOT
gbnews.uk # TLD
geceguby.ru # TLD
geeksquad.ca # TLD
geelongadvertiser.com.au # TLD
geforce.co.kr # TLD
geforce.co.uk # TLD
geforce.com.tw # TLD
gen.lib.rus.ec # TLD
genetic-technologies.am # TLD
genotek.am # TLD
genotek.es # TLD
genotek.eu # TLD
genotek.health # GeoIP (RU)
genotek.ru # TLD
geobasket.ru # TLD
getnews.jp # TLD
getsynapse.io # GeoIP (RU)
gettyimages.ae # TLD
gettyimages.at # TLD
gettyimages.be # TLD
gettyimages.ca # TLD
gettyimages.ch # TLD
gettyimages.co.jp # TLD
gettyimages.co.nz # TLD
gettyimages.co.uk # TLD
gettyimages.com.au # TLD
gettyimages.com.br # TLD
gettyimages.com.mx # TLD
gettyimages.de # TLD
gettyimages.dk # TLD
gettyimages.es # TLD
gettyimages.fi # TLD
gettyimages.fr # TLD
gettyimages.ie # TLD
gettyimages.in # TLD
gettyimages.it # TLD
gettyimages.nl # TLD
gettyimages.no # TLD
gettyimages.pt # TLD
gettyimages.se # TLD
gettyimages.us # TLD
gfx.ms # TLD
ggsel.com # GeoIP (RU)
ggsel.net # GeoIP (RU)
ghbi.ir # TLD
gib.sg # TLD
gibtds.ru # TLD
gid.ru # TLD
giga-web.jp # TLD
giga.chat # GeoIP (RU)
gimy.to # TLD
ginzasonypark.jp # TLD
girls2see.ch # TLD
gitverse.ru # TLD
glass8.eu # TLD
gle # NO_DOT
globalsign.be # TLD
globalsign.ch # TLD
globalsign.co.uk # TLD
globalsign.com.au # TLD
globalsign.com.br # TLD
globalsign.com.sg # TLD
globalsign.es # TLD
globalsign.eu # TLD
globalsign.fr # TLD
globalsign.nl # TLD
globo.com.br # TLD
globoplay.com.br # TLD
globoradio.com.br # TLD
globoreporter.com.br # TLD
globorural.com.br # TLD
gmail # NO_DOT
gmo # NO_DOT
gmo-app.jp # TLD
gmo-c.jp # TLD
gmo-digitalpay.jp # TLD
gmo-insight.jp # TLD
gmo-mobilepay.jp # TLD
gmo-rakurakuhp.jp # TLD
gmo-rast.co.jp # TLD
gmo-sol.jp # TLD
gmo.jp # TLD
gmoask.jp # TLD
gmobb.jp # TLD
gmopg.jp # TLD
gmossp.jp # TLD
go-to-zlibrary.se # TLD
godaddy # NO_DOT
gogoanime.vc # TLD
gohappy.com.tw # TLD
goicq.org # GeoIP (RU)
gojet.krtco.com.tw # TLD
goldcoastbulletin.com.au # TLD
goldengate.hu # TLD
golos-ameriki.ru # TLD
gongm.in # TLD
goo.gl # TLD
goo.ne.jp # TLD
good-apps.jp # TLD
goodporn.to # TLD
goodsrv.de # TLD
goog # NO_DOT
google # NO_DOT
google.ac # TLD
google.ad # TLD
google.ae # TLD
google.af # TLD
google.al # TLD
google.am # TLD
google.as # TLD
google.at # TLD
google.az # TLD
google.ba # TLD
google.be # TLD
google.bf # TLD
google.bg # TLD
google.bi # TLD
google.bj # TLD
google.bs # TLD
google.bt # TLD
google.by # TLD
google.ca # TLD
google.cd # TLD
google.cf # TLD
google.cg # TLD
google.ch # TLD
google.ci # TLD
google.cl # TLD
google.cm # TLD
google.co.ao # TLD
google.co.bw # TLD
google.co.ck # TLD
google.co.cr # TLD
google.co.id # TLD
google.co.il # TLD
google.co.in # TLD
google.co.jp # TLD
google.co.ke # TLD
google.co.kr # TLD
google.co.ls # TLD
google.co.ma # TLD
google.co.mz # TLD
google.co.nz # TLD
google.co.th # TLD
google.co.tz # TLD
google.co.ug # TLD
google.co.uk # TLD
google.co.uz # TLD
google.co.ve # TLD
google.co.vi # TLD
google.co.za # TLD
google.co.zm # TLD
google.co.zw # TLD
google.com.af # TLD
google.com.ag # TLD
google.com.ar # TLD
google.com.au # TLD
google.com.bd # TLD
google.com.bh # TLD
google.com.bn # TLD
google.com.bo # TLD
google.com.br # TLD
google.com.bz # TLD
google.com.cu # TLD
google.com.cy # TLD
google.com.do # TLD
google.com.ec # TLD
google.com.eg # TLD
google.com.et # TLD
google.com.fj # TLD
google.com.gh # TLD
google.com.gi # TLD
google.com.gt # TLD
google.com.jm # TLD
google.com.kh # TLD
google.com.kw # TLD
google.com.lb # TLD
google.com.ly # TLD
google.com.mm # TLD
google.com.mt # TLD
google.com.mx # TLD
google.com.my # TLD
google.com.na # TLD
google.com.nf # TLD
google.com.ng # TLD
google.com.ni # TLD
google.com.np # TLD
google.com.om # TLD
google.com.pa # TLD
google.com.pe # TLD
google.com.pg # TLD
google.com.ph # TLD
google.com.pk # TLD
google.com.pr # TLD
google.com.py # TLD
google.com.qa # TLD
google.com.sa # TLD
google.com.sb # TLD
google.com.sg # TLD
google.com.sl # TLD
google.com.sv # TLD
google.com.tj # TLD
google.com.tr # TLD
google.com.tw # TLD
google.com.ua # TLD
google.com.uy # TLD
google.com.vc # TLD
google.com.vn # TLD
google.cv # TLD
google.cz # TLD
google.de # TLD
google.dj # TLD
google.dk # TLD
google.dm # TLD
google.dz # TLD
google.ee # TLD
google.es # TLD
google.eu # TLD
google.fi # TLD
google.fm # TLD
google.fr # TLD
google.ga # TLD
google.ge # TLD
google.gg # TLD
google.gl # TLD
google.gm # TLD
google.gp # TLD
google.gr # TLD
google.gy # TLD
google.hn # TLD
google.hr # TLD
google.ht # TLD
google.hu # TLD
google.ie # TLD
google.im # TLD
google.iq # TLD
google.is # TLD
google.it # TLD
google.it.ao # TLD
google.je # TLD
google.jo # TLD
google.kg # TLD
google.ki # TLD
google.kz # TLD
google.la # TLD
google.li # TLD
google.lk # TLD
google.lt # TLD
google.lu # TLD
google.lv # TLD
google.md # TLD
google.mg # TLD
google.mk # TLD
google.ml # TLD
google.mn # TLD
google.ms # TLD
google.mu # TLD
google.mv # TLD
google.mw # TLD
google.mx # TLD
google.ne # TLD
google.nl # TLD
google.no # TLD
google.nr # TLD
google.nu # TLD
google.pl # TLD
google.pn # TLD
google.ps # TLD
google.pt # TLD
google.ro # TLD
google.rs # TLD
google.ru # TLD
google.rw # TLD
google.sc # TLD
google.se # TLD
google.sh # TLD
google.si # TLD
google.sk # TLD
google.sm # TLD
google.sn # TLD
google.so # TLD
google.sr # TLD
google.st # TLD
google.td # TLD
google.tg # TLD
google.tk # TLD
google.tl # TLD
google.tm # TLD
google.tn # TLD
google.to # TLD
google.tt # TLD
google.us # TLD
google.vg # TLD
google.vn # TLD
google.vu # TLD
google.ws # TLD
googlecompare.co.uk # TLD
goope.jp # TLD
gorin.jp # TLD
gosdolgi.ru # TLD
gotdns.ch # TLD
gotw.ca # TLD
gov.ir # TLD
gov.tw # TLD
gpb.ru # TLD
gputechconf.co.kr # TLD
gputechconf.com.au # TLD
gputechconf.com.tw # TLD
gputechconf.eu # TLD
gputechconf.in # TLD
gputechconf.jp # TLD
graneodin.com.mx # TLD
grapheneos.ca # TLD
graphis.ne.jp # TLD
green-box-tv.com # GeoIP (RU)
greenend.org.uk # TLD
group-ib.ae # TLD
group-ib.co.uk # TLD
group-ib.de # TLD
group-ib.eu # TLD
group-ib.ru # TLD
group-ib.sg # TLD
group-ib.us # TLD
groupib.ae # TLD
groupib.sg # TLD
groupib.us # TLD
gshow.com.br # TLD
gslink.us # TLD
guangming.com.my # TLD
guardianapps.co.uk # TLD
gucci # NO_DOT
guge # NO_DOT
guim.co.uk # TLD
guimcode.co.uk # TLD
gumtree.sg # TLD
gunmabank.co.jp # TLD
gvm.com.tw # TLD
gw2ru.com # GeoIP (RU)
gwktravelex.nl # TLD
habr.com # Keyword
habrastorage.org # Keyword
hackday.com.au # TLD
hacksear.ch # TLD
haicomdc.com # GeoIP (RU)
haicomdc.ru # TLD
haicomgroup.ru # TLD
hakkatv.org.tw # TLD
halktv.com.tr # TLD
hangout # NO_DOT
happ.su # TLD
happymeal.co.nz # TLD
happymeal.com.au # TLD
happysrv.de # TLD
harica.gr # TLD
harpercollins.ca # TLD
harpercollins.co.in # TLD
harpercollins.co.uk # TLD
harpercollins.com.au # TLD
harpercollinschildrensbooks.co.uk # TLD
hayya.ae # TLD
hbo # NO_DOT
hbo.ba # TLD
hbo.bg # TLD
hbo.cz # TLD
hbo.eu # TLD
hbo.hr # TLD
hbo.hu # TLD
hbo.mk # TLD
hbo.pl # TLD
hbo.ro # TLD
hbo.rs # TLD
hbo.sk # TLD
hbogo.co.th # TLD
hbogo.cz # TLD
hbogo.eu # TLD
hbogo.hu # TLD
hbogo.sk # TLD
hbogoasia.id # TLD
hbogoasia.my # TLD
hbogoasia.ph # TLD
hbogoasia.sg # TLD
hbogoasia.tw # TLD
hbomax.eu # TLD
hbox.jp # TLD
hec.su # TLD
heeact.edu.tw # TLD
helpster.de # TLD
hentai-archive.com # GeoIP (RU)
hentaicomic.ru # TLD
hentaifc.com # GeoIP (RU)
hentaivn.de # TLD
hentaivn.la # TLD
hentaiworld.eu # TLD
heraldsun.com.au # TLD
heteml.jp # TLD
hetzner-cloud.de # TLD
hetzner.de # TLD
hewlett-packard.ch # TLD
hewlett-packard.co.il # TLD
hewlett-packard.co.uk # TLD
hewlett-packard.com.mx # TLD
hewlett-packard.com.sg # TLD
hewlett-packard.jp # TLD
hex.pm # TLD
hexdocs.pm # TLD
hh.by # TLD
hh.kz # TLD
hh.ru # TLD
hhcdn.ru # TLD
hibiki-cast.jp # TLD
hidefporn.ws # TLD
higobank.co.jp # TLD
hikosen.co.jp # TLD
hiroshimabank.co.jp # TLD
hitomi.la # TLD
hkdc.us # TLD
hmovie-moe.us # TLD
hmvdigital.ca # TLD
hnext.jp # TLD
hojemacau.com.mo # TLD
hokkoku.co.jp # TLD
hokuetsubank.co.jp # TLD
hokutobank.co.jp # TLD
hokuyobank.co.jp # TLD
holoxx.f5.si # TLD
homecredit.ru # TLD
hometrack.com.au # TLD
hongzhi.li # TLD
honnaka.jp # TLD
hotmail # NO_DOT
hotmail.eu # TLD
hotsrv.de # TLD
howtogetmo.co.uk # TLD
hpconnected.us # TLD
hpinstantink.ca # TLD
hrecords.jp # TLD
hrtek.ru # TLD
hsbc # NO_DOT
hsbc-alternatives.de # TLD
hsbc-transactionservices.de # TLD
hsbc-zertifikate.de # TLD
hsbc.ae # TLD
hsbc.am # TLD
hsbc.bm # TLD
hsbc.ca # TLD
hsbc.co.id # TLD
hsbc.co.in # TLD
hsbc.co.jp # TLD
hsbc.co.kr # TLD
hsbc.co.mu # TLD
hsbc.co.nz # TLD
hsbc.co.th # TLD
hsbc.co.uk # TLD
hsbc.com.ar # TLD
hsbc.com.au # TLD
hsbc.com.bd # TLD
hsbc.com.bh # TLD
hsbc.com.br # TLD
hsbc.com.eg # TLD
hsbc.com.mo # TLD
hsbc.com.mt # TLD
hsbc.com.mx # TLD
hsbc.com.my # TLD
hsbc.com.ph # TLD
hsbc.com.sg # TLD
hsbc.com.tr # TLD
hsbc.com.tw # TLD
hsbc.com.uy # TLD
hsbc.com.vn # TLD
hsbc.de # TLD
hsbc.fr # TLD
hsbc.lk # TLD
hsbc.uk # TLD
hsbcamanah.com.my # TLD
hsbctrinkaus.de # TLD
hst.net.tw # TLD
ht.ly # TLD
htl.li # TLD
htznr.li # TLD
huaren.us # TLD
hudatoriq.web.id # TLD
huffingtonpost.ca # TLD
huffingtonpost.co.uk # TLD
huffingtonpost.co.za # TLD
huffingtonpost.com.au # TLD
huffingtonpost.com.mx # TLD
huffingtonpost.de # TLD
huffingtonpost.es # TLD
huffingtonpost.fr # TLD
huffingtonpost.gr # TLD
huffingtonpost.in # TLD
huffingtonpost.it # TLD
huffingtonpost.jp # TLD
huffingtonpost.kr # TLD
hugoroy.eu # TLD
hulu.jp # TLD
hulu.us # TLD
hummingbird.ms # TLD
hunk.ws # TLD
huobi.li # TLD
huobi.sc # TLD
hva.im # TLD
hwayue.org.tw # TLD
hyakugo.co.jp # TLD
hyper.is # TLD
hypothes.is # TLD
i2p2.de # TLD
i69.com.tw # TLD
iask.ca # TLD
ibamoscow.ru # TLD
ibkr.ca # TLD
ibkr.co.in # TLD
ibkr.co.uk # TLD
ibkr.com.au # TLD
ibkr.com.sg # TLD
ibkr.eu # TLD
ibkr.ie # TLD
ibm # NO_DOT
ibm.eu # TLD
ibm.us # TLD
ibook.co.nz # TLD
ibook.eu # TLD
icashpassport.com.mx # TLD
ichat.co.in # TLD
icloud.ch # TLD
icloud.de # TLD
icloud.ee # TLD
icloud.fi # TLD
icloud.fr # TLD
icloud.hu # TLD
icloud.ie # TLD
icloud.is # TLD
icloud.jp # TLD
icloud.lv # TLD
icloud.om # TLD
icloud.pt # TLD
icloud.ro # TLD
icloud.se # TLD
icloud.si # TLD
icloud.sk # TLD
icloud.vn # TLD
icloudo.de # TLD
icloudos.de # TLD
icq-download.com # GeoIP (RU)
icq-mobile.com # GeoIP (RU)
icq-online.com # GeoIP (RU)
icq-phone.com # GeoIP (RU)
icq-phone.org # GeoIP (RU)
icq.asia # GeoIP (RU)
icq.at # TLD
icq.biz # GeoIP (RU)
icq.com # GeoIP (RU)
icq.de # TLD
icq.eu # TLD
icq.fr # TLD
icq.im # TLD
icq.lt # TLD
icq.mobi # GeoIP (RU)
icq.org # GeoIP (RU)
icq.ru # TLD
icq.sg # TLD
icq2mobile.com # GeoIP (RU)
icq5.com # GeoIP (RU)
icqanywhere.com # GeoIP (RU)
icqbrasil.com # GeoIP (RU)
icqbrazil.com # GeoIP (RU)
icqchat.com # GeoIP (RU)
icqflirting.com # GeoIP (RU)
icqgame.com # GeoIP (RU)
icqgames.com # GeoIP (RU)
icqkids.com # GeoIP (RU)
icqmail.com # GeoIP (RU)
icqonline.com # GeoIP (RU)
icqpassword.com # GeoIP (RU)
icqpeople.com # GeoIP (RU)
icqservers.com # GeoIP (RU)
icqservice.com # GeoIP (RU)
icqsupportteam.com # GeoIP (RU)
icqsystem.com # GeoIP (RU)
icqsystems.com # GeoIP (RU)
icqtoday.com # GeoIP (RU)
icqtutor.com # GeoIP (RU)
icqvideo.com # GeoIP (RU)
icsd.fiz-karlsruhe.de # TLD
id.ru # TLD
ideco.ru # TLD
idecosoftware.ru # TLD
identi.ca # TLD
identrust.co.uk # TLD
idope.se # TLD
idvd.eu # TLD
ieee.ca # TLD
ifastcapital.com.my # TLD
ifastfinancial.co.in # TLD
ift.tt # TLD
igcc.jp # TLD
ign.jp # TLD
iipdigital.usembassy.gov # TLD
ikea.ae # TLD
ikea.at # TLD
ikea.au # TLD
ikea.be # TLD
ikea.bg # TLD
ikea.bh # TLD
ikea.ca # TLD
ikea.ch # TLD
ikea.cl # TLD
ikea.co.at # TLD
ikea.co.ca # TLD
ikea.co.de # TLD
ikea.co.id # TLD
ikea.co.il # TLD
ikea.co.jp # TLD
ikea.co.kr # TLD
ikea.co.om # TLD
ikea.co.ph # TLD
ikea.co.pl # TLD
ikea.co.th # TLD
ikea.co.uk # TLD
ikea.com.au # TLD
ikea.com.cy # TLD
ikea.com.de # TLD
ikea.com.do # TLD
ikea.com.eg # TLD
ikea.com.gr # TLD
ikea.com.in # TLD
ikea.com.kw # TLD
ikea.com.lv # TLD
ikea.com.mx # TLD
ikea.com.my # TLD
ikea.com.om # TLD
ikea.com.pl # TLD
ikea.com.pr # TLD
ikea.com.pt # TLD
ikea.com.ro # TLD
ikea.com.ru # TLD
ikea.com.sa # TLD
ikea.com.sg # TLD
ikea.com.tr # TLD
ikea.com.tw # TLD
ikea.com.ua # TLD
ikea.cz # TLD
ikea.de # TLD
ikea.dk # TLD
ikea.do # TLD
ikea.ee # TLD
ikea.eg # TLD
ikea.es # TLD
ikea.fi # TLD
ikea.fr # TLD
ikea.gr # TLD
ikea.hr # TLD
ikea.hu # TLD
ikea.ie # TLD
ikea.in # TLD
ikea.is # TLD
ikea.it # TLD
ikea.jo # TLD
ikea.jp # TLD
ikea.kr # TLD
ikea.lt # TLD
ikea.lv # TLD
ikea.ma # TLD
ikea.mx # TLD
ikea.my # TLD
ikea.nl # TLD
ikea.no # TLD
ikea.om # TLD
ikea.ph # TLD
ikea.pl # TLD
ikea.pr # TLD
ikea.pt # TLD
ikea.qa # TLD
ikea.ro # TLD
ikea.rs # TLD
ikea.ru # TLD
ikea.sa # TLD
ikea.sg # TLD
ikea.si # TLD
ikea.sk # TLD
ikea.ua # TLD
ikea.us # TLD
ikedashinsen.co.jp # TLD
ilecture.co.nz # TLD
ilife.eu # TLD
ilife.gr # TLD
illawarramercury.com.au # TLD
illgames.jp # TLD
ilove80.be # TLD
im88.tw # TLD
imac.co.nz # TLD
imac.eu # TLD
imac.gr # TLD
imac.rs # TLD
imageshack.us # TLD
imaginecup.pl # TLD
imdb # NO_DOT
imdb.to # TLD
img.ly # TLD
imgsmail.ru # TLD
immoral.jp # TLD
imovie.eu # TLD
inbox.ru # TLD
incesto.blog.br # TLD
incredibox.fr # TLD
ind.sh # TLD
independent.co.uk # TLD
indiandefensenews.in # TLD
indiatoday.in # TLD
indies-av.co.jp # TLD
info-graf.fr # TLD
infocert.it # TLD
infoglobo.com.br # TLD
infolinker.com.tw # TLD
infoq.jp # TLD
infotimes.com.tw # TLD
inosmi.ru # TLD
inote.tw # TLD
inplat.ru # TLD
insecam.org # GeoIP (RU)
inside-games.jp # TLD
inside.com.tw # TLD
insideok.ru # TLD
intel.ac # TLD
intel.ae # TLD
intel.af # TLD
intel.ag # TLD
intel.ar # TLD
intel.at # TLD
intel.az # TLD
intel.ba # TLD
intel.bg # TLD
intel.bh # TLD
intel.bi # TLD
intel.bo # TLD
intel.bs # TLD
intel.by # TLD
intel.ca # TLD
intel.cg # TLD
intel.ch # TLD
intel.cl # TLD
intel.cm # TLD
intel.co.ae # TLD
intel.co.cr # TLD
intel.co.id # TLD
intel.co.il # TLD
intel.co.jp # TLD
intel.co.kr # TLD
intel.co.uk # TLD
intel.co.za # TLD
intel.com.ar # TLD
intel.com.au # TLD
intel.com.bo # TLD
intel.com.br # TLD
intel.com.ec # TLD
intel.com.jm # TLD
intel.com.mx # TLD
intel.com.my # TLD
intel.com.pe # TLD
intel.com.ph # TLD
intel.com.pr # TLD
intel.com.py # TLD
intel.com.tr # TLD
intel.com.tw # TLD
intel.com.uy # TLD
intel.com.ve # TLD
intel.cr # TLD
intel.cu # TLD
intel.cz # TLD
intel.de # TLD
intel.dk # TLD
intel.dz # TLD
intel.ec # TLD
intel.ee # TLD
intel.eg # TLD
intel.es # TLD
intel.eu # TLD
intel.fi # TLD
intel.fr # TLD
intel.ga # TLD
intel.gd # TLD
intel.ge # TLD
intel.gg # TLD
intel.gl # TLD
intel.gm # TLD
intel.gr # TLD
intel.gs # TLD
intel.gt # TLD
intel.gy # TLD
intel.hn # TLD
intel.ht # TLD
intel.hu # TLD
intel.id # TLD
intel.ie # TLD
intel.in # TLD
intel.it # TLD
intel.je # TLD
intel.jo # TLD
intel.jp # TLD
intel.ke # TLD
intel.la # TLD
intel.lc # TLD
intel.lk # TLD
intel.lt # TLD
intel.lu # TLD
intel.ly # TLD
intel.ma # TLD
intel.md # TLD
intel.mg # TLD
intel.mk # TLD
intel.mn # TLD
intel.mp # TLD
intel.mt # TLD
intel.mu # TLD
intel.mw # TLD
intel.mx # TLD
intel.my # TLD
intel.ng # TLD
intel.nl # TLD
intel.nu # TLD
intel.nz # TLD
intel.pa # TLD
intel.pe # TLD
intel.ph # TLD
intel.pl # TLD
intel.pn # TLD
intel.re # TLD
intel.ro # TLD
intel.ru # TLD
intel.rw # TLD
intel.sa # TLD
intel.sc # TLD
intel.se # TLD
intel.sg # TLD
intel.si # TLD
intel.sk # TLD
intel.sn # TLD
intel.sr # TLD
intel.st # TLD
intel.sv # TLD
intel.sx # TLD
intel.sy # TLD
intel.tf # TLD
intel.tj # TLD
intel.tl # TLD
intel.tm # TLD
intel.tn # TLD
intel.tt # TLD
intel.tw # TLD
intel.ua # TLD
intel.uk # TLD
intel.us # TLD
intel.uy # TLD
intel.uz # TLD
intel.vg # TLD
intel.vn # TLD
intel.vu # TLD
intel.wf # TLD
intel.yt # TLD
interactivebrokers.ca # TLD
interactivebrokers.co.in # TLD
interactivebrokers.co.jp # TLD
interactivebrokers.co.uk # TLD
interactivebrokers.com.au # TLD
interactivebrokers.com.sg # TLD
interactivebrokers.eu # TLD
interactivebrokers.ie # TLD
intercamcashpassport.com.mx # TLD
internet.ru # TLD
intheknow.com.au # TLD
intuit # NO_DOT
intuit.ca # TLD
intuit.co.uk # TLD
intuit.com.au # TLD
intuit.fr # TLD
inventorship.com.au # TLD
investorschronicle.co.uk # TLD
invidio.us # TLD
ip.gs # TLD
ip.sb # TLD
ipad.co.kr # TLD
ipad.de # TLD
ipadair.cl # TLD
ipadair.cm # TLD
ipadair.com.br # TLD
ipadair.com.es # TLD
ipadair.fr # TLD
ipadair.ie # TLD
ipadair.jp # TLD
ipadair.tw # TLD
ipadmini.cm # TLD
ipadmini.com.lk # TLD
ipadmini.lk # TLD
ipfs.best-practice.se # TLD
ipfs.lain.la # TLD
iphone.cm # TLD
iphone.com.au # TLD
iphone.com.gr # TLD
iphone.es # TLD
iphone.net.gr # TLD
iphone.pt # TLD
iphone.rs # TLD
iphone.ru # TLD
iphone4.com.br # TLD
iphoneacessorios.com.br # TLD
iphoneclaro.com.br # TLD
iphonix.fr # TLD
iphoto.eu # TLD
iphoto.no # TLD
iphoto.se # TLD
ipicture.ru # TLD
ipod.ca # TLD
ipod.ch # TLD
ipod.cm # TLD
ipod.co.nz # TLD
ipod.co.uk # TLD
ipod.co.za # TLD
ipod.com.au # TLD
ipod.com.fr # TLD
ipod.com.sg # TLD
ipod.com.tw # TLD
ipod.de # TLD
ipod.es # TLD
ipod.eu # TLD
ipod.fr # TLD
ipod.gr # TLD
ipod.is # TLD
ipod.no # TLD
ipod.pk # TLD
ipod.rs # TLD
ipod.ru # TLD
ipod.tw # TLD
ipodcentre.nl # TLD
ipodrip.ca # TLD
ipodrocks.com.au # TLD
ipodshop.com.au # TLD
ipredator.se # TLD
iproperty.com.my # TLD
iproperty.com.sg # TLD
irangov.ir # TLD
iranlms.ir # TLD
ird.co.jp # TLD
iridiumbrowser.de # TLD
irna.ir # TLD
ironna.jp # TLD
is.gd # TLD
isc.sans.edu # TLD
isexlove.tw # TLD
ishr.ch # TLD
istent.co.kr # TLD
it-katok.ru # TLD
it-picnic.ru # TLD
it-piknik.ru # TLD
itirex.ru # TLD
itmedia.co.jp # TLD
itun.es # TLD
itunes.ca # TLD
itunes.co.th # TLD
itunes.mx # TLD
itunes.us # TLD
itunesradio.tw # TLD
ivi.ru # TLD
ivicdn.tv # GeoIP (RU)
iwatebank.co.jp # TLD
iwork.se # TLD
iyobank.co.jp # TLD
iza.ne.jp # TLD
izbank.ir # TLD
j.mp # TLD
japantimes.co.jp # TLD
jav.la # TLD
jav.sb # TLD
jav.si # TLD
java # NO_DOT
javdoe.to # TLD
javfree.la # TLD
javfree.sh # TLD
javmost.cx # TLD
javporn.ws # TLD
jb.gg # TLD
jc11.tw # TLD
jenporno.cz # TLD
jessicaturner.co.uk # TLD
jfc.go.jp # TLD
jfn.su # TLD
jibunbank.co.jp # TLD
jijiji.ca # TLD
jira-tcsbank.ru # TLD
jivo.ru # TLD
jivochat.co.in # TLD
jivochat.co.za # TLD
jivochat.com.br # TLD
jivochat.com.pe # TLD
jivochat.com.tr # TLD
jivochat.de # TLD
jivochat.es # TLD
jivochat.ng # TLD
jivochat.ru # TLD
jivosite.ru # TLD
jiyu-kobo.co.jp # TLD
jma.go.jp # TLD
jornaldacidadeonline.com.br # TLD
joyclub.de # TLD
joyobank.co.jp # TLD
jp-bank.japanpost.jp # TLD
jpav.us # TLD
jpl.nasa.gov # TLD
jpmorgan.ru # TLD
jstage.jst.go.jp # TLD
jtt.ir # TLD
juhachibank.co.jp # TLD
jump.taxi # GeoIP (RU)
jumpwork.ru # TLD
juroku.co.jp # TLD
justdoit.us # TLD
justhost.ru # TLD
justporno.es # TLD
jwide.co.kr # TLD
jword.jp # TLD
jwt.ms # TLD
kadokawa.co.jp # TLD
kagobank.co.jp # TLD
kagyu.org.za # TLD
kagyuoffice.org.tw # TLD
kaipoke.jp # TLD
kakao.co.kr # TLD
kakao.vc # TLD
kakaotalk.jp # TLD
kama-nk.ru # TLD
kamisama-day.jp # TLD
kanald.com.tr # TLD
kanzhongguo.eu # TLD
kanzlerdaddy.ru # TLD
karafarinbank.ir # TLD
karmahelp.ru # TLD
karta-banka-rf.ru # TLD
kaspersky-labs.com # Keyword
kaspersky.be # TLD
kaspersky.ca # TLD
kaspersky.co.in # TLD
kaspersky.co.jp # TLD
kaspersky.co.kr # TLD
kaspersky.co.th # TLD
kaspersky.co.uk # TLD
kaspersky.co.za # TLD
kaspersky.com # Keyword
kaspersky.com.au # TLD
kaspersky.com.br # TLD
kaspersky.com.hk # Keyword
kaspersky.com.pl # TLD
kaspersky.com.tr # TLD
kaspersky.com.tw # TLD
kaspersky.com.vn # TLD
kaspersky.cz # TLD
kaspersky.de # TLD
kaspersky.dk # TLD
kaspersky.dz # TLD
kaspersky.es # TLD
kaspersky.fi # TLD
kaspersky.fr # TLD
kaspersky.gr # TLD
kaspersky.it # TLD
kaspersky.kz # TLD
kaspersky.ma # TLD
kaspersky.my # TLD
kaspersky.nl # TLD
kaspersky.pt # TLD
kaspersky.ro # TLD
kaspersky.rs # TLD
kaspersky.ru # TLD
kaspersky.se # TLD
kawaiikawaii.jp # TLD
kemono.cr # TLD
kemono.su # TLD
khangar.net # GeoIP (RU)
kidspot.com.au # TLD
kiji.ca # TLD
kijii.ca # TLD
kijij.ca # TLD
kijiji.ca # TLD
kijijiauto.ca # TLD
kijijiautos.ca # TLD
kijijiforbusiness.ca # TLD
kijijii.ca # TLD
kijijiraps.ca # TLD
kijji.ca # TLD
kijjiji.ca # TLD
killercb.ru # TLD
kindle # NO_DOT
kindle.co.jp # TLD
kindle.co.uk # TLD
kindle.de # TLD
kindle.es # TLD
kindle.fr # TLD
kindle.in # TLD
kindle.it # TLD
kindle.jp # TLD
kindleoasis.jp # TLD
kindleoasis.us # TLD
kingkong.com.tw # TLD
kingstone.com.tw # TLD
kinki.co.jp # TLD
kinmen.org.tw # TLD
kinopoisk.ru # TLD
kion.ru # TLD
kireipass.jp # TLD
kissjav.li # TLD
kitakyushubank.co.jp # TLD
kiwi.jp # TLD
kiwi.kz # TLD
kiyobank.co.jp # TLD
kk-whys.co.jp # TLD
kkbox.com.tw # TLD
kktv.com.tw # TLD
knowswho.co.jp # TLD
koddobra.ru # TLD
konami.co.jp # TLD
konamiopen.jp # TLD
konamisportsclub.jp # TLD
konamistyle.jp # TLD
koshelek.app # GeoIP (RU)
koubaibu.jp # TLD
koukoku.jp # TLD
ktech.team # GeoIP (RU)
kubankredit.ru # TLD
kukuku.uk # TLD
kumapon.jp # TLD
kuper.ru # TLD
kwcg.ca # TLD
kwongwah.com.my # TLD
kyodo-d.jp # TLD
kyodoimages.jp # TLD
kyodonews.jp # TLD
kyotobank.co.jp # TLD
la-mama.ru # TLD
labo.wovs.tk # TLD
ladyboygold.eu # TLD
lala.im # TLD
lama.com.tw # TLD
lamnia.co.uk # TLD
lanik.us # TLD
lapriere.jp # TLD
last.fm # TLD
lastfm.es # TLD
lastpass.eu # TLD
lawdata.com.tw # TLD
lazer.ppy.sh # TLD
ldplayer.tw # TLD
leagueoflegends.ca # TLD
leagueoflegends.co.kr # TLD
leagueoflegends.kr # TLD
legra.ph # TLD
lematin.ch # TLD
lemonde.fr # TLD
lerna.ru # TLD
lesoir.be # TLD
lge.co.kr # TLD
libertytimes.com.tw # TLD
libgen.is # TLD
libgen.rs # TLD
libgen.st # TLD
library-access.sk # TLD
libredd.it # TLD
lifestyle-tec.ru # TLD
lighten.org.tw # TLD
lih.kg # TLD
likeeapp.ru # TLD
likeevideo.ru # TLD
limedia.tw # TLD
limer.tw # TLD
lin.ee # TLD
linefriends.com.tw # TLD
linegame.jp # TLD
linetv.tw # TLD
linkedin.at # TLD
linktr.ee # TLD
linux.do # TLD
lionhearts.co.kr # TLD
list.ru # TLD
live.com.au # TLD
live.eu # TLD
livejournal.com # GeoIP (RU)
livrariart.com.br # TLD
lizol.co.in # TLD
lnkd.in # TLD
localdomain.ws # TLD
log.rw # TLD
logicool.co.jp # TLD
logitech.fr # TLD
logitechg.fr # TLD
logosfilm.co.kr # TLD
lojaiphone.com.br # TLD
lolipop.jp # TLD
lolshop.co.kr # TLD
longbridge.sg # TLD
longman.ch # TLD
love-sextoys.co.uk # TLD
loveminiso.com.br # TLD
lt.sntp.uk # TLD
ltn.com.tw # TLD
ltsports.com.tw # TLD
luckymobile.ca # TLD
luckysrv.de # TLD
lysol.ca # TLD
lysol.cl # TLD
lysol.co.cr # TLD
lysol.com.mx # TLD
m1.ppy.sh # TLD
m12.vc # TLD
mac.com.au # TLD
mac.eu # TLD
mac.rs # TLD
macappsto.re # TLD
macbook.tw # TLD
macbookair.co.kr # TLD
macbookair.co.uk # TLD
macbookair.com.au # TLD
macbookair.com.es # TLD
macbookair.es # TLD
macbookair.jp # TLD
macbookair.kr # TLD
macbookpro.com.au # TLD
macbookpro.us # TLD
machigoto.jp # TLD
machine-dna.com # GeoIP (RU)
machosaonatural.com.br # TLD
macintosh.eu # TLD
macos.com.au # TLD
mad-ar.ch # TLD
madewithunity.jp # TLD
madou.la # TLD
mafia-linkz.to # TLD
mageconf.com.ua # TLD
maidonanews.jp # TLD
mail-carrotquest.io # GeoIP (RU)
mail.ru # TLD
mailicq.org # GeoIP (RU)
mailonline.co.uk # TLD
mailonsunday.co.uk # TLD
mailonsunday.ie # TLD
mainichi-athletepartners.jp # TLD
mainichi.jp # TLD
makeappli.jp # TLD
makerepeater.jp # TLD
makeshop.jp # TLD
malotogo.ru # TLD
managed-pki.ch # TLD
managed-pki.de # TLD
managedpki.ne.jp # TLD
mangahasu.se # TLD
manoramayearbook.in # TLD
mantan-web.jp # TLD
manus.im # TLD
marinecadcam.com # GeoIP (RU)
marketo.co.uk # TLD
mas.to # TLD
mash.to # TLD
mastercard.ae # TLD
mastercard.at # TLD
mastercard.az # TLD
mastercard.ba # TLD
mastercard.be # TLD
mastercard.bg # TLD
mastercard.by # TLD
mastercard.ca # TLD
mastercard.ch # TLD
mastercard.cl # TLD
mastercard.co.id # TLD
mastercard.co.il # TLD
mastercard.co.in # TLD
mastercard.co.jp # TLD
mastercard.co.ke # TLD
mastercard.co.kr # TLD
mastercard.co.nz # TLD
mastercard.co.th # TLD
mastercard.co.uk # TLD
mastercard.co.ve # TLD
mastercard.co.za # TLD
mastercard.com.ar # TLD
mastercard.com.au # TLD
mastercard.com.bh # TLD
mastercard.com.br # TLD
mastercard.com.bz # TLD
mastercard.com.cy # TLD
mastercard.com.eg # TLD
mastercard.com.ge # TLD
mastercard.com.gt # TLD
mastercard.com.kw # TLD
mastercard.com.lb # TLD
mastercard.com.mx # TLD
mastercard.com.my # TLD
mastercard.com.ng # TLD
mastercard.com.pe # TLD
mastercard.com.ph # TLD
mastercard.com.sa # TLD
mastercard.com.sg # TLD
mastercard.com.tr # TLD
mastercard.com.tw # TLD
mastercard.com.ve # TLD
mastercard.com.vn # TLD
mastercard.cz # TLD
mastercard.de # TLD
mastercard.dk # TLD
mastercard.es # TLD
mastercard.eu # TLD
mastercard.fi # TLD
mastercard.fr # TLD
mastercard.gr # TLD
mastercard.hr # TLD
mastercard.hu # TLD
mastercard.ie # TLD
mastercard.it # TLD
mastercard.jo # TLD
mastercard.ke # TLD
mastercard.kz # TLD
mastercard.lu # TLD
mastercard.md # TLD
mastercard.my # TLD
mastercard.nl # TLD
mastercard.no # TLD
mastercard.om # TLD
mastercard.pl # TLD
mastercard.pt # TLD
mastercard.qa # TLD
mastercard.ro # TLD
mastercard.rs # TLD
mastercard.ru # TLD
mastercard.se # TLD
mastercard.si # TLD
mastercard.sk # TLD
mastercard.ua # TLD
mastercard.us # TLD
mastercardbiz.ca # TLD
matrix.to # TLD
mature-nl.eu # TLD
mature.nl # TLD
max-tcs.ru # TLD
max.ru # TLD
maxillofacial-cadcam.com # GeoIP (RU)
mcaf.ee # TLD
mcb.com.mm # TLD
mcd-holdings.co.jp # TLD
mcdelivery.co.id # TLD
mcdelivery.co.in # TLD
mcdelivery.co.kr # TLD
mcdelivery.com.au # TLD
mcdelivery.com.my # TLD
mcdelivery.com.ph # TLD
mcdelivery.com.sg # TLD
mcdelivery.com.tw # TLD
mcdonalds.be # TLD
mcdonalds.ca # TLD
mcdonalds.co.id # TLD
mcdonalds.co.jp # TLD
mcdonalds.co.kr # TLD
mcdonalds.co.nz # TLD
mcdonalds.co.uk # TLD
mcdonalds.com.au # TLD
mcdonalds.com.lb # TLD
mcdonalds.com.my # TLD
mcdonalds.com.ph # TLD
mcdonalds.com.tw # TLD
mcdonalds.it # TLD
mcdonalds.no # TLD
mcdonalds.se # TLD
mcdonaldsparties.co.nz # TLD
mcs.st # TLD
mdyy.de # TLD
me.ns.ci # TLD
meadjohnson.com.tw # TLD
meb.gov.mm # TLD
mebank.ir # TLD
media.nu.nl # TLD
mediaclip.jp # TLD
medical-reserve.co.jp # TLD
medicalimplants-cadcam.com # GeoIP (RU)
mediumquality.ru # TLD
medow.ru # TLD
meee.com.tw # TLD
mega.co.nz # TLD
mega.nz # TLD
megafon.com # Keyword
megafon.ru # TLD
megafonpro.ru # TLD
megalodon.jp # TLD
megamarket.ru # TLD
megamon.co.kr # TLD
megaphone.fm # TLD
megaporno.com.br # TLD
megasrv.de # TLD
meijinsen.jp # TLD
melonbooks.co.jp # TLD
memealerts.com # GeoIP (RU)
memes.tw # TLD
mensheaven.jp # TLD
mercari.jp # TLD
merit-times.com.tw # TLD
meteum.ai # GeoIP (RU)
metro.co.uk # TLD
metrolife.ca # TLD
mfk-bank.ru # TLD
mfk-t-finance.ru # TLD
mgfn.ru # TLD
mhcb.ru # TLD
mhcbr.ru # TLD
mi.nakn.jp # TLD
mi9.com.au # TLD
micb.gov.mm # TLD
michill.jp # TLD
michinokubank.co.jp # TLD
microsoft # NO_DOT
microsoft.az # TLD
microsoft.be # TLD
microsoft.by # TLD
microsoft.ca # TLD
microsoft.ch # TLD
microsoft.cl # TLD
microsoft.cz # TLD
microsoft.de # TLD
microsoft.dk # TLD
microsoft.ee # TLD
microsoft.es # TLD
microsoft.eu # TLD
microsoft.fi # TLD
microsoft.ge # TLD
microsoft.hu # TLD
microsoft.is # TLD
microsoft.it # TLD
microsoft.jp # TLD
microsoft.lt # TLD
microsoft.lu # TLD
microsoft.lv # TLD
microsoft.md # TLD
microsoft.pl # TLD
microsoft.pt # TLD
microsoft.ro # TLD
microsoft.rs # TLD
microsoft.ru # TLD
microsoft.se # TLD
microsoft.si # TLD
microsoft.ua # TLD
microsoft.uz # TLD
microsoft.vn # TLD
mie.co.jp # TLD
milfnut.com # GeoIP (RU)
milfsexstart.nl # TLD
mind-box.ru # TLD
mindbox-notifications.ru # TLD
mindbox.cloud # GeoIP (RU)
mindbox.group # GeoIP (RU)
mindbox.ru # TLD
mindbox.site # GeoIP (RU)
mindbox.so # TLD
minghui.or.kr # TLD
mini # NO_DOT
mini-antilles.fr # TLD
mini-connected.at # TLD
mini-connected.be # TLD
mini-connected.ch # TLD
mini-connected.co.uk # TLD
mini-connected.cz # TLD
mini-connected.de # TLD
mini-connected.dk # TLD
mini-connected.ee # TLD
mini-connected.es # TLD
mini-connected.fi # TLD
mini-connected.fr # TLD
mini-connected.ie # TLD
mini-connected.it # TLD
mini-connected.lt # TLD
mini-connected.lu # TLD
mini-connected.lv # TLD
mini-connected.nl # TLD
mini-connected.no # TLD
mini-connected.pl # TLD
mini-connected.pt # TLD
mini-connected.se # TLD
mini-coupe.ca # TLD
mini-grouparchiv.de # TLD
mini-stjohns.ca # TLD
mini-windsor.ca # TLD
mini.am # TLD
mini.at # TLD
mini.be # TLD
mini.bg # TLD
mini.by # TLD
mini.ca # TLD
mini.ch # TLD
mini.cl # TLD
mini.co.cr # TLD
mini.co.id # TLD
mini.co.il # TLD
mini.co.kr # TLD
mini.co.th # TLD
mini.co.uk # TLD
mini.co.za # TLD
mini.com.ar # TLD
mini.com.bn # TLD
mini.com.br # TLD
mini.com.cy # TLD
mini.com.do # TLD
mini.com.ec # TLD
mini.com.gr # TLD
mini.com.gt # TLD
mini.com.hr # TLD
mini.com.mk # TLD
mini.com.mo # TLD
mini.com.mt # TLD
mini.com.mx # TLD
mini.com.pa # TLD
mini.com.pe # TLD
mini.com.ph # TLD
mini.com.pl # TLD
mini.com.py # TLD
mini.com.sg # TLD
mini.com.tr # TLD
mini.com.tw # TLD
mini.com.uy # TLD
mini.cz # TLD
mini.de # TLD
mini.dk # TLD
mini.dz # TLD
mini.es # TLD
mini.fi # TLD
mini.fr # TLD
mini.gp # TLD
mini.hu # TLD
mini.ie # TLD
mini.in # TLD
mini.is # TLD
mini.it # TLD
mini.jp # TLD
mini.kz # TLD
mini.lu # TLD
mini.ma # TLD
mini.md # TLD
mini.mq # TLD
mini.mu # TLD
mini.my # TLD
mini.nc # TLD
mini.nl # TLD
mini.no # TLD
mini.pt # TLD
mini.re # TLD
mini.ro # TLD
mini.rs # TLD
mini.ru # TLD
mini.se # TLD
mini.si # TLD
mini.sk # TLD
mini.tm # TLD
mini.tn # TLD
mini.ua # TLD
mini101.ca # TLD
minibrossard.ca # TLD
minicanada.ca # TLD
miniccrc.ca # TLD
minicooper.ca # TLD
minid.no # TLD
minidowntown.ca # TLD
minidurham.ca # TLD
minigeorgian.ca # TLD
minihalifax.ca # TLD
miniinvasion.ca # TLD
minikelowna.ca # TLD
minilangley.ca # TLD
minilaval.ca # TLD
minilondon.ca # TLD
minimarkham.ca # TLD
minimoncton.ca # TLD
minimontrealcentre.ca # TLD
minimontroyal.ca # TLD
mininanaimo.ca # TLD
minirichmond.ca # TLD
minisaskatoon.ca # TLD
minishop.ca # TLD
miniso.by # TLD
miniso.ca # TLD
miniso.co.id # TLD
miniso.co.tz # TLD
miniso.com.es # TLD
miniso.com.gr # TLD
miniso.com.mx # TLD
miniso.com.pl # TLD
miniso.com.py # TLD
miniso.com.tr # TLD
miniso.ge # TLD
miniso.ie # TLD
miniso.jp # TLD
miniso.ma # TLD
miniso.my # TLD
miniso.pe # TLD
miniso.pk # TLD
miniso.ua # TLD
miniso.uz # TLD
minisolife.co.za # TLD
minisovietam.vn # TLD
minispecialoffers.ca # TLD
ministcatharines.ca # TLD
ministjohns.ca # TLD
minitoronto.ca # TLD
minitroisrivieres.ca # TLD
minivancouver.ca # TLD
minivaughanwest.ca # TLD
minivictoria.ca # TLD
minivilledequebec.ca # TLD
miniwidget.ca # TLD
miniyaletown.ca # TLD
mirabilis.com # GeoIP (RU)
mirandaicq.com # GeoIP (RU)
mirrormedia.com.tw # TLD
mirrormedia.mg # TLD
mirrorsedge.jp # TLD
missav.ws # TLD
misskey.04.si # TLD
misskey.gg # TLD
misskey.noellabo.jp # TLD
misskeyusercontent.jp # TLD
mit # NO_DOT
mit.edu # TLD
miuipolska.pl # TLD
mixi.co.jp # TLD
mixi.jp # TLD
miyazakibank.co.jp # TLD
mizuhobank.co.jp # TLD
mkb.ru # TLD
mlbootcamp.ru # TLD
mmbbank.com.mm # TLD
mmftb.gov.mm # TLD
mminsurance.gov.mm # TLD
mobile-icq.com # GeoIP (RU)
mobile.de # TLD
mobileicq.com # GeoIP (RU)
mobileme.dk # TLD
mobileways.de # TLD
mobimon.com.tw # TLD
moby.to # TLD
modoo.at # TLD
modperl.pl # TLD
modular.im # TLD
mol.im # TLD
momo.dm # TLD
momomall.com.tw # TLD
momoshop.com.tw # TLD
momsporn.su # TLD
money-link.com.tw # TLD
monica.im # TLD
monsterbeatsoutlet.us # TLD
moon.fm # TLD
moptt.tw # TLD
more.tv # GeoIP (RU)
morisawa.co.jp # TLD
mortein.co.in # TLD
mortein.co.nz # TLD
mortein.co.za # TLD
mortein.com.au # TLD
mortein.com.br # TLD
mortein.com.ng # TLD
mortein.com.pk # TLD
mos.ru # TLD
mostly.jp # TLD
motorola.ca # TLD
motorola.cl # TLD
motorola.co.id # TLD
motorola.co.jp # TLD
motorola.co.th # TLD
motorola.co.uk # TLD
motorola.com.au # TLD
motorola.com.pe # TLD
motorola.com.pr # TLD
motorola.de # TLD
motorola.es # TLD
motorola.fr # TLD
motorola.gr # TLD
motorola.in # TLD
motorola.it # TLD
motorola.vn # TLD
movika.com # GeoIP (RU)
mozilla.cz # TLD
mozilla.de # TLD
mozilla.jp # TLD
mozilla.lt # TLD
mozilla.org.uk # TLD
mozilla.pe # TLD
mozilla.pt # TLD
mozilla.ro # TLD
mozillazine.jp # TLD
mp.world # GeoIP (RU)
mr-apple.com.tw # TLD
mr-tireman.jp # TLD
mresalat.ir # TLD
mrgcdn.ru # TLD
msfteducation.ca # TLD
msh.amazon.co.uk # TLD
msha.gov # TLD
mt.lv # TLD
mts.ru # TLD
mtsbank.ru # TLD
mtsdengi.ru # TLD
mtsmedia.ru # TLD
mucinex.ca # TLD
mucinex.co.nz # TLD
muji.eu # TLD
muji.tw # TLD
muji.us # TLD
mundomais.com.br # TLD
musashinobank.co.jp # TLD
muse.jhu.edu # TLD
musical.ly # TLD
mut.ch # TLD
mvg.jp # TLD
mvk.com # GeoIP (RU)
mvs-bank.ru # TLD
my-private-network.co.uk # TLD
my-tbank.ru # TLD
my.games # Keyword
myapelsin.ru # TLD
mybmw.ca # TLD
mycdn.me # GeoIP (RU)
myenvy.ru # TLD
myfin.bg # TLD
myjs.tw # TLD
mymts.ru # TLD
mynavi.jp # TLD
mypearsonenglish.ch # TLD
mypearsonshop.com.mx # TLD
mypearsonshop.mx # TLD
myporno.cz # TLD
mytimesplus.co.uk # TLD
mytopf.com # GeoIP (RU)
mytrk.link # GeoIP (RU)
myvodafone.com.au # TLD
myvodafone.com.ws # TLD
mzl.la # TLD
nab.com.au # TLD
nabtravellercard.com.au # TLD
nakadashi.to # TLD
nantobank.co.jp # TLD
narod.ru # TLD
narumiya.xii.jp # TLD
natgeokidsbooks.co.uk # TLD
national-lottery.co.uk # TLD
nativeincolour.com.au # TLD
naver.jp # TLD
naydex.net # GeoIP (RU)
ncl.edu.tw # TLD
near.by # TLD
nekora.main.jp # TLD
neow.in # TLD
netcup-news.de # TLD
netcup-sonderangebote.de # TLD
netcup-wiki.de # TLD
netcup.de # TLD
netcup.eu # TLD
netflix.ca # TLD
netlock.hu # TLD
netname.com.br # TLD
newcastlenewslocal.com.au # TLD
news.co.uk # TLD
news.com.au # TLD
news.mt.co.kr # TLD
news.net.au # TLD
news1.kr # TLD
newsadds.com.au # TLD
newsapi.com.au # TLD
newscareers.co.uk # TLD
newscdn.com.au # TLD
newscommercial.co.uk # TLD
newsconcierge.com.au # TLD
newshub.co.nz # TLD
newslicensing.co.uk # TLD
newsmart.jp # TLD
newsmax.in # TLD
newsprestigenetwork.com.au # TLD
newsprinters.co.uk # TLD
newsxtend.com.au # TLD
newtalk.tw # TLD
nexon.co.jp # TLD
nexoncdn.co.kr # TLD
nexongames.co.kr # TLD
nextdigital.com.tw # TLD
nextmag.com.tw # TLD
nextmedia.com.tw # TLD
nexton-net.jp # TLD
nexttv.com.tw # TLD
nextwork.com.tw # TLD
nextwork.tw # TLD
nexus # NO_DOT
nf.id.au # TLD
nhentai.to # TLD
nhk # NO_DOT
nhk.jp # TLD
nhk.or.jp # TLD
nhkworld.jp # TLD
nhncorp.jp # TLD
nic.gov # TLD
nic.ru # TLD
nicesrv.de # TLD
nichost.ru # TLD
nico # NO_DOT
nicodic.jp # TLD
nicomanga.jp # TLD
nicoseiga.jp # TLD
nicovideo.jp # TLD
nightclub.eu # TLD
nii.ac.jp # TLD
nijiyome.jp # TLD
nike # NO_DOT
nike.ci # TLD
nike.com.br # TLD
nike.gy # TLD
nike.us # TLD
nikegolf.ca # TLD
nikestore.com.au # TLD
nikke.hotcool.tw # TLD
nikkei-cnbc.co.jp # TLD
nikkei.co.jp # TLD
nikkei.jp # TLD
nikkeibp.co.jp # TLD
nimg.jp # TLD
nine.com.au # TLD
nineentertainment.com.au # TLD
nineentertainmentco.com.au # TLD
ninemediaroom.com.au # TLD
ninemsn.com.au # TLD
nintendo.at # TLD
nintendo.be # TLD
nintendo.ch # TLD
nintendo.co.jp # TLD
nintendo.co.kr # TLD
nintendo.co.uk # TLD
nintendo.co.za # TLD
nintendo.com.pt # TLD
nintendo.de # TLD
nintendo.dk # TLD
nintendo.es # TLD
nintendo.eu # TLD
nintendo.fi # TLD
nintendo.fr # TLD
nintendo.it # TLD
nintendo.nl # TLD
nintendo.no # TLD
nintendo.pt # TLD
nintendo.ru # TLD
nintendo.se # TLD
nintendo.tw # TLD
nishinipponbank.co.jp # TLD
nist.gov # TLD
njpw.co.jp # TLD
nna.jp # TLD
nnews.eu # TLD
nobel.se # TLD
nochubank.or.jp # TLD
nomadlandmovie.ch # TLD
noosferabank.ru # TLD
nos.nl # TLD
noticias-rt.com # GeoIP (RU)
notify.ppy.sh # TLD
notimundo.press # GeoIP (RU)
notion.so # TLD
novids.com # GeoIP (RU)
now.sh # TLD
nozomi.la # TLD
npa.go.jp # TLD
nrk.no # TLD
nsfw247.to # TLD
nspk.ru # TLD
ntdtv.ca # TLD
ntdtv.co.il # TLD
ntdtv.co.kr # TLD
ntdtv.com.tw # TLD
ntdtv.cz # TLD
ntdtv.fr # TLD
ntdtv.jp # TLD
ntdtv.kr # TLD
ntdtv.ru # TLD
ntdtv.se # TLD
ntdvideo.tw # TLD
ntnews.com.au # TLD
ntp-b.nist.gov # TLD
ntp-c.colorado.edu # TLD
ntp-d.nist.gov # TLD
ntp-os01.ocn.ad.jp # TLD
ntp-tk01.ocn.ad.jp # TLD
ntp-tk02.ocn.ad.jp # TLD
ntp-wwv.nist.gov # TLD
ntp.dnsbalance.ring.gr.jp # TLD
ntp.fiord.ru # TLD
ntp.jst.mfeed.ad.jp # TLD
ntp.nat.ms # TLD
ntp.nc.u-tokyo.ac.jp # TLD
ntp.nic.cz # TLD
ntp.nict.jp # TLD
ntp.ring.gr.jp # TLD
ntp.se # TLD
ntp.t.ring.gr.jp # TLD
ntp.time.nl # TLD
ntp.tohoku.ac.jp # TLD
ntp.tut.ac.jp # TLD
ntp.ufe.cz # TLD
ntp0.ntp-servers.net # GeoIP (RU)
ntp0.ring.gr.jp # TLD
ntp1.jst.mfeed.ad.jp # TLD
ntp1.plala.or.jp # TLD
ntp1.ring.gr.jp # TLD
ntp1.time.nl # TLD
ntp1.tohoku.ac.jp # TLD
ntp1.v6.mfeed.ad.jp # TLD
ntp2.jst.mfeed.ad.jp # TLD
ntp2.plala.or.jp # TLD
ntp2.ring.gr.jp # TLD
ntp2.time.nl # TLD
ntp2.tohoku.ac.jp # TLD
ntp2.v6.mfeed.ad.jp # TLD
ntp3.jst.mfeed.ad.jp # TLD
ntp3.v6.mfeed.ad.jp # TLD
ntppool1.time.nl # TLD
ntppool2.time.nl # TLD
nude.hu # TLD
nudespree.com # GeoIP (RU)
nudevista.es # TLD
number26.de # TLD
nurgay.to # TLD
nuro.jp # TLD
nurofen.at # TLD
nurofen.bg # TLD
nurofen.co.il # TLD
nurofen.co.nz # TLD
nurofen.co.uk # TLD
nurofen.co.za # TLD
nurofen.com.au # TLD
nurofen.com.sg # TLD
nurofen.cz # TLD
nurofen.de # TLD
nurofen.es # TLD
nurofen.fr # TLD
nurofen.hr # TLD
nurofen.hu # TLD
nurofen.ie # TLD
nurofen.it # TLD
nurofen.no # TLD
nurofen.pl # TLD
nurofen.pt # TLD
nurofen.ro # TLD
nurofen.ru # TLD
nurofen.sk # TLD
nutramigen.pl # TLD
nvidia.at # TLD
nvidia.be # TLD
nvidia.ch # TLD
nvidia.co.at # TLD
nvidia.co.in # TLD
nvidia.co.jp # TLD
nvidia.co.kr # TLD
nvidia.co.uk # TLD
nvidia.com.au # TLD
nvidia.com.br # TLD
nvidia.com.mx # TLD
nvidia.com.pe # TLD
nvidia.com.pl # TLD
nvidia.com.tr # TLD
nvidia.com.tw # TLD
nvidia.com.ua # TLD
nvidia.com.ve # TLD
nvidia.cz # TLD
nvidia.de # TLD
nvidia.dk # TLD
nvidia.es # TLD
nvidia.eu # TLD
nvidia.fi # TLD
nvidia.fr # TLD
nvidia.in # TLD
nvidia.it # TLD
nvidia.jp # TLD
nvidia.lu # TLD
nvidia.mx # TLD
nvidia.nl # TLD
nvidia.no # TLD
nvidia.pl # TLD
nvidia.ro # TLD
nvidia.ru # TLD
nvidia.se # TLD
nvidia.tw # TLD
nxtdig.com.tw # TLD
nxtv.jp # TLD
nyaa.eu # TLD
nyaa.si # TLD
nyahentai.re # TLD
nyti.ms # TLD
o-courier.ru # TLD
o2action.co.kr # TLD
o3.ru # TLD
o3o.ca # TLD
o3t.ru # TLD
o3team.ru # TLD
ocourier.ru # TLD
ocul.us # TLD
odkl.ru # TLD
odnoklasniki.by # TLD
odnoklasniki.ua # TLD
odnoklassniki.am # TLD
odnoklassniki.by # TLD
odnoklassniki.co.ee # TLD
odnoklassniki.eu # TLD
odnoklassniki.lv # TLD
odnoklassniki.ru # TLD
odnoklassniki.tj # TLD
office # NO_DOT
offresspecialesbmw.ca # TLD
ogakikyoritsu.co.jp # TLD
oghost.com.br # TLD
oglobo.com.br # TLD
oitabank.co.jp # TLD
ok.me # GeoIP (RU)
ok.ru # TLD
okcdn.ru # TLD
okinawabank.co.jp # TLD
okiwine.jp # TLD
okk.tw # TLD
okko.sport # Keyword
okko.tv # Keyword
okkoapi.tv # Keyword
okl.lt # TLD
oknovrossiu.ru # TLD
oktech.ru # TLD
okx.ac # TLD
omakase.in # TLD
omni7.jp # TLD
omny.fm # TLD
omorashi.jp # TLD
on-media.ru # TLD
oncars.in # TLD
onedrive.co.uk # TLD
onedrive.eu # TLD
onekey.so # TLD
oneme.ru # TLD
onestore.ms # TLD
onion.ly # TLD
onlinegamer.jp # TLD
onlyjobs.ru # TLD
onlyprime.ru # TLD
oojj.de # TLD
ootbstudio.co.kr # TLD
op.gg # TLD
opac-project.eu # TLD
openbook.org.tw # TLD
opentimetable.jp # TLD
openweather.co.uk # TLD
oracle # NO_DOT
oreil.ly # TLD
oricon.co.jp # TLD
orientaldaily.com.my # TLD
orl.ly # TLD
orn.jp # TLD
orthopaedic-cadcam.com # GeoIP (RU)
orthotics-cadcam.com # GeoIP (RU)
osaipo.jp # TLD
osu.ppy.sh # TLD
otello.ru # TLD
otpbank.ru # TLD
otto.de # TLD
our-notes.jp # TLD
oursteps.com.au # TLD
overcast.fm # TLD
ow.ly # TLD
owl.li # TLD
ozon-credit.ru # TLD
ozon-dostavka.ru # TLD
ozon-tech.ru # TLD
ozon.by # TLD
ozon.com # Keyword
ozon.com.by # TLD
ozon.com.kz # TLD
ozon.dev # Keyword
ozon.express # Keyword
ozon.kz # TLD
ozon.li # TLD
ozon.ru # TLD
ozon.tech # Keyword
ozon.tm # TLD
ozon.travel # Keyword
ozoncamp.pro # Keyword
ozoncard.ru # TLD
ozoncom.by # TLD
ozoncorporate.ru # TLD
ozone.ru # TLD
ozonglobalevents.com # Keyword
ozonpartners.by # TLD
ozonpartners.ru # TLD
ozonrocet.by # TLD
ozonroket.by # TLD
ozonru.co.il # TLD
ozonru.com # Keyword
ozonru.eu # TLD
ozonru.me # Keyword
ozonsport.ru # TLD
ozonstatus.ru # TLD
ozonusercontent.com # Keyword
packagingcadcam.com # GeoIP (RU)
panasonic # NO_DOT
panasonic.jp # TLD
pancolle-movie.jp # TLD
partmaker.com # GeoIP (RU)
passage.id # TLD
paste.ee # TLD
pawchive.st # TLD
payecom.ru # TLD
payment.ru # TLD
paypal-database.us # TLD
paypal-login.us # TLD
paypal-signin.us # TLD
paypal.ca # TLD
paypal.com.sg # TLD
paypal.jp # TLD
paypal.so # TLD
paypal.us # TLD
paypay-bank.co.jp # TLD
paywb.com # GeoIP (RU)
paywb.ru # TLD
pca.st # TLD
pchome.com.tw # TLD
pchomeec.tw # TLD
pchomeonline.com.tw # TLD
pchomepay.com.tw # TLD
pcloud.tw # TLD
pcstore.com.tw # TLD
pct.org.tw # TLD
pds.nasa.gov # TLD
pdst.fm # TLD
peace.ca # TLD
pearson-schule.ch # TLD
pearson-studium.ch # TLD
pearson.ch # TLD
pearson.cl # TLD
pearson.co.in # TLD
pearson.co.jp # TLD
pearson.com.ar # TLD
pearson.com.au # TLD
pearson.com.uy # TLD
pearson.es # TLD
pearson.fr # TLD
pearson.pl # TLD
pearsonassessment.be # TLD
pearsonassessment.de # TLD
pearsonassessment.dk # TLD
pearsonassessment.fr # TLD
pearsonassessment.nl # TLD
pearsonassessment.no # TLD
pearsonassessment.se # TLD
pearsoncanada.ca # TLD
pearsonclinical.be # TLD
pearsonclinical.ca # TLD
pearsonclinical.co.uk # TLD
pearsonclinical.com.au # TLD
pearsonclinical.com.br # TLD
pearsonclinical.de # TLD
pearsonclinical.dk # TLD
pearsonclinical.es # TLD
pearsonclinical.eu # TLD
pearsonclinical.fr # TLD
pearsonclinical.in # TLD
pearsonclinical.nl # TLD
pearsonclinical.no # TLD
pearsonclinical.se # TLD
pearsoned.co.nz # TLD
pearsonelt.ch # TLD
pearsoninstitute.ac.za # TLD
pearsonlongman.ch # TLD
pearsonperu.pe # TLD
pearsonplaces.com.au # TLD
pearsonschoolsandfecolleges.co.uk # TLD
pegn.com.br # TLD
pemulihan.or.id # TLD
penguin.com.au # TLD
peoplenews.tw # TLD
petardashd.com.ve # TLD
phoenix-ca.ru # TLD
piapp.com.tw # TLD
pics.ee # TLD
pics.vc # TLD
pimg.tw # TLD
pin.it # TLD
ping.fm # TLD
ping.pe # TLD
ping.sx # TLD
pinterest.at # TLD
pinterest.be # TLD
pinterest.ca # TLD
pinterest.ch # TLD
pinterest.cl # TLD
pinterest.co.at # TLD
pinterest.co.in # TLD
pinterest.co.kr # TLD
pinterest.co.nz # TLD
pinterest.co.uk # TLD
pinterest.com.au # TLD
pinterest.com.bo # TLD
pinterest.com.ec # TLD
pinterest.com.mx # TLD
pinterest.com.pe # TLD
pinterest.com.py # TLD
pinterest.com.uy # TLD
pinterest.com.vn # TLD
pinterest.de # TLD
pinterest.dk # TLD
pinterest.ec # TLD
pinterest.es # TLD
pinterest.fr # TLD
pinterest.hu # TLD
pinterest.id # TLD
pinterest.ie # TLD
pinterest.in # TLD
pinterest.it # TLD
pinterest.jp # TLD
pinterest.kr # TLD
pinterest.mx # TLD
pinterest.nl # TLD
pinterest.nz # TLD
pinterest.pe # TLD
pinterest.ph # TLD
pinterest.pt # TLD
pinterest.ru # TLD
pinterest.se # TLD
pinterest.th # TLD
pinterest.tw # TLD
pinterest.uk # TLD
pinterest.vn # TLD
pixhost.to # TLD
pixinsight.com.tw # TLD
pixiv.co.jp # TLD
pixnet.tw # TLD
pixplug.in # TLD
pjsekai.sega.jp # TLD
pki-post.ch # TLD
pki-posta.ch # TLD
pki-poste.ch # TLD
placemyad.com.au # TLD
platiecom.ru # TLD
playads.jp # TLD
playboy.com.uk # TLD
player.fm # TLD
playfamily.ru # TLD
playstation # NO_DOT
playz.jp # TLD
pmem.us # TLD
pobeda.page # GeoIP (RU)
pochtabank.ru # TLD
popmechanic.io # GeoIP (RU)
popmechanic.ru # TLD
porn # NO_DOT
porn.to # TLD
porno.org.in # TLD
pornobom.com.br # TLD
pornobrasil.blog.br # TLD
pornocd.ru # TLD
pornofiles.ru # TLD
pornogratis.vlog.br # TLD
pornohoo.com.mx # TLD
pornoingyen.hu # TLD
pornotube.blog.br # TLD
pornotube69.nl # TLD
pornovenezolano.com.ve # TLD
pornoweb.hu # TLD
pornozona.tv # Keyword
pornuj.cz # TLD
pornwild.to # TLD
pornworld.to # TLD
postbank.ir # TLD
postegro.it # TLD
posts.careerengine.us # TLD
posty.kr # TLD
postyourgirls.ws # TLD
potato.im # TLD
potenza.jp # TLD
pourquoi.tw # TLD
powerbook.eu # TLD
powerinspect.com # GeoIP (RU)
powerofresolve.ca # TLD
powershape.com # GeoIP (RU)
powersrv.de # TLD
ppy.sh # TLD
practicalmoneyskills.ca # TLD
practicalmoneyskills.jp # TLD
prastitutki.ru # TLD
prcm.jp # TLD
premier.one # GeoIP (RU)
premiumfs.de # TLD
premproxy.com # GeoIP (RU)
president.ir # TLD
presidentlee.tw # TLD
pressria.ru # TLD
pricelesstoronto.ca # TLD
pricesearch.jp # TLD
priconne-redive.jp # TLD
primbank.ru # TLD
princeton.edu # TLD
privacybox.de # TLD
private-banking.ru # TLD
privatemarketplaces.us # TLD
privilege.tw # TLD
prod-my.games # Keyword
prodcontest.com # GeoIP (RU)
product.co.jp # TLD
promodj.com # GeoIP (RU)
property.com.au # TLD
pros.ee # TLD
prosiben.de # TLD
protonmail.ch # TLD
protontech.ch # TLD
protonvpn.ch # TLD
proxynetwork.org.uk # TLD
prvbank.ru # TLD
ps-exchange.com # GeoIP (RU)
psb-ocenka.ru # TLD
psb.ru # TLD
psbank.ru # TLD
pse.is # TLD
psiphon.ca # TLD
pskb.ru # TLD
pt.im # TLD
pubmatic.co.jp # TLD
pubu.com.tw # TLD
pururin.to # TLD
pushgrow.io # GeoIP (RU)
pvubank.com # GeoIP (RU)
python.com.tw # TLD
q10.jp # TLD
qgirl.com.tw # TLD
qianbai.tw # TLD
qianmo.tw # TLD
qiwen.lu # TLD
qlink.to # TLD
qmb.ir # TLD
qoo10.jp # TLD
qq.co.za # TLD
qr.ae # TLD
qtrac.eu # TLD
qualcomm.co.id # TLD
qualcomm.co.in # TLD
qualcomm.co.jp # TLD
qualcomm.co.kr # TLD
qualcomm.co.uk # TLD
qualcomm.com.br # TLD
qualcomm.com.tw # TLD
qualcomm.de # TLD
qualcomm.fr # TLD
quatrum.com.br # TLD
quickbook.com.br # TLD
quickbooks.co.uk # TLD
quickbooks.co.za # TLD
quickbooks.com.au # TLD
quickbooks.com.br # TLD
quickbooks.fr # TLD
quickbooks.in # TLD
quickbooksenligne.ca # TLD
quickbooksgetconnected.co.za # TLD
quickconnect.to # TLD
quicksrv.de # TLD
quicktime.com.au # TLD
quicktime.eu # TLD
quixel.se # TLD
quizlink.ru # TLD
qwant.de # TLD
qwant.fr # TLD
qwant.it # TLD
r0.ru # TLD
r01.ru # TLD
r10s.jp # TLD
rabota.by # TLD
radiko.jp # TLD
radio-canada.ca # TLD
radio-en-ligne.fr # TLD
radioaustralia.net.au # TLD
radioglobo.com.br # TLD
radiomango.fm # TLD
radiosputnik.ru # TLD
radiotavisupleba.ge # TLD
raidcall.com.tw # TLD
raiffeisen-media.ru # TLD
raiffeisen.ru # TLD
raizoji.or.jp # TLD
rakuten-bank.co.jp # TLD
rakuten.ca # TLD
rakuten.co.jp # TLD
rakuten.com.tw # TLD
rakuten.ne.jp # TLD
rakuten.tw # TLD
rakutengiftcards.ca # TLD
rakuya.com.tw # TLD
ramcity.com.au # TLD
rapidprototyping-cadcam.com # GeoIP (RU)
rarbg.is # TLD
rarbg.to # TLD
razerzone.jp # TLD
rb.gy # TLD
rb24.ir # TLD
rbcollect.ru # TLD
rbcredit.ru # TLD
rbsuat.com # GeoIP (RU)
rbth.com # GeoIP (RU)
rcinet.ca # TLD
readingtimes.com.tw # TLD
realcommercial.com.au # TLD
realestate.com.au # TLD
realsound.jp # TLD
realtype.co.jp # TLD
realtype.jp # TLD
rebates.jp # TLD
recoveryversion.com.tw # TLD
redd.it # TLD
redino.tw # TLD
redporno.cz # TLD
redtube.com.br # TLD
refah-bank.ir # TLD
referer.us # TLD
reg.cloud # GeoIP (RU)
reg.com # GeoIP (RU)
reg.ru # TLD
rencapbank.ru # TLD
rencredit.ru # TLD
rentaride.de # TLD
report-megafon.ru # TLD
repsils.no # TLD
resella.jp # TLD
resonabank.co.jp # TLD
restnproducts.ru # TLD
restream.ru # TLD
reut.rs # TLD
revistaepoca.com.br # TLD
revistagalileu.com.br # TLD
revistapegn.com.br # TLD
revistaquem.com.br # TLD
revistavalor.com.br # TLD
rf-sim-mobile.ru # TLD
rfi.fr # TLD
rfi.my # TLD
ria.ru # TLD
rimg.com.tw # TLD
riot.im # TLD
riotgames.co.kr # TLD
riotgames.jp # TLD
ritter.vg # TLD
rixcloud.us # TLD
rmbl.ws # TLD
rncoluminis.ru # TLD
roblox.ca # TLD
roblox.cl # TLD
roblox.co.jp # TLD
roblox.co.uk # TLD
roblox.de # TLD
roblox.dk # TLD
roblox.eu # TLD
roblox.fr # TLD
roblox.hu # TLD
roblox.it # TLD
roblox.jp # TLD
roblox.kr # TLD
roblox.mx # TLD
roblox.ph # TLD
roblox.pt # TLD
roblox.sk # TLD
roblox.uk # TLD
roblox.us # TLD
roblox.vn # TLD
rocketozon.by # TLD
romanovs100.com # GeoIP (RU)
root-signing.ch # TLD
rosbank-auto.ru # TLD
rosbank-capital.ru # TLD
rosbank-dom.ru # TLD
rosbank-leasing.ru # TLD
rosbank.ru # TLD
rossiyasegodnya.com # GeoIP (RU)
rostaxi.org # GeoIP (RU)
rostelecom.ru # TLD
rqbank.ir # TLD
rsg.sc # TLD
rshb.ru # TLD
rss.owo.nz # TLD
rt-school.online # GeoIP (RU)
rt.com # GeoIP (RU)
rt.rs # TLD
rt.ru # TLD
rtarabic.com # GeoIP (RU)
rtarabic.net # GeoIP (RU)
rtarabic.org # GeoIP (RU)
rtarabic.ru # TLD
rtbcdn.ru # TLD
rtbrasil.com # GeoIP (RU)
rtbrasil.info # GeoIP (RU)
rtde.agency # GeoIP (RU)
rtde.expert # GeoIP (RU)
rtde.info # GeoIP (RU)
rtde.life # GeoIP (RU)
rtde.live # GeoIP (RU)
rtde.me # GeoIP (RU)
rtde.media # GeoIP (RU)
rtde.online # GeoIP (RU)
rtde.org # GeoIP (RU)
rtde.press # GeoIP (RU)
rtde.site # GeoIP (RU)
rtde.team # GeoIP (RU)
rtde.tech # GeoIP (RU)
rtde.website # GeoIP (RU)
rtde.world # GeoIP (RU)
rtde.xyz # GeoIP (RU)
rtdefree.info # GeoIP (RU)
rtdefree.me # GeoIP (RU)
rtdefree.online # GeoIP (RU)
rtdefree.tech # GeoIP (RU)
rtdoc.tv # GeoIP (RU)
rtdocumentary.online # GeoIP (RU)
rteam.tech # GeoIP (RU)
rtenafrique.tv # GeoIP (RU)
rtenfrancais.tv # GeoIP (RU)
rtenfrance.tv # GeoIP (RU)
rtespanol.com # GeoIP (RU)
rtfestival.ru # TLD
rtfrance.tv # GeoIP (RU)
rti.org.tw # TLD
rti.tw # TLD
rtnewsde.com # GeoIP (RU)
rtnewsde.online # GeoIP (RU)
rtnewsde.pro # GeoIP (RU)
rtnewsde.site # GeoIP (RU)
rtnewsde.tech # GeoIP (RU)
rtnewsru.com # GeoIP (RU)
rtrunews.com # GeoIP (RU)
rts.ch # TLD
rttv.ru # TLD
rtxv.ru # TLD
ruhub.tv # GeoIP (RU)
rule34.us # TLD
runewsrt.com # GeoIP (RU)
rurtnews.com # GeoIP (RU)
rusfinance.ru # TLD
rusfinancebank.ru # TLD
russiabeyond.com # GeoIP (RU)
russiaislove.com # GeoIP (RU)
russiandesigncup.ru # TLD
russiatoday.ru # TLD
russieactuelle.fr # TLD
russoutdoor.ru # TLD
rustore.ru # TLD
rustore.team # GeoIP (RU)
rustore.tv # GeoIP (RU)
rustup.rs # TLD
ruten.com.tw # TLD
rutracker.cr # TLD
rutracker.nl # TLD
rutube.ru # TLD
rutubelist.ru # TLD
rwb.ru # TLD
rwbautomation.ru # TLD
rwbautomation.tech # GeoIP (RU)
rwbgeo.ru # TLD
ryokoyomiuri.co.jp # TLD
ryukyubank.co.jp # TLD
rzr.to # TLD
s2csntp.miz.nao.ac.jp # TLD
saas-support.com # GeoIP (RU)
sadpanda.us # TLD
safeliner.tech # GeoIP (RU)
sagabank.co.jp # TLD
sage-observability.tech # GeoIP (RU)
saitama-resona.co.jp # TLD
samokat.ru # TLD
samsung # NO_DOT
sandisk.ae # TLD
sandisk.co.jp # TLD
sandisk.co.kr # TLD
sandisk.co.uk # TLD
sandisk.com.au # TLD
sandisk.com.br # TLD
sandisk.com.tr # TLD
sandisk.com.tw # TLD
sandisk.de # TLD
sandisk.es # TLD
sandisk.fr # TLD
sandisk.id # TLD
sandisk.in # TLD
sandisk.it # TLD
sandisk.nl # TLD
sandisk.sg # TLD
saninbank.co.jp # TLD
sankei-books.co.jp # TLD
sankei-call.jp # TLD
sankei-digital.co.jp # TLD
sankei-eiga.co.jp # TLD
sankei-kaihatsu.co.jp # TLD
sankei-shougakukai.jp # TLD
sankei.co.jp # TLD
sankei.jp # TLD
sankeibiz.jp # TLD
sankeishop.jp # TLD
sanmin.com.tw # TLD
satnym.com # GeoIP (RU)
savetibet.de # TLD
savvyshopper.net.au # TLD
sayeasy.eu # TLD
sb-mobile.jp # TLD
sb.sb # TLD
sbank.ir # TLD
sber-bank.by # TLD
sber.pro # Keyword
sber.ru # TLD
sberauto.com # Keyword
sberbank-insurance.ru # TLD
sberbank-tele.com # Keyword
sberbank.com # Keyword
sberbank.ru # TLD
sberbankaktivno.ru # TLD
sberbankins.ru # TLD
sbercloud.ru # TLD
sbercloud.tech # Keyword
sberdevices.ru # TLD
sberdisk.ru # TLD
sberfactoring.ru # TLD
sberhealth.ru # TLD
sberindex.ru # TLD
sberleasing.ru # TLD
sberlogistics.ru # TLD
sbermegamarket.ru # TLD
sbermobile.ru # TLD
sberpb.ru # TLD
sberpro.vedomosti.ru # TLD
sberspasibo.ru # TLD
sbertech.ru # TLD
sbertroika.ru # TLD
sbibankllc.ru # TLD
sbishinseibank.co.jp # TLD
sbrf.ru # TLD
sbux.com.my # TLD
scartel.ru # TLD
scholar.google.ae # TLD
scholar.google.at # TLD
scholar.google.be # TLD
scholar.google.bg # TLD
scholar.google.ca # TLD
scholar.google.ch # TLD
scholar.google.cl # TLD
scholar.google.cn # TLD
scholar.google.co.cr # TLD
scholar.google.co.id # TLD
scholar.google.co.il # TLD
scholar.google.co.in # TLD
scholar.google.co.jp # TLD
scholar.google.co.kr # TLD
scholar.google.co.nz # TLD
scholar.google.co.th # TLD
scholar.google.co.uk # TLD
scholar.google.co.ve # TLD
scholar.google.co.za # TLD
scholar.google.com.ar # TLD
scholar.google.com.au # TLD
scholar.google.com.bo # TLD
scholar.google.com.br # TLD
scholar.google.com.cu # TLD
scholar.google.com.do # TLD
scholar.google.com.ec # TLD
scholar.google.com.eg # TLD
scholar.google.com.gt # TLD
scholar.google.com.ly # TLD
scholar.google.com.mx # TLD
scholar.google.com.my # TLD
scholar.google.com.ni # TLD
scholar.google.com.pa # TLD
scholar.google.com.pe # TLD
scholar.google.com.ph # TLD
scholar.google.com.pk # TLD
scholar.google.com.pr # TLD
scholar.google.com.py # TLD
scholar.google.com.sg # TLD
scholar.google.com.sv # TLD
scholar.google.com.tr # TLD
scholar.google.com.tw # TLD
scholar.google.com.ua # TLD
scholar.google.com.uy # TLD
scholar.google.com.vn # TLD
scholar.google.cz # TLD
scholar.google.de # TLD
scholar.google.dk # TLD
scholar.google.es # TLD
scholar.google.fi # TLD
scholar.google.fr # TLD
scholar.google.gr # TLD
scholar.google.hn # TLD
scholar.google.hr # TLD
scholar.google.hu # TLD
scholar.google.is # TLD
scholar.google.it # TLD
scholar.google.li # TLD
scholar.google.lt # TLD
scholar.google.lu # TLD
scholar.google.lv # TLD
scholar.google.nl # TLD
scholar.google.no # TLD
scholar.google.pl # TLD
scholar.google.pt # TLD
scholar.google.ro # TLD
scholar.google.ru # TLD
scholar.google.se # TLD
scholar.google.si # TLD
scholar.google.sk # TLD
schwab.co.uk # TLD
schwab.com.sg # TLD
sci-hub.ee # TLD
sci-hub.it.nf # TLD
sci-hub.se # TLD
sci-hub.st # TLD
scoop.sh # TLD
screens-lab.jp # TLD
scripts-for-ucoz.ru # TLD
seb.ru # TLD
secom.co.jp # TLD
second-ns.de # TLD
secondns.at # TLD
secretbabes.co.uk # TLD
secretgarden.no # TLD
secretsline.biz # GeoIP (RU)
secure.shadowsocks.nu # TLD
seksmet.nl # TLD
sekswebsite.nl # TLD
selectel.academy # Keyword
selectel.blog # Keyword
selectel.com # Keyword
selectel.dev # Keyword
selectel.info # Keyword
selectel.io # Keyword
selectel.live # Keyword
selectel.ru # TLD
selectelix.ru # TLD
selectelpro.ru # TLD
selkombank.ru # TLD
sena.co.kr # TLD
sentry.ppy.sh # TLD
seotimes.jp # TLD
servercontrolpanel.de # TLD
setka.ru # TLD
settv.com.tw # TLD
sevenbank.co.jp # TLD
sex-douga.jp # TLD
sexbomba.ru # TLD
sexfilm.al.ru # TLD
sexguide.ro # TLD
sexjobs.it # TLD
sextube.fm # TLD
sexxhd.de # TLD
sexyfucking.ru # TLD
sexysites.com.ph # TLD
sferum-dev.ru # TLD
sferum.ru # TLD
sfx.ms # TLD
sgcheck.ru # TLD
sgr.com.br # TLD
sgspe.de # TLD
shadowsocks.be # TLD
shadowsocks.nl # TLD
shahr-bank.ir # TLD
shaparak.ir # TLD
share-videos.se # TLD
share.america.gov # TLD
sharif.edu # TLD
sharif.ir # TLD
sharks-lagoon.fr # TLD
sharpdaily.tw # TLD
shedevrum.ai # GeoIP (RU)
shellfire.de # TLD
shigagin.co.jp # TLD
shikokubank.co.jp # TLD
shimizubank.co.jp # TLD
shinwabank.co.jp # TLD
shizuokabank.co.jp # TLD
shokochukin.co.jp # TLD
shonai.co.jp # TLD
shooshtime.com # GeoIP (RU)
shop-pro.jp # TLD
shop-rt.com # GeoIP (RU)
shopadidas.ca # TLD
shopee.cl # TLD
shopee.co.id # TLD
shopee.co.th # TLD
shopee.com.br # TLD
shopee.com.mx # TLD
shopee.com.my # TLD
shopee.es # TLD
shopee.fr # TLD
shopee.id # TLD
shopee.in # TLD
shopee.ph # TLD
shopee.sg # TLD
shopee.tw # TLD
shopee.vn # TLD
shorturl.at # TLD
showwe.tw # TLD
shp.ee # TLD
simg.jp # TLD
simpcity.su # TLD
sinabank.ir # TLD
sinara.ru # TLD
sinchew.com.my # TLD
sinchew.my # TLD
singaporepools.com.sg # TLD
singlelogin.re # TLD
singlelogin.se # TLD
sis.la # TLD
sis001.us # TLD
sixte.st # TLD
skillbox.pro # GeoIP (RU)
skillbox.ru # TLD
skillfactory.ru # TLD
skills.sh # TLD
sky # NO_DOT
skyoceanrescue.de # TLD
skyoceanrescue.it # TLD
skype # NO_DOT
skyperfectv.co.jp # TLD
skysports.fr # TLD
skysports.ie # TLD
slavbank.ru # TLD
slavicstar.com # GeoIP (RU)
slc.tl # TLD
slobodnaevropa.mk # TLD
sm.ms # TLD
smartline.com.au # TLD
smartstream.ne.jp # TLD
smbc.co.jp # TLD
smbcr-bank.ru # TLD
smbctb.co.jp # TLD
smedevelopmentbank.com.mm # TLD
smh.com.au # TLD
smotreshka.tv # GeoIP (RU)
smtb.jp # TLD
sn-esp.site # GeoIP (RU)
snk-corp.co.jp # TLD
so-net.ne.jp # TLD
so-net.net.tw # TLD
soccerfanz.com.my # TLD
soccerfinancier.ca # TLD
social.edu.ci # TLD
softbank # NO_DOT
softbank-ipo.com # Keyword
softbank-jp.com # Keyword
softbank-robotics.com # Keyword
softbank-telecom.com # Keyword
softbank-telecom.net # Keyword
softbank.jp # TLD
softbank.tv # Keyword
softbankbb.com # Keyword
softbankbb.net # Keyword
softbankci.com # Keyword
softbankhawksstore.jp # TLD
softbankmobile.net # Keyword
softbankrobotics.com # Keyword
softbanktelecom.com # Keyword
softbankusa.net # Keyword
softbankventuresasia.com # Keyword
softbankworld.com # Keyword
softether.co.jp # TLD
soh.tw # TLD
solarsystem.nasa.gov # TLD
solid.ru # TLD
sony # NO_DOT
sony-hes.co.jp # TLD
sony-promotion.eu # TLD
sony-semicon.co.jp # TLD
sony.at # TLD
sony.ba # TLD
sony.be # TLD
sony.bg # TLD
sony.ca # TLD
sony.ch # TLD
sony.cl # TLD
sony.co.cr # TLD
sony.co.id # TLD
sony.co.in # TLD
sony.co.jp # TLD
sony.co.kr # TLD
sony.co.nz # TLD
sony.co.th # TLD
sony.co.uk # TLD
sony.com.ar # TLD
sony.com.au # TLD
sony.com.bo # TLD
sony.com.br # TLD
sony.com.do # TLD
sony.com.ec # TLD
sony.com.gt # TLD
sony.com.hn # TLD
sony.com.mk # TLD
sony.com.mx # TLD
sony.com.my # TLD
sony.com.ni # TLD
sony.com.pa # TLD
sony.com.pe # TLD
sony.com.ph # TLD
sony.com.sg # TLD
sony.com.sv # TLD
sony.com.tr # TLD
sony.com.tw # TLD
sony.com.vn # TLD
sony.cz # TLD
sony.de # TLD
sony.dk # TLD
sony.ee # TLD
sony.es # TLD
sony.eu # TLD
sony.fi # TLD
sony.fr # TLD
sony.gr # TLD
sony.hr # TLD
sony.hu # TLD
sony.ie # TLD
sony.it # TLD
sony.kz # TLD
sony.lt # TLD
sony.lu # TLD
sony.lv # TLD
sony.nl # TLD
sony.no # TLD
sony.pl # TLD
sony.pt # TLD
sony.ro # TLD
sony.rs # TLD
sony.ru # TLD
sony.se # TLD
sony.si # TLD
sony.sk # TLD
sony.ua # TLD
sonybank.jp # TLD
sonybo.co.jp # TLD
sonybuilding.jp # TLD
sonyglobalsolutions.jp # TLD
sonykigyo.jp # TLD
sonynetwork.co.jp # TLD
sonypcl.jp # TLD
sonyprotechnosupport.co.jp # TLD
sonystoragemedia.co.jp # TLD
sonytc.co.jp # TLD
soundofhope.eu # TLD
soundofhope.kr # TLD
soundon.fm # TLD
sourcecraft.dev # GeoIP (RU)
southnews.com.tw # TLD
sovcombank.ru # TLD
soyjak.st # TLD
spacely.com.au # TLD
spasibo.digital # GeoIP (RU)
spasibo.market # GeoIP (RU)
spasibobonus.ru # TLD
spasibosb.ru # TLD
spasibosberbank.ru # TLD
spb.com # GeoIP (RU)
spearhead.kr # TLD
spectator.ppy.sh # TLD
spicebar.de # TLD
sponichi.co.jp # TLD
sportmail.ru # TLD
sportswomanoftheyear.co.uk # TLD
sportswomenoftheyear.co.uk # TLD
spoti.fi # TLD
spreadshirt.es # TLD
sputnikglobe.com # GeoIP (RU)
sputnikimages.com # GeoIP (RU)
sputnikmediabank.com # GeoIP (RU)
sputniknews.com # GeoIP (RU)
sr.ht # TLD
srttu.edu # TLD
ss2.us # TLD
ssb.msk.ru # TLD
ssl-certificate.ch # TLD
ssl.webpack.de # TLD
ssrshare.us # TLD
st-ok-pts.cdn-vk.ru # TLD
st-ok.cdn-vk.ru # TLD
staffhub.ms # TLD
standard.co.uk # TLD
standchartbank.sc.omtrdc.net # Keyword
standchartbank.tt.omtrdc.net # Keyword
star-conflict.com # GeoIP (RU)
starbucks.ad # TLD
starbucks.at # TLD
starbucks.be # TLD
starbucks.bg # TLD
starbucks.ca # TLD
starbucks.ch # TLD
starbucks.co.id # TLD
starbucks.co.jp # TLD
starbucks.co.nz # TLD
starbucks.co.th # TLD
starbucks.co.uk # TLD
starbucks.co.za # TLD
starbucks.com.ar # TLD
starbucks.com.bn # TLD
starbucks.com.cy # TLD
starbucks.com.gr # TLD
starbucks.com.kh # TLD
starbucks.com.kz # TLD
starbucks.com.mx # TLD
starbucks.com.my # TLD
starbucks.com.pe # TLD
starbucks.com.sg # TLD
starbucks.com.tr # TLD
starbucks.com.uy # TLD
starbucks.de # TLD
starbucks.dk # TLD
starbucks.es # TLD
starbucks.fr # TLD
starbucks.hu # TLD
starbucks.ie # TLD
starbucks.in # TLD
starbucks.it # TLD
starbucks.nl # TLD
starbucks.no # TLD
starbucks.ph # TLD
starbucks.pl # TLD
starbucks.pt # TLD
starbucks.rs # TLD
starbucks.ru # TLD
starbucks.se # TLD
starbucks.tt # TLD
starbucks.vn # TLD
starbucksavie.ca # TLD
starbuckscard.ph # TLD
starbuckscoffee.cz # TLD
starbucksforlife.ca # TLD
starbucksrewardsstarland.ca # TLD
starbucksromania.ro # TLD
starbucksslovakia.sk # TLD
starbuckssummergame.ca # TLD
stark-verlag.ch # TLD
start.ru # TLD
static-storage.net # GeoIP (RU)
static9.net.au # TLD
stc.com.sa # TLD
steam.cdn.orcon.net.nz # TLD
steam.cdn.slingshot.co.nz # TLD
steam.cdn.webra.ru # TLD
stellasora.jp # TLD
stin31.ru # TLD
storm.mg # TLD
strepsils.at # TLD
strepsils.ch # TLD
strepsils.co.kr # TLD
strepsils.co.nz # TLD
strepsils.co.za # TLD
strepsils.com.ar # TLD
strepsils.com.au # TLD
strepsils.com.br # TLD
strepsils.com.ph # TLD
strepsils.com.tw # TLD
strepsils.es # TLD
strepsils.fi # TLD
strepsils.fr # TLD
strepsils.hr # TLD
strepsils.hu # TLD
strepsils.ie # TLD
strepsils.pl # TLD
strepsils.pt # TLD
strepsils.ro # TLD
strepsils.ru # TLD
strepsils.si # TLD
strepsils.us # TLD
sukafeti.jp # TLD
summerstage.ru # TLD
summitceo.ru # TLD
sunbingo.co.uk # TLD
sunmedia.ca # TLD
supadou.blogism.jp # TLD
supercoach.com.au # TLD
supersrv.de # TLD
superstation.com.tw # TLD
supr.cl # TLD
supremecourt.gov # TLD
surfeasy.com.au # TLD
suruga-ya.jp # TLD
surugabank.co.jp # TLD
suzuri.jp # TLD
svc.ms # TLD
svobodnaevropa.bg # TLD
sweb.ru # TLD
sweetandmaxwell.co.uk # TLD
swentr.site # GeoIP (RU)
swiftbank.info # Keyword
swiftbank.us # TLD
swingexpert.nl # TLD
swiss-machining.com # GeoIP (RU)
swissid.ch # TLD
swissign.li # TLD
swissinfo.ch # TLD
swisssign-group.ch # TLD
swisssign-group.li # TLD
swisssign.ch # TLD
swisssign.li # TLD
swisssigner.ch # TLD
swisssigngroup.ch # TLD
swisstsa.ch # TLD
swisstsa.li # TLD
switch1.jp # TLD
swoo.sh # TLD
szabadeuropa.hu # TLD
t-access.ru # TLD
t-bank-app.ru # TLD
t-bank-app.su # TLD
t-bank.by # TLD
t-calls.ru # TLD
t-capital-funds.ru # TLD
t-cpa.ru # TLD
t-dengi.ru # TLD
t-finance.group # GeoIP (RU)
t-finance.ru # TLD
t-human.ru # TLD
t-investlab.ru # TLD
t-j.ru # TLD
t-ofp.ru # TLD
t-pulse.ru # TLD
t-static.ru # TLD
t-stekovka.ru # TLD
t-tech.dev # GeoIP (RU)
t-tech.ru # TLD
t-tech.team # GeoIP (RU)
t-technologies.ru # TLD
t-tolk.ru # TLD
t.finance # GeoIP (RU)
t2.ru # TLD
t21.nikkei.co.jp # TLD
t21ipau.nikkei.co.jp # TLD
taaze.tw # TLD
tabootube.xxx # GeoIP (RU)
taedp.org.tw # TLD
tagapie.com.tw # TLD
tagbank.ru # TLD
taiwanncf.org.tw # TLD
taiwannews.com.tw # TLD
taiwansex.tw # TLD
taiwantt.org.tw # TLD
tajimabank.co.jp # TLD
takens.tw # TLD
talantix.ru # TLD
tamtam.chat # GeoIP (RU)
tandf.co.uk # TLD
tanks.gg # TLD
taose.in # TLD
tarantool.io # GeoIP (RU)
tarantoolplus.ru # TLD
target # NO_DOT
tarr.uspto.gov # TLD
taste.com.au # TLD
tasteofpremium.jp # TLD
tatsotsbank.ru # TLD
tb-esim.ru # TLD
tbank-online.com # Keyword
tbank.ru # TLD
tconf.ru # TLD
tcsbank.ru # TLD
tdev.by # TLD
teamviewer.us # TLD
tech-mail.ru # TLD
tech26.de # TLD
techhub.ms # TLD
technews.tw # TLD
technogym.bg # TLD
technogym.ch # TLD
technogym.com.br # TLD
technogym.ru # TLD
technogym.su # TLD
techtudo.com.br # TLD
teck.in # TLD
tegrazone.co.kr # TLD
tegrazone.jp # TLD
tegrazone.kr # TLD
tehnodom.com # GeoIP (RU)
tejaratbank.ir # TLD
tele2.ru # TLD
telega.me # GeoIP (RU)
telegra.ph # TLD
telekom.de # TLD
telesco.pe # TLD
telesec.de # TLD
tenten.vn # TLD
terapeak.ca # TLD
terk.nl # TLD
test-ipv6.alpinedc.ch # TLD
test-ipv6.arauc.br # TLD
test-ipv6.carnet.hr # TLD
test-ipv6.cl # TLD
test-ipv6.cs.umd.edu # TLD
test-ipv6.csclub.uwaterloo.ca # TLD
test-ipv6.cz # TLD
test-ipv6.go6.si # TLD
test-ipv6.hu # TLD
test-ipv6.is # TLD
test-ipv6.se # TLD
test-ipv6.ttk.ru # TLD
testipv6.de # TLD
tetrika-school.ru # TLD
tettediferro.it # TLD
tfc-taiwan.org.tw # TLD
tgdaily.co.kr # TLD
thawte.de # TLD
thawte.fr # TLD
the-tls.co.uk # TLD
theaustralian.com.au # TLD
thecandidforum-voyeur.ru # TLD
thechasernews.co.uk # TLD
thechronicle.com.au # TLD
thedw.us # TLD
thegioitinhoc.vn # TLD
theman.in # TLD
themercury.com.au # TLD
themessengeradelaide.com.au # TLD
theprint.in # TLD
thesaturdaypaper.com.au # TLD
thescottishsun.co.uk # TLD
thesun.co.uk # TLD
thesun.ie # TLD
thesundaytimes.co.uk # TLD
thetimes.co.uk # TLD
thetimes.ie # TLD
theweek.in # TLD
thieme-connect.de # TLD
thieme.de # TLD
thinkchina.sg # TLD
thinkdifferent.us # TLD
thinkquarterly.co.uk # TLD
thirdns.de # TLD
thisismoney.co.uk # TLD
thismon.ee # TLD
thomasbernhard.org # Keyword
thomsonreuters.ca # TLD
thomsonreuters.co.jp # TLD
thomsonreuters.co.kr # TLD
thomsonreuters.co.nz # TLD
thomsonreuters.co.uk # TLD
thomsonreuters.com.ar # TLD
thomsonreuters.com.au # TLD
thomsonreuters.com.br # TLD
thomsonreuters.com.my # TLD
thomsonreuters.com.pe # TLD
thomsonreuters.com.sg # TLD
thomsonreuters.com.tr # TLD
thomsonreuters.es # TLD
thomsonreuters.in # TLD
thomsonreuters.ru # TLD
thothub.ru # TLD
thothub.to # TLD
tibet-envoy.eu # TLD
tibet-initiative.de # TLD
tibet.nu # TLD
tibet.org.tw # TLD
tibet.to # TLD
tibetgermany.de # TLD
tibethouse.jp # TLD
tibethouse.us # TLD
tibetoffice.ch # TLD
tibetoffice.com.au # TLD
tibetpolicy.eu # TLD
tibetrelieffund.co.uk # TLD
tibetswiss.ch # TLD
tigerbrokers.nz # TLD
tiktokminis.us # TLD
tiktokv.eu # TLD
tiktokv.us # TLD
tiktokw.eu # TLD
tiktokw.us # TLD
tilda.ru # TLD
tilda.ws # TLD
tildacdn.com # GeoIP (RU)
time-a-b.nist.gov # TLD
time-a-g.nist.gov # TLD
time-a-wwv.nist.gov # TLD
time-b-b.nist.gov # TLD
time-b-g.nist.gov # TLD
time-b-wwv.nist.gov # TLD
time-c-b.nist.gov # TLD
time-c-g.nist.gov # TLD
time-c-wwv.nist.gov # TLD
time-d-b.nist.gov # TLD
time-d-g.nist.gov # TLD
time-d-wwv.nist.gov # TLD
time-e-b.nist.gov # TLD
time-e-g.nist.gov # TLD
time-e-wwv.nist.gov # TLD
time-messenger.ru # TLD
time.gov # TLD
time.nist.gov # TLD
time.nrc.ca # TLD
timeweb.cloud # GeoIP (RU)
timeweb.com # GeoIP (RU)
tinkoff-edu.ru # TLD
tinkoff-group.com # Keyword
tinkoff.ai # Keyword
tinkoff.ru # TLD
tinkoffcapital.ru # TLD
tinkoffinsurance.ru # TLD
tinkoffinsurancefuture.ru # TLD
tinkoffjournal.ru # TLD
tinkoffmobile.com # Keyword
tinsurance.ru # TLD
tinsurancefuture.ru # TLD
title.sh # TLD
tkbbank.ru # TLD
tl.gd # TLD
tma.co.jp # TLD
tmiaf.ru # TLD
tmsnrt.rs # TLD
tochigibank.co.jp # TLD
tochka.com # GeoIP (RU)
toget.com.tw # TLD
tohobank.co.jp # TLD
tohoku-bank.co.jp # TLD
tok.media # GeoIP (RU)
token.im # TLD
tokenlon.im # TLD
tokyo-sports.co.jp # TLD
tokyotosho.se # TLD
tomibank.co.jp # TLD
toolmaking-cadcam.com # GeoIP (RU)
topescort.nl # TLD
topface.com # GeoIP (RU)
toptip.ca # TLD
torrentgalaxy.to # TLD
torrentproject.se # TLD
tospo-keiba.jp # TLD
tottoribank.co.jp # TLD
townsvillebulletin.com.au # TLD
townwifi.jp # TLD
toycadcam.com # GeoIP (RU)
toyobank.co.jp # TLD
tpension.ru # TLD
tpi.org.tw # TLD
tracker.gg # TLD
trannyvideosxxx.com # GeoIP (RU)
travel-tec.ru # TLD
travelex.be # TLD
travelex.bh # TLD
travelex.ca # TLD
travelex.co.in # TLD
travelex.co.jp # TLD
travelex.co.nz # TLD
travelex.co.uk # TLD
travelex.com.au # TLD
travelex.com.my # TLD
travelex.com.om # TLD
travelex.com.tr # TLD
travelex.de # TLD
travelex.fr # TLD
travelex.it # TLD
travelex.qa # TLD
trbcdn.net # GeoIP (RU)
treemall.com.tw # TLD
trouw.nl # TLD
trpger.us # TLD
trt.net.tr # TLD
trustcor.ca # TLD
trustdoc.ch # TLD
trustsign.ch # TLD
truyen-hentai.fr # TLD
truyen-hentai.ru # TLD
try.rw # TLD
tryheart.jp # TLD
ts.la # TLD
tsdr.uspto.gov # TLD
tsukubabank.co.jp # TLD
ttv.com.tw # TLD
tube.bz # TLD
tube8.fr # TLD
tufos.com.br # TLD
turbopages.org # GeoIP (RU)
turntable.fm # TLD
tusco.ru # TLD
tutanota.de # TLD
tvb.com.au # TLD
tvbanywhere.com.sg # TLD
tvbs.com.tw # TLD
tver.co.jp # TLD
tver.jp # TLD
tvigle.ru # TLD
tvmedia.net.au # TLD
tvnaviweb.jp # TLD
tvoyodbo.online # GeoIP (RU)
twca.com.tw # TLD
twcstorage.ru # TLD
twgov.tw # TLD
twibble.de # TLD
twilio.jp # TLD
twipple.jp # TLD
twitcomike.jp # TLD
twitter.jp # TLD
twitterstat.us # TLD
twittertim.es # TLD
twt.tl # TLD
tyre-cadcam.com # GeoIP (RU)
tyrecadcam.com # GeoIP (RU)
u.nu # TLD
uab.com.mm # TLD
uchi.ru # TLD
uchicago.edu # TLD
ucla.edu # TLD
ucoz.ae # TLD
ucoz.co # GeoIP (RU)
ucoz.co.il # TLD
ucoz.co.uk # TLD
ucoz.com.br # TLD
ucoz.com.ro # TLD
ucoz.de # TLD
ucoz.es # TLD
ucoz.fr # TLD
ucoz.hu # TLD
ucoz.kz # TLD
ucoz.lv # TLD
ucoz.md # TLD
ucoz.pl # TLD
ucoz.ru # TLD
ucoz.ua # TLD
ucozmail.com # GeoIP (RU)
ucozmedia.ru # TLD
ucoztemplates.com # GeoIP (RU)
udn.com.tw # TLD
ueberamazon.de # TLD
uforadio.com.tw # TLD
uguide.ru # TLD
uguide.su # TLD
ui-portal.de # TLD
uighur.nl # TLD
ukit.ai # GeoIP (RU)
ukit.group # GeoIP (RU)
ukit.me # GeoIP (RU)
ukoz.ru # TLD
ukraina.ru # TLD
uku.im # TLD
ultrasrv.de # TLD
ultrasurf.us # TLD
ultravpn.fr # TLD
uma.media # GeoIP (RU)
umap.openstreetmap.fr # TLD
umass.edu # TLD
umschool.net # GeoIP (RU)
umsoplaneta.com.br # TLD
unblocksit.es # TLD
uncyclopedia.tw # TLD
unext-info.jp # TLD
unext.co.jp # TLD
unext.jp # TLD
unidraw.io # GeoIP (RU)
unseen.is # TLD
unstyle.us # TLD
upmedia.mg # TLD
ura-akiba.jp # TLD
uralsib.ru # TLD
usaip.eu # TLD
userapi.com # GeoIP (RU)
userapi.ru # TLD
usercentrics.eu # TLD
usma.edu # TLD
usocial.pro # GeoIP (RU)
ut1-time.colorado.edu # TLD
ut1-wwv.nist.gov # TLD
utcnist.colorado.edu # TLD
utcnist2.colorado.edu # TLD
utcnist3.colorado.edu # TLD
uweb.ru # TLD
v.gd # TLD
v.ps # TLD
vagina.nl # TLD
valor.com.br # TLD
valoreconomico.com.br # TLD
valorinveste.com.br # TLD
vamzakaz.ru # TLD
vancouverbmwretailers.ca # TLD
vanish.at # TLD
vanish.be # TLD
vanish.ch # TLD
vanish.cl # TLD
vanish.co.id # TLD
vanish.co.il # TLD
vanish.co.in # TLD
vanish.co.nz # TLD
vanish.co.uk # TLD
vanish.co.za # TLD
vanish.com.ar # TLD
vanish.com.br # TLD
vanish.com.hr # TLD
vanish.com.mx # TLD
vanish.com.my # TLD
vanish.com.pe # TLD
vanish.com.sg # TLD
vanish.com.tr # TLD
vanish.de # TLD
vanish.dk # TLD
vanish.es # TLD
vanish.fi # TLD
vanish.fr # TLD
vanish.hu # TLD
vanish.ie # TLD
vanish.it # TLD
vanish.nl # TLD
vanish.no # TLD
vanish.pl # TLD
vanish.pt # TLD
vanish.ro # TLD
vanish.ru # TLD
vanish.se # TLD
vanish.si # TLD
vanish.sk # TLD
vanishbancaseulook.com.br # TLD
vanishinfo.cz # TLD
vanishstains.com.au # TLD
vanitha.in # TLD
vaticannews.va # TLD
vector.im # TLD
veet.at # TLD
veet.be # TLD
veet.ca # TLD
veet.ch # TLD
veet.cl # TLD
veet.co.id # TLD
veet.co.in # TLD
veet.co.kr # TLD
veet.co.nz # TLD
veet.co.uk # TLD
veet.co.za # TLD
veet.com.ar # TLD
veet.com.au # TLD
veet.com.bd # TLD
veet.com.br # TLD
veet.com.mx # TLD
veet.com.my # TLD
veet.com.ph # TLD
veet.com.pk # TLD
veet.com.sg # TLD
veet.com.tr # TLD
veet.de # TLD
veet.dk # TLD
veet.es # TLD
veet.fi # TLD
veet.fr # TLD
veet.hu # TLD
veet.jp # TLD
veet.nl # TLD
veet.no # TLD
veet.pt # TLD
veet.ro # TLD
veet.ru # TLD
veet.se # TLD
veet.us # TLD
veetclub.it # TLD
velberis.ru # TLD
velkaepocha.cz # TLD
vercel.sh # TLD
verisign.ch # TLD
verisign.co.in # TLD
verisign.co.uk # TLD
verisign.com.au # TLD
verisign.com.br # TLD
verisign.com.es # TLD
verisign.com.sg # TLD
verisign.com.tw # TLD
verisign.com.vn # TLD
verisign.de # TLD
verisign.dk # TLD
verisign.es # TLD
verisign.fr # TLD
verisign.in # TLD
verisign.se # TLD
verisign.sg # TLD
verisign.tw # TLD
verisign.us # TLD
verisign.vn # TLD
vfsco.at # TLD
vfsco.be # TLD
vfsco.bg # TLD
vfsco.ca # TLD
vfsco.ch # TLD
vfsco.cl # TLD
vfsco.co.uk # TLD
vfsco.co.za # TLD
vfsco.com.au # TLD
vfsco.com.br # TLD
vfsco.com.tr # TLD
vfsco.cz # TLD
vfsco.de # TLD
vfsco.dk # TLD
vfsco.ee # TLD
vfsco.es # TLD
vfsco.fi # TLD
vfsco.fr # TLD
vfsco.hu # TLD
vfsco.ie # TLD
vfsco.in # TLD
vfsco.it # TLD
vfsco.jp # TLD
vfsco.kr # TLD
vfsco.lt # TLD
vfsco.lv # TLD
vfsco.mx # TLD
vfsco.nl # TLD
vfsco.no # TLD
vfsco.pe # TLD
vfsco.pl # TLD
vfsco.ro # TLD
vfsco.ru # TLD
vfsco.se # TLD
vfsco.sk # TLD
vfsco.us # TLD
videosdepornografia.blog.br # TLD
videosdesexo.com.br # TLD
videosporno.com.br # TLD
viju.ru # TLD
vildberis.ru # TLD
vimeo.fr # TLD
vipergirls.to # TLD
vipoo.es # TLD
viqeo.tv # GeoIP (RU)
visa-news.jp # TLD
visa.be # TLD
visa.ca # TLD
visa.cl # TLD
visa.co.ao # TLD
visa.co.cr # TLD
visa.co.id # TLD
visa.co.il # TLD
visa.co.in # TLD
visa.co.jp # TLD
visa.co.ke # TLD
visa.co.ni # TLD
visa.co.nz # TLD
visa.co.th # TLD
visa.co.uk # TLD
visa.co.ve # TLD
visa.co.za # TLD
visa.com.ag # TLD
visa.com.ar # TLD
visa.com.au # TLD
visa.com.az # TLD
visa.com.bo # TLD
visa.com.br # TLD
visa.com.bs # TLD
visa.com.bz # TLD
visa.com.cy # TLD
visa.com.dm # TLD
visa.com.do # TLD
visa.com.ec # TLD
visa.com.ge # TLD
visa.com.gt # TLD
visa.com.gy # TLD
visa.com.hn # TLD
visa.com.hr # TLD
visa.com.jm # TLD
visa.com.kh # TLD
visa.com.kn # TLD
visa.com.kz # TLD
visa.com.lc # TLD
visa.com.lk # TLD
visa.com.ms # TLD
visa.com.mx # TLD
visa.com.my # TLD
visa.com.ng # TLD
visa.com.pa # TLD
visa.com.pe # TLD
visa.com.ph # TLD
visa.com.pr # TLD
visa.com.py # TLD
visa.com.ru # TLD
visa.com.sg # TLD
visa.com.sv # TLD
visa.com.tr # TLD
visa.com.tt # TLD
visa.com.tw # TLD
visa.com.ua # TLD
visa.com.uy # TLD
visa.com.vc # TLD
visa.com.vi # TLD
visa.com.vn # TLD
visa.cz # TLD
visa.de # TLD
visa.dk # TLD
visa.es # TLD
visa.fi # TLD
visa.fr # TLD
visa.gd # TLD
visa.gp # TLD
visa.gr # TLD
visa.hu # TLD
visa.ie # TLD
visa.is # TLD
visa.ky # TLD
visa.lt # TLD
visa.lv # TLD
visa.mn # TLD
visa.mq # TLD
visa.nl # TLD
visa.no # TLD
visa.pl # TLD
visa.pt # TLD
visa.ro # TLD
visa.se # TLD
visa.sk # TLD
visa.so # TLD
visa.sx # TLD
visa.tc # TLD
visadpsonline.us # TLD
visaeurope.at # TLD
visaeurope.ch # TLD
visaeurope.lu # TLD
visaeurope.si # TLD
visagiftcard.us # TLD
visainfinite.ca # TLD
visainfiniteluxuryhotels.ca # TLD
visaluxuryhotelcollection.com.br # TLD
visaluxuryhotelcollection.com.mx # TLD
visaluxuryhotels.com.ar # TLD
visasavingsedge.ca # TLD
visasignature.co.kr # TLD
visiontimes.de # TLD
visiontimes.fr # TLD
visiontimes.it # TLD
visual-arts.jp # TLD
visualarts.gr.jp # TLD
visualstudio.co.uk # TLD
visualstudio.eu # TLD
vixvids.to # TLD
vk-apps.com # GeoIP (RU)
vk-apps.ru # TLD
vk-cdn.me # Keyword
vk-cdn.net # Keyword
vk-portal.net # GeoIP (RU)
vk-records.ru # TLD
vk-stadium.ru # TLD
vk.cc # GeoIP (RU)
vk.com # GeoIP (RU)
vk.company # GeoIP (RU)
vk.design # GeoIP (RU)
vk.kz # TLD
vk.link # GeoIP (RU)
vk.me # GeoIP (RU)
vk.ru # TLD
vk.team # GeoIP (RU)
vkcdnservice.com # GeoIP (RU)
vkclips.app # GeoIP (RU)
vkcloud-static.kz # TLD
vkcloud-static.ru # TLD
vkcloud.kz # TLD
vkfest.ru # TLD
vkgo.app # GeoIP (RU)
vklive.app # GeoIP (RU)
vkmessenger.app # GeoIP (RU)
vkmessenger.com # GeoIP (RU)
vkontakte.com # Keyword
vkontakte.ru # TLD
vkpay.app # GeoIP (RU)
vkpay.com # GeoIP (RU)
vkpay.io # GeoIP (RU)
vkpay.ru # TLD
vkplay-arena.ru # TLD
vkplay.live # GeoIP (RU)
vkplay.ru # TLD
vktech-static.ru # TLD
vkuser.net # Keyword
vkuseraudio.com # Keyword
vkuseraudio.net # Keyword
vkuseraudio.ru # TLD
vkusercdn.ru # TLD
vkuserlive.com # Keyword
vkuserlive.net # Keyword
vkuserphoto.ru # TLD
vkuservideo.com # Keyword
vkuservideo.net # Keyword
vkuservideo.ru # TLD
vkvideo.ru # TLD
vkworkspace.kz # TLD
vlb100.ru # TLD
vmailru.net # GeoIP (RU)
vmpsoft.com # GeoIP (RU)
vnanchoi.ca # TLD
voa.gov # TLD
voanews.eu # TLD
vodafone.co.uk # TLD
vodafone.com.au # TLD
vodafone.com.tr # TLD
vodafone.de # TLD
vodafone.it # TLD
vodafone.nl # TLD
volvo # NO_DOT
volvo-truck.nl # TLD
volvo.ca # TLD
volvo.se # TLD
volvobuses.at # TLD
volvobuses.be # TLD
volvobuses.ca # TLD
volvobuses.ch # TLD
volvobuses.co.nz # TLD
volvobuses.co.uk # TLD
volvobuses.co.za # TLD
volvobuses.com.ar # TLD
volvobuses.com.au # TLD
volvobuses.com.br # TLD
volvobuses.com.kw # TLD
volvobuses.com.pt # TLD
volvobuses.com.tw # TLD
volvobuses.de # TLD
volvobuses.dk # TLD
volvobuses.es # TLD
volvobuses.fi # TLD
volvobuses.fr # TLD
volvobuses.hu # TLD
volvobuses.in # TLD
volvobuses.it # TLD
volvobuses.jo # TLD
volvobuses.kr # TLD
volvobuses.ma # TLD
volvobuses.mx # TLD
volvobuses.my # TLD
volvobuses.no # TLD
volvobuses.om # TLD
volvobuses.ph # TLD
volvobuses.pk # TLD
volvobuses.pl # TLD
volvobuses.ru # TLD
volvobuses.se # TLD
volvobuses.sg # TLD
volvobuses.tn # TLD
volvobuses.us # TLD
volvogroup.be # TLD
volvogroup.com.br # TLD
volvogroup.de # TLD
volvogroup.fr # TLD
volvogroup.jp # TLD
volvogroup.kr # TLD
volvogroup.mx # TLD
volvogroup.nl # TLD
volvogroup.pe # TLD
volvogroup.pl # TLD
volvogroup.ru # TLD
volvogroup.se # TLD
volvogrouptruckcenter.nl # TLD
volvopenta.com.br # TLD
volvopenta.de # TLD
volvopenta.es # TLD
volvopenta.fr # TLD
volvopenta.it # TLD
volvopenta.nl # TLD
volvopenta.se # TLD
volvopenta.us # TLD
volvosaatio.fi # TLD
volvotruckcenter.be # TLD
volvotruckcenter.dk # TLD
volvotruckcenter.es # TLD
volvotruckcenter.fi # TLD
volvotruckcenter.it # TLD
volvotruckcenter.kr # TLD
volvotruckcenter.kz # TLD
volvotruckcenter.nl # TLD
volvotruckcenter.no # TLD
volvotruckcenter.se # TLD
volvotruckrental.be # TLD
volvotrucks.ae # TLD
volvotrucks.al # TLD
volvotrucks.am # TLD
volvotrucks.at # TLD
volvotrucks.az # TLD
volvotrucks.ba # TLD
volvotrucks.be # TLD
volvotrucks.bg # TLD
volvotrucks.by # TLD
volvotrucks.ch # TLD
volvotrucks.cl # TLD
volvotrucks.co.ao # TLD
volvotrucks.co.bw # TLD
volvotrucks.co.il # TLD
volvotrucks.co.mz # TLD
volvotrucks.co.na # TLD
volvotrucks.co.nz # TLD
volvotrucks.co.uk # TLD
volvotrucks.co.za # TLD
volvotrucks.co.zm # TLD
volvotrucks.co.zw # TLD
volvotrucks.com.ar # TLD
volvotrucks.com.au # TLD
volvotrucks.com.bn # TLD
volvotrucks.com.br # TLD
volvotrucks.com.kw # TLD
volvotrucks.com.pt # TLD
volvotrucks.com.tr # TLD
volvotrucks.com.tw # TLD
volvotrucks.com.ua # TLD
volvotrucks.cz # TLD
volvotrucks.de # TLD
volvotrucks.dk # TLD
volvotrucks.ee # TLD
volvotrucks.es # TLD
volvotrucks.fi # TLD
volvotrucks.fr # TLD
volvotrucks.ge # TLD
volvotrucks.gr # TLD
volvotrucks.hr # TLD
volvotrucks.hu # TLD
volvotrucks.id # TLD
volvotrucks.in # TLD
volvotrucks.it # TLD
volvotrucks.jp # TLD
volvotrucks.kg # TLD
volvotrucks.kr # TLD
volvotrucks.kz # TLD
volvotrucks.lt # TLD
volvotrucks.lv # TLD
volvotrucks.ma # TLD
volvotrucks.md # TLD
volvotrucks.mk # TLD
volvotrucks.mn # TLD
volvotrucks.my # TLD
volvotrucks.nl # TLD
volvotrucks.no # TLD
volvotrucks.pe # TLD
volvotrucks.ph # TLD
volvotrucks.pk # TLD
volvotrucks.pl # TLD
volvotrucks.ps # TLD
volvotrucks.qa # TLD
volvotrucks.ro # TLD
volvotrucks.rs # TLD
volvotrucks.ru # TLD
volvotrucks.se # TLD
volvotrucks.sg # TLD
volvotrucks.si # TLD
volvotrucks.sk # TLD
volvotrucks.tm # TLD
volvotrucks.tn # TLD
volvotrucks.uy # TLD
vpn.ac # TLD
vpngate.jp # TLD
vscale.blog # GeoIP (RU)
vscale.io # GeoIP (RU)
vscale.ru # TLD
vsemrabota.ru # TLD
vsex.in # TLD
vtb-grants.fut.ru # TLD
vtb.ru # TLD
waa.tw # TLD
wadax.ne.jp # TLD
waildberies.ru # TLD
waldberies.ru # TLD
waldberis.ru # TLD
walderis.ru # TLD
wallberis.ru # TLD
walmart # NO_DOT
warehouse.domains # GeoIP (RU)
watch.impress.co.jp # TLD
watchingthehawks.com # GeoIP (RU)
watchmygf.to # TLD
watchout.tw # TLD
waveomoney.com.mm # TLD
wb-bank.ru # TLD
wb-basket.ru # TLD
wb-cloud.ru # TLD
wb-sale.ru # TLD
wb.am # TLD
wb.kg # TLD
wb.kz # TLD
wb.ru # TLD
wbautomation.ru # TLD
wbautomation.tech # GeoIP (RU)
wbbasket.ru # TLD
wbd.ms # TLD
wbdubna.ru # TLD
wbkids.ru # TLD
wbmail.ru # TLD
wbmotivator.ru # TLD
wbpay.ru # TLD
wbr.by # TLD
wbrep.ru # TLD
wbstatic.net # GeoIP (RU)
wbstatic.ru # TLD
wbtek.ru # TLD
wbwh.ru # TLD
wbwh.tech # GeoIP (RU)
wealth.com.tw # TLD
weather # NO_DOT
weatherchannel # NO_DOT
webex.ca # TLD
webex.co.in # TLD
webex.co.it # TLD
webex.co.jp # TLD
webex.co.kr # TLD
webex.co.nz # TLD
webex.co.uk # TLD
webex.com.au # TLD
webex.com.br # TLD
webex.com.mx # TLD
webex.de # TLD
webex.es # TLD
webex.fr # TLD
webobjects.co.uk # TLD
webobjects.de # TLD
webobjects.eu # TLD
weeklytimesnow.com.au # TLD
weildberries.ru # TLD
weisuo.ws # TLD
welberris.ru # TLD
welcometobestbuy.ca # TLD
weldberies.ru # TLD
weldberres.ru # TLD
weldberric.ru # TLD
wellberes.ru # TLD
wellberies.ru # TLD
welt.de # TLD
weltweitwachsen.de # TLD
wenzhao.ca # TLD
westernunion.ru # TLD
westpoint.edu # TLD
whereilive.com.au # TLD
whimn.com.au # TLD
whitesaas.com # GeoIP (RU)
wholefoodsmarket.co.uk # TLD
wibes.com # GeoIP (RU)
wibes.ru # TLD
widberri.ru # TLD
widberris.ru # TLD
wieldberris.ru # TLD
wiki.gamerp.jp # TLD
wiki.gg # TLD
wiki.phonegap.com # GeoIP (RU)
wikileaks.ch # TLD
wikileaks.de # TLD
wikileaks.eu # TLD
wikileaks.lu # TLD
wikileaks.pl # TLD
wikis.tw # TLD
wilberes.ru # TLD
wilberies.ru # TLD
wilberris.ru # TLD
wilberry.ru # TLD
wildbaries.ru # TLD
wildbarries.ru # TLD
wildbeeries.ru # TLD
wildberdes.ru # TLD
wildberiss.ru # TLD
wildberr.ru # TLD
wildberries.am # TLD
wildberries.by # TLD
wildberries.co.il # TLD
wildberries.es # TLD
wildberries.eu # TLD
wildberries.ge # TLD
wildberries.kg # TLD
wildberries.kz # TLD
wildberries.lt # TLD
wildberries.ru # TLD
wildberries.tj # TLD
wildberries.tm # TLD
wildberries.uz # TLD
wildberriess.ru # TLD
wildberrise.ru # TLD
wildbiries.ru # TLD
wildbirris.ru # TLD
wildbress.ru # TLD
wildbries.ru # TLD
wildbrris.ru # TLD
wildeberies.ru # TLD
wildeberris.ru # TLD
wiliberes.ru # TLD
willberiess.ru # TLD
willberis.ru # TLD
windows # NO_DOT
windows.nl # TLD
wink.am # TLD
wink.ru # TLD
winticket.jp # TLD
wirelessgroup.co.uk # TLD
wiz-s.jp # TLD
wkap.nl # TLD
wldberris.ru # TLD
wo.tc # TLD
wolfberries.ru # TLD
womenwill.com.br # TLD
womenwill.id # TLD
womenwill.in # TLD
womenwill.mx # TLD
woolite.ca # TLD
woolite.pl # TLD
woolite.us # TLD
woopie.jp # TLD
worldcuprussia.com # GeoIP (RU)
worldcurrencycard.co.za # TLD
worldflipper.jp # TLD
worldoftanks.eu # TLD
wrds-www.wharton.upenn.edu # TLD
wufi.org.tw # TLD
www-paypal.us # TLD
www.lorenzetti.com.br # TLD
www.m-sport.co.uk # TLD
www.oxid.it # TLD
www.sb # TLD
x1337x.eu # TLD
x1337x.se # TLD
x1337x.ws # TLD
xbox # NO_DOT
xbox.eu # TLD
xbox360.eu # TLD
xboxone.eu # TLD
xbx.lv # TLD
xcafe.in # TLD
xcity.jp # TLD
xdaddy.in # TLD
xianjian.tw # TLD
xiaomi.eu # TLD
xlinkz.to # TLD
xmail.ru # TLD
xmature.su # TLD
xmissy.nl # TLD
xn-----6kc7adj0c9esa.com # GeoIP (RU)
xn----7sbaba0dc6cdn7cxcj.com # GeoIP (RU)
xn----7sbabae2a0bnvtsfr4loc.com # GeoIP (RU)
xn----7sbbab6bregnh7b8if5b.com # GeoIP (RU)
xn----7sbbamm1bv2bh7i.com # GeoIP (RU)
xn----7sbhmncai5a0arm7c1e.xn--p1ai # TLD
xn----8sbahiqzthbd0bn.xn--p1ai # TLD
xn----8sbaroledu6bi7j.com # GeoIP (RU)
xn----8sbeoy5bze.com # GeoIP (RU)
xn----8sbkfzespdwig.xn--p1ai # TLD
xn----8sbwjbxyd.xn--p1ai # TLD
xn--80a9a4b.xn--p1ai # TLD
xn--80aafgovrgbc7am.xn--p1ai # TLD
xn--80acbjgmges7ca.xn--p1ai # TLD
xn--80acbjgsdq2cl.xn--p1ai # TLD
xn--80aj3b.xn--p1ai # TLD
xn--80aqcf7a6do.com # GeoIP (RU)
xn--80arpq.xn--p1ai # TLD
xn--80asgb.xn--p1ai # TLD
xn--90ab.com # GeoIP (RU)
xn--90absjljw3g.xn--p1ai # TLD
xn--90aifd0az.shop # GeoIP (RU)
xn--90aifd0azb.xn--p1acf # TLD
xn--b1aechhj6bof8g5a.site # GeoIP (RU)
xn--c1acbl2abdlkab1og.xn--p1ai # TLD
xn--cckwcxetd # NO_DOT
xn--cg4bki # NO_DOT
xn--d1abkf4ap.fun # GeoIP (RU)
xn--d1acpjx3f.xn--p1ai # TLD
xn--d1aqf.xn--p1ai # TLD
xn--e1aigb.xn--p1ai # TLD
xn--flw351e # NO_DOT
xn--h1ao.site # GeoIP (RU)
xn--jlq480n2rg # NO_DOT
xn--qcka1pmc # NO_DOT
xn--urs05q.jp # TLD
xn--yt8h.la # TLD
xnxx2.it # TLD
xnxxporn.de # TLD
xoom.us # TLD
xtapes.to # TLD
xtom.au # TLD
xtom.de # TLD
xtom.ee # TLD
xtom.jp # TLD
xtom.nl # TLD
xtom.sg # TLD
xtom.us # TLD
xuan.com.my # TLD
xuehua.us # TLD
xuxaverso.com.br # TLD
xvideo.vlog.br # TLD
xvideos.es # TLD
xvideos.la # TLD
xvideos.tv.br # TLD
xvideos5.com.br # TLD
xvideosnovinha.com.br # TLD
xvideosup.com.br # TLD
xvideosx.com.br # TLD
xxxporn.su # TLD
xxxpornozinho.blog.br # TLD
xxxstreams.eu # TLD
xxxvideo.blog.br # TLD
xxxx.com.au # TLD
xzone.to # TLD
ya.cc # GeoIP (RU)
ya.ru # TLD
yadi.sk # TLD
yahoo # NO_DOT
yahoo.ae # TLD
yahoo.am # TLD
yahoo.as # TLD
yahoo.at # TLD
yahoo.az # TLD
yahoo.ba # TLD
yahoo.be # TLD
yahoo.bg # TLD
yahoo.bi # TLD
yahoo.bs # TLD
yahoo.bt # TLD
yahoo.by # TLD
yahoo.ca # TLD
yahoo.cd # TLD
yahoo.cg # TLD
yahoo.ch # TLD
yahoo.cl # TLD
yahoo.cm # TLD
yahoo.co.ao # TLD
yahoo.co.bw # TLD
yahoo.co.ck # TLD
yahoo.co.cr # TLD
yahoo.co.id # TLD
yahoo.co.il # TLD
yahoo.co.in # TLD
yahoo.co.jp # TLD
yahoo.co.kr # TLD
yahoo.co.mz # TLD
yahoo.co.nz # TLD
yahoo.co.th # TLD
yahoo.co.tz # TLD
yahoo.co.uk # TLD
yahoo.co.uz # TLD
yahoo.co.ve # TLD
yahoo.co.vi # TLD
yahoo.co.za # TLD
yahoo.com.af # TLD
yahoo.com.ag # TLD
yahoo.com.ar # TLD
yahoo.com.au # TLD
yahoo.com.bd # TLD
yahoo.com.bo # TLD
yahoo.com.br # TLD
yahoo.com.bz # TLD
yahoo.com.do # TLD
yahoo.com.ec # TLD
yahoo.com.eg # TLD
yahoo.com.es # TLD
yahoo.com.fj # TLD
yahoo.com.gi # TLD
yahoo.com.gt # TLD
yahoo.com.kw # TLD
yahoo.com.lb # TLD
yahoo.com.ly # TLD
yahoo.com.mt # TLD
yahoo.com.mx # TLD
yahoo.com.my # TLD
yahoo.com.na # TLD
yahoo.com.nf # TLD
yahoo.com.om # TLD
yahoo.com.pa # TLD
yahoo.com.pe # TLD
yahoo.com.ph # TLD
yahoo.com.pk # TLD
yahoo.com.pr # TLD
yahoo.com.py # TLD
yahoo.com.sa # TLD
yahoo.com.sb # TLD
yahoo.com.sg # TLD
yahoo.com.sv # TLD
yahoo.com.tj # TLD
yahoo.com.tr # TLD
yahoo.com.tw # TLD
yahoo.com.ua # TLD
yahoo.com.uy # TLD
yahoo.com.vc # TLD
yahoo.com.vn # TLD
yahoo.cz # TLD
yahoo.de # TLD
yahoo.dj # TLD
yahoo.dk # TLD
yahoo.dm # TLD
yahoo.ee # TLD
yahoo.es # TLD
yahoo.fi # TLD
yahoo.fm # TLD
yahoo.fr # TLD
yahoo.ge # TLD
yahoo.gg # TLD
yahoo.gl # TLD
yahoo.gm # TLD
yahoo.gp # TLD
yahoo.gr # TLD
yahoo.gy # TLD
yahoo.hr # TLD
yahoo.hu # TLD
yahoo.ie # TLD
yahoo.im # TLD
yahoo.in # TLD
yahoo.is # TLD
yahoo.it # TLD
yahoo.je # TLD
yahoo.jo # TLD
yahoo.la # TLD
yahoo.lt # TLD
yahoo.lu # TLD
yahoo.lv # TLD
yahoo.md # TLD
yahoo.mk # TLD
yahoo.mw # TLD
yahoo.mx # TLD
yahoo.nl # TLD
yahoo.no # TLD
yahoo.nu # TLD
yahoo.ph # TLD
yahoo.pl # TLD
yahoo.pn # TLD
yahoo.ps # TLD
yahoo.pt # TLD
yahoo.ro # TLD
yahoo.ru # TLD
yahoo.rw # TLD
yahoo.se # TLD
yahoo.sg # TLD
yahoo.sh # TLD
yahoo.si # TLD
yahoo.sk # TLD
yahoo.sm # TLD
yahoo.sn # TLD
yahoo.so # TLD
yahoo.sr # TLD
yahoo.st # TLD
yahoo.tg # TLD
yahoo.tk # TLD
yahoo.tl # TLD
yahoo.tm # TLD
yahoo.tn # TLD
yahoo.vg # TLD
yahoo.ws # TLD
yaklass.ru # TLD
yale.edu # TLD
yam.org.tw # TLD
yamagatabank.co.jp # TLD
yamaguchibank.co.jp # TLD
yamanashibank.co.jp # TLD
yamaxun # NO_DOT
yande.re # TLD
yandex # NO_DOT
yandex-bank.net # Keyword
yandex-team.ru # TLD
yandex.aero # Keyword
yandex.asia # Keyword
yandex.az # TLD
yandex.by # TLD
yandex.cloud # Keyword
yandex.co.il # TLD
yandex.com # Keyword
yandex.com.am # TLD
yandex.com.ge # TLD
yandex.com.ru # TLD
yandex.com.tr # TLD
yandex.com.ua # TLD
yandex.de # TLD
yandex.ee # TLD
yandex.eu # TLD
yandex.fi # TLD
yandex.fr # TLD
yandex.jobs # Keyword
yandex.kg # TLD
yandex.kz # TLD
yandex.lt # TLD
yandex.lv # TLD
yandex.md # TLD
yandex.mobi # Keyword
yandex.net # Keyword
yandex.org # Keyword
yandex.pl # TLD
yandex.ru # TLD
yandex.st # TLD
yandex.sx # TLD
yandex.tj # TLD
yandex.tm # TLD
yandex.tr # TLD
yandex.ua # TLD
yandex.uz # TLD
yandexadexchange.net # Keyword
yandexcloud.net # Keyword
yandexcom.net # Keyword
yandexgo.com # Keyword
yandexlyceum.ru # TLD
yandexwebcache.net # Keyword
yandexwebcache.org # Keyword
yango.ao # TLD
yango.bh # TLD
yango.co.il # TLD
yango.fi # TLD
yango.qa # TLD
yasni.co.uk # TLD
yastat.net # GeoIP (RU)
yastatic-net.ru # TLD
yastatic.net # Keyword
yasukuni.or.jp # TLD
yccdn.ru # TLD
yclients.com # GeoIP (RU)
ydn.com.tw # TLD
yes123.com.tw # TLD
yimg.jp # TLD
ync.ne.jp # TLD
yobit.net # GeoIP (RU)
yokohamabank.co.jp # TLD
yomikyo.or.jp # TLD
yomiuri-johkai.co.jp # TLD
yomiuri-ryokou.co.jp # TLD
yomiuri-systec.co.jp # TLD
yomiuri.co.jp # TLD
yoobusiness.ru # TLD
yorozoonews.jp # TLD
yostar-pictures.co.jp # TLD
yostar.co.jp # TLD
yota.ru # TLD
yotagamer.ru # TLD
youflix.is # TLD
youla.io # GeoIP (RU)
youla.ru # TLD
youporner.eu # TLD
your-server.de # TLD
your-storagebox.de # TLD
your-storageshare.de # TLD
yourdailypornvideos.ws # TLD
yourtv.com.au # TLD
youtu.be # TLD
youtube # NO_DOT
youtube.ae # TLD
youtube.al # TLD
youtube.am # TLD
youtube.at # TLD
youtube.az # TLD
youtube.ba # TLD
youtube.be # TLD
youtube.bg # TLD
youtube.bh # TLD
youtube.bo # TLD
youtube.by # TLD
youtube.ca # TLD
youtube.ch # TLD
youtube.cl # TLD
youtube.co.ae # TLD
youtube.co.at # TLD
youtube.co.cr # TLD
youtube.co.hu # TLD
youtube.co.id # TLD
youtube.co.il # TLD
youtube.co.in # TLD
youtube.co.jp # TLD
youtube.co.ke # TLD
youtube.co.kr # TLD
youtube.co.ma # TLD
youtube.co.nz # TLD
youtube.co.th # TLD
youtube.co.tz # TLD
youtube.co.ug # TLD
youtube.co.uk # TLD
youtube.co.ve # TLD
youtube.co.za # TLD
youtube.co.zw # TLD
youtube.com.ar # TLD
youtube.com.au # TLD
youtube.com.az # TLD
youtube.com.bd # TLD
youtube.com.bh # TLD
youtube.com.bo # TLD
youtube.com.br # TLD
youtube.com.by # TLD
youtube.com.do # TLD
youtube.com.ec # TLD
youtube.com.ee # TLD
youtube.com.eg # TLD
youtube.com.es # TLD
youtube.com.gh # TLD
youtube.com.gr # TLD
youtube.com.gt # TLD
youtube.com.hn # TLD
youtube.com.hr # TLD
youtube.com.jm # TLD
youtube.com.jo # TLD
youtube.com.kw # TLD
youtube.com.lb # TLD
youtube.com.lv # TLD
youtube.com.ly # TLD
youtube.com.mk # TLD
youtube.com.mt # TLD
youtube.com.mx # TLD
youtube.com.my # TLD
youtube.com.ng # TLD
youtube.com.ni # TLD
youtube.com.om # TLD
youtube.com.pa # TLD
youtube.com.pe # TLD
youtube.com.ph # TLD
youtube.com.pk # TLD
youtube.com.pt # TLD
youtube.com.py # TLD
youtube.com.qa # TLD
youtube.com.ro # TLD
youtube.com.sa # TLD
youtube.com.sg # TLD
youtube.com.sv # TLD
youtube.com.tn # TLD
youtube.com.tr # TLD
youtube.com.tw # TLD
youtube.com.ua # TLD
youtube.com.uy # TLD
youtube.com.ve # TLD
youtube.cr # TLD
youtube.cz # TLD
youtube.de # TLD
youtube.dk # TLD
youtube.ee # TLD
youtube.es # TLD
youtube.fi # TLD
youtube.fr # TLD
youtube.ge # TLD
youtube.gr # TLD
youtube.gt # TLD
youtube.hr # TLD
youtube.hu # TLD
youtube.ie # TLD
youtube.in # TLD
youtube.iq # TLD
youtube.is # TLD
youtube.it # TLD
youtube.jo # TLD
youtube.jp # TLD
youtube.kr # TLD
youtube.kz # TLD
youtube.la # TLD
youtube.lk # TLD
youtube.lt # TLD
youtube.lu # TLD
youtube.lv # TLD
youtube.ly # TLD
youtube.ma # TLD
youtube.md # TLD
youtube.mk # TLD
youtube.mn # TLD
youtube.mx # TLD
youtube.my # TLD
youtube.ng # TLD
youtube.ni # TLD
youtube.nl # TLD
youtube.no # TLD
youtube.pa # TLD
youtube.pe # TLD
youtube.ph # TLD
youtube.pk # TLD
youtube.pl # TLD
youtube.pr # TLD
youtube.pt # TLD
youtube.qa # TLD
youtube.ro # TLD
youtube.rs # TLD
youtube.ru # TLD
youtube.sa # TLD
youtube.se # TLD
youtube.sg # TLD
youtube.si # TLD
youtube.sk # TLD
youtube.sn # TLD
youtube.sv # TLD
youtube.tn # TLD
youtube.ua # TLD
youtube.ug # TLD
youtube.uy # TLD
youtube.vn # TLD
youtubego.co.id # TLD
youtubego.co.in # TLD
youtubego.com.br # TLD
youtubego.id # TLD
youtubego.in # TLD
yt.be # TLD
ytn.co.kr # TLD
z-lib.fm # TLD
z-lib.fo # TLD
z-lib.gd # TLD
z-lib.gl # TLD
z-library.ec # TLD
z-library.se # TLD
z-library.sk # TLD
zakzak.co.jp # TLD
zaobao.com.sg # TLD
zaobao.sg # TLD
zapper.fi # TLD
zappos # NO_DOT
zarplata.ru # TLD
zdnet.com.tw # TLD
zee5.in # TLD
zeetv.co.uk # TLD
zeit-world.co.uk # TLD
zeit.sh # TLD
zenit-card.ru # TLD
zenit.ru # TLD
zenmate.com.ru # TLD
zert.ch # TLD
zhongguo.ca # TLD
zigzag.kr # TLD
zim.vn # TLD
ziraatbank.ru # TLD
zmedia.com.tw # TLD
zoho.com.au # TLD
zoho.eu # TLD
zoho.in # TLD
zohostatic.in # TLD
zoom.us # TLD
zpn.im # TLD
zscaler.jp # TLD
zukunftswerkstatt.de # TLD
zuo.la # TLD
zvuk-b2b.com # GeoIP (RU)
zvuk.com # GeoIP (RU)
zzdh.ws # TLD
