0.nb-novorossiysk.net # NO_RESOLVE
0001xhamster.com # TOO_MANY_DIGITS (4)
00news.ru # NO_RESOLVE
01-klinika-21.ru # TOO_MANY_DIGITS (4)
0105www.lasttor.com # TOO_MANY_DIGITS (4)
0123movie.net # TOO_MANY_DIGITS (4)
0123movies.ltd # TOO_MANY_DIGITS (4)
012ygmvd5iw3.site # TOO_MANY_DIGITS (5)
0196.ru # TOO_MANY_DIGITS (4)
01tg.online # NO_RESOLVE
01tg.ru # NO_RESOLVE
02-12-25.torrent24.org # TOO_MANY_DIGITS (8)
0201selector.click # TOO_MANY_DIGITS (4)
0205www.lasttor.com # TOO_MANY_DIGITS (4)
0207www.lasttor.com # TOO_MANY_DIGITS (4)
03-12-25.torrent24.org # TOO_MANY_DIGITS (8)
030126.torrent24.org # TOO_MANY_DIGITS (8)
032006.monna.top # TOO_MANY_DIGITS (6)
035xod.org # NO_RESOLVE
0362.ua # TLD_UA
0368.ru # TOO_MANY_DIGITS (4)
0432.ua # TLD_UA
0462.ua # TLD_UA
05070.ru # TOO_MANY_DIGITS (5)
0512.com.ua # TLD_UA
056.ua # TLD_UA
0564.ua # TLD_UA
057.ua # TLD_UA
060126.torrent24.org # TOO_MANY_DIGITS (8)
0605www.lasttor.com # TOO_MANY_DIGITS (4)
0606www.lasttor.com # TOO_MANY_DIGITS (4)
061.ua # TLD_UA
0612-11.torrent24.org # TOO_MANY_DIGITS (8)
06153.com.ua # TLD_UA
0619.com.ua # TLD_UA
06239.com.ua # TLD_UA
06252.com.ua # TLD_UA
06274.com.ua # TLD_UA
06277.com.ua # TLD_UA
0629.com.ua # TLD_UA
0642.ua # TLD_UA
0712-06.torrent24.org # TOO_MANY_DIGITS (8)
0714changhai.com # TOO_MANY_DIGITS (4)
080126.torrent24.org # TOO_MANY_DIGITS (8)
086y-spr1.ru # TOO_MANY_DIGITS (4)
090126.torrent24.org # TOO_MANY_DIGITS (8)
0905www.lasttor.com # TOO_MANY_DIGITS (4)
0912-09.torrent24.org # TOO_MANY_DIGITS (8)
0941.info # TOO_MANY_DIGITS (4)
09456.ru # TOO_MANY_DIGITS (5)
09sosh11.ru # TOO_MANY_DIGITS (4)
09uu0u0.com # TOO_MANY_DIGITS (4)
0ezt73mb.com # NO_RESOLVE
0fmovies.online # NO_RESOLVE
0putlocker.com # NO_RESOLVE
1-dar.ru # NO_RESOLVE
1-majskoe.ru # NO_RESOLVE
1-oe55.online # NO_RESOLVE
1-oe55.ru # NO_RESOLVE
1-xz-1.space # NO_RESOLVE
1.avastreamhd.online # NO_RESOLVE
1.doramaworld.online # NO_RESOLVE
1.ekasex.online # NO_RESOLVE
1.filmys.site # NO_RESOLVE
1.ginonet1.ru # NO_RESOLVE
1.hutor.top # NO_RESOLVE
1.krasnoebeloespb.ru # NO_RESOLVE
1.likeporno.me # NO_RESOLVE
1.lucrosa2023.site # TOO_MANY_DIGITS (5)
1.mafia-link.ru # NO_RESOLVE
1.novibox.fun # NO_RESOLVE
1.sexykemerovo.top # NO_RESOLVE
1.sexykhab.top # NO_RESOLVE
1.sexynsk.top # NO_RESOLVE
1.sexytula.top # NO_RESOLVE
1.sexyvladivostok.top # NO_RESOLVE
1.sexyyalta.top # NO_RESOLVE
1.tochka24.io # NO_RESOLVE
1011-stom.ru # TOO_MANY_DIGITS (4)
102tovaramm.ru # NO_RESOLVE
1045samfm.com # TOO_MANY_DIGITS (4)
109-magic.it-76.ru # TOO_MANY_DIGITS (5)
10musa.com.ua # TLD_UA
10ngah.com # NO_RESOLVE
10rdfilm.online # NO_RESOLVE
10rdfilmm.online # NO_RESOLVE
10royalrussia32.com # TOO_MANY_DIGITS (4)
10top.shop # NO_RESOLVE
10velo.ru # NO_RESOLVE
110126.torrent24.org # TOO_MANY_DIGITS (8)
1111candlelight.org # TOO_MANY_DIGITS (4)
1112-20.torrent24.org # TOO_MANY_DIGITS (8)
112-detsad-murmansk.ru # NO_RESOLVE
112.ua # TLD_UA
1121school.ru # TOO_MANY_DIGITS (4)
1125.viptorpro.com # TOO_MANY_DIGITS (4)
118apr.tvhub.icu # NO_RESOLVE
119.59.99.174 # TOO_MANY_DIGITS (10)
119.82.71.95 # TOO_MANY_DIGITS (9)
11gram.biz # NO_RESOLVE
11gram.cc # NO_RESOLVE
11gram.org # NO_RESOLVE
11gram.top # NO_RESOLVE
11gram.vip # NO_RESOLVE
11kmp.com # NO_RESOLVE
11laki.com # NO_RESOLVE
11vodka11.ru # TOO_MANY_DIGITS (4)
12-divanov.ru # NO_RESOLVE
12.viagra-54.ru # TOO_MANY_DIGITS (4)
1205www.lasttor.com # TOO_MANY_DIGITS (4)
1212-15.torrent24.org # TOO_MANY_DIGITS (8)
1212-17.torrent24.org # TOO_MANY_DIGITS (8)
1212-23.torrent24.org # TOO_MANY_DIGITS (8)
121school.ru # NO_RESOLVE
123-movies.zone # NO_RESOLVE
123.run2me.top # TOO_MANY_DIGITS (4)
124.225.213.74 # TOO_MANY_DIGITS (11)
125okna.ru # NO_RESOLVE
12in12.site # TOO_MANY_DIGITS (4)
12laki.com # NO_RESOLVE
12sad.ru # NO_RESOLVE
12shkolaokt.online # NO_RESOLVE
13-klinicheskaya-2022.club-logo.ru # TOO_MANY_DIGITS (6)
1300loveshop.biz # TOO_MANY_DIGITS (4)
1303fm.org # TOO_MANY_DIGITS (4)
1305www.lasttor.com # TOO_MANY_DIGITS (4)
1337x.st # TOO_MANY_DIGITS (4)
1337x.to # TOO_MANY_DIGITS (4)
1377x.to # TOO_MANY_DIGITS (4)
13rdfilm.online # NO_RESOLVE
13samogon.ru # NO_RESOLVE
13vodka13.ru # TOO_MANY_DIGITS (4)
14-01.buzz # TOO_MANY_DIGITS (4)
14-01.online # TOO_MANY_DIGITS (4)
14.rosal-24.shop # TOO_MANY_DIGITS (4)
140126.torrent24.org # TOO_MANY_DIGITS (8)
142fri.tv-hub.top # NO_RESOLVE
142may.tvhub.icu # NO_RESOLVE
1430mm.ru # TOO_MANY_DIGITS (4)
1493.ru # TOO_MANY_DIGITS (4)
14metrov.biz # NO_RESOLVE
14rcpmss.ru # NO_RESOLVE
14ryabinka.ru # NO_RESOLVE
15-01.online # TOO_MANY_DIGITS (4)
15007aartvskce-kor-rus.info # TOO_MANY_DIGITS (5)
1504www.lasttor.com # TOO_MANY_DIGITS (4)
1505www.lasttor.com # TOO_MANY_DIGITS (4)
1507.info # TOO_MANY_DIGITS (4)
1512-10.torrent24.org # TOO_MANY_DIGITS (8)
1520gym.ru # TOO_MANY_DIGITS (4)
1534wwaslbddf-chekov-firma.info # TOO_MANY_DIGITS (4)
1540.com.ua # TLD_UA
1564.landing-for-daddy.com # TOO_MANY_DIGITS (4)
15best.ru # NO_RESOLVE
15dayvic.ru # NO_RESOLVE
15minut.org # NO_RESOLVE
15nov8.hd-rzk1.xyz # TOO_MANY_DIGITS (4)
15x04yzh1t.space # TOO_MANY_DIGITS (5)
160126.torrent24.org # TOO_MANY_DIGITS (8)
1604www.lasttor.com # TOO_MANY_DIGITS (4)
1612-13.torrent24.org # TOO_MANY_DIGITS (8)
1612-23.torrent24.org # TOO_MANY_DIGITS (8)
1625.viptorpro.com # TOO_MANY_DIGITS (4)
162gp.online # NO_RESOLVE
162gp.ru # NO_RESOLVE
163avtoshkola.ru # NO_RESOLVE
1703.serfilm.com # TOO_MANY_DIGITS (4)
1704www.lasttor.com # TOO_MANY_DIGITS (4)
171125.torrent24.org # TOO_MANY_DIGITS (8)
1712-04.torrent24.org # TOO_MANY_DIGITS (8)
1712-06.torrent24.org # TOO_MANY_DIGITS (8)
1712-17.torrent24.org # TOO_MANY_DIGITS (8)
179824.8b.io # TOO_MANY_DIGITS (7)
17rutor.site # NO_RESOLVE
18-porno.ru # NO_RESOLVE
180.215.14.121 # TOO_MANY_DIGITS (11)
1800respect.org.au # TOO_MANY_DIGITS (4)
180126.torrent24.org # TOO_MANY_DIGITS (8)
1804www.lasttor.com # TOO_MANY_DIGITS (4)
181125.torrent24.org # TOO_MANY_DIGITS (8)
1812-01.torrent24.org # TOO_MANY_DIGITS (8)
1812-05.torrent24.org # TOO_MANY_DIGITS (8)
1812-06.torrent24.org # TOO_MANY_DIGITS (8)
1812-09.torrent24.org # TOO_MANY_DIGITS (8)
1812-16.torrent24.org # TOO_MANY_DIGITS (8)
1812kld.ru # TOO_MANY_DIGITS (4)
18letpornovideo.net # NO_RESOLVE
18nov8.hd-rzk1.xyz # TOO_MANY_DIGITS (4)
18proverka.ru # NO_RESOLVE
18vsegda.ru # NO_RESOLVE
190126.torrent24.org # TOO_MANY_DIGITS (8)
1904www.lasttor.com # TOO_MANY_DIGITS (4)
1905.kinkinkin.help # TOO_MANY_DIGITS (4)
191125.torrent24.org # TOO_MANY_DIGITS (8)
1912-16.torrent24.org # TOO_MANY_DIGITS (8)
1912-21.torrent24.org # TOO_MANY_DIGITS (8)
1912.games # TOO_MANY_DIGITS (4)
1920.in # TOO_MANY_DIGITS (4)
1927.kiev.ua # TLD_UA
1964xnxx.com # TOO_MANY_DIGITS (4)
198.96.92.14 # TOO_MANY_DIGITS (9)
1a.seriyahd.cyou # NO_RESOLVE
1animego.one # NO_RESOLVE
1best-doc.ru # NO_RESOLVE
1best-vuz.ru # NO_RESOLVE
1bitz.vip # NO_RESOLVE
1bt-x.top # NO_RESOLVE
1ckurs.com # NO_RESOLVE
1cprox.online # NO_RESOLVE
1day-course.ru # NO_RESOLVE
1dayprint.ru # NO_RESOLVE
1doc-vopros.ru # NO_RESOLVE
1docsshop.ru # NO_RESOLVE
1dpo-best.ru # NO_RESOLVE
1dpoorig24.ru # NO_RESOLVE
1dsp.ru # NO_RESOLVE
1dzer.ru # NO_RESOLVE
1edudporf.ru # NO_RESOLVE
1eduinforf.ru # NO_RESOLVE
1eu-dpo.ru # NO_RESOLVE
1firescatters.com # NO_RESOLVE
1gizbo-amp-site.ru # NO_RESOLVE
1go-133.15m.click # TOO_MANY_DIGITS (6)
1go-144.126r.top # TOO_MANY_DIGITS (7)
1go-145.21t.click # TOO_MANY_DIGITS (6)
1go-211.61x.buzz # TOO_MANY_DIGITS (6)
1go-221.59x.buzz # TOO_MANY_DIGITS (6)
1go-238.261i.top # TOO_MANY_DIGITS (7)
1go-241.31i.online # TOO_MANY_DIGITS (6)
1go-243.49i.online # TOO_MANY_DIGITS (6)
1go-257.350w.buzz # TOO_MANY_DIGITS (7)
1go-47.97p.top # TOO_MANY_DIGITS (5)
1go-cag1.top # NO_RESOLVE
1go-cag2.top # NO_RESOLVE
1go-cag3.top # NO_RESOLVE
1go-caz-tre11.ru # NO_RESOLVE
1go-cazz1.top # NO_RESOLVE
1go-cazz2.top # NO_RESOLVE
1go-cazz3.top # NO_RESOLVE
1go-cazzin1.top # NO_RESOLVE
1go-dum3.ru # NO_RESOLVE
1go-fondcult1.top # NO_RESOLVE
1go-fondcult10.top # NO_RESOLVE
1go-fondcult2.top # NO_RESOLVE
1go-fondcult3.top # NO_RESOLVE
1go-fondcult9.top # NO_RESOLVE
1go-kaz1.top # NO_RESOLVE
1go-kaz2.top # NO_RESOLVE
1go-kurs-centr5.top # NO_RESOLVE
1go-kzi1.top # NO_RESOLVE
1go-kzi2.top # NO_RESOLVE
1go-lichh1.top # NO_RESOLVE
1go-lichh10.top # NO_RESOLVE
1go-lichh2.top # NO_RESOLVE
1go-lichh3.top # NO_RESOLVE
1go-lichh5.top # NO_RESOLVE
1go-lichh7.top # NO_RESOLVE
1go-lichh8.top # NO_RESOLVE
1go-lichh9.top # NO_RESOLVE
1go-ntr-rza10.top # NO_RESOLVE
1go-ntr-rza11.top # NO_RESOLVE
1go-perego1.top # NO_RESOLVE
1go-perego6.top # NO_RESOLVE
1go-perego7.top # NO_RESOLVE
1go-primbul5.top # NO_RESOLVE
1go-sabantuy8.top # NO_RESOLVE
1go-silentscape12.top # NO_RESOLVE
1go-silentscape13.top # NO_RESOLVE
1go-silentscape14.top # NO_RESOLVE
1go.1812.games # TOO_MANY_DIGITS (5)
1go.3112.games # TOO_MANY_DIGITS (5)
1go0mob2.ru # NO_RESOLVE
1go0mob3.ru # NO_RESOLVE
1go107.online # TOO_MANY_DIGITS (4)
1go306.buzz # TOO_MANY_DIGITS (4)
1go543.top # TOO_MANY_DIGITS (4)
1gocas1.ru # NO_RESOLVE
1gocas1go1.top # NO_RESOLVE
1gocas1go2.top # NO_RESOLVE
1gocas1go3.top # NO_RESOLVE
1gocas2.ru # NO_RESOLVE
1gocas3.ru # NO_RESOLVE
1gokazin1.top # NO_RESOLVE
1grizzlysms.com # NO_RESOLVE
1help-docs.ru # NO_RESOLVE
1hentai.org # NO_RESOLVE
1ike-shop.biz # NO_RESOLVE
1jun5.z7x8x.buzz # TOO_MANY_DIGITS (4)
1k-irk.ru # NO_RESOLVE
1ki174.com # TOO_MANY_DIGITS (4)
1kingdom.biz # NO_RESOLVE
1klad.biz # NO_RESOLVE
1kr.ua # TLD_UA
1l1.su # NO_RESOLVE
1lesnaya.ru # NO_RESOLVE
1lux-study.ru # NO_RESOLVE
1magistr.ru # NO_RESOLVE
1master-ekb.ru # NO_RESOLVE
1military.ru # NO_RESOLVE
1mp3.site # NO_RESOLVE
1mskorig.ru # NO_RESOLVE
1news.com.ua # TLD_UA
1news.zp.ua # TLD_UA
1newsone.com.ua # TLD_UA
1nt1m.ru # NO_RESOLVE
1opera-download.ru # NO_RESOLVE
1org-dpo.ru # NO_RESOLVE
1org-vuz.ru # NO_RESOLVE
1origdpo.ru # NO_RESOLVE
1pleer.com # NO_RESOLVE
1plus1.ua # TLD_UA
1plus1tv1.com # NO_RESOLVE
1plus1tv6.online # NO_RESOLVE
1plus1tv7.online # NO_RESOLVE
1porno365.bike # TOO_MANY_DIGITS (4)
1porno365.net # TOO_MANY_DIGITS (4)
1red2.com # NO_RESOLVE
1rusucheba.ru # NO_RESOLVE
1spborig.ru # NO_RESOLVE
1stolica.com.ua # TLD_UA
1streetfoodbar.ru # NO_RESOLVE
1strela-gorkipark.ru # NO_RESOLVE
1studrus.ru # NO_RESOLVE
1svpn.help # NO_RESOLVE
1taker.site # NO_RESOLVE
1top.video # NO_RESOLVE
1tor.hd-1080.online # TOO_MANY_DIGITS (5)
1tv.avastreamhd.ru # NO_RESOLVE
1tv.hdkinolife.store # NO_RESOLVE
1tv.hdonlineru.site # NO_RESOLVE
1tv.novibox.fun # NO_RESOLVE
1tv.novibox.site # NO_RESOLVE
1ucheba-dpo.ru # NO_RESOLVE
1vodka-sites-amp.ru # NO_RESOLVE
1vv0293.life # TOO_MANY_DIGITS (5)
1vv04036.life # TOO_MANY_DIGITS (6)
1vv05483.life # TOO_MANY_DIGITS (6)
1vv094.life # TOO_MANY_DIGITS (4)
1vv099.life # TOO_MANY_DIGITS (4)
1vv0lc183.life # TOO_MANY_DIGITS (5)
1vv0lx983.life # TOO_MANY_DIGITS (5)
1vv0xs723.life # TOO_MANY_DIGITS (5)
1vv0xs86.life # TOO_MANY_DIGITS (4)
1vv0zf81.life # TOO_MANY_DIGITS (4)
1vv126.life # TOO_MANY_DIGITS (4)
1vv1272.life # TOO_MANY_DIGITS (5)
1vv1364.life # TOO_MANY_DIGITS (5)
1vv1628.life # TOO_MANY_DIGITS (5)
1vv192.life # TOO_MANY_DIGITS (4)
1vv19617.life # TOO_MANY_DIGITS (6)
1vv19935.life # TOO_MANY_DIGITS (6)
1vv1ab81.life # TOO_MANY_DIGITS (4)
1vv1av576.life # TOO_MANY_DIGITS (5)
1vv1dg953.life # TOO_MANY_DIGITS (5)
1vv1fy916.life # TOO_MANY_DIGITS (5)
1vv1jy57.life # TOO_MANY_DIGITS (4)
1vv1mg94.life # TOO_MANY_DIGITS (4)
1vv1pd965.life # TOO_MANY_DIGITS (5)
1vv1sa837.life # TOO_MANY_DIGITS (5)
1vv1wk511.life # TOO_MANY_DIGITS (5)
1vv2035.life # TOO_MANY_DIGITS (5)
1vv2050.life # TOO_MANY_DIGITS (5)
1vv206.life # TOO_MANY_DIGITS (4)
1vv2236.life # TOO_MANY_DIGITS (5)
1vv2246.life # TOO_MANY_DIGITS (5)
1vv22717.life # TOO_MANY_DIGITS (6)
1vv245.life # TOO_MANY_DIGITS (4)
1vv251.life # TOO_MANY_DIGITS (4)
1vv271.life # TOO_MANY_DIGITS (4)
1vv296.life # TOO_MANY_DIGITS (4)
1vv2bn90.life # TOO_MANY_DIGITS (4)
1vv2cg39.life # TOO_MANY_DIGITS (4)
1vv2gh79.life # TOO_MANY_DIGITS (4)
1vv2mm998.life # TOO_MANY_DIGITS (5)
1vv2qh597.life # TOO_MANY_DIGITS (5)
1vv2qu786.life # TOO_MANY_DIGITS (5)
1vv3025.life # TOO_MANY_DIGITS (5)
1vv303.life # TOO_MANY_DIGITS (4)
1vv325.life # TOO_MANY_DIGITS (4)
1vv332.life # TOO_MANY_DIGITS (4)
1vv378.life # TOO_MANY_DIGITS (4)
1vv39932.life # TOO_MANY_DIGITS (6)
1vv3ak778.life # TOO_MANY_DIGITS (5)
1vv3ca58.life # TOO_MANY_DIGITS (4)
1vv3cw19.life # TOO_MANY_DIGITS (4)
1vv3lg051.life # TOO_MANY_DIGITS (5)
1vv3pi473.life # TOO_MANY_DIGITS (5)
1vv3ro28.life # TOO_MANY_DIGITS (4)
1vv3va257.life # TOO_MANY_DIGITS (5)
1vv3xs83.life # TOO_MANY_DIGITS (4)
1vv3yh735.life # TOO_MANY_DIGITS (5)
1vv429.life # TOO_MANY_DIGITS (4)
1vv4590.life # TOO_MANY_DIGITS (5)
1vv461.life # TOO_MANY_DIGITS (4)
1vv4622.life # TOO_MANY_DIGITS (5)
1vv46303.life # TOO_MANY_DIGITS (6)
1vv486.life # TOO_MANY_DIGITS (4)
1vv4865.life # TOO_MANY_DIGITS (5)
1vv4as23.life # TOO_MANY_DIGITS (4)
1vv4cn34.life # TOO_MANY_DIGITS (4)
1vv4ct202.life # TOO_MANY_DIGITS (5)
1vv4lj84.life # TOO_MANY_DIGITS (4)
1vv4za855.life # TOO_MANY_DIGITS (5)
1vv50791.life # TOO_MANY_DIGITS (6)
1vv53759.life # TOO_MANY_DIGITS (6)
1vv5503.life # TOO_MANY_DIGITS (5)
1vv5749.life # TOO_MANY_DIGITS (5)
1vv58471.life # TOO_MANY_DIGITS (6)
1vv590.life # TOO_MANY_DIGITS (4)
1vv5905.life # TOO_MANY_DIGITS (5)
1vv5dh009.life # TOO_MANY_DIGITS (5)
1vv5es25.life # TOO_MANY_DIGITS (4)
1vv5fq05.life # TOO_MANY_DIGITS (4)
1vv5pv727.life # TOO_MANY_DIGITS (5)
1vv5sv75.life # TOO_MANY_DIGITS (4)
1vv5tk52.life # TOO_MANY_DIGITS (4)
1vv5vt15.life # TOO_MANY_DIGITS (4)
1vv5xq30.life # TOO_MANY_DIGITS (4)
1vv632.life # TOO_MANY_DIGITS (4)
1vv652.life # TOO_MANY_DIGITS (4)
1vv660.life # TOO_MANY_DIGITS (4)
1vv664.life # TOO_MANY_DIGITS (4)
1vv66838.life # TOO_MANY_DIGITS (6)
1vv6704.life # TOO_MANY_DIGITS (5)
1vv68671.life # TOO_MANY_DIGITS (6)
1vv68911.life # TOO_MANY_DIGITS (6)
1vv6968.life # TOO_MANY_DIGITS (5)
1vv6bh62.life # TOO_MANY_DIGITS (4)
1vv6dv68.life # TOO_MANY_DIGITS (4)
1vv6en40.life # TOO_MANY_DIGITS (4)
1vv6ex30.life # TOO_MANY_DIGITS (4)
1vv6la04.life # TOO_MANY_DIGITS (4)
1vv6lo33.life # TOO_MANY_DIGITS (4)
1vv6pp551.life # TOO_MANY_DIGITS (5)
1vv6pu98.life # TOO_MANY_DIGITS (4)
1vv6rb056.life # TOO_MANY_DIGITS (5)
1vv6ry515.life # TOO_MANY_DIGITS (5)
1vv7129.life # TOO_MANY_DIGITS (5)
1vv71480.life # TOO_MANY_DIGITS (6)
1vv7512.life # TOO_MANY_DIGITS (5)
1vv7546.life # TOO_MANY_DIGITS (5)
1vv7622.life # TOO_MANY_DIGITS (5)
1vv76474.life # TOO_MANY_DIGITS (6)
1vv784.life # TOO_MANY_DIGITS (4)
1vv79003.life # TOO_MANY_DIGITS (6)
1vv7pa782.life # TOO_MANY_DIGITS (5)
1vv7qr666.life # TOO_MANY_DIGITS (5)
1vv7sb094.life # TOO_MANY_DIGITS (5)
1vv7wr57.life # TOO_MANY_DIGITS (4)
1vv8063.life # TOO_MANY_DIGITS (5)
1vv81546.life # TOO_MANY_DIGITS (6)
1vv83166.life # TOO_MANY_DIGITS (6)
1vv8405.life # TOO_MANY_DIGITS (5)
1vv849.life # TOO_MANY_DIGITS (4)
1vv85908.life # TOO_MANY_DIGITS (6)
1vv85938.life # TOO_MANY_DIGITS (6)
1vv88000.life # TOO_MANY_DIGITS (6)
1vv8829.life # TOO_MANY_DIGITS (5)
1vv89267.life # TOO_MANY_DIGITS (6)
1vv8hx99.life # TOO_MANY_DIGITS (4)
1vv8qb930.life # TOO_MANY_DIGITS (5)
1vv8qv885.life # TOO_MANY_DIGITS (5)
1vv8sc45.life # TOO_MANY_DIGITS (4)
1vv8sl13.life # TOO_MANY_DIGITS (4)
1vv90884.life # TOO_MANY_DIGITS (6)
1vv91712.life # TOO_MANY_DIGITS (6)
1vv93455.life # TOO_MANY_DIGITS (6)
1vv9630.life # TOO_MANY_DIGITS (5)
1vv9cu96.life # TOO_MANY_DIGITS (4)
1vv9el38.life # TOO_MANY_DIGITS (4)
1vv9lw22.life # TOO_MANY_DIGITS (4)
1vv9mo55.life # TOO_MANY_DIGITS (4)
1vv9sp805.life # TOO_MANY_DIGITS (5)
1w-domen.ru # NO_RESOLVE
1x-bet031946.world # TOO_MANY_DIGITS (7)
1x001.com # TOO_MANY_DIGITS (4)
1x100186.com # TOO_MANY_DIGITS (7)
1xbet105.com # TOO_MANY_DIGITS (4)
1xbet107.com # TOO_MANY_DIGITS (4)
1xbet109.com # TOO_MANY_DIGITS (4)
1xbet15.com # NO_RESOLVE
1xbet2.com # NO_RESOLVE
1xbet26.com # NO_RESOLVE
1xbet27.com # NO_RESOLVE
1xbet32.com # NO_RESOLVE
1xbet34.com # NO_RESOLVE
1xbet35.com # NO_RESOLVE
1xbet36.com # NO_RESOLVE
1xbet37.com # NO_RESOLVE
1xbet38.com # NO_RESOLVE
1xbet39.com # NO_RESOLVE
1xbet4.com # NO_RESOLVE
1xbet47.com # NO_RESOLVE
1xbet48.com # NO_RESOLVE
1xbet49.com # NO_RESOLVE
1xbet6.com # NO_RESOLVE
1xbet8.com # NO_RESOLVE
1xfast.com # NO_RESOLVE
1xhape.com # NO_RESOLVE
1xnews.online # NO_RESOLVE
1xpromo2020.ru # TOO_MANY_DIGITS (5)
2.avastreamhd.online # NO_RESOLVE
2.filmys.site # NO_RESOLVE
2.gutkinohit.fun # NO_RESOLVE
2.lucrosa2023.site # TOO_MANY_DIGITS (5)
2.sexyanapa.top # NO_RESOLVE
2.sexyirkutsk.top # NO_RESOLVE
2.sexykirov.top # NO_RESOLVE
2.sexykras.top # NO_RESOLVE
2.sexysimferopol.top # NO_RESOLVE
2.sexysochi.top # NO_RESOLVE
2.sexytomsk.top # NO_RESOLVE
2.xn--54-6kcaih7a7d.xn--p1ai # TOO_MANY_DIGITS (7)
2000sovetov.com # TOO_MANY_DIGITS (4)
200126.torrent24.org # TOO_MANY_DIGITS (8)
2005www.lasttor.com # TOO_MANY_DIGITS (4)
2009olympiccongress.com # TOO_MANY_DIGITS (4)
201125.torrent24.org # TOO_MANY_DIGITS (8)
2012-04.torrent24.org # TOO_MANY_DIGITS (8)
2012-15.torrent24.org # TOO_MANY_DIGITS (8)
2012-19.torrent24.org # TOO_MANY_DIGITS (8)
2016-hockey.ru # TOO_MANY_DIGITS (4)
2019-godu.ru # TOO_MANY_DIGITS (4)
2019.vote # TOO_MANY_DIGITS (4)
201t.top # NO_RESOLVE
2024--a.putin-huylo2024.mywire.org # TOO_MANY_DIGITS (8)
2024-a.putin-huylo2024.mywire.org # TOO_MANY_DIGITS (8)
2024.putin-huylo2024.mywire.org # TOO_MANY_DIGITS (8)
2025-gims.top # TOO_MANY_DIGITS (4)
2025.lookitsrussia.ru # TOO_MANY_DIGITS (4)
2025.myvibox.fun # TOO_MANY_DIGITS (4)
2025.topfreevpn.ru # TOO_MANY_DIGITS (4)
2026.coupons # TOO_MANY_DIGITS (4)
2026.vpnfreepro.net # TOO_MANY_DIGITS (4)
2035.events # TOO_MANY_DIGITS (4)
2036.putin-huylo2024.mywire.org # TOO_MANY_DIGITS (8)
206.189.185.159 # TOO_MANY_DIGITS (12)
20speed.co # NO_RESOLVE
210126.torrent24.org # TOO_MANY_DIGITS (8)
2112-19.torrent24.org # TOO_MANY_DIGITS (8)
212.129.24.11 # TOO_MANY_DIGITS (10)
21bestdpo.ru # NO_RESOLVE
21footart.21naturals.com # TOO_MANY_DIGITS (4)
21nov8.hd-rzk1.xyz # TOO_MANY_DIGITS (4)
21rfdpo.ru # NO_RESOLVE
21sextreme.21sexturypornpass.com # TOO_MANY_DIGITS (4)
220704.onlino.top # TOO_MANY_DIGITS (6)
221104.onlino.top # TOO_MANY_DIGITS (6)
2212-opt.ru # TOO_MANY_DIGITS (4)
222005.onlino.top # TOO_MANY_DIGITS (6)
222704.onlino.top # TOO_MANY_DIGITS (6)
223005.onlino.top # TOO_MANY_DIGITS (6)
223103.onlino.top # TOO_MANY_DIGITS (6)
229.motorlanding.com # NO_RESOLVE
22bets.me # NO_RESOLVE
23.xn--80adsjoy.xn--p1ai # TOO_MANY_DIGITS (5)
2305www.lasttor.com # TOO_MANY_DIGITS (4)
231125.torrent24.org # TOO_MANY_DIGITS (8)
231225.torrent24.org # TOO_MANY_DIGITS (8)
2314209.mya5.ru # TOO_MANY_DIGITS (8)
231b1t324.com # TOO_MANY_DIGITS (7)
23ru.ru # NO_RESOLVE
24horasnews.com.br # NO_RESOLVE
24info.tn # NO_RESOLVE
24tv.ua # TLD_UA
25-april-promo.com # NO_RESOLVE
251125.torrent24.org # TOO_MANY_DIGITS (8)
251225.torrent24.org # TOO_MANY_DIGITS (8)
2598.info # TOO_MANY_DIGITS (4)
25internat.online # NO_RESOLVE
25internat.ru # NO_RESOLVE
25rc.biz # NO_RESOLVE
26-11-25.torrent24.org # TOO_MANY_DIGITS (8)
261225.torrent24.org # TOO_MANY_DIGITS (8)
2680200.ru # TOO_MANY_DIGITS (7)
26bez-depov.site # NO_RESOLVE
26mar5.hd-rzk1.xyz # TOO_MANY_DIGITS (4)
26mar5.z7x8x.buzz # TOO_MANY_DIGITS (5)
26nov10.hd-rzk1.xyz # TOO_MANY_DIGITS (5)
26royalrussia18.com # TOO_MANY_DIGITS (4)
27-11-25.torrent24.org # TOO_MANY_DIGITS (8)
2704www.lasttor.com # TOO_MANY_DIGITS (4)
271225.torrent24.org # TOO_MANY_DIGITS (8)
2718767baza.ru # TOO_MANY_DIGITS (7)
2771.ru # TOO_MANY_DIGITS (4)
27k.online # NO_RESOLVE
27laki.com # NO_RESOLVE
27rc.ru # NO_RESOLVE
2804www.lasttor.com # TOO_MANY_DIGITS (4)
281225.torrent24.org # TOO_MANY_DIGITS (8)
28m.1orbceria1.icu # TOO_MANY_DIGITS (4)
28ps-mqpe.biz99.xyz # TOO_MANY_DIGITS (4)
29-11-25.torrent24.org # TOO_MANY_DIGITS (8)
291225.torrent24.org # TOO_MANY_DIGITS (8)
2951687.blogspot.com # TOO_MANY_DIGITS (7)
2956670583.torrent-games.rip # TOO_MANY_DIGITS (10)
29a3b262-93cd-42b5-9e3d-85133a972e5d.xn----7sbbas7adbh1ak4hek1gg.xn--p1ai # TOO_MANY_DIGITS (28)
29n.store # NO_RESOLVE
2ais.ru # NO_RESOLVE
2best-doc.ru # NO_RESOLVE
2best-vuz.ru # NO_RESOLVE
2bits.xyz # NO_RESOLVE
2bitz.vip # NO_RESOLVE
2bs.site # NO_RESOLVE
2bs2best.gl # NO_RESOLVE
2buy-doc.ru # NO_RESOLVE
2day.kh.ua # TLD_UA
2doc-vopros.ru # NO_RESOLVE
2docsshop.ru # NO_RESOLVE
2dpedu.ru # NO_RESOLVE
2dpo-best.ru # NO_RESOLVE
2dpoorig24.ru # NO_RESOLVE
2edudporf.ru # NO_RESOLVE
2eduinforf.ru # NO_RESOLVE
2eu-dpo.ru # NO_RESOLVE
2fish.ru # NO_RESOLVE
2gn.genericsshop24.ru # NO_RESOLVE
2help-docs.ru # NO_RESOLVE
2hp.com.ua # TLD_UA
2info-dpo-rf.ru # NO_RESOLVE
2kmoviehd.to # NO_RESOLVE
2kmp.im # NO_RESOLVE
2kmp.pro # NO_RESOLVE
2knr.at # NO_RESOLVE
2krkn.pro # NO_RESOLVE
2krm.lol # NO_RESOLVE
2krn-dark.net # NO_RESOLVE
2krn-me.top # NO_RESOLVE
2krn.art # NO_RESOLVE
2krn.ru # NO_RESOLVE
2krnc.cc # NO_RESOLVE
2krnn.cc # NO_RESOLVE
2krnnft.top # NO_RESOLVE
2lux-study.ru # NO_RESOLVE
2mmedia.ru # NO_RESOLVE
2mskorig.ru # NO_RESOLVE
2origdpo.ru # NO_RESOLVE
2plus2.ua # TLD_UA
2porno365.net # TOO_MANY_DIGITS (4)
2rusdporf.ru # NO_RESOLVE
2shah.ru # NO_RESOLVE
2spborig.ru # NO_RESOLVE
2studrf.ru # NO_RESOLVE
2studrus.ru # NO_RESOLVE
2study-help.ru # NO_RESOLVE
2studyinfo24.ru # NO_RESOLVE
2tv.hdkinolife.store # NO_RESOLVE
2ucheba-dpo.ru # NO_RESOLVE
2zipa.biz # NO_RESOLVE
3.catlanding.com # NO_RESOLVE
3.doramaworld.online # NO_RESOLVE
3.films-2024.online # TOO_MANY_DIGITS (5)
3.filmys.site # NO_RESOLVE
3.lucrosa2023.site # TOO_MANY_DIGITS (5)
3.sexyanapa.top # NO_RESOLVE
3.sexyivanovo.top # NO_RESOLVE
3.sexykemerovo.top # NO_RESOLVE
3.sexynsk.top # NO_RESOLVE
3.sexysamara.top # NO_RESOLVE
3.sexysimferopol.top # NO_RESOLVE
3.xn----7sbfymr2a.xn--p1ai # TOO_MANY_DIGITS (4)
3.xn--54-6kcaih7a7d.xn--p1ai # TOO_MANY_DIGITS (7)
30-11-25.torrent24.org # TOO_MANY_DIGITS (8)
3000.games # TOO_MANY_DIGITS (4)
3005www.lasttor.com # TOO_MANY_DIGITS (4)
300mg.ru # NO_RESOLVE
303-303.ru # TOO_MANY_DIGITS (6)
30740944.84167.ru # TOO_MANY_DIGITS (13)
309nov.tvhub.icu # NO_RESOLVE
30kr.at # NO_RESOLVE
3105.xn--p1ai # TOO_MANY_DIGITS (5)
3110kometa.top # TOO_MANY_DIGITS (4)
3111122.ru # TOO_MANY_DIGITS (7)
3112.games # TOO_MANY_DIGITS (4)
3120.gallery # TOO_MANY_DIGITS (4)
31borcrb.ru # NO_RESOLVE
31may6.z7x8x.buzz # TOO_MANY_DIGITS (5)
31may7.z7x8x.buzz # TOO_MANY_DIGITS (5)
31xgeorgia.me # NO_RESOLVE
320.hdpoisk1080.icu # TOO_MANY_DIGITS (7)
3200kent.top # TOO_MANY_DIGITS (4)
3220kometa.top # TOO_MANY_DIGITS (4)
324.hdpoisk1080.icu # TOO_MANY_DIGITS (7)
32bez-depov.site # NO_RESOLVE
32sad.ru # NO_RESOLVE
333.run2me.top # TOO_MANY_DIGITS (4)
333laki.com # NO_RESOLVE
33colors.ru # NO_RESOLVE
33secundy.com.ua # TLD_UA
34.ua # TLD_UA
3423664.84167.ru # TOO_MANY_DIGITS (12)
34dou.ru # NO_RESOLVE
35.shkola-35.theworkpc.com # TOO_MANY_DIGITS (4)
350-riverside-crescent.ru # NO_RESOLVE
35zipbt.ru # NO_RESOLVE
360one-group.com # NO_RESOLVE
365.hdx.lol # NO_RESOLVE
365a.hdx.lol # NO_RESOLVE
365b.hdx.lol # NO_RESOLVE
365c.hdx.lol # NO_RESOLVE
365d.hdx.lol # NO_RESOLVE
365e.hdx.lol # NO_RESOLVE
365f.hdx.lol # NO_RESOLVE
365g.hdx.lol # NO_RESOLVE
365livesport.me # NO_RESOLVE
365obr.ru # NO_RESOLVE
365porno.click # NO_RESOLVE
371a.com # NO_RESOLVE
3880000.ru # TOO_MANY_DIGITS (7)
388542.annacdn.cc # TOO_MANY_DIGITS (6)
38med.online # NO_RESOLVE
39n.store # NO_RESOLVE
3aas.ru # NO_RESOLVE
3banana.ru # NO_RESOLVE
3best-doc.ru # NO_RESOLVE
3buy-doc.ru # NO_RESOLVE
3c36764ff54c58a0aa86d56a7218638e.mararus.com # TOO_MANY_DIGITS (22)
3capts.ru # NO_RESOLVE
3d-frez.ru # NO_RESOLVE
3d-stuff.ru # NO_RESOLVE
3d.hanicartoon.com # NO_RESOLVE
3dclimat.ru # NO_RESOLVE
3detsad.ru # NO_RESOLVE
3doc-vopros.ru # NO_RESOLVE
3docsshop.ru # NO_RESOLVE
3dpedu.ru # NO_RESOLVE
3dpoorig24.ru # NO_RESOLVE
3dpremium.ru # NO_RESOLVE
3dprinter.ua # TLD_UA
3edudporf.ru # NO_RESOLVE
3eduinforf.ru # NO_RESOLVE
3eu-dpo.ru # NO_RESOLVE
3gidonline.online # NO_RESOLVE
3help-docs.ru # NO_RESOLVE
3hours.site # NO_RESOLVE
3laki.com # NO_RESOLVE
3lux-study.ru # NO_RESOLVE
3mir.vip # NO_RESOLVE
3org-vuz.ru # NO_RESOLVE
3royalrussia85.com # NO_RESOLVE
3rusdporf.ru # NO_RESOLVE
3s.dxp1230.com # TOO_MANY_DIGITS (5)
3seksuals.org # NO_RESOLVE
3sexxxuals.com # NO_RESOLVE
3shkola.org # NO_RESOLVE
3spborig.ru # NO_RESOLVE
3tv.hdkinolife.store # NO_RESOLVE
3ucheba-dpo.ru # NO_RESOLVE
3v-sykt.ru # NO_RESOLVE
3xnet.online # NO_RESOLVE
4.catlanding.com # NO_RESOLVE
4.doramaworld.online # NO_RESOLVE
4.films-2024.online # TOO_MANY_DIGITS (5)
4.filmys.site # NO_RESOLVE
4.lucrosa2023.site # TOO_MANY_DIGITS (5)
4.xn----7sbafbde2bfbw5anbyjne.xn--p1ai # TOO_MANY_DIGITS (5)
4.xn----7sbfymr2a.xn--p1ai # TOO_MANY_DIGITS (4)
40021.ru # TOO_MANY_DIGITS (5)
40gradus123-krd.ru # TOO_MANY_DIGITS (5)
40gradus123-krd1.ru # TOO_MANY_DIGITS (6)
40gradusov174.com.cutestat.com # TOO_MANY_DIGITS (5)
41209.ru # TOO_MANY_DIGITS (5)
41laki.com # NO_RESOLVE
420-zm.xyz # NO_RESOLVE
4243003.ru # TOO_MANY_DIGITS (7)
42bez-depov.buzz # NO_RESOLVE
42laki.com # NO_RESOLVE
42seed.website # NO_RESOLVE
43563ffsfdewr5332lo0.8432109.xyz # TOO_MANY_DIGITS (17)
44laki.com # NO_RESOLVE
45-60.ru # TOO_MANY_DIGITS (4)
4520365.84167.ru # TOO_MANY_DIGITS (12)
4557wa.c97.org # TOO_MANY_DIGITS (6)
45laki.com # NO_RESOLVE
47laki.com # NO_RESOLVE
47royalrussia136.com # TOO_MANY_DIGITS (5)
48a920918d82d475880e2a87e255eae5.mararus.com # TOO_MANY_DIGITS (23)
49000.com.ua # TLD_UA
49laki.com # NO_RESOLVE
4a6d566e755ed97ab272373ec54ff2f4.mararus.com # TOO_MANY_DIGITS (20)
4a9a581f55a6b6a229075d2283114f1a.mararus.com # TOO_MANY_DIGITS (23)
4c313b6178d3be00c770302268d720e1.mararus.com # TOO_MANY_DIGITS (24)
4cht.com # NO_RESOLVE
4club.com.ua # TLD_UA
4eburnet.info # NO_RESOLVE
4eburnetvpn.help # NO_RESOLVE
4ek-9111.info # TOO_MANY_DIGITS (5)
4empion.co # NO_RESOLVE
4i2.ru # NO_RESOLVE
4ikrk.at # NO_RESOLVE
4itai.ru # NO_RESOLVE
4k-film.cyou # NO_RESOLVE
4kfilm.cyou # NO_RESOLVE
4kfilm.pro # NO_RESOLVE
4maplus.ru # NO_RESOLVE
4media.com.ua # TLD_UA
4mp3.cc # NO_RESOLVE
4pda.ru # NO_RESOLVE
4soclift.online # NO_RESOLVE
4studio.com.ua # TLD_UA
4sytegroup.com # NO_RESOLVE
4tarelki.ru # NO_RESOLVE
4torrent.ru # NO_RESOLVE
4zozh.ru # NO_RESOLVE
5-film.site # NO_RESOLVE
5-work.ru # NO_RESOLVE
5.doramaworld.online # NO_RESOLVE
5.lucrosa2023.site # TOO_MANY_DIGITS (5)
5.ua # TLD_UA
5.viagra-100.ru # TOO_MANY_DIGITS (4)
5.xn----7sbabahitv0a7ci4a.xn--p1ai # TOO_MANY_DIGITS (6)
5.xn--80aaefxpuwl.xn--p1ai # TOO_MANY_DIGITS (4)
5000-games.net # TOO_MANY_DIGITS (4)
5041bmx.ru # TOO_MANY_DIGITS (4)
504950.ru # TOO_MANY_DIGITS (6)
5090.live # TOO_MANY_DIGITS (4)
50laki.com # NO_RESOLVE
51laki.com # NO_RESOLVE
51royalrussia.com # NO_RESOLVE
53sadik.ru # NO_RESOLVE
5431789.igen.app # TOO_MANY_DIGITS (7)
548s6lmb.com # TOO_MANY_DIGITS (4)
54de5g.c97.org # TOO_MANY_DIGITS (5)
54g9uvabanzai.com # NO_RESOLVE
551spb.ru # NO_RESOLVE
5546.sssrtor.ru # TOO_MANY_DIGITS (4)
5555.sssrtor.ru # TOO_MANY_DIGITS (4)
5635.sssrtor.ru # TOO_MANY_DIGITS (4)
564656.sssrtor.ru # TOO_MANY_DIGITS (6)
5655.sssrtor.ru # TOO_MANY_DIGITS (4)
5658.sssrtor.ru # TOO_MANY_DIGITS (4)
566-0032.ru # TOO_MANY_DIGITS (7)
5665.sssrtor.ru # TOO_MANY_DIGITS (4)
5692.com.ua # TLD_UA
56gsv.vip # NO_RESOLVE
57346.sssrtor.ru # TOO_MANY_DIGITS (5)
5775record.ru # TOO_MANY_DIGITS (4)
5859233.ru # TOO_MANY_DIGITS (7)
590-24.online # TOO_MANY_DIGITS (5)
590-24.ru # TOO_MANY_DIGITS (5)
59vave80.com # TOO_MANY_DIGITS (4)
5agroup.ru # NO_RESOLVE
5carz.ru # NO_RESOLVE
5d547h6.sssrtor.ru # TOO_MANY_DIGITS (5)
5dh546.sssrtor.ru # TOO_MANY_DIGITS (4)
5e7f887c54477.site123.me # TOO_MANY_DIGITS (13)
5ec1cb23637b7.site123.me # TOO_MANY_DIGITS (11)
5gradus24-krd.ru # NO_RESOLVE
5htp.biz.24rc.lol # NO_RESOLVE
5k-auto.ru # NO_RESOLVE
5lad.ru # NO_RESOLVE
5pornovideo.org # NO_RESOLVE
5soclift.online # NO_RESOLVE
5top100.ru # TOO_MANY_DIGITS (4)
6.viagra-100.ru # TOO_MANY_DIGITS (4)
6.xn----7sbabahitv0a7ci4a.xn--p1ai # TOO_MANY_DIGITS (6)
604e42618c56e.site123.me # TOO_MANY_DIGITS (13)
61548e1b30cd9.site123.me # TOO_MANY_DIGITS (12)
619.com.ua # TLD_UA
62.ua # TLD_UA
6262.com.ua # TLD_UA
6264.com.ua # TLD_UA
627a72e4a8bdda43082e4934f647b1ae.mararus.com # TOO_MANY_DIGITS (20)
63gruz.ru # NO_RESOLVE
643-4300.ru # TOO_MANY_DIGITS (7)
64xgeorgia.me # NO_RESOLVE
6716767.ru # TOO_MANY_DIGITS (7)
67lm8g55vgghj78890.8432109.xyz # TOO_MANY_DIGITS (17)
6996.info # TOO_MANY_DIGITS (4)
6april.org # NO_RESOLVE
6laki.com # NO_RESOLVE
6soclift.online # NO_RESOLVE
6v49b3fejhyvb.com # TOO_MANY_DIGITS (4)
6x100.ru # TOO_MANY_DIGITS (4)
7-7.7-7-7-7-7.com # TOO_MANY_DIGITS (7)
7-povaryat.com # NO_RESOLVE
7-sh.ru # NO_RESOLVE
7.catlanding.com # NO_RESOLVE
7000.partners # TOO_MANY_DIGITS (4)
7000partbestpromo.com # TOO_MANY_DIGITS (4)
7000partnersredirect-traffic.com # TOO_MANY_DIGITS (4)
7000partoffer.com # TOO_MANY_DIGITS (4)
7000partpromo.com # TOO_MANY_DIGITS (4)
7000parttraffic.com # TOO_MANY_DIGITS (4)
7000redirect.com # TOO_MANY_DIGITS (4)
703002.ru # TOO_MANY_DIGITS (6)
710oct82.hdpoisk.icu # TOO_MANY_DIGITS (5)
7160707.ru # TOO_MANY_DIGITS (7)
71xgeorgia.me # NO_RESOLVE
7211.rkn.krapiva.media # TOO_MANY_DIGITS (4)
7281604.ru # TOO_MANY_DIGITS (7)
7309826.ru # TOO_MANY_DIGITS (7)
7501.express-wallet.com # TOO_MANY_DIGITS (4)
76school.ru # NO_RESOLVE
7744895f.piped.pages.dev # TOO_MANY_DIGITS (7)
777.ua # TLD_UA
77redirect.com # NO_RESOLVE
78legion.ru # NO_RESOLVE
79735.amarkets.life # TOO_MANY_DIGITS (5)
79plastika.online # NO_RESOLVE
7a11cecb-7ec4-4093-be38-6b24b70ef299.loft-vozdushno.ru # TOO_MANY_DIGITS (19)
7bad.biz # NO_RESOLVE
7bmusic.ru # NO_RESOLVE
7day.news # NO_RESOLVE
7dniv.rv.ua # TLD_UA
7film.icu # NO_RESOLVE
7graduss24-krd.ru # NO_RESOLVE
7grizzlysms.com # NO_RESOLVE
7jz14wmb.com # NO_RESOLVE
7k.2312.buzz # TOO_MANY_DIGITS (5)
7k.3112.games # TOO_MANY_DIGITS (5)
7k.e103.ru # TOO_MANY_DIGITS (4)
7k103.net # TOO_MANY_DIGITS (4)
7k11.com # NO_RESOLVE
7k2.xn-----7kcbkajecynpbmo5afibe9bya4eyh.xn--p1ai # TOO_MANY_DIGITS (7)
7k293.site # TOO_MANY_DIGITS (4)
7k354.site # TOO_MANY_DIGITS (4)
7k493.site # TOO_MANY_DIGITS (4)
7k504.site # TOO_MANY_DIGITS (4)
7k727.com # TOO_MANY_DIGITS (4)
7ka.xn--443-5cd3cgu2f.xn--p1ai # TOO_MANY_DIGITS (8)
7kanal.com.ua # TLD_UA
7kdownload.online # NO_RESOLVE
7kpartners-redirect.com # NO_RESOLVE
7kpartnerspromo.com # NO_RESOLVE
7kpromo.com # NO_RESOLVE
7kpromooffer.com # NO_RESOLVE
7kpromos.com # NO_RESOLVE
7kredirect3.com # NO_RESOLVE
7kredirect4.com # NO_RESOLVE
7laki.com # NO_RESOLVE
7littlewords.info # NO_RESOLVE
7news.in.ua # TLD_UA
7potolok.ru # NO_RESOLVE
7sar.ru # NO_RESOLVE
7shkola.org # NO_RESOLVE
7torr.com # NO_RESOLVE
8-info.ru # NO_RESOLVE
80wun0mb.com # NO_RESOLVE
810kjiezmb.com # NO_RESOLVE
813p82rlwcd86pk.filonl.ru # TOO_MANY_DIGITS (7)
8230.host # TOO_MANY_DIGITS (4)
82w065asmb.com # TOO_MANY_DIGITS (5)
82xch.biz # NO_RESOLVE
83detsad.ru # NO_RESOLVE
83school.online # NO_RESOLVE
83school.ru # NO_RESOLVE
8461.uno # TOO_MANY_DIGITS (4)
8545.live # TOO_MANY_DIGITS (4)
8545.top # TOO_MANY_DIGITS (4)
87.com # NO_RESOLVE
881903.com # TOO_MANY_DIGITS (6)
887-1x.com # TOO_MANY_DIGITS (4)
88bong.club # NO_RESOLVE
8bc4d4b67104387641c76c04a23f6690.mararus.com # TOO_MANY_DIGITS (24)
8cap.online # NO_RESOLVE
8dou.ru # NO_RESOLVE
8j7m3ul.top # NO_RESOLVE
8laki.com # NO_RESOLVE
8smirror-1c.com # NO_RESOLVE
9020.live # TOO_MANY_DIGITS (4)
90288.amarkets.company # TOO_MANY_DIGITS (5)
9093.ru # TOO_MANY_DIGITS (4)
910960.ru # TOO_MANY_DIGITS (6)
911-checks.com # NO_RESOLVE
911-sat.ru # NO_RESOLVE
91loli8.com # NO_RESOLVE
925-35-68.ru # TOO_MANY_DIGITS (7)
9258f2.myshopify.com # TOO_MANY_DIGITS (5)
92oiy4yps51xmst.com # TOO_MANY_DIGITS (5)
93sad.ru # NO_RESOLVE
93shkola.online # NO_RESOLVE
9407573.ru # TOO_MANY_DIGITS (7)
944z7awimb.com # TOO_MANY_DIGITS (4)
94procenta.ru # NO_RESOLVE
9545.live # TOO_MANY_DIGITS (4)
9590.org # TOO_MANY_DIGITS (4)
96-forvard.ru # NO_RESOLVE
9801.amarkets.company # TOO_MANY_DIGITS (4)
9820.ru # TOO_MANY_DIGITS (4)
987654.biz # TOO_MANY_DIGITS (6)
9950909.ru # TOO_MANY_DIGITS (7)
9e-maya.com # NO_RESOLVE
9laki.com # NO_RESOLVE
9porno365.biz # TOO_MANY_DIGITS (4)
9soclift.online # NO_RESOLVE
9videos.tv # NO_RESOLVE
a-3studio.ru # NO_RESOLVE
a-a63.ru # NO_RESOLVE
a-agent.ru # NO_RESOLVE
a-boom.net # NO_RESOLVE
a-era.ru # NO_RESOLVE
a-m-o.pro # NO_RESOLVE
a-moretti.ru # NO_RESOLVE
a-putin--huilo-2025.krym-eto-ukraina.mywire.org # TOO_MANY_DIGITS (4)
a-pvp-gashish.online # NO_RESOLVE
a-pvp-mdma.online # NO_RESOLVE
a-r-d.shop # NO_RESOLVE
a-srbs-fe18.com # NO_RESOLVE
a.chek-dom-1.site # NO_RESOLVE
a.chek-dom-2.site # NO_RESOLVE
a.chek-dom.site # NO_RESOLVE
a.eterna.sbs # NO_RESOLVE
a.filmqwq.online # NO_RESOLVE
a.firebro.top # NO_RESOLVE
a.kazakhskoe-porno.com # NO_RESOLVE
a.marketshkur.com # NO_RESOLVE
a.nb-volgograd.net # NO_RESOLVE
a.parkerlabs.tech # NO_RESOLVE
a.protorrent.fun # NO_RESOLVE
a.qazashki.cc # NO_RESOLVE
a.rynokshkur.com # NO_RESOLVE
a.rynokshkur.info # NO_RESOLVE
a.sexy-chelny.top # NO_RESOLVE
a.sexy-ul.top # NO_RESOLVE
a.sexy-ulan.top # NO_RESOLVE
a.sexyastrakhan.top # NO_RESOLVE
a.sexybarnaul.top # NO_RESOLVE
a.sexychel.top # NO_RESOLVE
a.sexychita.top # NO_RESOLVE
a.sexyirkutsk.top # NO_RESOLVE
a.sexykaliningrad.top # NO_RESOLVE
a.sexykemerovo.top # NO_RESOLVE
a.sexykhab.top # NO_RESOLVE
a.sexykirov.top # NO_RESOLVE
a.sexykursk.top # NO_RESOLVE
a.sexykzn.top # NO_RESOLVE
a.sexylipeck.top # NO_RESOLVE
a.sexymagnitogorsk.top # NO_RESOLVE
a.sexyperm.top # NO_RESOLVE
a.sexypyatigorsk.top # NO_RESOLVE
a.sexysamara.top # NO_RESOLVE
a.sexysevastopol.top # NO_RESOLVE
a.sexysmolensk.top # NO_RESOLVE
a.sexysochi.top # NO_RESOLVE
a.sexytomsk.top # NO_RESOLVE
a.sexyvladimir.top # NO_RESOLVE
a.sexyvladivostok.top # NO_RESOLVE
a.sexyvolgograd.top # NO_RESOLVE
a.sexyvoroneg.top # NO_RESOLVE
a.sexyyalta.top # NO_RESOLVE
a.stopfilms.info # NO_RESOLVE
a.tajikskoe-porno.cc # NO_RESOLVE
a.transy-msk.org # NO_RESOLVE
a.transy-msk.xyz # NO_RESOLVE
a.transymoskvy5555.com # TOO_MANY_DIGITS (4)
a01.herrutor.site # NO_RESOLVE
a02.herrutor.site # NO_RESOLVE
a03.herrutor.site # NO_RESOLVE
a0322.a-markets.org # TOO_MANY_DIGITS (4)
a04.herrutor.site # NO_RESOLVE
a05.herrutor.site # NO_RESOLVE
a06.herrutor.site # NO_RESOLVE
a07.herrutor.site # NO_RESOLVE
a0724.amarkets.group # TOO_MANY_DIGITS (4)
a08.herrutor.site # NO_RESOLVE
a0817.amarkets.group # TOO_MANY_DIGITS (4)
a0826.a-markets.org # TOO_MANY_DIGITS (4)
a09.herrutor.site # NO_RESOLVE
a0913.a-markets.org # TOO_MANY_DIGITS (4)
a1.herrutor.site # NO_RESOLVE
a1.rbook.me # NO_RESOLVE
a1.seriyahd.cyou # NO_RESOLVE
a1005.a-markets.org # TOO_MANY_DIGITS (4)
a101.animevost.top # NO_RESOLVE
a1019.a-markets.org # TOO_MANY_DIGITS (4)
a102.animevost.top # NO_RESOLVE
a1020.a-markets.biz # TOO_MANY_DIGITS (4)
a109.ru # NO_RESOLVE
a1dentistry.ru # NO_RESOLVE
a1service.su # NO_RESOLVE
a2.herrutor.site # NO_RESOLVE
a2000greetings.com # TOO_MANY_DIGITS (4)
a25.teco24.my # TOO_MANY_DIGITS (4)
a2506.3shizashop.ru # TOO_MANY_DIGITS (5)
a2market.io # NO_RESOLVE
a2zmillennium.com # NO_RESOLVE
a3.herrutor.site # NO_RESOLVE
a3.tytgay1.xyz # NO_RESOLVE
a366.ru # NO_RESOLVE
a3artplau.com # NO_RESOLVE
a3detailing.ru # NO_RESOLVE
a3erf.com # NO_RESOLVE
a3market.ru # NO_RESOLVE
a4.animevost.top # NO_RESOLVE
a4.herrutor.site # NO_RESOLVE
a4anetwork.com # NO_RESOLVE
a5.herrutor.site # NO_RESOLVE
a5ebc4b2f6fa06ab308f18c1bb9c5a4c.mararus.com # TOO_MANY_DIGITS (15)
a6.herrutor.site # NO_RESOLVE
a7.herrutor.site # NO_RESOLVE
a8.herrutor.site # NO_RESOLVE
a9.herrutor.site # NO_RESOLVE
a97aby.com # NO_RESOLVE
aa.stopfilms.info # NO_RESOLVE
aa02.herrutor.site # NO_RESOLVE
aa03.herrutor.site # NO_RESOLVE
aa04.herrutor.site # NO_RESOLVE
aa05.herrutor.site # NO_RESOLVE
aa06.herrutor.site # NO_RESOLVE
aa07.herrutor.site # NO_RESOLVE
aa08.herrutor.site # NO_RESOLVE
aa09.herrutor.site # NO_RESOLVE
aa10.herrutor.site # NO_RESOLVE
aa11.herrutor.site # NO_RESOLVE
aa12.herrutor.site # NO_RESOLVE
aa13.herrutor.site # NO_RESOLVE
aa14.herrutor.site # NO_RESOLVE
aa15.herrutor.site # NO_RESOLVE
aa16.herrutor.site # NO_RESOLVE
aa17.herrutor.site # NO_RESOLVE
aa18.herrutor.site # NO_RESOLVE
aa19.herrutor.site # NO_RESOLVE
aa20.herrutor.site # NO_RESOLVE
aa21.herrutor.site # NO_RESOLVE
aa22.herrutor.site # NO_RESOLVE
aa23.herrutor.site # NO_RESOLVE
aa24.biz # NO_RESOLVE
aaa.anilibria.sbs # NO_RESOLVE
aaa.top-sofosbuvir2.ru # NO_RESOLVE
aab.top-sofosbuvir1.ru # NO_RESOLVE
aab.top-sofosbuvir2.ru # NO_RESOLVE
aac.top-sofosbuvir1.ru # NO_RESOLVE
aad.top-sofosbuvir1.ru # NO_RESOLVE
aad.top-sofosbuvir2.ru # NO_RESOLVE
aae.top-sofosbuvir1.ru # NO_RESOLVE
aae.top-sofosbuvir2.ru # NO_RESOLVE
aaeak.com # NO_RESOLVE
aaeaonline.org # NO_RESOLVE
aaf.top-sofosbuvir1.ru # NO_RESOLVE
aaf.top-sofosbuvir2.ru # NO_RESOLVE
aag-trd.com # NO_RESOLVE
aag.top-sofosbuvir2.ru # NO_RESOLVE
aagacusub.info # NO_RESOLVE
aagacusub.net # NO_RESOLVE
aahung.org # NO_RESOLVE
aaj.top-sofosbuvir2.ru # NO_RESOLVE
aak.top-sofosbuvir2.ru # NO_RESOLVE
aarcae.com # NO_RESOLVE
aav66.su # NO_RESOLVE
ab.indatab.org # NO_RESOLVE
ab.transy-msk.xyz # NO_RESOLVE
abarbaris.ru # NO_RESOLVE
abaz-servis.kiev.ua # TLD_UA
abaza.davaipokurim.online # NO_RESOLVE
abaza.isuzu-altai.ru # NO_RESOLVE
abaza.kolpino170.ru # NO_RESOLVE
abb08234.piped.pages.dev # TOO_MANY_DIGITS (5)
abbabusiness.org # NO_RESOLVE
abc.logovohd.online # NO_RESOLVE
abc.transy-msk.xyz # NO_RESOLVE
abcd.transy-msk.xyz # NO_RESOLVE
abcdmaison.fr # NO_RESOLVE
abcorepro.com # NO_RESOLVE
abdulino.bfrea.ru # NO_RESOLVE
abdulino.borkovdetdom.ru # NO_RESOLVE
abdulino.courses4.ru # NO_RESOLVE
abdulino.detishmeti.ru # NO_RESOLVE
abdulino.filarmoniyatula.ru # NO_RESOLVE
abdulino.inform-t.ru # NO_RESOLVE
abdulino.internat108.ru # NO_RESOLVE
abesqueltd.com # NO_RESOLVE
abigailnotabby.com # NO_RESOLVE
abiks.su # NO_RESOLVE
abinsk.zdes-shkola7.ru # NO_RESOLVE
aboutfoursquare.ru # NO_RESOLVE
aboutpixel.de # NO_RESOLVE
abracadabrashop.biz.24rc.lol # NO_RESOLVE
abritec-metrix.com # NO_RESOLVE
abs8192.dreamwidth.org # TOO_MANY_DIGITS (4)
absoljutnyj-hischnik-2025.swezhak.su # TOO_MANY_DIGITS (4)
abundanciailimitada.online # NO_RESOLVE
abv-ekat.ru # NO_RESOLVE
abvgdeyka-club.ru # NO_RESOLVE
abvstudio.ru # NO_RESOLVE
ac-barnaul.ru # NO_RESOLVE
ac-lomonosov.ru # NO_RESOLVE
ac-motoren-russia.ru # NO_RESOLVE
ac.stopfilms.info # NO_RESOLVE
academicset.com.ua # TLD_UA
academy-at.ru # NO_RESOLVE
academyco.ru # NO_RESOLVE
academycyber.ru # NO_RESOLVE
acat-latona.com.ua # TLD_UA
acc.cv.ua # TLD_UA
acc0402.a-markets.org # TOO_MANY_DIGITS (4)
acc0830.a-markets.org # TOO_MANY_DIGITS (4)
acc0921.a-markets.org # TOO_MANY_DIGITS (4)
acc1004.a-markets.org # TOO_MANY_DIGITS (4)
acc1010.a-markets.org # TOO_MANY_DIGITS (4)
acc1017.a-markets.org # TOO_MANY_DIGITS (4)
acc2020.a-markets.org # TOO_MANY_DIGITS (4)
accessbenefitltd.com # NO_RESOLVE
accessiblejourneys.ca # NO_RESOLVE
acciondemocratica.org # NO_RESOLVE
accords-land.ru # NO_RESOLVE
accordtt.ru # NO_RESOLVE
accruebrokerlimited.com # NO_RESOLVE
accurewealth.org # NO_RESOLVE
aceassetlimiteds.com # NO_RESOLVE
acefinanceinv.com # NO_RESOLVE
acemepros.com # NO_RESOLVE
acerium.ru # NO_RESOLVE
acetuk-travel.com # NO_RESOLVE
acevesti.com # NO_RESOLVE
acgotang.com # NO_RESOLVE
acharaa.com # NO_RESOLVE
achat4kamas.com # NO_RESOLVE
achitov.ru # NO_RESOLVE
acorn-holdings.com # NO_RESOLVE
acos-wfl.co # NO_RESOLVE
acparadise.com # NO_RESOLVE
acpmine.com # NO_RESOLVE
acrossystem.com # NO_RESOLVE
acstravel.online # NO_RESOLVE
acstravel.ru # NO_RESOLVE
actbio.ru # NO_RESOLVE
actingstudio.ru # NO_RESOLVE
activos-chainzolplatform.com # NO_RESOLVE
activoschainzol-platform.com # NO_RESOLVE
activpn.com # NO_RESOLVE
actualcleaning.ru # NO_RESOLVE
aczonesystem30.net # NO_RESOLVE
ad-box.ru # NO_RESOLVE
ad.stopfilms.info # NO_RESOLVE
adamant-football.ru # NO_RESOLVE
adaptometriya.ru # NO_RESOLVE
adb.lodr.buzz # NO_RESOLVE
adcats.ru # NO_RESOLVE
add.mwqfilm.buzz # NO_RESOLVE
addex.cc # NO_RESOLVE
adelco24.ru # NO_RESOLVE
adeliabonar.ru # NO_RESOLVE
adguard-vpn-help.com # NO_RESOLVE
adguard-vpnx.help # NO_RESOLVE
adguard-vpnxy.help # NO_RESOLVE
adguardvpn.app # NO_RESOLVE
adguardvpnru.biz # NO_RESOLVE
adobe.ipp # NO_RESOLVE
adobe.newoa # NO_RESOLVE
adobe.ntp # NO_RESOLVE
adobedtm.com # NO_RESOLVE
adobeereg.com # NO_RESOLVE
adobegenuine.com # NO_RESOLVE
adobejanus.com # NO_RESOLVE
adoptgrab.com # NO_RESOLVE
adrenalin-mlt.ru # NO_RESOLVE
adskij-uchitel-nubje-2025.jut-su1.art # TOO_MANY_DIGITS (5)
adultphotomix.com # NO_RESOLVE
adultvids.fun # NO_RESOLVE
adv-arena.online # NO_RESOLVE
adv-latipov.ru # NO_RESOLVE
advancedfusions.net # NO_RESOLVE
advancewomen.org # NO_RESOLVE
adventist.in.ua # TLD_UA
adventure-league-scb.ru # NO_RESOLVE
adveq.ru # NO_RESOLVE
advertclick.net # NO_RESOLVE
advest365.com # NO_RESOLVE
advicebutton.com # NO_RESOLVE
advotarius.ru # NO_RESOLVE
adygeisk.bashgimn9.ru # NO_RESOLVE
adzen.ru # NO_RESOLVE
ae.stopfilms.info # NO_RESOLVE
aec.gov.tw # NO_RESOLVE
aecrussia.ru # NO_RESOLVE
aede.ru # NO_RESOLVE
aediah.org # NO_RESOLVE
aegisvpn.help # NO_RESOLVE
aegisvpn.info # NO_RESOLVE
aeonasset.net # NO_RESOLVE
aere-luxeron.net # NO_RESOLVE
aero-photo.ru # NO_RESOLVE
aeroclub56.ru # NO_RESOLVE
aeroport-turkestan.ru # NO_RESOLVE
aerusauto.ru # NO_RESOLVE
aetheron-fluxis-9-3.com # NO_RESOLVE
af.mil # NO_RESOLVE
af.stopfilms.info # NO_RESOLVE
afaq-tr.org # NO_RESOLVE
afcpresident.com # NO_RESOLVE
afepec.org # NO_RESOLVE
aff3668b9.vplatinumonline.net # TOO_MANY_DIGITS (5)
aff5b6c52.vplatinumonline.net # TOO_MANY_DIGITS (4)
aff5c0b32.vplatinumonline.net # TOO_MANY_DIGITS (4)
affila-mark.co # NO_RESOLVE
affiliatemarketingpulse.com # NO_RESOLVE
affiliates.pinnacle.com # NO_RESOLVE
affiliationgrowth.com # NO_RESOLVE
affilinkshub.com # NO_RESOLVE
affluenceaura.com # NO_RESOLVE
afghanwarrior.com # NO_RESOLVE
afishakinosputnik.ru # NO_RESOLVE
afisharybinsk.ru # NO_RESOLVE
afkis-sakha.ru # NO_RESOLVE
afmarketstock.online # NO_RESOLVE
afmnsp.ru # NO_RESOLVE
afp.com # NO_RESOLVE
afpforum.com # NO_RESOLVE
africa.upenn.edu # NO_RESOLVE
africareview.com # NO_RESOLVE
aftershokz.com.ru # NO_RESOLVE
ag-home.ru # NO_RESOLVE
ag-tiksi.ru # NO_RESOLVE
ag.org.zw # NO_RESOLVE
ag.stopfilms.info # NO_RESOLVE
ag2trading.com # NO_RESOLVE
agarix.ru # NO_RESOLVE
agatetla.com # NO_RESOLVE
agedbitch.com # NO_RESOLVE
agences-exelia.fr # NO_RESOLVE
agenciamural.com.br # NO_RESOLVE
agencydw.xyz # NO_RESOLVE
agendadaily.com # NO_RESOLVE
agidel.naikborzov.ru # NO_RESOLVE
agilkan.ru # NO_RESOLVE
agiotrading.com # NO_RESOLVE
aglobal.org.ni # NO_RESOLVE
agonta.ru # NO_RESOLVE
agora.uol.com.br # NO_RESOLVE
agosdip.ru # NO_RESOLVE
agressor.com.ua # TLD_UA
agro-si.ru # NO_RESOLVE
agro07.ru # NO_RESOLVE
agro2022.ru # TOO_MANY_DIGITS (4)
agrobaltic-limited.com # NO_RESOLVE
agromax-bio.ru # NO_RESOLVE
agronews.ua # TLD_UA
agropcheloprom.com.ua # TLD_UA
agroportal.ru # NO_RESOLVE
agroportal.ua # TLD_UA
agropro.club # NO_RESOLVE
agroresopt.ru # NO_RESOLVE
agrosbiz.ru # NO_RESOLVE
agrosmart.com.ua # TLD_UA
agrotechpro.ru # NO_RESOLVE
agrotecnica.ru # NO_RESOLVE
agroturismo.ru # NO_RESOLVE
agroxperia.ru # NO_RESOLVE
agryz.san-shahtar.ru # NO_RESOLVE
agy-teks.ru # NO_RESOLVE
ahcrb.ru # NO_RESOLVE
ahentaiz.net # NO_RESOLVE
ahlualhaq.com # NO_RESOLVE
ahri-gallery-20250322.top # TOO_MANY_DIGITS (8)
ahvalnews.com # NO_RESOLVE
aiagentsyes.com # NO_RESOLVE
aiandclimate.click # NO_RESOLVE
aibbroker.ru # NO_RESOLVE
aibidsmtxr.digital # NO_RESOLVE
aibynonline.kz # NO_RESOLVE
aicatchall.com # NO_RESOLVE
aiconpro.ru # NO_RESOLVE
aideepvest.org # NO_RESOLVE
aids.ir # NO_RESOLVE
aifprint.ru # NO_RESOLVE
aigle-insightstream-solution.com # NO_RESOLVE
aiinnovation.digital # NO_RESOLVE
aiki-center.ru # NO_RESOLVE
aikido12.ru # NO_RESOLVE
aikidovolgograd.ru # NO_RESOLVE
aimdirection.icu # NO_RESOLVE
ain.ua # TLD_UA
aincrad.su # NO_RESOLVE
aincradpvp.ru # NO_RESOLVE
ainftgenerator.site # NO_RESOLVE
aipet.kz # NO_RESOLVE
aiprovest.com # NO_RESOLVE
air-up.com.ua # TLD_UA
airobot88.com # NO_RESOLVE
ais-sp.ru # NO_RESOLVE
aist-print.ru # NO_RESOLVE
aistake.shop # NO_RESOLVE
ait-tt.ru # NO_RESOLVE
aitishkin.ru # NO_RESOLVE
aivontrixen-app.com # NO_RESOLVE
aixaminer.org # NO_RESOLVE
aiyadesignframework.ru # NO_RESOLVE
aja.com.pe # NO_RESOLVE
ajajas.one # NO_RESOLVE
ajajas.top # NO_RESOLVE
ajapanstudio.ru # NO_RESOLVE
ak-2000.ru # TOO_MANY_DIGITS (4)
ak-luchezarny.ru # NO_RESOLVE
ak.hdtvfilm.site # NO_RESOLVE
akame-ga-kiru-jut.su # NO_RESOLVE
akcentivmebel.ru # NO_RESOLVE
akcentu2.com # NO_RESOLVE
akcenty.com.ua # TLD_UA
akhbarek.com # NO_RESOLVE
akhz.com.ua # TLD_UA
aki-i-sora-2009.kami-animego.store # TOO_MANY_DIGITS (4)
akimkomtheatre.com # NO_RESOLVE
akkauntvk.ru # NO_RESOLVE
akkred-med.ru # NO_RESOLVE
akkreditaciya-medrabotnikov.ru # NO_RESOLVE
aknig.net # NO_RESOLVE
aknizhka.com # NO_RESOLVE
akra-city.ru # NO_RESOLVE
akseluxerise.com # NO_RESOLVE
aktau-online.kz # NO_RESOLVE
aktivasarnix-soft.com # NO_RESOLVE
aktmuzdshi.ru # NO_RESOLVE
akula24rc.biz # NO_RESOLVE
akva-bot.ru # NO_RESOLVE
akvabor.ru # NO_RESOLVE
akvalang.ua # TLD_UA
akvass.ru # NO_RESOLVE
akyla-ikea.ru # NO_RESOLVE
akyloffleak.ru # NO_RESOLVE
akzent.zp.ua # TLD_UA
al-impics.org # NO_RESOLVE
al-shia.blog.ir # NO_RESOLVE
al.seriyahd.cyou # NO_RESOLVE
ala7rarq8.com # NO_RESOLVE
alaan.fm # NO_RESOLVE
alaba.op.ua # TLD_UA
alagir.orchidblues.ru # NO_RESOLVE
alagir.xboxelite.ru # NO_RESOLVE
alaracure.net # NO_RESOLVE
alatyr.rena-moskva.online # NO_RESOLVE
alazmina.com # NO_RESOLVE
albathagroupltd.com # NO_RESOLVE
albrhan.org # NO_RESOLVE
alchemyxmarkets.com # NO_RESOLVE
alco-korobbka.com.ua # TLD_UA
alcomag.ua # TLD_UA
alcoshop.ua # TLD_UA
aldeiagaulesa.net # NO_RESOLVE
aldmistroy.ru # NO_RESOLVE
aldobarbers.ru # NO_RESOLVE
alefstartup.com.ua # TLD_UA
alegrand-salon.ru # NO_RESOLVE
aleisk.chir-unvd.ru # NO_RESOLVE
alejandraroque.xyz # NO_RESOLVE
aleks-klin.ru # NO_RESOLVE
aleksa39.ru # NO_RESOLVE
aleksander-avtoshkola.com # NO_RESOLVE
aleksandrinskiyteatr.ru # NO_RESOLVE
alekseynesterov.ru # NO_RESOLVE
alekso.ru # NO_RESOLVE
alen-leks.ru # NO_RESOLVE
aleoranumely.com # NO_RESOLVE
aletejahtv.com # NO_RESOLVE
alevelclub.online # NO_RESOLVE
alevgroup.ru # NO_RESOLVE
alex-lesly.ru # NO_RESOLVE
alexbrey.com.ua # TLD_UA
alexmed2016.ru # TOO_MANY_DIGITS (4)
alexoffshorecompany.com # NO_RESOLVE
alexshah.ru # NO_RESOLVE
alexsports.site # NO_RESOLVE
alfa-foto.ru # NO_RESOLVE
alfa-plus.su # NO_RESOLVE
alfa-sport22.ru # NO_RESOLVE
alfa.nicotinka.com # NO_RESOLVE
alfaautosochi.ru # NO_RESOLVE
alfait-company.online # NO_RESOLVE
alfait-company.ru # NO_RESOLVE
algerie-immobilier.com # NO_RESOLVE
algobitmarket.com # NO_RESOLVE
algometricexperts.org # NO_RESOLVE
algomhuria.net.eg # NO_RESOLVE
algosoneai.net # NO_RESOLVE
alhayat.com # NO_RESOLVE
alhimiadushi.online # NO_RESOLVE
alibaba-tw.com # NO_RESOLVE
alice-vpn.com # NO_RESOLVE
aliensoft.ru # NO_RESOLVE
alienx24.biz # NO_RESOLVE
aliez.me # NO_RESOLVE
alifailaan.pk # NO_RESOLVE
alina-alushta.ru # NO_RESOLVE
alintibaha.net # NO_RESOLVE
alirada.tn # NO_RESOLVE
alisina.org # NO_RESOLVE
aljarida.com.tn # NO_RESOLVE
alkilapp.com # NO_RESOLVE
alko-scherbinka.at.ua # TLD_UA
alkobar-5555-omsk.site # TOO_MANY_DIGITS (4)
alkobar-55555-omsk.site # TOO_MANY_DIGITS (5)
alkogol-omsk.online # NO_RESOLVE
all-anekdoty.ru # NO_RESOLVE
all-freefilms.art # NO_RESOLVE
all-freefilms.blog # NO_RESOLVE
all-freefilms.info # NO_RESOLVE
all-freefilms.space # NO_RESOLVE
all-freefilms.website # NO_RESOLVE
all-lego.online # NO_RESOLVE
all-pigments-shop.ru # NO_RESOLVE
all-testi.online # NO_RESOLVE
all-xxx-videos.com # NO_RESOLVE
all.hdkinolife.store # NO_RESOLVE
all.seriyahd.cyou # NO_RESOLVE
all4webmaster.online # NO_RESOLVE
all4webmaster.ru # NO_RESOLVE
allactionhost.com # NO_RESOLVE
allada-cat.ru # NO_RESOLVE
allarvestgrowth.com # NO_RESOLVE
allasochi.ru # NO_RESOLVE
allbookslib.com # NO_RESOLVE
allcostumes.ru # NO_RESOLVE
allcourses.club # NO_RESOLVE
alldoorpress.ru # NO_RESOLVE
allepizode.com # NO_RESOLVE
allergy.org.ua # TLD_UA
allfitnes.ru # NO_RESOLVE
allforlo.com # NO_RESOLVE
allfoundxbrightlights.com # NO_RESOLVE
allgayxxx.cc # NO_RESOLVE
allgemeingpowervault.org # NO_RESOLVE
allgoroskopy.ru # NO_RESOLVE
allhema.ru # NO_RESOLVE
alliance56.online # NO_RESOLVE
alliance56.ru # NO_RESOLVE
allianceberns.com # NO_RESOLVE
alliancebuild.site # NO_RESOLVE
alliancecoop.ru # NO_RESOLVE
alliancelegacytrading.com # NO_RESOLVE
alljapanesepass.com # NO_RESOLVE
allkharkov.ua # TLD_UA
allkuznetsk.ru # NO_RESOLVE
alllandscape.pp.ua # TLD_UA
allmedtech.ru # NO_RESOLVE
allnumerology.ru # NO_RESOLVE
alloha.filmoteka.mom # NO_RESOLVE
allomovies.com # NO_RESOLVE
allow24-m10.com # TOO_MANY_DIGITS (4)
allow24-m11.com # TOO_MANY_DIGITS (4)
allow24-m7.com # NO_RESOLVE
allportalonline.com # NO_RESOLVE
allpozitive.ru # NO_RESOLVE
allruvent.ru # NO_RESOLVE
allspacetf.com # NO_RESOLVE
allstar-russia.ru # NO_RESOLVE
allswift-finance.com # NO_RESOLVE
alltir.info # NO_RESOLVE
alltradinggroup.com # NO_RESOLVE
allvent.net # NO_RESOLVE
almarcfinancegroup.com # NO_RESOLVE
almarsson.com # NO_RESOLVE
almaz.in.ua # TLD_UA
almaz.klad.cc # NO_RESOLVE
almaz.live # NO_RESOLVE
almazstroy-77.ru # NO_RESOLVE
almesryoon.com # NO_RESOLVE
almzrb.ru # NO_RESOLVE
alnit.ru # NO_RESOLVE
alny11.site # NO_RESOLVE
alny14.site # NO_RESOLVE
alomarket24-365.ru # TOO_MANY_DIGITS (5)
aloundici.com # NO_RESOLVE
alpacino-pizza.ru # NO_RESOLVE
alpalsignal.com # NO_RESOLVE
alpari-cdn.com # NO_RESOLVE
alparicomp.org # NO_RESOLVE
alparirusforex.com # NO_RESOLVE
alpatrexco.com # NO_RESOLVE
alpbitprosoftware.com # NO_RESOLVE
alpbitprosystem.com # NO_RESOLVE
alpha-trex.com # NO_RESOLVE
alpha24pro.com # NO_RESOLVE
alphaassethodl.com # NO_RESOLVE
alphadexchain.com # NO_RESOLVE
alphafalconfirm.com # NO_RESOLVE
alphafluxgh.com # NO_RESOLVE
alphafunlegacy.com # NO_RESOLVE
alphamaestros.com # NO_RESOLVE
alphamarketzone.org # NO_RESOLVE
alphamask-ai.com # NO_RESOLVE
alphamines.com # NO_RESOLVE
alphamongers.com # NO_RESOLVE
alphaprocoinbot.com # NO_RESOLVE
alpharion-matrix-gpttech.com # NO_RESOLVE
alphasolutionltd.com # NO_RESOLVE
alphatrendsmarket.com # NO_RESOLVE
alpherbrokers.com # NO_RESOLVE
alphixmine.com # NO_RESOLVE
alpinamebel-spb.ru # NO_RESOLVE
alrhajigroup.com # NO_RESOLVE
alsharqtimes.com # NO_RESOLVE
alsver.ru # NO_RESOLVE
alt-rulo.co # NO_RESOLVE
altaakhipress.com # NO_RESOLVE
altaipivo.ru # NO_RESOLVE
altaqadomi.org # NO_RESOLVE
altarimagephoto.com # NO_RESOLVE
altaynews.kz # NO_RESOLVE
altcoins-digital.com # NO_RESOLVE
alternativa-sam.ru # NO_RESOLVE
alternativaexpert.ru # NO_RESOLVE
altex-line.ru # NO_RESOLVE
altimatepips.com # NO_RESOLVE
altimus-auto.ru # NO_RESOLVE
altinvescorp.com # NO_RESOLVE
altinzeptorax-app.com # NO_RESOLVE
altitradingltd.com # NO_RESOLVE
altivatrading.com # NO_RESOLVE
altocorevion.com # NO_RESOLVE
altrobit.org # NO_RESOLVE
altsminingllc.com # NO_RESOLVE
alturehoodholdings.com # NO_RESOLVE
altus-dex.com # NO_RESOLVE
altusmonvex-app.com # NO_RESOLVE
altxnxx.com # NO_RESOLVE
altxvideos.com # NO_RESOLVE
alumachainex-engine.com # NO_RESOLVE
alumlodki21.ru # NO_RESOLVE
alushta.volkswagen-p.ru # NO_RESOLVE
alvenza-branding.ru # NO_RESOLVE
alwafaairaq.org # NO_RESOLVE
alwatannews.tn # NO_RESOLVE
alzahraqa.com # NO_RESOLVE
am.slmag.ru # NO_RESOLVE
amadps.net # NO_RESOLVE
amahrov.ru # NO_RESOLVE
amakentravel.com # NO_RESOLVE
amakids-strogino.ru # NO_RESOLVE
amakings.com # NO_RESOLVE
amalgama-band.ru # NO_RESOLVE
amanjordan.org # NO_RESOLVE
amaol.online # NO_RESOLVE
amara.xn----7sbbas7adbh1ak4hek1gg.xn--p1ai # TOO_MANY_DIGITS (6)
amarantevostok.ru # NO_RESOLVE
amazonclimat.com # NO_RESOLVE
amazonplus.top # NO_RESOLVE
ambarshop.ru # NO_RESOLVE
amberdldu113970.tusblogos.com # TOO_MANY_DIGITS (6)
amberpermalko.ru # NO_RESOLVE
amberpub.ru # NO_RESOLVE
amberroom.rv.ua # TLD_UA
ambersgate.global # NO_RESOLVE
amchamvietnam.com # NO_RESOLVE
amda.com # NO_RESOLVE
americandad.biz # NO_RESOLVE
americanhorror.net # NO_RESOLVE
americanmovies.net # NO_RESOLVE
amfd-metropolenordest.fr # NO_RESOLVE
amfiona.ru # NO_RESOLVE
amias.com.ua # TLD_UA
amicidellesva.com # NO_RESOLVE
amigo-hotel.ru # NO_RESOLVE
amigo-olginka.ru # NO_RESOLVE
amigo-tours.com.ua # TLD_UA
amimono.ru # NO_RESOLVE
amin.org # NO_RESOLVE
amistom.ru # NO_RESOLVE
amjaawfqboyxobwg.a1g9l1r3x3oq.online # TOO_MANY_DIGITS (5)
amk1932.ru # TOO_MANY_DIGITS (4)
amma.org.ru # NO_RESOLVE
ammareuoc890960.kylieblog.com # TOO_MANY_DIGITS (6)
ammg24.biz # NO_RESOLVE
amnesty.org.ua # TLD_UA
amneziavpn.help # NO_RESOLVE
amneziavpn.net # NO_RESOLVE
amneziavpn.org # NO_RESOLVE
amneziavpnbot.help # NO_RESOLVE
amneziawg.ru # NO_RESOLVE
amneziawg.su # NO_RESOLVE
amocrm.com.ua # TLD_UA
amonash.ru # NO_RESOLVE
amore-pizza.com.ua # TLD_UA
amoret-club.ru # NO_RESOLVE
amoryfortaleza.org # NO_RESOLVE
amourduvin.ru # NO_RESOLVE
amp-1vodka-site.ru # NO_RESOLVE
amp-kent-1.ru # NO_RESOLVE
amp-kent-11.ru # NO_RESOLVE
amp-kent-2.ru # NO_RESOLVE
amp-kent-22.ru # NO_RESOLVE
amp-kent-3.ru # NO_RESOLVE
amp-kent-33.ru # NO_RESOLVE
amp-kent-4.ru # NO_RESOLVE
amp-kent-5.ru # NO_RESOLVE
amp-kent-55.ru # NO_RESOLVE
amp-kent-66.ru # NO_RESOLVE
amp-spark-delta.top # NO_RESOLVE
amp-vodyara112.ru # NO_RESOLVE
amp-vodyara412.ru # NO_RESOLVE
amp.fakty.ua # TLD_UA
amp1-vodkin.ru # NO_RESOLVE
amperkom.ru # NO_RESOLVE
ampf.org.ma # NO_RESOLVE
ampolla.ru # NO_RESOLVE
amran-hotel.ru # NO_RESOLVE
amrshadr.ru # NO_RESOLVE
ams21.ru # NO_RESOLVE
ams420.biz # NO_RESOLVE
amsterdam-2022.swezhak.su # TOO_MANY_DIGITS (4)
amtel-motors.ru # NO_RESOLVE
amurzona.com # NO_RESOLVE
amusementridesupplier.com # NO_RESOLVE
amzfootball.live # NO_RESOLVE
amztact.com # NO_RESOLVE
an-argument.ru # NO_RESOLVE
an-mygorod.ru # NO_RESOLVE
an-techno.ru # NO_RESOLVE
anal-gay.top # NO_RESOLVE
analitica.kiev.ua # TLD_UA
analiz-analizov.online # NO_RESOLVE
analizrf1.xyz # NO_RESOLVE
analporno.fans # NO_RESOLVE
analporno.lol # NO_RESOLVE
analporno112.com # NO_RESOLVE
analporno369.com # NO_RESOLVE
analporno369.net # NO_RESOLVE
analporno369.vip # NO_RESOLVE
analpornobaza.com # NO_RESOLVE
analyticsandfinancehub.com # NO_RESOLVE
analyzezone.icu # NO_RESOLVE
anapa-extrim.online # NO_RESOLVE
anapa-ray.ru # NO_RESOLVE
anapa360.ru # NO_RESOLVE
anarhyshop.vip # NO_RESOLVE
anastasia-lytkina.ru # NO_RESOLVE
anbao.com.sg # NO_RESOLVE
anche-design.ru # NO_RESOLVE
anchorcapitaequity.com # NO_RESOLVE
anchornestx.com # NO_RESOLVE
anchorxfinance.com # NO_RESOLVE
ancientcoin.ru # NO_RESOLVE
anddre.ru # NO_RESOLVE
andjustlikethat.ru # NO_RESOLVE
andreapol.rosprom-gov-ru.ru # NO_RESOLVE
andreevgorodok.ru # NO_RESOLVE
andrewbondar.ru # NO_RESOLVE
andrey.herrutor.site # NO_RESOLVE
andreyvoytenko.ru # NO_RESOLVE
andrfree.ru # NO_RESOLVE
android-apk-free.ru # NO_RESOLVE
android-vpn.top # NO_RESOLVE
android.dailydownloaded.com # NO_RESOLVE
androidphones.ru # NO_RESOLVE
andtv.ru # NO_RESOLVE
andycaldwell2020.com # TOO_MANY_DIGITS (4)
anedvizhimost.ru # NO_RESOLVE
anews.az # NO_RESOLVE
anfir70.ru # NO_RESOLVE
anfisavasileva.ru # NO_RESOLVE
angclub.ru # NO_RESOLVE
angelo-restaurant.ru # NO_RESOLVE
angl35.ru # NO_RESOLVE
anglens.ru # NO_RESOLVE
anhemdanchu.org # NO_RESOLVE
anhona.com # NO_RESOLVE
anicolect.ru # NO_RESOLVE
anicult.tv # NO_RESOLVE
anifn.online # NO_RESOLVE
anifound.click # NO_RESOLVE
anigen.ru # NO_RESOLVE
anikini.ru # NO_RESOLVE
animdor.ru # NO_RESOLVE
anime-romanticheskie.ru # NO_RESOLVE
anime-rorirorich.com # NO_RESOLVE
anime.animelinks.ru # NO_RESOLVE
anime.animespirit.ru # NO_RESOLVE
animebuffz.ru # NO_RESOLVE
animedia.life # NO_RESOLVE
animedia.site # NO_RESOLVE
animediaru.ru # NO_RESOLVE
animeee.ru # NO_RESOLVE
animego-1.top # NO_RESOLVE
animego-ami-damaru.store # NO_RESOLVE
animego-fehtovanie.ru # NO_RESOLVE
animego-geroi-odinochki.ru # NO_RESOLVE
animego-magicheskaya-bitva.ru # NO_RESOLVE
animego-uchitel-onitzuko.ru # NO_RESOLVE
animego-zagadki-i-tayni.ru # NO_RESOLVE
animego-zagadki-i-tayny.ru # NO_RESOLVE
animego.ink # NO_RESOLVE
animego.kim # NO_RESOLVE
animego.page # NO_RESOLVE
animegogor.ru # NO_RESOLVE
animekai.to # NO_RESOLVE
animelib.co # NO_RESOLVE
animelib.me # NO_RESOLVE
animelis.ru # NO_RESOLVE
animeonline.art # NO_RESOLVE
animesait.online # NO_RESOLVE
animesharkx.ru # NO_RESOLVE
animesharkz.ru # NO_RESOLVE
animeshka.online # NO_RESOLVE
animestars.lol # NO_RESOLVE
animestars.site # NO_RESOLVE
animetica.online # NO_RESOLVE
animetron.ru # NO_RESOLVE
animevost.tech # NO_RESOLVE
anisimovorc.ru # NO_RESOLVE
anistar.pro # NO_RESOLVE
anistar.world # NO_RESOLVE
anitorrents.online # NO_RESOLVE
anitype.fun # NO_RESOLVE
anitype.online # NO_RESOLVE
anitype.xyz # NO_RESOLVE
aniva.sfomgtu.ru # NO_RESOLVE
anixa.ru # NO_RESOLVE
anixartapp.com # NO_RESOLVE
ank.odessa.ua # TLD_UA
anker-spb.ru # NO_RESOLVE
anmemedia.online # NO_RESOLVE
annielister.com # NO_RESOLVE
announcerexpand.com # NO_RESOLVE
anocod.ru # NO_RESOLVE
anonfiles.com # NO_RESOLVE
anons33.ru # NO_RESOLVE
anonymity.com.ua # TLD_UA
anora-2024.swezhak.su # TOO_MANY_DIGITS (4)
anoukc.ru # NO_RESOLVE
anprivilegia.ru # NO_RESOLVE
anritoria.ru # NO_RESOLVE
anrorg.ru # NO_RESOLVE
antac.org.ua # TLD_UA
antago.at.ua # TLD_UA
antalya-life.ru # NO_RESOLVE
anteistroy.ru # NO_RESOLVE
antena.com.ua # TLD_UA
antenatv.shop # NO_RESOLVE
antifriz-hometv.net # NO_RESOLVE
antikor.com.ua # TLD_UA
antikor.ua # TLD_UA
antikorsnab.ru # NO_RESOLVE
antimafia.org # NO_RESOLVE
antimigalki.ltd # NO_RESOLVE
antimigalki.website # NO_RESOLVE
antinds24.ru # NO_RESOLVE
antiquegallery.com.ua # TLD_UA
antivrediteli.ru # NO_RESOLVE
antizapretvpn.info # NO_RESOLVE
antontuthelp.ru # NO_RESOLVE
antwerpen.com.ua # TLD_UA
antytila.ua # TLD_UA
anv10.website # NO_RESOLVE
anwap-free.icu # NO_RESOLVE
anwap.club # NO_RESOLVE
anwap.cool # NO_RESOLVE
anyarain.ru # NO_RESOLVE
anynet-vpn-s2q2a85.gamma.site # TOO_MANY_DIGITS (4)
anyongfresh.com # NO_RESOLVE
anzhero-sudzhensk.dedmoroz-na-zakaz.ru # NO_RESOLVE
anzocapltdivip.com # NO_RESOLVE
aok-anapa.ru # NO_RESOLVE
aonecoin-system.com # NO_RESOLVE
ap.max-platform.xyz # NO_RESOLVE
ap.offinfs.site # NO_RESOLVE
apachan.ru # NO_RESOLVE
apbestru.ru # NO_RESOLVE
apc.gov.tw # NO_RESOLVE
apcphoto.com # NO_RESOLVE
apdou-13.ru # NO_RESOLVE
apen.org.ni # NO_RESOLVE
apex-digitals.org # NO_RESOLVE
apex-proximal.com # NO_RESOLVE
apexaccord.net # NO_RESOLVE
apexbridgeinc.ltd # NO_RESOLVE
apexgainers.com # NO_RESOLVE
apexhedgemarkets.net # NO_RESOLVE
apexionminers.com # NO_RESOLVE
apexlivemarkets.net # NO_RESOLVE
apexnoxt.com # NO_RESOLVE
apexopts.com # NO_RESOLVE
apexpathportfolios.com # NO_RESOLVE
apexpulsetrds.com # NO_RESOLVE
apextradwaves.com # NO_RESOLVE
apexventuure.net # NO_RESOLVE
apexwave-inv.com # NO_RESOLVE
apftrde.com # NO_RESOLVE
aph.org.ua # TLD_UA
aphorism-citation.com # NO_RESOLVE
api.directory.signal.org # NO_RESOLVE
api.xn----7sbbas7adbh1ak4hek1gg.xn--p1ai # TOO_MANY_DIGITS (6)
apicecorebit.com # NO_RESOLVE
apiterapija.ru # NO_RESOLVE
aploaded.com # NO_RESOLVE
apornor.link # NO_RESOLVE
apostrophe.com.ua # TLD_UA
apostrophe.ua # TLD_UA
app.arbittroom.tech # NO_RESOLVE
app.argosclub.net # NO_RESOLVE
app.claystack.com # NO_RESOLVE
app.letstalk.com.ng # NO_RESOLVE
app.nomiagrouplimited.com # NO_RESOLVE
app.st-club.live # NO_RESOLVE
app.zcatt.net # NO_RESOLVE
appattest.apple.com # NO_RESOLVE
appexasset.com # NO_RESOLVE
apple-livephotoskit.com # NO_RESOLVE
apple-mapkit.com # NO_RESOLVE
applewave.ru # NO_RESOLVE
appliance-review.ru # NO_RESOLVE
apps-marketplace.apple.com # NO_RESOLVE
apps4b-demo.ru # NO_RESOLVE
apreal-samara.ru # NO_RESOLVE
apricot.com.ua # TLD_UA
april-trends.ru # NO_RESOLVE
aprilfire.ru # NO_RESOLVE
apservers.ru # NO_RESOLVE
apsheronsk.time-to-live.ru # NO_RESOLVE
aptlife.ru # NO_RESOLVE
apvpkolba.biz # NO_RESOLVE
apxnetwork.top # NO_RESOLVE
apzones.com # NO_RESOLVE
aqaedalshia.com # NO_RESOLVE
aqwevoiasdfkl.store # NO_RESOLVE
ar-bambino.ru # NO_RESOLVE
ar-var.ru # NO_RESOLVE
ar5999.craftum.io # TOO_MANY_DIGITS (4)
arabic.democracyfirstgroup.org # NO_RESOLVE
arabolivia.org # NO_RESOLVE
arabvid5.cyou # NO_RESOLVE
aramaic-dem.org # NO_RESOLVE
arbitragenest.com # NO_RESOLVE
arbittroom.tech # NO_RESOLVE
arbivise-engine.com # NO_RESOLVE
arborizaxs.ru # NO_RESOLVE
arbuzova10.ru # NO_RESOLVE
arc-pro.ru # NO_RESOLVE
arcadia-mebel.ru # NO_RESOLVE
arcadiasochi.ru # NO_RESOLVE
arcanemint.com # NO_RESOLVE
archangelskoe2022.ru # TOO_MANY_DIGITS (4)
archbend.icu # NO_RESOLVE
archglade.icu # NO_RESOLVE
archicharm.ru # NO_RESOLVE
archigroup1966.com # TOO_MANY_DIGITS (4)
archiora.icu # NO_RESOLVE
archivohot.com # NO_RESOLVE
archlure.icu # NO_RESOLVE
archunity.icu # NO_RESOLVE
archvault.icu # NO_RESOLVE
arcosrockincountryoutdoors.com # NO_RESOLVE
ardatovcrb.ru # NO_RESOLVE
arder.co.kr # NO_RESOLVE
ardic-dev.cc # NO_RESOLVE
ardiz-school.ru # NO_RESOLVE
ardon.rosprom-gov-ru.ru # NO_RESOLVE
arefino-kdk.ru # NO_RESOLVE
aremi.studio # NO_RESOLVE
arenaekb.ru # NO_RESOLVE
arenda-contacts.ru # NO_RESOLVE
arenda-samoleta.com.ua # TLD_UA
arenda118.ru # NO_RESOLVE
arendayugansk.ru # NO_RESOLVE
arenebi.com # NO_RESOLVE
argun.gimnasia-pushchino.ru # NO_RESOLVE
argun.vitamin-life.online # NO_RESOLVE
arhangelsk.daizakurit.ru # NO_RESOLVE
arheologoterapia.ru # NO_RESOLVE
arhimag.cc # NO_RESOLVE
arhivporno.fans # NO_RESOLVE
arhivporno.net # NO_RESOLVE
arhondula.ru # NO_RESOLVE
arhscan.ru # NO_RESOLVE
arhyz-guide.ru # NO_RESOLVE
ariel247.biz.24rc.lol # TOO_MANY_DIGITS (5)
arielsystem.pro # NO_RESOLVE
arirang.dprkorea.com # NO_RESOLVE
ariskstar.ru # NO_RESOLVE
aristata.biz # NO_RESOLVE
aristocratclub.ru # NO_RESOLVE
arki-lab.ru # NO_RESOLVE
arm-komposit.ru # NO_RESOLVE
armavirmdou12.ru # NO_RESOLVE
armavirsma.ru # NO_RESOLVE
armdou58.ru # NO_RESOLVE
armenia-borzya.ru # NO_RESOLVE
armenian-porn.cc # NO_RESOLVE
armina24.ru # NO_RESOLVE
armru.ru # NO_RESOLVE
armsport09.ru # NO_RESOLVE
army.mil # NO_RESOLVE
armyfm.com.ua # TLD_UA
armyinform.com.ua # TLD_UA
armysos.com.ua # TLD_UA
armyua.com.ua # TLD_UA
arnault-fundwix.net # NO_RESOLVE
aromafior.ru # NO_RESOLVE
aromatspice.online # NO_RESOLVE
aromatspice.ru # NO_RESOLVE
aromazdrav.ru # NO_RESOLVE
aronkix.com # NO_RESOLVE
aroundtowncities.com # NO_RESOLVE
arrakmia.com # NO_RESOLVE
arrivarossiya.ru # NO_RESOLVE
arrowtradify.info # NO_RESOLVE
ars-com.ru # NO_RESOLVE
arsenal-school.ru # NO_RESOLVE
arsteklo.ru # NO_RESOLVE
art-01.ru # NO_RESOLVE
art-akulovo.ru # NO_RESOLVE
art-etud.online # NO_RESOLVE
art-expertise-spb.ru # NO_RESOLVE
art-gala.ru # NO_RESOLVE
art-jalousie.ru # NO_RESOLVE
art-nov.ru # NO_RESOLVE
art-proekt.su # NO_RESOLVE
art-rooms.org # NO_RESOLVE
art-ulyanovsk.ru # NO_RESOLVE
art-yoga-place.ru # NO_RESOLVE
artc.top # NO_RESOLVE
artcafe89.ru # NO_RESOLVE
artcombat.ru # NO_RESOLVE
artcommunity.pro # NO_RESOLVE
artdvir.org # NO_RESOLVE
artemedica.ru # NO_RESOLVE
arternetwrk2024.com # TOO_MANY_DIGITS (4)
artexpo2016.com # TOO_MANY_DIGITS (4)
artfresh-studio.ru # NO_RESOLVE
artist-mag.ru # NO_RESOLVE
artist-oil.ru # NO_RESOLVE
artisticbook.ru # NO_RESOLVE
artlocstudio.ru # NO_RESOLVE
artmaker.su # NO_RESOLVE
artoanime.ru # NO_RESOLVE
artofmovement.ru # NO_RESOLVE
artofsystems.ru # NO_RESOLVE
artplace-tvorcheskaya-masterskaya.ru # NO_RESOLVE
artproekttim.ru # NO_RESOLVE
artrender.icu # NO_RESOLVE
artshapes.ru # NO_RESOLVE
artspace.id # NO_RESOLVE
arttravelblog.ru # NO_RESOLVE
artwoodproject.ru # NO_RESOLVE
arvietrusts.com # NO_RESOLVE
arvo-bitron.net # NO_RESOLVE
arvyx-fund.net # NO_RESOLVE
arxangelsk.vipster.net # NO_RESOLVE
as-dv.com # NO_RESOLVE
asafilm2.xyz # NO_RESOLVE
asambleanacional.gob.ve # NO_RESOLVE
asap.com.tw # NO_RESOLVE
asballstar.ru # NO_RESOLVE
asboffice.ru # NO_RESOLVE
asbro.ru # NO_RESOLVE
ascendtechminning.com # NO_RESOLVE
ascensofinviora.com # NO_RESOLVE
ascesafinport.com # NO_RESOLVE
asfundz.com # NO_RESOLVE
ashingtoninstitute.org # NO_RESOLVE
ashywash.com # NO_RESOLVE
asiannudity.me # NO_RESOLVE
asianpussies.me # NO_RESOLVE
asianpussy.cc # NO_RESOLVE
asiansexhole.cc # NO_RESOLVE
asiantribune.com # NO_RESOLVE
asicmine.pro # NO_RESOLVE
asket.design # NO_RESOLVE
aslltd.cc # NO_RESOLVE
asm4.ru # NO_RESOLVE
asodenic.org.ni # NO_RESOLVE
asolldance.ru # NO_RESOLVE
aspec-master.ru # NO_RESOLVE
aspekt.animelinks.ru # NO_RESOLVE
aspi.com.ua # TLD_UA
asr-med.ru # NO_RESOLVE
assemblee.bi # NO_RESOLVE
assetavenue.live # NO_RESOLVE
assetbroxa-platform.com # NO_RESOLVE
assetflowtrends.com # NO_RESOLVE
assetgroup.cc # NO_RESOLVE
assetmaxf.com # NO_RESOLVE
assetminingco.com # NO_RESOLVE
assetwellgroupmgt.com # NO_RESOLVE
assetxc.com # NO_RESOLVE
asta-la-vista.ru # NO_RESOLVE
astafievka.ru # NO_RESOLVE
astartamebel.ru # NO_RESOLVE
astcoltd.ru # NO_RESOLVE
asteria.su # NO_RESOLVE
asterios.la2man.ru # NO_RESOLVE
astrahan.daizakurit.ru # NO_RESOLVE
astralreport.ru # NO_RESOLVE
astraxan.vipster.net # NO_RESOLVE
astridglobalinv.com # NO_RESOLVE
astrill-vpn.info # NO_RESOLVE
astrodexprohub.com # NO_RESOLVE
astroezoterika.ru # NO_RESOLVE
astrogalactica.ru # NO_RESOLVE
astrominerpro.com # NO_RESOLVE
astronom38.ru # NO_RESOLVE
astronoptions.com # NO_RESOLVE
astronuto.com # NO_RESOLVE
astrosens.ru # NO_RESOLVE
astroxvest.com # NO_RESOLVE
astrum-it.ru # NO_RESOLVE
astruzmtrading.com # NO_RESOLVE
aswapdigital.live # NO_RESOLVE
asx-doc.ru # NO_RESOLVE
at-mega.cc # NO_RESOLVE
at-megaweb.com # NO_RESOLVE
ataka54.ru # NO_RESOLVE
atania1.tn # NO_RESOLVE
atania2.tn # NO_RESOLVE
atb-shop.online # NO_RESOLVE
atb-shop.ru # NO_RESOLVE
atb.lodr.buzz # NO_RESOLVE
atcpal.org # NO_RESOLVE
atdublikat.club # NO_RESOLVE
athenavo.com # NO_RESOLVE
atk-edu.kz # NO_RESOLVE
atlantic-chemical.com # NO_RESOLVE
atlantics.info # NO_RESOLVE
atlanty1000.ru # TOO_MANY_DIGITS (4)
atlas-1300.com # TOO_MANY_DIGITS (4)
atlas-finance.org # NO_RESOLVE
atlas-inc.pro # NO_RESOLVE
atlasgame.buzz # NO_RESOLVE
atm678.com # NO_RESOLVE
atmosferakomi.ru # NO_RESOLVE
atn.ua # TLD_UA
atom-100amp.ru # NO_RESOLVE
atom-2025amp.ru # TOO_MANY_DIGITS (4)
atom-24amp.ru # NO_RESOLVE
atom-52.99cas.click # TOO_MANY_DIGITS (4)
atom-amp100.ru # NO_RESOLVE
atom-amp21.ru # NO_RESOLVE
atom-amp24.ru # NO_RESOLVE
atom.1812.games # TOO_MANY_DIGITS (4)
atom.3012.games # TOO_MANY_DIGITS (4)
atom.3112.games # TOO_MANY_DIGITS (4)
atom18amp.ru # NO_RESOLVE
atom21amp.ru # NO_RESOLVE
atom24amp.ru # NO_RESOLVE
atom365amp.ru # NO_RESOLVE
atomom.xn--3-0tbal0b.xn--p1ai # TOO_MANY_DIGITS (4)
atomryadom.ru # NO_RESOLVE
atorrent.club # NO_RESOLVE
atpterenga.ru # NO_RESOLVE
atr.ua # TLD_UA
atraff-2.online # NO_RESOLVE
atrixmarket.com # NO_RESOLVE
att-za-9-11.ru # NO_RESOLVE
att9-11.ru # NO_RESOLVE
attendancecollector.com # NO_RESOLVE
attipasrussia.ru # NO_RESOLVE
atu.police.gov.bd # NO_RESOLVE
atx13.online # NO_RESOLVE
au.xn--80aaem0ae9bi.xn--p1ai # TOO_MANY_DIGITS (5)
audioboo.info # NO_RESOLVE
audiobot.one # NO_RESOLVE
audiocxematika.online # NO_RESOLVE
audiokniga.net # NO_RESOLVE
audioknigi.com.ua # TLD_UA
audioknigi.site # NO_RESOLVE
audiopoisk.com # NO_RESOLVE
audiostimul.online # NO_RESOLVE
audiostimul.ru # NO_RESOLVE
audit-nds-check.ru # NO_RESOLVE
audit-nds-chek.ru # NO_RESOLVE
audit-str.online # NO_RESOLVE
audit-str.ru # NO_RESOLVE
auditconsaltingnsp.ru # NO_RESOLVE
auditsupport.ru # NO_RESOLVE
auf-123.15e.click # TOO_MANY_DIGITS (5)
auf-125.35e.click # TOO_MANY_DIGITS (5)
auf-131.29n.store # TOO_MANY_DIGITS (5)
auf-151.75f.buzz # TOO_MANY_DIGITS (5)
auf-21.xn--3-otbfh5d.xn--p1ai # TOO_MANY_DIGITS (5)
auf-22.lev70.online # TOO_MANY_DIGITS (4)
auf-233.53i.online # TOO_MANY_DIGITS (5)
auf-32.lev67.online # TOO_MANY_DIGITS (4)
auf1200.top # TOO_MANY_DIGITS (4)
auf2100.top # TOO_MANY_DIGITS (4)
aug02.rudub.top # NO_RESOLVE
aug03.rudub.top # NO_RESOLVE
augustmedical.ru # NO_RESOLVE
aumentotrading.online # NO_RESOLVE
aurahifi.ru # NO_RESOLVE
auraofbohemia.ru # NO_RESOLVE
aurasilvioproapp.com # NO_RESOLVE
aureumportaris.com # NO_RESOLVE
aurexassetsignals.online # NO_RESOLVE
aurisassetmgtlimited.com # NO_RESOLVE
aurobindo.ru # NO_RESOLVE
aurora-bf.ru # NO_RESOLVE
aurora069.top # NO_RESOLVE
aurorapro-courses.ru # NO_RESOLVE
aus.muzlo.website # NO_RESOLVE
austincounselingcollective.com # NO_RESOLVE
autel-ukraine.com.ua # TLD_UA
auth.mineplex.io # NO_RESOLVE
auto-2d.ru # NO_RESOLVE
auto-dk.ru # NO_RESOLVE
auto-kruto.ru # NO_RESOLVE
auto-lain.ru # NO_RESOLVE
auto-master.biz # NO_RESOLVE
auto-msc.com # NO_RESOLVE
auto-samodelki.ru # NO_RESOLVE
auto-technologies.ru # NO_RESOLVE
auto-tehosmotr.com # NO_RESOLVE
autoburner.ru # NO_RESOLVE
autoconsulting.com.ua # TLD_UA
autoconsulting.ua # TLD_UA
autodaily.com.ua # TLD_UA
autodealerawards.ru # NO_RESOLVE
autodesk.io # NO_RESOLVE
autofromde.ru # NO_RESOLVE
autogame.space # NO_RESOLVE
autoherz.ru # NO_RESOLVE
autolook-vlrd.ru # NO_RESOLVE
automagazin.pro # NO_RESOLVE
automagazin16.ru # NO_RESOLVE
automotive23.ru # NO_RESOLVE
autoservice-motorland.ru # NO_RESOLVE
autosrogeliohuemac.com # NO_RESOLVE
autosteering.ru # NO_RESOLVE
autotechsale.com.ua # TLD_UA
autotraider.ru # NO_RESOLVE
autouniversal22.ru # NO_RESOLVE
autourist.ru # NO_RESOLVE
autovideo.com.ua # TLD_UA
autoweber.ru # NO_RESOLVE
autra-finance.com # NO_RESOLVE
autsorssm.online # NO_RESOLVE
auxatoltd.com # NO_RESOLVE
av333.catlanding.com # NO_RESOLVE
av4.best # NO_RESOLVE
avaline.ru # NO_RESOLVE
avangard-1.ru # NO_RESOLVE
avanta-perm.ru # NO_RESOLVE
avantischool.ru # NO_RESOLVE
avantrend.ru # NO_RESOLVE
avar-assests.com # NO_RESOLVE
avaruben.ru # NO_RESOLVE
avastream.fun # NO_RESOLVE
avastreamhd.online # NO_RESOLVE
avastreamhd.ru # NO_RESOLVE
avatar24.biz # NO_RESOLVE
avatbrokerage.com # NO_RESOLVE
avatr12.ru # NO_RESOLVE
avenixio-app.com # NO_RESOLVE
aventics-emerson.ru # NO_RESOLVE
averagechoicehorizon.live # NO_RESOLVE
avg2012.yourbittorrent.com # TOO_MANY_DIGITS (4)
avgustinafilippova.ru # NO_RESOLVE
aviasales.com.ua # TLD_UA
aviatrain.ru # NO_RESOLVE
avidan-export.com # NO_RESOLVE
avinfo17.info # NO_RESOLVE
avistarnews.ru # NO_RESOLVE
avita54.ru # NO_RESOLVE
avize.ru # NO_RESOLVE
avloli9.com # NO_RESOLVE
avm-kvadro.ru # NO_RESOLVE
avocado-15.shark-wow65.online # TOO_MANY_DIGITS (4)
avocado-20.nikitakaem.ru # NO_RESOLVE
avocado-21.xn---72-5cdba8eqciwj8c7ezb.xn--p1ai # TOO_MANY_DIGITS (9)
avocado-21.xn--3-otbfh5d.xn--p1ai # TOO_MANY_DIGITS (5)
avocado-22.polytransfer.ru # NO_RESOLVE
avocado-22.poselwod.ru # NO_RESOLVE
avocado-22.xn--71--7cdu1ba1cefu.xn--p1ai # TOO_MANY_DIGITS (8)
avocado-24.xn----8sbjbgulglmhxufh8n.xn--p1ai # TOO_MANY_DIGITS (5)
avocado-25.xn--23-jlcd4afobn6c.xn--p1ai # TOO_MANY_DIGITS (7)
avocado-32.lev68.online # TOO_MANY_DIGITS (4)
avocado-58.z108.ru # TOO_MANY_DIGITS (5)
avocado-6.queen-super9.online # NO_RESOLVE
avon-sales.ru # NO_RESOLVE
avovpn.info # NO_RESOLVE
avovpn.mom # NO_RESOLVE
avpansionat.ru # NO_RESOLVE
avpn.my # NO_RESOLVE
avpnbot.pro # NO_RESOLVE
avrn.pro # NO_RESOLVE
avrodex.com # NO_RESOLVE
avrora-bugulma.ru # NO_RESOLVE
avrora-mebel72.ru # NO_RESOLVE
avrora56.ru # NO_RESOLVE
avroraplanner.ru # NO_RESOLVE
avster.ru # NO_RESOLVE
avtera.ru # NO_RESOLVE
avto-chas.ru # NO_RESOLVE
avto-cran.ru # NO_RESOLVE
avto-elektriik.ru # NO_RESOLVE
avto-gigant-russia.ru # NO_RESOLVE
avto-in-spb.ru # NO_RESOLVE
avto-msk3.top # NO_RESOLVE
avtoaksekb01.com # NO_RESOLVE
avtoaksekb96.com # NO_RESOLVE
avtobzor.ru # NO_RESOLVE
avtodrive-spb.ru # NO_RESOLVE
avtodrum.online # NO_RESOLVE
avtofront.org.ua # TLD_UA
avtofurgonpro.ru # NO_RESOLVE
avtogadjet77.ru # NO_RESOLVE
avtokran61.ru # NO_RESOLVE
avtoluxservice.ru # NO_RESOLVE
avtomir-doc.info # NO_RESOLVE
avtomjr.ru # NO_RESOLVE
avtomobil-budet-ehat.info # NO_RESOLVE
avtomobili-rnd.ru # NO_RESOLVE
avtomobilist73.ru # NO_RESOLVE
avtoprom24.biz # NO_RESOLVE
avtoresurs12.ru # NO_RESOLVE
avtoru.top # NO_RESOLVE
avtosfera14.ru # NO_RESOLVE
avtoshkola-kolpino.ru # NO_RESOLVE
avtoskupspb.ru # NO_RESOLVE
avtostrahbaza.ru # NO_RESOLVE
avtotreys.site # NO_RESOLVE
avtoturbo.ru # NO_RESOLVE
avtovokzal-39.ru # NO_RESOLVE
avtoweek2016.ru # TOO_MANY_DIGITS (4)
avtoyurist-rostov.ru # NO_RESOLVE
avvocado.xyz # NO_RESOLVE
avvykup.ru # NO_RESOLVE
aw-auto.ru # NO_RESOLVE
awaydayradio.co.uk # NO_RESOLVE
awayfromukraine.com # NO_RESOLVE
aweb.ua # TLD_UA
awzpkowxlromuctz.8qaj3npj5q1y.monster # TOO_MANY_DIGITS (4)
axbum.com # NO_RESOLVE
axiance.com # NO_RESOLVE
axiaultrapro.com # NO_RESOLVE
axiegame.tech # NO_RESOLVE
axiobrk.com # NO_RESOLVE
axiomplus.com.ua # TLD_UA
axiomzentrixsolution.com # NO_RESOLVE
axylerisneural7-9.com # NO_RESOLVE
ayavaska.shop # NO_RESOLVE
ayavolunteer.ru # NO_RESOLVE
az.lozonefilms.buzz # NO_RESOLVE
azadinform.az # NO_RESOLVE
azadiradio.com # NO_RESOLVE
azamtv.co.tz # NO_RESOLVE
azarius.nl # NO_RESOLVE
azatlyk-vatan.blogspot.com # NO_RESOLVE
azbukaflirta.ru # NO_RESOLVE
azbukaporno.click # NO_RESOLVE
azbukivedi-kids.online # NO_RESOLVE
azgals.com # NO_RESOLVE
azi.md # NO_RESOLVE
aziatskoe.top # NO_RESOLVE
azikazi.ru # NO_RESOLVE
aznakaevotrud.ru # NO_RESOLVE
azorilix-app.net # NO_RESOLVE
azot-life.ru # NO_RESOLVE
azot-snab.com # NO_RESOLVE
azoters-zakis.com # NO_RESOLVE
azov-gorod.online # NO_RESOLVE
azov-gorod.ru # NO_RESOLVE
azov.org.ua # TLD_UA
azov.sanatorium-dubrava.online # NO_RESOLVE
azovseatoday.online # NO_RESOLVE
azspromo2023.ru # TOO_MANY_DIGITS (4)
aztecgroup.cfd # NO_RESOLVE
azziof15.top # NO_RESOLVE
b-4-u.ru # NO_RESOLVE
b-c-p-d.ru # NO_RESOLVE
b-fl.ru # NO_RESOLVE
b-i-plan.ru # NO_RESOLVE
b-link.site # NO_RESOLVE
b.erkiss.name # NO_RESOLVE
b.firebro.top # NO_RESOLVE
b.hd-1080.online # TOO_MANY_DIGITS (4)
b.krasnodarnb.info # NO_RESOLVE
b.nb-gelendzhik.net # NO_RESOLVE
b.protorrent.fun # NO_RESOLVE
b.rynokshkur.info # NO_RESOLVE
b.seriyahd.cyou # NO_RESOLVE
b.sochinb.net # NO_RESOLVE
b.sseeddbaza.yachts # NO_RESOLVE
b.stopfilms.info # NO_RESOLVE
b.transy-msk.org # NO_RESOLVE
b.transymoskvy5555.com # TOO_MANY_DIGITS (4)
b.vibefilms.top # NO_RESOLVE
b.video-box.mom # NO_RESOLVE
b1.video-box.mom # NO_RESOLVE
b106.ru # NO_RESOLVE
b15.boominfo.org # NO_RESOLVE
b17yjwva3wmcv.com # NO_RESOLVE
b2.video-box.mom # NO_RESOLVE
b22.boominfo.org # NO_RESOLVE
b26ptz1783.com # TOO_MANY_DIGITS (6)
b29karaoke24.ru # TOO_MANY_DIGITS (4)
b2bnext.ru # NO_RESOLVE
b2site.cc # NO_RESOLVE
b2web2.at # NO_RESOLVE
b4.myshulka.ru # NO_RESOLVE
b5m74gdlo9.execute-api.eu-central-1.amazonaws.com # TOO_MANY_DIGITS (5)
b98mvurm2a3di.com # TOO_MANY_DIGITS (4)
ba-ras.ru # NO_RESOLVE
ba.metafilm7.buzz # NO_RESOLVE
ba2best.ru # NO_RESOLVE
baabamaal.com # NO_RESOLVE
babayagatales.com # NO_RESOLVE
babel.ua # TLD_UA
babeporn.pics # NO_RESOLVE
babkizi24.vip # NO_RESOLVE
babloudeda.com # NO_RESOLVE
babnik.tv # NO_RESOLVE
baboss-st1.buzz # NO_RESOLVE
baboss.fun # NO_RESOLVE
baboss.games # NO_RESOLVE
baboss.pro # NO_RESOLVE
baboss069.top # NO_RESOLVE
baboss1000.buzz # TOO_MANY_DIGITS (4)
baby-car.ru # NO_RESOLVE
baby-mum.ru # NO_RESOLVE
babykombez.ru # NO_RESOLVE
babylon13.org.ua # TLD_UA
babytransport.ru # NO_RESOLVE
bacgiangcity.site # NO_RESOLVE
backwardinduction.ru # NO_RESOLVE
badboy24.biz # NO_RESOLVE
badlady.ru # NO_RESOLVE
badmivasil.ru # NO_RESOLVE
bagi24.biz # NO_RESOLVE
bagnesty.com # NO_RESOLVE
bagrationi21.ru # NO_RESOLVE
bagrovaja-otmel-2025.reallook.ru # TOO_MANY_DIGITS (4)
bags-gallery.com.ua # TLD_UA
bahai-books.org # NO_RESOLVE
bahai-devotions.org # NO_RESOLVE
bahai-readings.org # NO_RESOLVE
bahai-writings.org # NO_RESOLVE
bahai.ua # TLD_UA
bahasan.id # NO_RESOLVE
bahmut.in.ua # TLD_UA
bahmut1571.com.ua # TLD_UA
baidarka34.ru # NO_RESOLVE
baikal-turist.ru # NO_RESOLVE
bailian.ru # NO_RESOLVE
baim1.com # NO_RESOLVE
baimak.teatr-travel.ru # NO_RESOLVE
baimak.ufadrill.ru # NO_RESOLVE
baixardoc.com # NO_RESOLVE
bakal.hram.org.ru # NO_RESOLVE
bakarat.eu # NO_RESOLVE
bakaty.ru # NO_RESOLVE
bakerstreet116.ru # NO_RESOLVE
bakertilly.ua # TLD_UA
baksan.ofrosnou.ru # NO_RESOLVE
baksis.tech # NO_RESOLVE
baksis.website # NO_RESOLVE
balabanovo.ofrosnou.ru # NO_RESOLVE
balahna.ofrosnou.ru # NO_RESOLVE
balconplus.ru # NO_RESOLVE
balimor-tims.ru # NO_RESOLVE
balkar.com.tr # NO_RESOLVE
balkontea.co # NO_RESOLVE
ballon-game.com # NO_RESOLVE
balochwarna.org # NO_RESOLVE
baltstroyproject.ru # NO_RESOLVE
bamboucompany.com # NO_RESOLVE
bambukispa.ru # NO_RESOLVE
bamong-store.ru # NO_RESOLVE
bancobu.com # NO_RESOLVE
banda-113.99u.click # TOO_MANY_DIGITS (5)
banda-124.15e.click # TOO_MANY_DIGITS (5)
banda-129.12e.click # TOO_MANY_DIGITS (5)
banda-134.29m.click # TOO_MANY_DIGITS (5)
banda-145.31t.click # TOO_MANY_DIGITS (5)
banda-146.45t.click # TOO_MANY_DIGITS (5)
banda-147.30t.click # TOO_MANY_DIGITS (5)
banda-18.h102.ru # TOO_MANY_DIGITS (5)
banda-18.x105.ru # TOO_MANY_DIGITS (5)
banda-20.lev70.online # TOO_MANY_DIGITS (4)
banda-21.clubnika53.online # TOO_MANY_DIGITS (4)
banda-27.lev66.online # TOO_MANY_DIGITS (4)
banda-50.74r.buzz # TOO_MANY_DIGITS (4)
banda-69.85j.buzz # TOO_MANY_DIGITS (4)
banda-banda24.online # NO_RESOLVE
banda-gaames.click # NO_RESOLVE
banda-games.online # NO_RESOLVE
banda-games.top # NO_RESOLVE
banda-kasik.top # NO_RESOLVE
banda-mobile-amp.ru # NO_RESOLVE
banda-mobile1-amp.ru # NO_RESOLVE
banda-registration.ru # NO_RESOLVE
banda-sloots.ru # NO_RESOLVE
banda-sloots.top # NO_RESOLVE
banda-top1.mom # NO_RESOLVE
banda-top1.ru # NO_RESOLVE
banda-top1.world # NO_RESOLVE
banda.1599.buzz # TOO_MANY_DIGITS (4)
banda.3012.games # TOO_MANY_DIGITS (4)
banda.in.ua # TLD_UA
banda.offs77.online # NO_RESOLVE
banda001.buzz # NO_RESOLVE
banda002.buzz # NO_RESOLVE
banda003.buzz # NO_RESOLVE
banda004.buzz # NO_RESOLVE
banda005.buzz # NO_RESOLVE
banda10t.icu # NO_RESOLVE
banda11.top # NO_RESOLVE
banda11.xyz # NO_RESOLVE
banda1305.buzz # TOO_MANY_DIGITS (4)
banda16.buzz # NO_RESOLVE
banda1663.buzz # TOO_MANY_DIGITS (4)
banda17.buzz # NO_RESOLVE
banda176.buzz # NO_RESOLVE
banda18.buzz # NO_RESOLVE
banda1999s.top # TOO_MANY_DIGITS (4)
banda200.buzz # NO_RESOLVE
banda2036.buzz # TOO_MANY_DIGITS (4)
banda2574.buzz # TOO_MANY_DIGITS (4)
banda3366.buzz # TOO_MANY_DIGITS (4)
banda500.top # NO_RESOLVE
banda7498.buzz # TOO_MANY_DIGITS (4)
banda9562m.buzz # TOO_MANY_DIGITS (4)
bandaa420.space # NO_RESOLVE
bandamjh8.buzz # NO_RESOLVE
bandisales.ru # NO_RESOLVE
bangladeshmoments.com # NO_RESOLVE
baniizh.ru # NO_RESOLVE
bankingfiles.com # NO_RESOLVE
banqsystems.com # NO_RESOLVE
banshchik-fest.ru # NO_RESOLVE
bany-ulyanovsk.ru # NO_RESOLVE
banya-bunker-59-perm.ru # NO_RESOLVE
banyamag.ru # NO_RESOLVE
banzai-bd28.com # NO_RESOLVE
banzai-kz1.com # NO_RESOLVE
banzai-kz2.com # NO_RESOLVE
banzai-np27.com # NO_RESOLVE
banzai-ru1.com # NO_RESOLVE
banzai-ru29.com # NO_RESOLVE
banzainp2.com # NO_RESOLVE
bar-1.biz # NO_RESOLVE
bar24.top # NO_RESOLVE
barbararnis850188.thelateblog.com # TOO_MANY_DIGITS (6)
barbaricum.ru # NO_RESOLVE
barbieshop.biz # NO_RESOLVE
barbusrep.org # NO_RESOLVE
barcelonastudio.ru # NO_RESOLVE
barcentr.ru # NO_RESOLVE
bardunals.ru # NO_RESOLVE
bargdb.ru # NO_RESOLVE
barkforest.com # NO_RESOLVE
barklumen.com # NO_RESOLVE
barnaul.vipster.net # NO_RESOLVE
baron32.ru # NO_RESOLVE
barsch.ru # NO_RESOLVE
barserv.ru # NO_RESOLVE
barstory.ru # NO_RESOLVE
bartuna.online # NO_RESOLVE
bartuna.ru # NO_RESOLVE
barustek.online # NO_RESOLVE
basarestaurant.net # NO_RESOLVE
bascomarket.ru # NO_RESOLVE
base-minecraft.ru # NO_RESOLVE
base-sochi.ru # NO_RESOLVE
basecoinminers.com # NO_RESOLVE
bash-memorial.space # NO_RESOLVE
bashmachok-ufa.ru # NO_RESOLVE
baskh.biz # NO_RESOLVE
bastart.ru # NO_RESOLVE
bastdlomcisa.site # NO_RESOLVE
bastetspb.ru # NO_RESOLVE
bat.cn.ua # TLD_UA
baten-coincraft.com # NO_RESOLVE
bathtubrepair.ru # NO_RESOLVE
batinodom.ru # NO_RESOLVE
batizio7.ru # NO_RESOLVE
batoplove.org # NO_RESOLVE
battleclub.biz # NO_RESOLVE
battleclub.click # NO_RESOLVE
battleclub.ws # NO_RESOLVE
battlefield.in.ua # TLD_UA
battleofcards.top # NO_RESOLVE
batutnye-centry-omska.ru # NO_RESOLVE
baudryholdings.com # NO_RESOLVE
bavarsis.cc # NO_RESOLVE
baverlys.ru # NO_RESOLVE
bavly.canoestart.ru # NO_RESOLVE
bayaga.ru # NO_RESOLVE
baybak.net # NO_RESOLVE
baza-akpp.ru # NO_RESOLVE
baza-polimerov.ru # NO_RESOLVE
bazabars.ru # NO_RESOLVE
bazastore.ru # NO_RESOLVE
bazluck2-amp.ru # NO_RESOLVE
bb.swezhaki-2025.ru # TOO_MANY_DIGITS (4)
bba.doska-seksa.com # NO_RESOLVE
bbitkase.com # NO_RESOLVE
bbitkase.net # NO_RESOLVE
bbocgydsupyujjvq.oia7ds95vb0e.live # TOO_MANY_DIGITS (4)
bbs.sincoole.com # NO_RESOLVE
bbsdbrl.top # NO_RESOLVE
bbwporn.me # NO_RESOLVE
bbwporn.pics # NO_RESOLVE
bc-vodny.ru # NO_RESOLVE
bc2cite.at # NO_RESOLVE
bc2tsite3.io # NO_RESOLVE
bc2web2.at # NO_RESOLVE
bcbit-engine.com # NO_RESOLVE
bcc.lodr.buzz # NO_RESOLVE
bcd.transy-msk.xyz # NO_RESOLVE
bcdynamo.kiev.ua # TLD_UA
bcnark.ru # NO_RESOLVE
bcseedking.com # NO_RESOLVE
bcspp.ru # NO_RESOLVE
bd2best.ru # NO_RESOLVE
bdfclub.org # NO_RESOLVE
bdfnet.com # NO_RESOLVE
bdggamee.app # NO_RESOLVE
bdmsh2.ru # NO_RESOLVE
bdorecipecalculator.com # NO_RESOLVE
bdsm-porevo.top # NO_RESOLVE
be-in-shop.ru # NO_RESOLVE
be.herrutor.site # NO_RESOLVE
be2site.at # NO_RESOLVE
beambroker.net # NO_RESOLVE
beatsandfeats.ru # NO_RESOLVE
beatsbyapple.ru # NO_RESOLVE
beautaly.ru # NO_RESOLVE
beautyass.club # NO_RESOLVE
beautyproductssupplier.com # NO_RESOLVE
beaver-bun.space # NO_RESOLVE
bebi-klub-detskij-sad-i-tsentr-razvitiya.ru # NO_RESOLVE
bednye-smejutsja-bogatye-plachut.online # NO_RESOLVE
bedrockholdingsltd.com # NO_RESOLVE
beechainoptions.net # NO_RESOLVE
beef-35mobile-amp.ru # NO_RESOLVE
beef-365amp.ru # NO_RESOLVE
beef-37mobile-amp.ru # NO_RESOLVE
beef-39mobile-amp.ru # NO_RESOLVE
beef-41mobile-amp.ru # NO_RESOLVE
beef-43mobile-amp.ru # NO_RESOLVE
beef-45mobile-amp.ru # NO_RESOLVE
beef-99mobile-amp.ru # NO_RESOLVE
beef-amp100.ru # NO_RESOLVE
beef-amp21.ru # NO_RESOLVE
beef-amp24.ru # NO_RESOLVE
beef-amp365.ru # NO_RESOLVE
beef-baly1.top # NO_RESOLVE
beef-baly2.top # NO_RESOLVE
beef-bychy1.top # NO_RESOLVE
beef-cas-mo1.top # NO_RESOLVE
beef-cass1.top # NO_RESOLVE
beef-cass2.top # NO_RESOLVE
beef-caz1.top # NO_RESOLVE
beef-caz2.top # NO_RESOLVE
beef-cazi11.top # NO_RESOLVE
beef-cazi21.top # NO_RESOLVE
beef-cazik1.top # NO_RESOLVE
beef-cazik2.top # NO_RESOLVE
beef-cazin1.top # NO_RESOLVE
beef-cazin1001.ru # TOO_MANY_DIGITS (4)
beef-cazin1002.ru # TOO_MANY_DIGITS (4)
beef-cazin2.top # NO_RESOLVE
beef-cazin21.top # NO_RESOLVE
beef-cazin22.top # NO_RESOLVE
beef-cazin3.top # NO_RESOLVE
beef-cazz1.top # NO_RESOLVE
beef-cazz2.top # NO_RESOLVE
beef-ckz1.top # NO_RESOLVE
beef-cluby1.top # NO_RESOLVE
beef-czz1.top # NO_RESOLVE
beef-czz2.top # NO_RESOLVE
beef-czz3.top # NO_RESOLVE
beef-edimby1.top # NO_RESOLVE
beef-edimby2.top # NO_RESOLVE
beef-elemy1.top # NO_RESOLVE
beef-elemy2.top # NO_RESOLVE
beef-inty1.top # NO_RESOLVE
beef-kac1.top # NO_RESOLVE
beef-kai2.top # NO_RESOLVE
beef-kaz1.top # NO_RESOLVE
beef-kaz11.top # NO_RESOLVE
beef-kaz2.top # NO_RESOLVE
beef-kaz3.top # NO_RESOLVE
beef-kazik1.top # NO_RESOLVE
beef-kii1.top # NO_RESOLVE
beef-kis1.top # NO_RESOLVE
beef-kiz1.top # NO_RESOLVE
beef-kiz2.top # NO_RESOLVE
beef-kxc1.top # NO_RESOLVE
beef-kxc2.top # NO_RESOLVE
beef-kxz1.top # NO_RESOLVE
beef-kxz2.top # NO_RESOLVE
beef-kzi2.top # NO_RESOLVE
beef-may1.top # NO_RESOLVE
beef-mobile13-amp.ru # NO_RESOLVE
beef-mobile17-amp.ru # NO_RESOLVE
beef-mobile19-amp.ru # NO_RESOLVE
beef-mobile33-amp.ru # NO_RESOLVE
beef-mobile34-amp.ru # NO_RESOLVE
beef-mobile36-amp.ru # NO_RESOLVE
beef-mobile38-amp.ru # NO_RESOLVE
beef-mobile40-amp.ru # NO_RESOLVE
beef-mobile42-amp.ru # NO_RESOLVE
beef-mobile44-amp.ru # NO_RESOLVE
beef-mobile46-amp.ru # NO_RESOLVE
beef-mobile7-amp.ru # NO_RESOLVE
beef-predy1.top # NO_RESOLVE
beef-tiky1.top # NO_RESOLVE
beef-zzk1.top # NO_RESOLVE
beef.1812.games # TOO_MANY_DIGITS (4)
beef.2312.buzz # TOO_MANY_DIGITS (4)
beef.3112.games # TOO_MANY_DIGITS (4)
beef100amp.ru # NO_RESOLVE
beef1994.top # TOO_MANY_DIGITS (4)
beef365amp.ru # NO_RESOLVE
beefcas-chi1.top # NO_RESOLVE
beefcas-le1.top # NO_RESOLVE
beefcas-web1.top # NO_RESOLVE
beefcas2no.top # NO_RESOLVE
beefcas3no.top # NO_RESOLVE
beefcasi1.top # NO_RESOLVE
beefcasik-1011.ru # TOO_MANY_DIGITS (4)
beefcass1.top # NO_RESOLVE
beefcaz-vn1.top # NO_RESOLVE
beefcazigame1.top # NO_RESOLVE
beefcazik-ru1.top # NO_RESOLVE
beefcazik-ru2.top # NO_RESOLVE
beefcazik-ru3.top # NO_RESOLVE
beefcazik1.top # NO_RESOLVE
beefcazik2.top # NO_RESOLVE
beefcazik3.top # NO_RESOLVE
beefcazik4.top # NO_RESOLVE
beefcazin1.top # NO_RESOLVE
beefcazin2.top # NO_RESOLVE
beefers-leipzig.de # NO_RESOLVE
beefpig.ru # NO_RESOLVE
beefquiz.com # NO_RESOLVE
beefun.org # NO_RESOLVE
beefybliss.ru # NO_RESOLVE
beefycow.com # NO_RESOLVE
beeg-gay.pro # NO_RESOLVE
beeg-pornos.com # NO_RESOLVE
beeg.pics # NO_RESOLVE
beeline-zayavka.ru # NO_RESOLVE
beeta.tech # NO_RESOLVE
beetlesforsale.com # NO_RESOLVE
befcazi1.top # NO_RESOLVE
beian.gov.cn # NO_RESOLVE
bein-sports.online # NO_RESOLVE
beinmatch.tv # NO_RESOLVE
beinmatchtv.tv # NO_RESOLVE
beintheknow.org # NO_RESOLVE
beirutmadinati.com # NO_RESOLVE
beirutsbrightside.com # NO_RESOLVE
beit-haverim.com # NO_RESOLVE
bekafoods.ru # NO_RESOLVE
bekapsajta2.site # NO_RESOLVE
bekhterevconf.ru # NO_RESOLVE
bel-obr.ru # NO_RESOLVE
belaya-korova.ru # NO_RESOLVE
beldomua.org # NO_RESOLVE
belev.fpsband.ru # NO_RESOLVE
belgorod.daizakurit.ru # NO_RESOLVE
belgorod.psgtobacco.com # NO_RESOLVE
belgorod.sexros.biz # NO_RESOLVE
believeinunity.com # NO_RESOLVE
belii.canoestart.ru # NO_RESOLVE
belii.chi-psy.ru # NO_RESOLVE
belii.jurist-on-line.ru # NO_RESOLVE
belinskii.kseniyasobchak.ru # NO_RESOLVE
beliveter.ru # NO_RESOLVE
beliy-krolik.ru # NO_RESOLVE
beljevkacrb.ru # NO_RESOLVE
belka-kids.kz # NO_RESOLVE
belkavpn.info # NO_RESOLVE
bell.scrt.me # NO_RESOLVE
bella-interni.ru # NO_RESOLVE
bellario.ru # NO_RESOLVE
bellcenter.ru # NO_RESOLVE
bellemousse.ru # NO_RESOLVE
bellesofie.ru # NO_RESOLVE
bellona.no # NO_RESOLVE
bellotube.com # NO_RESOLVE
belokuriha.ofrosnou.ru # NO_RESOLVE
belomorsk.ofrosnou.ru # NO_RESOLVE
belomorsk.rosprom-gov-ru.ru # NO_RESOLVE
beloozerskii.ofrosnou.ru # NO_RESOLVE
beloppystralsystem.com # NO_RESOLVE
beloretsk.kseniyasobchak.ru # NO_RESOLVE
belousenko.de # NO_RESOLVE
belousovo.rc-sadko.ru # NO_RESOLVE
belovo.egrp-vipiski.ru # NO_RESOLVE
belovo.pcspeedup.ru # NO_RESOLVE
belovodye-adygea.com # NO_RESOLVE
belowporn.com # NO_RESOLVE
belschool26.ru # NO_RESOLVE
belsorriso.ru # NO_RESOLVE
belsotuzegyesulet.hu # NO_RESOLVE
belstat.gov.by # NO_RESOLVE
belstores.ru # NO_RESOLVE
belthara.info # NO_RESOLVE
beltlight-msk.ru # NO_RESOLVE
beltrexplatform-software.com # NO_RESOLVE
beltsandbuckles.ru # NO_RESOLVE
beluezd.ru # NO_RESOLVE
belviroxbit.net # NO_RESOLVE
belvontrex-system.com # NO_RESOLVE
belvontrexsystem.com # NO_RESOLVE
belynadsor.ru # NO_RESOLVE
bemab.nu # NO_RESOLVE
beneficio-inmediato-system.com # NO_RESOLVE
beneficio-inmediatosystem.com # NO_RESOLVE
benj24.com # NO_RESOLVE
benvguns.net # NO_RESOLVE
benxguns.net # NO_RESOLVE
beonbit4.com # NO_RESOLVE
beoncrypt.com # NO_RESOLVE
beranexor-app.com # NO_RESOLVE
beravantax-app.com # NO_RESOLVE
beraventaxsoft.com # NO_RESOLVE
beraventextech.com # NO_RESOLVE
beravetaxsoftware.com # NO_RESOLVE
bereginyafolk.com.ua # TLD_UA
berehovoy.ru # NO_RESOLVE
berez-korekt.ru # NO_RESOLVE
berezcgb.online # NO_RESOLVE
berezcgb.ru # NO_RESOLVE
berezniki46.ru # NO_RESOLVE
berezovskii.octobre.ru # NO_RESOLVE
berg-bendery.org # NO_RESOLVE
berimotor.ru # NO_RESOLVE
berkeveld.org # NO_RESOLVE
berlin-visual.com # NO_RESOLVE
berlonibagno.ru # NO_RESOLVE
berlutexget-engine.com # NO_RESOLVE
bermudas.fun # NO_RESOLVE
bern-1914.org # TOO_MANY_DIGITS (4)
bernanke.online # NO_RESOLVE
bernanke.ru # NO_RESOLVE
berserkk-animego.ru # NO_RESOLVE
berspas.ru # NO_RESOLVE
beryozovskiy.indi-sex.top # NO_RESOLVE
bes-poputal-2025.vizertv.blog # TOO_MANY_DIGITS (4)
bes.hd-1080.online # TOO_MANY_DIGITS (4)
besedov.ru # NO_RESOLVE
beshtauzheleznovodsk.ru # NO_RESOLVE
beskudnikovo-policeyskiy-s-rublevki.net # NO_RESOLVE
beslan.mtsrkbr.org.ru # NO_RESOLVE
bespredel.run # NO_RESOLVE
bessarabia.ua # TLD_UA
bessoznatelno.online # NO_RESOLVE
best-avtoinstruktor.ru # NO_RESOLVE
best-doc.ru # NO_RESOLVE
best-dpm.ru # NO_RESOLVE
best-k.online # NO_RESOLVE
best-moment.mom # NO_RESOLVE
best-omg.cc # NO_RESOLVE
best-option.top # NO_RESOLVE
best-serv.ru # NO_RESOLVE
best-vuz.ru # NO_RESOLVE
best-watch.com.ua # TLD_UA
best.hd-1080.online # TOO_MANY_DIGITS (4)
best.kupit-mef.online # NO_RESOLVE
best.shopp-tut.ru # NO_RESOLVE
best24.top # NO_RESOLVE
best2bs.at # NO_RESOLVE
bestbim.pro # NO_RESOLVE
bestcitations.ru # NO_RESOLVE
bestclown.online # NO_RESOLVE
bestclown.ru # NO_RESOLVE
bestdway.com # NO_RESOLVE
bestkids62.ru # NO_RESOLVE
bestmature.nl # NO_RESOLVE
bestmoment.homes # NO_RESOLVE
bestmoment.sbs # NO_RESOLVE
bestomg.cc # NO_RESOLVE
bestpussypics.net # NO_RESOLVE
bestreamsports.org # NO_RESOLVE
bestsalads.ru # NO_RESOLVE
bestsignalsoftware.com # NO_RESOLVE
besttechltd.com # NO_RESOLVE
bestvintageporn.cc # NO_RESOLVE
bestwasp.me.24rc.lol # NO_RESOLVE
bestwaysoption.com # NO_RESOLVE
bestweapon.me # NO_RESOLVE
bestweapon.net # NO_RESOLVE
bestx.nude-moon.skin # NO_RESOLVE
bestxxxgay.cc # NO_RESOLVE
bestzone.one # NO_RESOLVE
betindi.com # NO_RESOLVE
betking.com.ua # TLD_UA
better.kz # NO_RESOLVE
bettingsites.info # NO_RESOLVE
betworld4.com # NO_RESOLVE
betworld7.com # NO_RESOLVE
bevonstridegptsoftware.com # NO_RESOLVE
bevoout.guru # NO_RESOLVE
bevoout.life # NO_RESOLVE
bexlorit-app.net # NO_RESOLVE
beyondbordersmalaysia.org # NO_RESOLVE
beyxwslinysgxfqp.7vnllyl7h70g.xyz # TOO_MANY_DIGITS (4)
bez-pred-oplat.icu # NO_RESOLVE
bez-simcards.ru # NO_RESOLVE
bez-simcards1.ru # NO_RESOLVE
bezgranitsstore.ru # NO_RESOLVE
bezpravru-xxfdfvu.top # NO_RESOLVE
bezpravru-xxnrajw-xximdaw.top # NO_RESOLVE
bezpravru-xxnrajw.top # NO_RESOLVE
bezpravru-xxoycum.top # NO_RESOLVE
bezpravru10.top # NO_RESOLVE
bezpravru11.top # NO_RESOLVE
beztaboo.biz # NO_RESOLVE
bezzdepss2025.website # TOO_MANY_DIGITS (4)
bf-culture.ru # NO_RESOLVE
bf02.ru # NO_RESOLVE
bfgfilm.info # NO_RESOLVE
bfme-modding.me # NO_RESOLVE
bfmemoddings.online # NO_RESOLVE
bfmemodings.online # NO_RESOLVE
bforb.ru # NO_RESOLVE
bfsalon.ru # NO_RESOLVE
bfveteran.ru # NO_RESOLVE
bfvz.ru # NO_RESOLVE
bg24-mlsw.biz99.xyz # TOO_MANY_DIGITS (4)
bgbro.mplace.vip # NO_RESOLVE
bgpop.store # NO_RESOLVE
bgsib.ru # NO_RESOLVE
bgu-fef.ru # NO_RESOLVE
bguns.net # NO_RESOLVE
bhub.com.ua # TLD_UA
bi.radissonsochi.ru # NO_RESOLVE
bi3ykf76md1sg.com # TOO_MANY_DIGITS (4)
bibamax.com # NO_RESOLVE
bibl-donskaya.ru # NO_RESOLVE
biblioteka.org.ua # TLD_UA
biblprog.org.ua # TLD_UA
bicobao3.ru # NO_RESOLVE
bida-tio.ru # NO_RESOLVE
bidhobital.com # NO_RESOLVE
bidolympics.click # NO_RESOLVE
bielarus.net # NO_RESOLVE
big-air.ru # NO_RESOLVE
big-bag74.ru # NO_RESOLVE
big-bambo.ru # NO_RESOLVE
big-boxes.ru # NO_RESOLVE
big-foot.space # NO_RESOLVE
big-group.ru # NO_RESOLVE
big-tun.ru # NO_RESOLVE
bigbagrus.ru # NO_RESOLVE
bigbamboo2024.com # TOO_MANY_DIGITS (4)
bigbensyk.ru # NO_RESOLVE
bigboilers.ru # NO_RESOLVE
bigcrypt-edgeapp.com # NO_RESOLVE
bigdata-frlink.ru # NO_RESOLVE
bigdickporn.wtf # NO_RESOLVE
bigdreamersdigitals.com # NO_RESOLVE
bighub.ru # NO_RESOLVE
bigkyiv.com.ua # TLD_UA
bigl.ua # TLD_UA
bignance.biz # NO_RESOLVE
bigpolitik.ru # NO_RESOLVE
bigsvadba.ru # NO_RESOLVE
bigwebs.ru # NO_RESOLVE
bihumle.stron-tm.ru # NO_RESOLVE
biketowork.org.ua # TLD_UA
bikskerq.online # NO_RESOLVE
bilimtime.kz # NO_RESOLVE
bilinked.com # NO_RESOLVE
billveston.com # NO_RESOLVE
billway-ads.ru # NO_RESOLVE
billybong.com.ua # TLD_UA
bin.ua # TLD_UA
binarlum.online # NO_RESOLVE
binary-options-rejting.ru # NO_RESOLVE
binashares.org # NO_RESOLVE
binbot-tech.com # NO_RESOLVE
bindrest.com # NO_RESOLVE
binexes.online # NO_RESOLVE
bing-amp.com # NO_RESOLVE
bingo-lategep.ru # NO_RESOLVE
bingo.365sport365.com # TOO_MANY_DIGITS (6)
binnylefortovo.ru # NO_RESOLVE
binpro24.net # NO_RESOLVE
binworld.pro # NO_RESOLVE
bionet.am # NO_RESOLVE
bioskopkerenin.com # NO_RESOLVE
bireto-nits.ru # NO_RESOLVE
birlimag.ru # NO_RESOLVE
birmancatz.com # NO_RESOLVE
birmanie.ch # NO_RESOLVE
birsed.xyz # NO_RESOLVE
birsk-academleader.ru # NO_RESOLVE
biryuch.rosprom-gov-ru.ru # NO_RESOLVE
bishka.ru # NO_RESOLVE
bisnesdoma.ru # NO_RESOLVE
bistrogorskoesp.ru # NO_RESOLVE
bit-1000lexipro.com # TOO_MANY_DIGITS (4)
bit-4-eprexsoftware.com # NO_RESOLVE
bit-fonix.com # NO_RESOLVE
bit-gpt-app-ai.com # NO_RESOLVE
bit-lexipro-60.com # NO_RESOLVE
bit-line.live # NO_RESOLVE
bit-max.ru # NO_RESOLVE
bit-pay.pro # NO_RESOLVE
bit-rex.org # NO_RESOLVE
bit.ua # TLD_UA
bit3-1lexipro.com # NO_RESOLVE
bit4me-affiliate.live # NO_RESOLVE
bitaliancehub.com # NO_RESOLVE
bitapexadvisors.com # NO_RESOLVE
bitapp24-platform.com # NO_RESOLVE
bitassettrading.com # NO_RESOLVE
bitblockxchange.com # NO_RESOLVE
bitbloomtradings.com # NO_RESOLVE
bitbnbglobal.click # NO_RESOLVE
bitbycoinglobal.com # NO_RESOLVE
bitcoin-millonario.com # NO_RESOLVE
bitcoinalphaedge.com # NO_RESOLVE
bitcoinatmsupportus.org # NO_RESOLVE
bitcoinbillionaire-soft.com # NO_RESOLVE
bitcoinevista-engine.com # NO_RESOLVE
bitcoinfrance-fr.com # NO_RESOLVE
bitcoingenerator-app.com # NO_RESOLVE
bitcoinglobal-system.com # NO_RESOLVE
bitcoinhyperx.com # NO_RESOLVE
bitcoinlexipropro.com # NO_RESOLVE
bitcoinpro-solution.com # NO_RESOLVE
bitcoins-blueprint-app.com # NO_RESOLVE
bitcointitanpro.com # NO_RESOLVE
bitcointoken.pw # NO_RESOLVE
bitcore-360-platform.com # NO_RESOLVE
bitcore-360platform.com # NO_RESOLVE
bitcountespace.com # NO_RESOLVE
bitcrypbot.com # NO_RESOLVE
bite-report.ru # NO_RESOLVE
bitexsupernova-platform.com # NO_RESOLVE
bitfacial-firmes.live # NO_RESOLVE
bitformat.ru # NO_RESOLVE
bitgainoption.vip # NO_RESOLVE
bitgainoptions.com # NO_RESOLVE
bitgrowthltd.com # NO_RESOLVE
bith-fix.com # NO_RESOLVE
bithorizonspectra.com # NO_RESOLVE
bitifinx.com # NO_RESOLVE
bitiq.org # NO_RESOLVE
bitkros-engine.com # NO_RESOLVE
bitlinefastest.live # NO_RESOLVE
bitlink.club # NO_RESOLVE
bitlinktds.com # NO_RESOLVE
bitlitespro.com # NO_RESOLVE
bitmaincryptotrading.net # NO_RESOLVE
bitmarketpip.com # NO_RESOLVE
bitmaxio.com # NO_RESOLVE
bitmining.ltd # NO_RESOLVE
bitmor-vhq.ru # NO_RESOLVE
bitnet-chain.com # NO_RESOLVE
bitnet369.com # NO_RESOLVE
bito-termo.ru # NO_RESOLVE
bitpltd.com # NO_RESOLVE
bitporno.com # NO_RESOLVE
bitpulseai-solution.com # NO_RESOLVE
bitpulseaisolution.com # NO_RESOLVE
bitrem-tuny.ru # NO_RESOLVE
bitrisepulse.com # NO_RESOLVE
bitrockltd.xyz # NO_RESOLVE
bitron-kvante-tech.com # NO_RESOLVE
bitronex-pro.online # NO_RESOLVE
bitsclub.org.ua # TLD_UA
bitsentry.net # NO_RESOLVE
bitshiftexchange.com # NO_RESOLVE
bitsoforum.top # NO_RESOLVE
bitspronix.com # NO_RESOLVE
bitsproute.com # NO_RESOLVE
bitstil.website # NO_RESOLVE
bitstrike.io # NO_RESOLVE
bitstrike13.io # NO_RESOLVE
bitstrike9.io # NO_RESOLVE
bittapwealths.com # NO_RESOLVE
bittrow.com # NO_RESOLVE
bitvarispro-soft.com # NO_RESOLVE
bitvarispro-software.com # NO_RESOLVE
bitvedaflowtech.com # NO_RESOLVE
bitviking.tech # NO_RESOLVE
bityxoo7.ru # NO_RESOLVE
bitz-138.15m.click # TOO_MANY_DIGITS (5)
bitz-173.15n.click # TOO_MANY_DIGITS (5)
bitz-192.t35.buzz # TOO_MANY_DIGITS (5)
bitz-194.t42.buzz # TOO_MANY_DIGITS (5)
bitz-246.55m.buzz # TOO_MANY_DIGITS (5)
bitz-247.39m.click # TOO_MANY_DIGITS (5)
bitz-248.34m.click # TOO_MANY_DIGITS (5)
bitz-249.24m.click # TOO_MANY_DIGITS (5)
bitz-dfa-691.xyz # NO_RESOLVE
bitz-fdx-998.xyz # NO_RESOLVE
bitz-fre-720.xyz # NO_RESOLVE
bitz-fsx-1054.xyz # TOO_MANY_DIGITS (4)
bitz-nbm-1.xyz # NO_RESOLVE
bitz-nbt-1.xyz # NO_RESOLVE
bitz-ooo-1.xyz # NO_RESOLVE
bitz-pqn-46.xyz # NO_RESOLVE
bitz-qaz-695.xyz # NO_RESOLVE
bitz-qwa-1.xyz # NO_RESOLVE
bitz-rtr-1.xyz # NO_RESOLVE
bitz.0212izi.buzz # TOO_MANY_DIGITS (4)
bitz1.io # NO_RESOLVE
bitz10.io # NO_RESOLVE
bitz11.io # NO_RESOLVE
bitz12.io # NO_RESOLVE
bitz14.io # NO_RESOLVE
bitz15.io # NO_RESOLVE
bitz16.io # NO_RESOLVE
bitz17.vip # NO_RESOLVE
bitz18.vip # NO_RESOLVE
bitz2.io # NO_RESOLVE
bitz5.io # NO_RESOLVE
bitz5.net # NO_RESOLVE
bitz6.com # NO_RESOLVE
bitz6.io # NO_RESOLVE
bitz7.club # NO_RESOLVE
bitz7.io # NO_RESOLVE
bitz8.io # NO_RESOLVE
bitz9.club # NO_RESOLVE
bitz9.io # NO_RESOLVE
bitzamo.buzz # NO_RESOLVE
bitzamo.lat # NO_RESOLVE
bitzamo1.com # NO_RESOLVE
bitzamo3366.buzz # TOO_MANY_DIGITS (4)
bitzoicmarket.com # NO_RESOLVE
bitzonex-hub-engine-com.bestmarketingoffer.com # NO_RESOLVE
biver-dnr.ru # NO_RESOLVE
bivest-kim.ru # NO_RESOLVE
biz-conference.ru # NO_RESOLVE
bizbond.fun # NO_RESOLVE
bizesvadba.ru # NO_RESOLVE
bizinlife.ru # NO_RESOLVE
bizlit.com.ua # TLD_UA
biznesclub.site # NO_RESOLVE
biznesroom.ru # NO_RESOLVE
biznet.kiev.ua # TLD_UA
biztersules.ru # NO_RESOLVE
bj247-cc1.esti.city # TOO_MANY_DIGITS (4)
bj247.cc # NO_RESOLVE
bjbdjs.com # NO_RESOLVE
bk.do4a.me # NO_RESOLVE
bka-furnitura.ru # NO_RESOLVE
bkmarket.sbs # NO_RESOLVE
bkz-arbat.ru # NO_RESOLVE
bl-credo.online # NO_RESOLVE
bl-credo.ru # NO_RESOLVE
bl-sp.at # NO_RESOLVE
bl230126pb.com # TOO_MANY_DIGITS (6)
bl2site.at # NO_RESOLVE
black.instagram.com # NO_RESOLVE
blacxprut.com # NO_RESOLVE
bladerunner2049.crabdance.com # TOO_MANY_DIGITS (4)
blago1205.ru # TOO_MANY_DIGITS (4)
blagodoc-med.ru # NO_RESOLVE
blagodoc.ru # NO_RESOLVE
blagoveschensk.komitet-school.ru # NO_RESOLVE
blancvpn.art # NO_RESOLVE
blancvpn.cv # NO_RESOLVE
blanket.com.ua # TLD_UA
blankmed.online # NO_RESOLVE
blankvpn.info # NO_RESOLVE
blasksprutt.cc # NO_RESOLVE
blastbot.net # NO_RESOLVE
blaze4und.org # NO_RESOLVE
blbridge.ru # NO_RESOLVE
blcksprut.xyz # NO_RESOLVE
blcsp.at # NO_RESOLVE
bldaily.com # NO_RESOLVE
blecksprut.com # NO_RESOLVE
blecksprut.de # NO_RESOLVE
blecsprut.com # NO_RESOLVE
blenderfreshbar.ru # NO_RESOLVE
blendin.digital # NO_RESOLVE
blendit.icu # NO_RESOLVE
blendtone.com # NO_RESOLVE
blendtone.icu # NO_RESOLVE
blestfamily.com # NO_RESOLVE
blicker.ru # NO_RESOLVE
blikdok.ru # NO_RESOLVE
bliss-ekb.ru # NO_RESOLVE
blissence.click # NO_RESOLVE
blitz-123.20e.click # TOO_MANY_DIGITS (5)
blitz-133.00t.click # TOO_MANY_DIGITS (5)
blitz-134.40t.click # TOO_MANY_DIGITS (5)
blitz-14.king12.online # TOO_MANY_DIGITS (4)
blitz-163.37n.click # TOO_MANY_DIGITS (5)
blitz-171.00z.buzz # TOO_MANY_DIGITS (5)
blitz-175.21n.click # TOO_MANY_DIGITS (5)
blitz-177.11r.click # TOO_MANY_DIGITS (5)
blitz-222.53i.online # TOO_MANY_DIGITS (5)
blitz-231.61x.buzz # TOO_MANY_DIGITS (5)
blitz-236.24m.click # TOO_MANY_DIGITS (5)
blitz-242.54m.click # TOO_MANY_DIGITS (5)
blitz-253.36v.click # TOO_MANY_DIGITS (5)
blitz-30.tops77.buzz # TOO_MANY_DIGITS (4)
blitz-red.1595.buzz # TOO_MANY_DIGITS (4)
blitz-red.2312.buzz # TOO_MANY_DIGITS (4)
blitz-vhod.ru # NO_RESOLVE
blitz.if.ua # TLD_UA
blitz.uz.ua # TLD_UA
blitzred.buzz # NO_RESOLVE
blitzred.lat # NO_RESOLVE
blizhe.education # NO_RESOLVE
blockchaintradingsociety.com # NO_RESOLVE
blockcointeam.com # NO_RESOLVE
blockdapchain.com # NO_RESOLVE
blockedgelimited.com # NO_RESOLVE
blockhivees.com # NO_RESOLVE
blockleaderx.com # NO_RESOLVE
blockmatchpro.com # NO_RESOLVE
blockteamscore.com # NO_RESOLVE
blockteamx.com # NO_RESOLVE
blocktokenpro.com # NO_RESOLVE
blocktopteam.com # NO_RESOLVE
blockvestdigital.com # NO_RESOLVE
blockvester.com # NO_RESOLVE
blockvult.net # NO_RESOLVE
blockwave-exchange.com # NO_RESOLVE
blockwealthempire.com # NO_RESOLVE
blocvester.com # NO_RESOLVE
blog.allo.ua # TLD_UA
blog.artedonamoro.com # NO_RESOLVE
blog.beagrie.com # NO_RESOLVE
blog.business.instagram.com # NO_RESOLVE
blog.easypay.ua # TLD_UA
blog.eva.ua # TLD_UA
blog.i.ua # TLD_UA
blog.ir # NO_RESOLVE
blog.reimu.net # NO_RESOLVE
blog.xn----7sbbas7adbh1ak4hek1gg.xn--p1ai # TOO_MANY_DIGITS (6)
blog.zona-lagu.net # NO_RESOLVE
blogetsite.com # NO_RESOLVE
blogjquery.ru # NO_RESOLVE
blogs.ipress.ua # TLD_UA
blogs.pravda.com.ua # TLD_UA
blogtalkradio.com # NO_RESOLVE
blokirovki.net # NO_RESOLVE
blood-bro.com # NO_RESOLVE
bloomarch.icu # NO_RESOLVE
bloomarion.com # NO_RESOLVE
bloomden.icu # NO_RESOLVE
bloomila.click # NO_RESOLVE
blossumfinance.net # NO_RESOLVE
bloxenbits.com # NO_RESOLVE
blscksprut.com # NO_RESOLVE
bltpandac.com # NO_RESOLVE
bludexe.org # NO_RESOLVE
blue-fluffy.ru # NO_RESOLVE
blue-qubit.net # NO_RESOLVE
bluechipadvisor.live # NO_RESOLVE
bluefrog-spb.online # NO_RESOLVE
bluefrog-spb.ru # NO_RESOLVE
bluestockpips.com # NO_RESOLVE
bluevault-dexeris-app.com # NO_RESOLVE
bluewafflesdisease.org # NO_RESOLVE
bluewave-nexor.com # NO_RESOLVE
bluglobe.org # NO_RESOLVE
blumau.online # NO_RESOLVE
blyadunsk.com # NO_RESOLVE
bmagaz.net # NO_RESOLVE
bmarksets.com # NO_RESOLVE
bmksz.ru # NO_RESOLVE
bmt-brokers.com # NO_RESOLVE
bnb-legal.ru # NO_RESOLVE
bnbcopytrading.com # NO_RESOLVE
bnd.nuzrzd.ru # NO_RESOLVE
bnycresset.com # NO_RESOLVE
bo-chan.ru # NO_RESOLVE
board.od.ua # TLD_UA
boardgamers.ru # NO_RESOLVE
bob.herrutor.site # NO_RESOLVE
boborganic.biz # NO_RESOLVE
boborganic24.biz # NO_RESOLVE
boc.lodr.buzz # NO_RESOLVE
bodaibo.rosprom-gov-ru.ru # NO_RESOLVE
bodrostinet.online # NO_RESOLVE
bodytech27.ru # NO_RESOLVE
boerboels.ru # NO_RESOLVE
boerse.to # NO_RESOLVE
bogdanovo-pskov.ru # NO_RESOLVE
bogoroditsa-setolovo.ru # NO_RESOLVE
boguchar.dedmoroz-na-zakaz.ru # NO_RESOLVE
bogushevskaya.ru # NO_RESOLVE
boguslav-shkola24.online # NO_RESOLVE
boi.instgame.pro # NO_RESOLVE
bolars82.ru # NO_RESOLVE
bolashak-engr.kz # NO_RESOLVE
boleen.online # NO_RESOLVE
boleen.ru # NO_RESOLVE
bolgarskij-jazyk.ru # NO_RESOLVE
bolhov.expert-narcology.online # NO_RESOLVE
bolnichny-msk.info # NO_RESOLVE
bolnichnye-list.info # NO_RESOLVE
bolnichnyelist.info # NO_RESOLVE
bolnichnyj-listy.info # NO_RESOLVE
bolnichnyjlisty.info # NO_RESOLVE
bolnichnyjmsk.info # NO_RESOLVE
bolnichnymsk.info # NO_RESOLVE
bolotnoe.ddt86.online # NO_RESOLVE
bolvanka.org.ru # NO_RESOLVE
bombardtorg.ru # NO_RESOLVE
bomten-svr.ru # NO_RESOLVE
bomtopia.com # NO_RESOLVE
bonca.guru # NO_RESOLVE
bondarenko-advokat.ru # NO_RESOLVE
bonfilms.ru # NO_RESOLVE
bongs.in.ua # TLD_UA
bongstar.com.ua # TLD_UA
bonitabatler.ru # NO_RESOLVE
bonjorno35.ru # NO_RESOLVE
bonnjtscut.top # NO_RESOLVE
bonnjtsnest.top # NO_RESOLVE
boobspicshunter.com # NO_RESOLVE
boobsspider.com # NO_RESOLVE
book-s.xyz # NO_RESOLVE
book-ye.com.ua # TLD_UA
bookadom.ru # NO_RESOLVE
booking.uz.gov.ua # TLD_UA
bookmakersratings.ru # NO_RESOLVE
bookmp3.ru # NO_RESOLVE
bookofra.com.ua # TLD_UA
bookoof.net # NO_RESOLVE
books.bmagrifa.com # NO_RESOLVE
booksonline.com.ua # TLD_UA
booksto.ru # NO_RESOLVE
booktracker.website # NO_RESOLVE
bookzip.avivas.online # NO_RESOLVE
bookzip2.avivas.online # NO_RESOLVE
boost-15.love-pro93.online # TOO_MANY_DIGITS (4)
boost-24.lev67.online # TOO_MANY_DIGITS (4)
boost-31.lev67.online # TOO_MANY_DIGITS (4)
boost-60.q107.ru # TOO_MANY_DIGITS (5)
boost-60.u102.ru # TOO_MANY_DIGITS (5)
boost-63.611o.top # TOO_MANY_DIGITS (5)
boost.1812.games # TOO_MANY_DIGITS (4)
boost.2026.coupons # TOO_MANY_DIGITS (4)
boostcrafty.com # NO_RESOLVE
booxe.online # NO_RESOLVE
boragarant.ru # NO_RESOLVE
boraservices.bora.dopa.go.th # NO_RESOLVE
bordistone.it # NO_RESOLVE
bordyshev.ru # NO_RESOLVE
borisogleb33.ru # NO_RESOLVE
borjtpond.lol # NO_RESOLVE
borkovdetdom.online # NO_RESOLVE
borkovdetdom.ru # NO_RESOLVE
bormiteg.ru # NO_RESOLVE
borms-petrud.ru # NO_RESOLVE
bormus.ru # NO_RESOLVE
borodino.rosprom-gov-ru.ru # NO_RESOLVE
borodino.s-shahter.online # NO_RESOLVE
borodinskaya1.ru # NO_RESOLVE
borshevpeski.ru # NO_RESOLVE
borskoe-shkola.ru # NO_RESOLVE
bortiki.com # NO_RESOLVE
bortnomerodin.ru # NO_RESOLVE
borutoplanet.ru # NO_RESOLVE
borvestnik.ru # NO_RESOLVE
bos918.space # NO_RESOLVE
boschvidnoe.online # NO_RESOLVE
boschvidnoe.ru # NO_RESOLVE
boski2.biz # NO_RESOLVE
boss-centr.ru # NO_RESOLVE
boss-monitor.site # NO_RESOLVE
bossoli.ru # NO_RESOLVE
boston24.cc # NO_RESOLVE
bostonpc.ru # NO_RESOLVE
bot.or.th # NO_RESOLVE
bot.re-transfer.cloud # NO_RESOLVE
bot.sherlock.pw # NO_RESOLVE
bot.sherlock.zone # NO_RESOLVE
bot1.vip # NO_RESOLVE
botboga.ru # NO_RESOLVE
boteog.ru # NO_RESOLVE
botglazboga.com # NO_RESOLVE
botreg.ru # NO_RESOLVE
bounty-133.55e.click # TOO_MANY_DIGITS (5)
bounty1000.buzz # TOO_MANY_DIGITS (4)
bounty106.buzz # NO_RESOLVE
bounty202.buzz # NO_RESOLVE
bounty346.buzz # NO_RESOLVE
bounty654z.top # NO_RESOLVE
bourmistrov.ru # NO_RESOLVE
boursesetude.com # NO_RESOLVE
boutiqueone.ru # NO_RESOLVE
boviter.ru # NO_RESOLVE
bovpcohlltapzjua.1tvv.live # NO_RESOLVE
box024.land-of-daddy.com # NO_RESOLVE
box122.landing-cat.com # NO_RESOLVE
box129.land-of-daddy.com # NO_RESOLVE
box3.landing-gama.com # NO_RESOLVE
box413.land-of-daddy.com # NO_RESOLVE
box422.land-of-daddy.com # NO_RESOLVE
box448.land-of-kent.com # NO_RESOLVE
box728.land-of-kent.com # NO_RESOLVE
box752.gama-landscape.com # NO_RESOLVE
box752.landing-gama.com # NO_RESOLVE
box882.land-of-daddy.com # NO_RESOLVE
box884.land-of-kent.com # NO_RESOLVE
boxerstar.ru # NO_RESOLVE
boxing-kipa.ru # NO_RESOLVE
boxtracker.ru # NO_RESOLVE
boy-s-tenyu.ru # NO_RESOLVE
boy.films2022.club # TOO_MANY_DIGITS (4)
boyahoy.com # NO_RESOLVE
boyspornmovies.com # NO_RESOLVE
boyxxxtube.org # NO_RESOLVE
bozzo.click # NO_RESOLVE
bp-auto.ru # NO_RESOLVE
bp-guide.id # NO_RESOLVE
bp2020.biz # TOO_MANY_DIGITS (4)
bpdigital.ru # NO_RESOLVE
bpool.site # NO_RESOLVE
bpsakha.ru # NO_RESOLVE
br.stratogig.online # NO_RESOLVE
br62.ru # NO_RESOLVE
brainz.kz # NO_RESOLVE
brametoxpro-app.com # NO_RESOLVE
bramjzone.com # NO_RESOLVE
brandelica.com # NO_RESOLVE
brandeloraa.com # NO_RESOLVE
brandexpand.xyz # NO_RESOLVE
brandlease.ru # NO_RESOLVE
brandmove.digital # NO_RESOLVE
brandsbery.ru # NO_RESOLVE
brandshop.in.ua # TLD_UA
brandwatches.com.ua # TLD_UA
brandzodiac.ru # NO_RESOLVE
branham.com.ua # TLD_UA
brat35.com # NO_RESOLVE
bratkotlov.ru # NO_RESOLVE
bravefundpro.com # NO_RESOLVE
bravell-fund-system.com # NO_RESOLVE
bravessent.com # NO_RESOLVE
bravonityx.com # NO_RESOLVE
bravuranexor.com # NO_RESOLVE
brawlstarsgame.com # NO_RESOLVE
brcrussia.ru # NO_RESOLVE
breakdance-ufa.ru # NO_RESOLVE
breakthroughtrading.pro # NO_RESOLVE
brebo.ru # NO_RESOLVE
breezorae.com # NO_RESOLVE
breezvista.com # NO_RESOLVE
brekdok.com # NO_RESOLVE
brend-ural.ru # NO_RESOLVE
brendawehmeier.com # NO_RESOLVE
brendsbp.ru # NO_RESOLVE
brevistechnologies.cc # NO_RESOLVE
brevistechnology.co # NO_RESOLVE
breznergy.com # NO_RESOLVE
bricklen.icu # NO_RESOLVE
brickmarket-smr.ru # NO_RESOLVE
bricksnake2000.top # TOO_MANY_DIGITS (4)
brics-ticket.ru # NO_RESOLVE
brightforge-global.com # NO_RESOLVE
brightia.digital # NO_RESOLVE
brightora.icu # NO_RESOLVE
brightvpn.help # NO_RESOLVE
bringingsuccess.ru # NO_RESOLVE
britannia-aiplatform.com # NO_RESOLVE
britannicalimited.org # NO_RESOLVE
britishlyceum.ru # NO_RESOLVE
brlnd.ru # NO_RESOLVE
bro.hdonlineru.site # NO_RESOLVE
bro05.com # NO_RESOLVE
bro05.com.24rc.lol # TOO_MANY_DIGITS (4)
broclub.vip # NO_RESOLVE
brokers-rating.ru # NO_RESOLVE
bronnichi.ru # NO_RESOLVE
bronnitsy.s-shahter.online # NO_RESOLVE
bronnitsy.time-to-live.ru # NO_RESOLVE
brontivexengine.com # NO_RESOLVE
brosestack.com # NO_RESOLVE
brotherhoodfund.com.ua # TLD_UA
brovary.net.ua # TLD_UA
brovi-master-permanent.ru # NO_RESOLVE
browbarrostov.ru # NO_RESOLVE
browserguarder.digital # NO_RESOLVE
brtdog.ru # NO_RESOLVE
brushmix.icu # NO_RESOLVE
brusnika-hotel.ru # NO_RESOLVE
brusylivska-gromada.gov.ua # TLD_UA
bryansk.steroid-mans.com # NO_RESOLVE
bryansk.vipster.net # NO_RESOLVE
bryansk32-info.ru # NO_RESOLVE
bs-2-best.online # NO_RESOLVE
bs-corp.ru # NO_RESOLVE
bs-gl.ltd # NO_RESOLVE
bs-gl.online # NO_RESOLVE
bs-gl.xyz # NO_RESOLVE
bs-ngln.at # NO_RESOLVE
bs.ibs.gl # NO_RESOLVE
bs.market # NO_RESOLVE
bs02site.at # NO_RESOLVE
bs02site2.at # NO_RESOLVE
bs02tor.shop # NO_RESOLVE
bs02tor2.cc # NO_RESOLVE
bs02tsite2.cc # NO_RESOLVE
bs02tsite3.cc # NO_RESOLVE
bs02web11.shop # TOO_MANY_DIGITS (4)
bs4best4.com # NO_RESOLVE
bs4web2.com # NO_RESOLVE
bs7webs.store # NO_RESOLVE
bsbot.cfd # NO_RESOLVE
bsbot.shop # NO_RESOLVE
bsbotnet.cfd # NO_RESOLVE
bsclear.pw # NO_RESOLVE
bsconnect.co # NO_RESOLVE
bsfin.info # NO_RESOLVE
bsgateway-market.com # NO_RESOLVE
bshots.ru # NO_RESOLVE
bshub-link.top # NO_RESOLVE
bsme--at.cc # NO_RESOLVE
bsme-at-blackspurt.cc # NO_RESOLVE
bsme-at.cc # NO_RESOLVE
bsme-at.ibs.gl # NO_RESOLVE
bsme-onlion.cc # NO_RESOLVE
bsme-web.cc # NO_RESOLVE
bsme.ac # NO_RESOLVE
bsme.ae # NO_RESOLVE
bsme.co.at # NO_RESOLVE
bsme.fm # NO_RESOLVE
bsme.fun # NO_RESOLVE
bsme.im # NO_RESOLVE
bsme.is # NO_RESOLVE
bsme.la # NO_RESOLVE
bsme.life # NO_RESOLVE
bsme.link # NO_RESOLVE
bsme.name # NO_RESOLVE
bsme.sbs # NO_RESOLVE
bsme0.cc # NO_RESOLVE
bsmeat.com # NO_RESOLVE
bsprut.at # NO_RESOLVE
bstmoment.site # NO_RESOLVE
bstvoly.net # NO_RESOLVE
bsweb.zone # NO_RESOLVE
bsweblink.directory # NO_RESOLVE
bt-lg.ru # NO_RESOLVE
bt-metalloprocat.ru # NO_RESOLVE
bt-reserv.biz # NO_RESOLVE
btc-bumex-9000.com # TOO_MANY_DIGITS (4)
btc-kelix-q5system-com.bestmarketingoffer.com # NO_RESOLVE
btcchina.com # NO_RESOLVE
btceprex-v2.com # NO_RESOLVE
btcmine.space # NO_RESOLVE
btcmining.pw # NO_RESOLVE
btctradingfirm.top # NO_RESOLVE
bti-magadan.ru # NO_RESOLVE
bti-proekt74.ru # NO_RESOLVE
btracker.xyz # NO_RESOLVE
btu.org.ua # TLD_UA
bu-samara.ru # NO_RESOLVE
bucha.com.ua # TLD_UA
buchanska-rda.gov.ua # TLD_UA
bucosvolunteers.org.ua # TLD_UA
bud-moim-kirillom-2021.swezhak.su # TOO_MANY_DIGITS (4)
buddhism.ua # TLD_UA
budget-pro.ru # NO_RESOLVE
budlightnextpoap.com # NO_RESOLVE
bug.org.ua # TLD_UA
bugkywmo.xn----7sbbas7adbh1ak4hek1gg.xn--p1ai # TOO_MANY_DIGITS (6)
bugulma.s-shahter.online # NO_RESOLVE
buguruslan.get-mixed.ru # NO_RESOLVE
buh-auditconsalt.ru # NO_RESOLVE
buh.ucoz.net # NO_RESOLVE
buhaudit-checkconsalting.ru # NO_RESOLVE
buhauditconsalt.ru # NO_RESOLVE
buhgalter.com.ua # TLD_UA
buhgalterskiiuchet2026.ru # TOO_MANY_DIGITS (4)
buhgaltertut.ru # NO_RESOLVE
buhsochi.ru # NO_RESOLVE
buildart.icu # NO_RESOLVE
buildelora.com # NO_RESOLVE
buildentry.com # NO_RESOLVE
buildersmine.com # NO_RESOLVE
buildmelody.icu # NO_RESOLVE
buildmotion.icu # NO_RESOLVE
buildmusic.icu # NO_RESOLVE
buildrhythm.icu # NO_RESOLVE
buildscene.digital # NO_RESOLVE
buildsound.icu # NO_RESOLVE
buket-fresh.ru # NO_RESOLVE
buket-podarki02.ru # NO_RESOLVE
bukhproff.org # NO_RESOLVE
bukinfo.com.ua # TLD_UA
buksntolen.online # NO_RESOLVE
buksntolen.ru # NO_RESOLVE
bukvoeb.top # NO_RESOLVE
bulbafood.ru # NO_RESOLVE
bulky-objects-841347.framer.app # TOO_MANY_DIGITS (6)
bullbyincap.com # NO_RESOLVE
bullish-trend.com # NO_RESOLVE
bullishcopyexpert.com # NO_RESOLVE
bullock-xv.com # NO_RESOLVE
bullprotrading.com # NO_RESOLVE
bullscrytal.com # NO_RESOLVE
bulochnayakorzinka.ru # NO_RESOLVE
bulomaten.online # NO_RESOLVE
bulomaten.ru # NO_RESOLVE
bulvar.com.ua # TLD_UA
bumafan.ru # NO_RESOLVE
bumpinteractive.ru # NO_RESOLVE
bumtesi-by.ru # NO_RESOLVE
bunin2020.ru # TOO_MANY_DIGITS (4)
burdygina1989.ru # TOO_MANY_DIGITS (4)
burenakle.ru # NO_RESOLVE
burenie-dmitrov.ru # NO_RESOLVE
burenie-naro-fominsk.ru # NO_RESOLVE
burgasgo.ru # NO_RESOLVE
burgerclub-kirishi.ru # NO_RESOLVE
burmalda.pro # NO_RESOLVE
burnpell.ru # NO_RESOLVE
buronaxodok.ru # NO_RESOLVE
burperm.ru # NO_RESOLVE
burshlen.ru # NO_RESOLVE
bus.muzlo.website # NO_RESOLVE
busgov.ru # NO_RESOLVE
businesobraz-4.site # NO_RESOLVE
business-prokat24.ru # NO_RESOLVE
businessclass-fares.com # NO_RESOLVE
businessdigital.store # NO_RESOLVE
businessevgeniaegorova.ru # NO_RESOLVE
businessnews24bd.com # NO_RESOLVE
businessupgrade.ru # NO_RESOLVE
busredi.ru # NO_RESOLVE
bustomal.ru # NO_RESOLVE
butedukas-cnslt.com # NO_RESOLVE
butik4kids.ru # NO_RESOLVE
butikbag.ru # NO_RESOLVE
butiknevest.ru # NO_RESOLVE
butus.kz # NO_RESOLVE
buvarhel.online # NO_RESOLVE
buvarhel.ru # NO_RESOLVE
buvrpb.davr.gov.ua # TLD_UA
buxclix.space # NO_RESOLVE
buxetui6.ru # NO_RESOLVE
buy-poisons.ru # NO_RESOLVE
buycheck-xxrmlze.top # NO_RESOLVE
buychemstore.com # NO_RESOLVE
buyermap.digital # NO_RESOLVE
buyfan.ru # NO_RESOLVE
buyketaonline.com # NO_RESOLVE
buyom.gl # NO_RESOLVE
buypropertyspain.net # NO_RESOLVE
buzz24.klad.cc # NO_RESOLVE
buzzmedia.icu # NO_RESOLVE
bv-trend.com # NO_RESOLVE
bv59.ru # NO_RESOLVE
by-textest.ru # NO_RESOLVE
bydigitalasset.com # NO_RESOLVE
bykaaa.com # NO_RESOLVE
byoc.space # NO_RESOLVE
byphex.com # NO_RESOLVE
byrutor.info # NO_RESOLVE
byte-bit.com # NO_RESOLVE
byte-qyz-system.com # NO_RESOLVE
byteoversea.com # NO_RESOLVE
byteqyz-software.com # NO_RESOLVE
bytewealt.com # NO_RESOLVE
bytextests.ru # NO_RESOLVE
bytzapchasti-online.ru # NO_RESOLVE
byv-otil.pro # NO_RESOLVE
byvshaja-zhena-2022.reallook.ru # TOO_MANY_DIGITS (4)
c-cl.cc # NO_RESOLVE
c-k.su # NO_RESOLVE
c-m-d.ru # NO_RESOLVE
c-zarnitza.ru # NO_RESOLVE
c-zmvin.lisardlamongie.fr # NO_RESOLVE
c.erkiss.name # NO_RESOLVE
c.gamemik.ru # NO_RESOLVE
c.hd-1080.online # TOO_MANY_DIGITS (4)
c.parkerlabs.tech # NO_RESOLVE
c.rynokshkur.info # NO_RESOLVE
c.seriyahd.cyou # NO_RESOLVE
c.stopfilms.info # NO_RESOLVE
c.stripclub.mom # NO_RESOLVE
c.uzbek-sex.top # NO_RESOLVE
c1.rbook.me # NO_RESOLVE
c4.com.ua # TLD_UA
c4c0cbe45817a9d1e3bfbd03f1d58577.mararus.com # TOO_MANY_DIGITS (18)
c4z.bhf576c5ff.com # TOO_MANY_DIGITS (5)
c7aff1.site # NO_RESOLVE
c7affiliate1.site # NO_RESOLVE
c812cf29.piped.pages.dev # TOO_MANY_DIGITS (5)
c9c.net # NO_RESOLVE
cab.4sytetrading.com # NO_RESOLVE
cab.ltdfargix.com # NO_RESOLVE
cablecompany.com.ua # TLD_UA
cacds.org.ua # TLD_UA
cacyvuo7.ru # NO_RESOLVE
cad-olymp2013.ru # TOO_MANY_DIGITS (4)
cad-system.ru # NO_RESOLVE
cadoola12.com # NO_RESOLVE
cadoola6.com # NO_RESOLVE
caesar-stroy.ru # NO_RESOLVE
cafe-caramel.ru # NO_RESOLVE
cafe-familypark.kz # NO_RESOLVE
cafe-krona.ru # NO_RESOLVE
cafe-terra.ru # NO_RESOLVE
cafe5050.ru # TOO_MANY_DIGITS (4)
cafeglazunya.ru # NO_RESOLVE
cafelaferme.ru # NO_RESOLVE
cafemcity.ru # NO_RESOLVE
cafepenki.ru # NO_RESOLVE
cafeviraj.ru # NO_RESOLVE
cafks.ru # NO_RESOLVE
caihongto.com # NO_RESOLVE
caisregion9.org # NO_RESOLVE
cakesart.com.ua # TLD_UA
cakyra.ru # NO_RESOLVE
calmiora.digital # NO_RESOLVE
calmleafish.com # NO_RESOLVE
calmorix.icu # NO_RESOLVE
calviro.click # NO_RESOLVE
calzone.space # NO_RESOLVE
cam.directory # NO_RESOLVE
cam.promo # NO_RESOLVE
camnews.org # NO_RESOLVE
campagntarget.icu # NO_RESOLVE
campaigntarget.click # NO_RESOLVE
cams.autos # NO_RESOLVE
cams.makeup # NO_RESOLVE
can-explain.com # NO_RESOLVE
cancun-bebe.ru # NO_RESOLVE
candle1.ru # NO_RESOLVE
candy3.org # NO_RESOLVE
canfirst-platform.com # NO_RESOLVE
cannabisseeds.com.ua # TLD_UA
cannanews.top # NO_RESOLVE
canoestart.online # NO_RESOLVE
canoestart.ru # NO_RESOLVE
canoncams.online # NO_RESOLVE
cantv.net # NO_RESOLVE
canvasfusionworks.click # NO_RESOLVE
canvasguardpro.digital # NO_RESOLVE
canwealth-system.com # NO_RESOLVE
canwealthsystem.com # NO_RESOLVE
cap.rewwarrdmax.com # NO_RESOLVE
capiital.net # NO_RESOLVE
capita-fuse.com # NO_RESOLVE
capitamiglepro.online # NO_RESOLVE
capitasphere.com # NO_RESOLVE
capraiserstrd.com # NO_RESOLVE
capriontrust.com # NO_RESOLVE
capstonegrowthapp.com # NO_RESOLVE
capstonestartesk.com # NO_RESOLVE
captcha.mega555net013.com # TOO_MANY_DIGITS (6)
captierstrading.com # NO_RESOLVE
capuli.org # NO_RESOLVE
car-ville.ru # NO_RESOLVE
carchialdia.com # NO_RESOLVE
carding20-18.blogspot.com # TOO_MANY_DIGITS (4)
cardinglegends.com # NO_RESOLVE
cardrive.store # NO_RESOLVE
cardspoint.ru # NO_RESOLVE
careershoot.online # NO_RESOLVE
cargoroute.ru # NO_RESOLVE
caribbean.com.ua # TLD_UA
caribprosystem.com # NO_RESOLVE
caring-training.ru # NO_RESOLVE
carpetdreams.online # NO_RESOLVE
carpmagazine.ru # NO_RESOLVE
carshseller.top # NO_RESOLVE
cartamaior.com.br # NO_RESOLVE
cartel24.klad.cc # NO_RESOLVE
caruda.ru # NO_RESOLVE
carveform.icu # NO_RESOLVE
carveit.icu # NO_RESOLVE
carving.digital # NO_RESOLVE
cas-martin1red.top # NO_RESOLVE
cas-starda11.ru # NO_RESOLVE
cas-starda12.ru # NO_RESOLVE
casahillel.com # NO_RESOLVE
casaruralcornalvo.com # NO_RESOLVE
case-battle.ru # NO_RESOLVE
casino.ua # TLD_UA
castanovaax.com # NO_RESOLVE
casteliora.com # NO_RESOLVE
castenique.com # NO_RESOLVE
casteniquea.com # NO_RESOLVE
castlelady.ru # NO_RESOLVE
castrovalvalimiteds.com # NO_RESOLVE
cat-104.32r.top # TOO_MANY_DIGITS (5)
cat-17.23z.top # TOO_MANY_DIGITS (4)
cat-192.t19.online # TOO_MANY_DIGITS (5)
cat-193.t18.buzz # TOO_MANY_DIGITS (5)
cat-198.t51.online # TOO_MANY_DIGITS (5)
cat-228.31g.click # TOO_MANY_DIGITS (5)
cat-25.q108.ru # TOO_MANY_DIGITS (5)
cat-268.374b.top # TOO_MANY_DIGITS (6)
cat-89.d95.buzz # TOO_MANY_DIGITS (4)
cat-91.d22.buzz # TOO_MANY_DIGITS (4)
cat-92.d09.buzz # TOO_MANY_DIGITS (4)
cat-game.ru # NO_RESOLVE
cat.134851.top # TOO_MANY_DIGITS (6)
cat.3012.games # TOO_MANY_DIGITS (4)
cat.3112.games # TOO_MANY_DIGITS (4)
cat1341.top # TOO_MANY_DIGITS (4)
cat1488.top # TOO_MANY_DIGITS (4)
cat1490.top # TOO_MANY_DIGITS (4)
catabela.com # NO_RESOLVE
catchenory.com # NO_RESOLVE
cathedral.zp.ua # TLD_UA
catmine.io # NO_RESOLVE
cats-team.ru # NO_RESOLVE
catsandpets.ru # NO_RESOLVE
catsmy.ru # NO_RESOLVE
caucasian-porn.cc # NO_RESOLVE
cauligreenclub.com.br # NO_RESOLVE
causetoshare.com # NO_RESOLVE
cax27tb871.com # TOO_MANY_DIGITS (5)
cbbank.com.mm # NO_RESOLVE
cbdc-obmen.com # NO_RESOLVE
cbdqucplwjahlbbv.bmeq4xku34je.live # NO_RESOLVE
cbn.com.ua # TLD_UA
cbrostov.ru # NO_RESOLVE
cc-24.top # NO_RESOLVE
cc.filmi-novinki.mom # NO_RESOLVE
cc.video-box.mom # NO_RESOLVE
ccabura.place # NO_RESOLVE
cciylbmb.com # NO_RESOLVE
ccl.org.ua # TLD_UA
ccli.ir # NO_RESOLVE
ccosmo.biz # NO_RESOLVE
ccr-actions.com # NO_RESOLVE
cd.transy-msk.xyz # NO_RESOLVE
cd0.ru # NO_RESOLVE
cdn-apple.com # NO_RESOLVE
cdn-telegram.org # NO_RESOLVE
cdninstagram.com # NO_RESOLVE
cdo-rostov.ru # NO_RESOLVE
cdp1998.org # TOO_MANY_DIGITS (4)
cdu.edu.ua # TLD_UA
cdyastuff.com # NO_RESOLVE
ceamso.org.py # NO_RESOLVE
cedatrading.com # NO_RESOLVE
cedem.org.ua # TLD_UA
ceed-jd.ru # NO_RESOLVE
cefdzpuqzokrejxs.7vnllyl7h70g.xyz # TOO_MANY_DIGITS (4)
cegicay4.ru # NO_RESOLVE
cekon-swap.world # NO_RESOLVE
celestialnexora.com # NO_RESOLVE
celleb.net # NO_RESOLVE
cellulitoff.ru # NO_RESOLVE
celturex-software.com # NO_RESOLVE
cemexpert.ru # NO_RESOLVE
cencoex.gob.ve # NO_RESOLVE
censor.net.ua # TLD_UA
center-club.us # NO_RESOLVE
center-medoccc.xyz # NO_RESOLVE
center4x4.ru # NO_RESOLVE
centevia.com # NO_RESOLVE
centr-autorazbor45.ru # NO_RESOLVE
centr-med-chita.ru # NO_RESOLVE
centr-med24.ru # NO_RESOLVE
centr-ulanova.ru # NO_RESOLVE
centr-umnichka.ru # NO_RESOLVE
centralassetholdings.com # NO_RESOLVE
centre-kuhni.ru # NO_RESOLVE
centre7.ru # NO_RESOLVE
centrocinofiloluponero.com # NO_RESOLVE
centrs-health.ru # NO_RESOLVE
centrsvoboda.online # NO_RESOLVE
centrvasilenko.online # NO_RESOLVE
centry-test.ru # NO_RESOLVE
ceprodel.org.ni # NO_RESOLVE
cerycoi4.ru # NO_RESOLVE
ces.org.ua # TLD_UA
ceut38.ru # NO_RESOLVE
cezbitmax-system.com # NO_RESOLVE
cezor-lumextech.com # NO_RESOLVE
cezorlumextech.com # NO_RESOLVE
cfbwala.com # NO_RESOLVE
cfd.cryptoalgoritm.com # NO_RESOLVE
cfd.fintechmarket.pro # NO_RESOLVE
cfd.fondexglobaltd.com # NO_RESOLVE
cfk27.ru # NO_RESOLVE
cfts.org.ua # TLD_UA
cg.levpromokod.help # NO_RESOLVE
cgatepremium.com # NO_RESOLVE
cgizbo1.top # NO_RESOLVE
cgizbo2.top # NO_RESOLVE
chaampion-games.com # NO_RESOLVE
chadan.avtomir-doc.info # NO_RESOLVE
chaihana-halva.ru # NO_RESOLVE
chaihona-aiva.ru # NO_RESOLVE
chain-iplex-pro.net # NO_RESOLVE
chainassetgrowth.com # NO_RESOLVE
chainboostltd.com # NO_RESOLVE
chainfinanceltd.com # NO_RESOLVE
chaintrustglobal.com # NO_RESOLVE
chale.su # NO_RESOLVE
chalet-chaihana.ru # NO_RESOLVE
chamber.ua # TLD_UA
champ.click # NO_RESOLVE
champion.1812.games # TOO_MANY_DIGITS (4)
champion.3112.games # TOO_MANY_DIGITS (4)
championat-film.site # NO_RESOLVE
championcasino.ua # TLD_UA
championclub.icu # NO_RESOLVE
championclub.shop # NO_RESOLVE
championclub.ua # TLD_UA
championrods.ru # NO_RESOLVE
championsgames.net # NO_RESOLVE
champress.net # NO_RESOLVE
changan-alianz.ru # NO_RESOLVE
changnoi.ru # NO_RESOLVE
chaosg.org # NO_RESOLVE
chaostub.cc # NO_RESOLVE
chaosya.org # NO_RESOLVE
charanadi.ru # NO_RESOLVE
chargebacks.ru # NO_RESOLVE
charity-ukrbusiness.com.ua # TLD_UA
charter-market.ru # NO_RESOLVE
charternavigator.ru # NO_RESOLVE
chas-tishiny-2024.swezhak.su # TOO_MANY_DIGITS (4)
chas.cv.ua # TLD_UA
chastnaya-psihiatricheskaya-klinika.ru # NO_RESOLVE
chastnyjmarketolog.ru # NO_RESOLVE
chastoozerie.ru # NO_RESOLVE
chatesat.com # NO_RESOLVE
chatqatar.com # NO_RESOLVE
chaturbators.ru # NO_RESOLVE
chbihpresident2007.bloguez.com # TOO_MANY_DIGITS (4)
chbuh.ru # NO_RESOLVE
che59.ru # NO_RESOLVE
cheap-key.ru # NO_RESOLVE
cheapjerseysgear.com # NO_RESOLVE
cheat-master.ru # NO_RESOLVE
cheboksary.registratsia-rebenka.ru # NO_RESOLVE
chechir.ru # NO_RESOLVE
check-4-you.ru # NO_RESOLVE
check-4you.ru # NO_RESOLVE
check-for-you.ru # NO_RESOLVE
check-foryou.ru # NO_RESOLVE
check-split-you.ru # NO_RESOLVE
check-splityou.ru # NO_RESOLVE
check-vam.ru # NO_RESOLVE
check-you.online # NO_RESOLVE
check4you.ru # NO_RESOLVE
check4you24.ru # NO_RESOLVE
checkconfirm.online # NO_RESOLVE
checkfor-you.ru # NO_RESOLVE
checkforyou.ru # NO_RESOLVE
checkforyou24.ru # NO_RESOLVE
checki-prosto-xxqmyes.top # NO_RESOLVE
checki1-911.info # TOO_MANY_DIGITS (4)
checki2-fhhejekuu911.info # TOO_MANY_DIGITS (4)
checki3-911.info # TOO_MANY_DIGITS (4)
checki3-fadsjputrr911.info # TOO_MANY_DIGITS (4)
checki4-911.info # TOO_MANY_DIGITS (4)
checki911.com # NO_RESOLVE
checkirf.ru # NO_RESOLVE
checks-911.info # NO_RESOLVE
checks-9111.info # TOO_MANY_DIGITS (4)
checksndsaudit.ru # NO_RESOLVE
cheese-mania.ru # NO_RESOLVE
cheesewikis.ru # NO_RESOLVE
cheesypapus.ru # NO_RESOLVE
cheline.com.ua # TLD_UA
cheljabinsk.vipster.net # NO_RESOLVE
chemi696.biz # NO_RESOLVE
chemical-dreams.to # NO_RESOLVE
chemical24.biz # NO_RESOLVE
chemicbro.pro # NO_RESOLVE
chemservic.biz # NO_RESOLVE
chemservice24.biz # NO_RESOLVE
chemshop1.com # NO_RESOLVE
cherek-crb.ru # NO_RESOLVE
cherem-24.ru # NO_RESOLVE
cherepovec.vipster.net # NO_RESOLVE
cherkessk7m.ru # NO_RESOLVE
chernayalyubov.ru # NO_RESOLVE
chernobyl86.ru # NO_RESOLVE
chernova-kuhni.ru # NO_RESOLVE
chernyj-chaj-2024.swezhak.su # TOO_MANY_DIGITS (4)
cherry-game1.biz # NO_RESOLVE
cheryrostokino.ru # NO_RESOLVE
chesno.in.ua # TLD_UA
chetkiisluh.ru # NO_RESOLVE
chetra-mini.ru # NO_RESOLVE
chetvertye-avtomobil-nye-pravila.info # NO_RESOLVE
chevrolet-avtomir.ru # NO_RESOLVE
chexovevakuator.ru # NO_RESOLVE
chiaroinvexus-app.com # NO_RESOLVE
chiccan.ru # NO_RESOLVE
chickengame.pro # NO_RESOLVE
chicloth.ru # NO_RESOLVE
chiefstech.com # NO_RESOLVE
chikenhouse.ru # NO_RESOLVE
chikenking.ru # NO_RESOLVE
child-actors.ru # NO_RESOLVE
china-moutai.com # NO_RESOLVE
chinadom24.ru # NO_RESOLVE
chinasklad.ru # NO_RESOLVE
chindolina.ru # NO_RESOLVE
chipollinopizza.ru # NO_RESOLVE
chips0t.ru # NO_RESOLVE
chir-unvd.online # NO_RESOLVE
chirikli.com.ua # TLD_UA
chistayasovest.ru # NO_RESOLVE
chistoto.ru # NO_RESOLVE
chistsmol.ru # NO_RESOLVE
chita.komitet-school.ru # NO_RESOLVE
chita.registratsya-school2024.ru # TOO_MANY_DIGITS (4)
chita.vipster.net # NO_RESOLVE
chitania24.ru # NO_RESOLVE
chitaugol.ru # NO_RESOLVE
chiticket.com # NO_RESOLVE
chk-dshi.online # NO_RESOLVE
chk-dshi.ru # NO_RESOLVE
chkalov-san.online # NO_RESOLVE
chkalov-san.ru # NO_RESOLVE
chklocal.com # NO_RESOLVE
chm1.biz # NO_RESOLVE
chmcl696.biz # NO_RESOLVE
chnk.ru # NO_RESOLVE
chobits.rolehub.ru # NO_RESOLVE
chochox23.space # NO_RESOLVE
chocolate.lviv.ua # TLD_UA
chok2023.ru # TOO_MANY_DIGITS (4)
chol.com # NO_RESOLVE
chordex.ru # NO_RESOLVE
chowis.ru # NO_RESOLVE
chpi.info # NO_RESOLVE
christian-clive.ru # NO_RESOLVE
chronicclub.cc # NO_RESOLVE
chto-skryvaet-ljubov-2024.swezhak.su # TOO_MANY_DIGITS (4)
chtokomupodarit.ru # NO_RESOLVE
chtovzyatssoboy.ru # NO_RESOLVE
chtyvo.org.ua # TLD_UA
chu-seeds.com.ua # TLD_UA
chubby.photos # NO_RESOLVE
chukotkaconf.ru # NO_RESOLVE
church.ua # TLD_UA
churchofchrist-barnaul.ru # NO_RESOLVE
chutastation.com # NO_RESOLVE
cialisgenbrx.com # NO_RESOLVE
cibernetica.ru # NO_RESOLVE
cibroxspace.com # NO_RESOLVE
cibta.ru # NO_RESOLVE
cif.in.ua # TLD_UA
cifraactive.info # NO_RESOLVE
cifrahit.ru # NO_RESOLVE
cig-poshta.in.ua # TLD_UA
cigaronneoptom.ru # NO_RESOLVE
cikn.ru # NO_RESOLVE
cilajao9.ru # NO_RESOLVE
cilnox.org # NO_RESOLVE
cimipeo.com # NO_RESOLVE
cineb.rs # NO_RESOLVE
cinecalidad.to # NO_RESOLVE
cinema-24.fun # NO_RESOLVE
cinema-lite.me # NO_RESOLVE
cinemapurgatorio.com # NO_RESOLVE
cinematic.red # NO_RESOLVE
cino.website # NO_RESOLVE
cip.gov.ua # TLD_UA
cipherkryptomining.com # NO_RESOLVE
ciphernexa-green-energy.org # NO_RESOLVE
cir1.india-express-nov-24.ru # NO_RESOLVE
circleusdt.com # NO_RESOLVE
circulationinfo.xyz # NO_RESOLVE
cirkkrasnodar.ru # NO_RESOLVE
citiesbattle.ru # NO_RESOLVE
cito-vestnik.ru # NO_RESOLVE
citroen-silver.ru # NO_RESOLVE
citroen-sto.ru # NO_RESOLVE
citruskarelia.ru # NO_RESOLVE
city-izyum.pp.ua # TLD_UA
city.sumy.ua # TLD_UA
citybeautyy.ru # NO_RESOLVE
cityboom.top # NO_RESOLVE
cityfashionweek.ru # NO_RESOLVE
cityhost.click # NO_RESOLVE
cityhost.ua # TLD_UA
citynews.net.ua # TLD_UA
cityobuv.ru # NO_RESOLVE
cityprosperpath.click # NO_RESOLVE
cityrescue.ru # NO_RESOLVE
cityvotepro.xyz # NO_RESOLVE
civi.tvfilms.club # NO_RESOLVE
ckiapk.ru # NO_RESOLVE
ckuralprostranstva.ru # NO_RESOLVE
clado.info # NO_RESOLVE
claritycapt.com # NO_RESOLVE
claro-finlore-app.net # NO_RESOLVE
claro-monetix.com # NO_RESOLVE
clarumfintrion.com # NO_RESOLVE
clasee.io # NO_RESOLVE
clash-wiki.org # NO_RESOLVE
clashofpower.com # NO_RESOLVE
clashofsales.su # NO_RESOLVE
clashroyaleapp.com # NO_RESOLVE
classic-restaurant.online # NO_RESOLVE
classic-restaurant.ru # NO_RESOLVE
classicluxepro.com # NO_RESOLVE
clayfold.icu # NO_RESOLVE
clbkminigame.top # NO_RESOLVE
clbnikcoins.top # NO_RESOLVE
clbnikssaga.top # NO_RESOLVE
clbnkface.top # NO_RESOLVE
clbnkquads.top # NO_RESOLVE
clbnkupcard.top # NO_RESOLVE
cleaning-a.ru # NO_RESOLVE
cleaning142.ru # NO_RESOLVE
cleanyangon.com # NO_RESOLVE
clearbrooktrading.org # NO_RESOLVE
clearinvexus.com # NO_RESOLVE
clearviah.com # NO_RESOLVE
cleavine.digital # NO_RESOLVE
cledum.ru # NO_RESOLVE
clic-clac.ru # NO_RESOLVE
click0zwages.buzz # NO_RESOLVE
clicktopromo.com # NO_RESOLVE
client-cms.com # NO_RESOLVE
client.saberx.net # NO_RESOLVE
client.universalwealthgroup.com # NO_RESOLVE
client.ww-brokers.com # NO_RESOLVE
climateknowledge.digital # NO_RESOLVE
climbent.com # NO_RESOLVE
climbory.com # NO_RESOLVE
clipbuh.ru # NO_RESOLVE
clipwatching.com # NO_RESOLVE
clodmaxx.com # NO_RESOLVE
clonmusik.ru # NO_RESOLVE
cloudcointech.com # NO_RESOLVE
cloudfall.com.ua # TLD_UA
cloudkgn.cc # NO_RESOLVE
cloudkgn.net # NO_RESOLVE
cloudkgn.vip # NO_RESOLVE
cloudshop.com.ua # TLD_UA
cloudsteering.ru # NO_RESOLVE
cloudviney.com # NO_RESOLVE
clouty.kz # NO_RESOLVE
cloverixvault-platform.com # NO_RESOLVE
clownstudio.ru # NO_RESOLVE
cltgo.co # NO_RESOLVE
club-cube.ru # NO_RESOLVE
club-doramu.ru # NO_RESOLVE
club-grant.ru # NO_RESOLVE
club-izbirateley.ru # NO_RESOLVE
club224092611.vsite.pro # TOO_MANY_DIGITS (9)
clubdaddy.icu # NO_RESOLVE
clubdeluxe.site # NO_RESOLVE
clubg.top # NO_RESOLVE
clubkinfinireels.top # NO_RESOLVE
clubkk.ru # NO_RESOLVE
clubleo.ru # NO_RESOLVE
clubnica1000.buzz # TOO_MANY_DIGITS (4)
clubnica2000.buzz # TOO_MANY_DIGITS (4)
clubnidropbox.top # NO_RESOLVE
clubniksbronze.top # NO_RESOLVE
clubpushkari.ru # NO_RESOLVE
clubvdelexe.online # NO_RESOLVE
clubvolcano.info # NO_RESOLVE
clusters2018.ru # TOO_MANY_DIGITS (4)
clutch.net.ua # TLD_UA
cluub.ru # NO_RESOLVE
clzrd.co # NO_RESOLVE
cmap.mr # NO_RESOLVE
cmcfedorov.ru # NO_RESOLVE
cmcmarkuts.com # NO_RESOLVE
cmg-cmg-tv-10090-prod.cdn.arcpublishing.com # TOO_MANY_DIGITS (5)
cmitobninsk.ru # NO_RESOLVE
cmocoins.com # NO_RESOLVE
cmt.tqz.mybluehostin.me # NO_RESOLVE
cn.com.ua # TLD_UA
cn.tubebay.net # NO_RESOLVE
cnap.khm.gov.ua # TLD_UA
cnc.dn.ua # TLD_UA
cne.gob.ve # NO_RESOLVE
cneoufa.ru # NO_RESOLVE
cnkoarmavir.ru # NO_RESOLVE
cntime.cn.ua # TLD_UA
cntly.co # NO_RESOLVE
co-alarm.ru # NO_RESOLVE
co1925.online # TOO_MANY_DIGITS (4)
co1925.ru # TOO_MANY_DIGITS (4)
co42tula.ru # NO_RESOLVE
coachdrstormy.com # NO_RESOLVE
coachingacceleratorteam.shop # NO_RESOLVE
cobramag.com.ua # TLD_UA
cobrashop.com.ua # TLD_UA
cocktailbarthecourt.com # NO_RESOLVE
cocogacn.xyz # NO_RESOLVE
cod76.ru # NO_RESOLVE
codeluxproperties.com # NO_RESOLVE
codes.com.ua # TLD_UA
codesremedy.art # NO_RESOLVE
codwar.tech # NO_RESOLVE
coffeepasta.ru # NO_RESOLVE
cognarise.store # NO_RESOLVE
coin-birds.com # NO_RESOLVE
coin-birds.lat # NO_RESOLVE
coin-vertex.com # NO_RESOLVE
coin-x.click # NO_RESOLVE
coinaibacker.shop # NO_RESOLVE
coinarisprosoft.com # NO_RESOLVE
coinbold-finex.com # NO_RESOLVE
coinbox-platform.com # NO_RESOLVE
coinbullvisionltd.com # NO_RESOLVE
coincloudtrading.com # NO_RESOLVE
coinfidel.com # NO_RESOLVE
coinfluxchain.com # NO_RESOLVE
coinjet.site # NO_RESOLVE
coinjet.website # NO_RESOLVE
coinlabelvest.com # NO_RESOLVE
coinoverse.com # NO_RESOLVE
coinplusstock.com # NO_RESOLVE
coinsboosting.com # NO_RESOLVE
coinspire-soft.com # NO_RESOLVE
coinspotltd.com # NO_RESOLVE
cointrafex.com # NO_RESOLVE
cointrusts-flipping.com # NO_RESOLVE
coinwaden.com # NO_RESOLVE
colibriloyalty.com # NO_RESOLVE
coloradotr.ru # NO_RESOLVE
colorit.icu # NO_RESOLVE
colorwave.icu # NO_RESOLVE
columbus-12.75f.buzz # TOO_MANY_DIGITS (4)
columbus-ksw5.ru # NO_RESOLVE
colvilleproperties-limited.com # NO_RESOLVE
com-xiaomi.ru # NO_RESOLVE
com.cy # NO_RESOLVE
coma.in.ua # TLD_UA
coma.su # NO_RESOLVE
comein3d.com # NO_RESOLVE
comercio-invexon-platform.com # NO_RESOLVE
comics.1hentai.org # NO_RESOLVE
commandingplatform.shop # NO_RESOLVE
comments.ua # TLD_UA
commons.com.ua # TLD_UA
communicause.com # NO_RESOLVE
communities.lviv.ua # TLD_UA
community-music.ru # NO_RESOLVE
comohacerseunaborto.com # NO_RESOLVE
compas-boat.ru # NO_RESOLVE
compcor.ru # NO_RESOLVE
competition.com.ua # TLD_UA
complex-ideas.ru # NO_RESOLVE
complex-life.blog.ir # NO_RESOLVE
composeit.icu # NO_RESOLVE
composeme.icu # NO_RESOLVE
compozit.su # NO_RESOLVE
compro-r.com # NO_RESOLVE
comprom.kz # NO_RESOLVE
comradgroup.ru # NO_RESOLVE
comsibpress.ru # NO_RESOLVE
conapred.org.mx # NO_RESOLVE
concen.org # NO_RESOLVE
conceptio-club.ru # NO_RESOLVE
concretetrustltd.com # NO_RESOLVE
conf-imcp.ru # NO_RESOLVE
conf-moniki.ru # NO_RESOLVE
confederationist.com # NO_RESOLVE
confetti-conditer.ru # NO_RESOLVE
congad.org # NO_RESOLVE
connect.com.ua # TLD_UA
consciousharvest.org # NO_RESOLVE
consult-myanmar.com # NO_RESOLVE
consumeraffairs.org.uk # NO_RESOLVE
consumershift.xyz # NO_RESOLVE
consumertrend.click # NO_RESOLVE
contabits.org # NO_RESOLVE
contaclip.ru # NO_RESOLVE
continue-oyk.com # NO_RESOLVE
continue-rww.com # NO_RESOLVE
contrastit.digital # NO_RESOLVE
control-realty.ru # NO_RESOLVE
conversion-labs.ru # NO_RESOLVE
conwaycs.ru # NO_RESOLVE
coocha.me # NO_RESOLVE
coocheh.com # NO_RESOLVE
coocoobook.ru # NO_RESOLVE
cookinghub.com.ua # TLD_UA
coolnyan.site # NO_RESOLVE
coolschoolmusic.ru # NO_RESOLVE
coolseoman.ru # NO_RESOLVE
cooltisyntrix-solution.com # NO_RESOLVE
cooltisyntrixsolution.com # NO_RESOLVE
coolvpnpro.info # NO_RESOLVE
coperatefinance.com # NO_RESOLVE
copro-bro.cc # NO_RESOLVE
copro-bro.com # NO_RESOLVE
copro-porno.click # NO_RESOLVE
coptic-church.org # NO_RESOLVE
copy-tradingclub.com # NO_RESOLVE
copyexxmarket.com # NO_RESOLVE
copykoieliteglobal.org # NO_RESOLVE
corazu.com # NO_RESOLVE
cordillera-patrimonio.net # NO_RESOLVE
corelfilm.online # NO_RESOLVE
coremarketoptionspro.com # NO_RESOLVE
coreqbit.net # NO_RESOLVE
corerealasset.com # NO_RESOLVE
coresmartincome.com # NO_RESOLVE
corona.jogjaprov.go.id # NO_RESOLVE
corp-bez.ru # NO_RESOLVE
corpo.su # NO_RESOLVE
corselet.stron-tm.ru # NO_RESOLVE
cortexsnetwork.com # NO_RESOLVE
corusctech.com # NO_RESOLVE
corventrusst.com # NO_RESOLVE
cosmecon2021.com # TOO_MANY_DIGITS (4)
cosmetprosvet.ru # NO_RESOLVE
cosmo-game.biz # NO_RESOLVE
cosmo-game.lol # NO_RESOLVE
cosmo-star.pro # NO_RESOLVE
cosmolot.com.ua # TLD_UA
cosmolot.ua # TLD_UA
cosmolot24.com.ua # TLD_UA
cosmoshipping.ru # NO_RESOLVE
cosmostar.site # NO_RESOLVE
cosmox.uci.cu # NO_RESOLVE
cospuri.top # NO_RESOLVE
cossackland.org.ua # TLD_UA
costbay.top # NO_RESOLVE
cotton-toys.ru # NO_RESOLVE
cougarfucker.com # NO_RESOLVE
cougars.wiki # NO_RESOLVE
countrumen.ru # NO_RESOLVE
course.kurssliv.com # NO_RESOLVE
coverrosonance.ru # NO_RESOLVE
covid19-2020.info # TOO_MANY_DIGITS (6)
covidimpactstories.click # NO_RESOLVE
covok.biz # NO_RESOLVE
cowyqoa0.ru # NO_RESOLVE
cox25tb551.com # TOO_MANY_DIGITS (5)
cozyhomeblog.ru # NO_RESOLVE
cp-centre.ru # NO_RESOLVE
cp.shock-world.net # NO_RESOLVE
cp12.nevsepic.com.ua # TLD_UA
cpconstruction.ru # NO_RESOLVE
cppisp.ru # NO_RESOLVE
cpravka-178.ru # NO_RESOLVE
cpravka-298.ru # NO_RESOLVE
cpravki-tut.ru # NO_RESOLVE
cpravki278.ru # NO_RESOLVE
cpsdtaishet.ru # NO_RESOLVE
cra21.at # NO_RESOLVE
cra9.cc # NO_RESOLVE
crab2.at # NO_RESOLVE
crabawear.com # NO_RESOLVE
craft-burgers.ru # NO_RESOLVE
craftcom.ru # NO_RESOLVE
craftharmony.icu # NO_RESOLVE
craftidea.icu # NO_RESOLVE
craftit.icu # NO_RESOLVE
crafttrd.click # NO_RESOLVE
crash-x-game.ru # NO_RESOLVE
crashonlinegame.com # NO_RESOLVE
crat.artcom.tw # NO_RESOLVE
cravikpathgpt.net # NO_RESOLVE
crazy-boom.su # NO_RESOLVE
crazygames.com.ua # TLD_UA
crazywildfruits.top # NO_RESOLVE
crazyxnxx.com # NO_RESOLVE
crbirk.ru # NO_RESOLVE
creacamp.net # NO_RESOLVE
creamsodatour.ru # NO_RESOLVE
createart.icu # NO_RESOLVE
createidea.icu # NO_RESOLVE
createpoem.icu # NO_RESOLVE
creativedreamscap.in.net # NO_RESOLVE
credadoors.ru # NO_RESOLVE
credixhub.com # NO_RESOLVE
creohacking.ru # NO_RESOLVE
creoweb5.ru # NO_RESOLVE
crestivostack-system.com # NO_RESOLVE
crestivostack.com # NO_RESOLVE
crestlivetrading.com # NO_RESOLVE
crestpointcorp.com # NO_RESOLVE
crestviewlimited.com # NO_RESOLVE
crime.fakty.ua # TLD_UA
crimea.vgorode.ua # TLD_UA
crimea24news.ru # NO_RESOLVE
crimean-solidarity.org # NO_RESOLVE
crimeanews-24.ru # NO_RESOLVE
crimezone.in.ua # TLD_UA
criminal.az # NO_RESOLVE
crimsonwealths.com # NO_RESOLVE
crioland.ru # NO_RESOLVE
cripo.com.ua # TLD_UA
criptoboss.ru # NO_RESOLVE
criptocoleccionable.com # NO_RESOLVE
cripyx.com # NO_RESOLVE
crisis.in.ua # TLD_UA
cristal-gaming.com # NO_RESOLVE
crmp.at # NO_RESOLVE
crochet-story.ru # NO_RESOLVE
cronmarket.ru # NO_RESOLVE
cronoswifts.com # NO_RESOLVE
cross-life.su # NO_RESOLVE
crown24.biz # NO_RESOLVE
crowncars.ru # NO_RESOLVE
crownlinkallianceasset.com # NO_RESOLVE
crownlxltd.com # NO_RESOLVE
croxy.network # NO_RESOLVE
crrpokachi.ru # NO_RESOLVE
crypster.space # NO_RESOLVE
cryptapulse.com # NO_RESOLVE
cryptarisix-tech.com # NO_RESOLVE
cryptarisixtech.com # NO_RESOLVE
cryptloadpro.com # NO_RESOLVE
cryptminersfondex.com # NO_RESOLVE
crypto-benefits247.com # NO_RESOLVE
crypto-defrag-app.com # NO_RESOLVE
crypto-generator.site # NO_RESOLVE
crypto-rockets.net # NO_RESOLVE
cryptoaimstrading.com # NO_RESOLVE
cryptoaitradinglimited.com # NO_RESOLVE
cryptoalgoritm.com # NO_RESOLVE
cryptoassethorizon.com # NO_RESOLVE
cryptobestexperts.com # NO_RESOLVE
cryptobitcoinoption.com # NO_RESOLVE
cryptobox.digital # NO_RESOLVE
cryptocredibilities.com # NO_RESOLVE
cryptodigitalassetltd.org # NO_RESOLVE
cryptoliferadings.live # NO_RESOLVE
cryptolorvian-platform.com # NO_RESOLVE
cryptomir.online # NO_RESOLVE
cryptonix.digital # NO_RESOLVE
cryptopazar.com # NO_RESOLVE
cryptorelations.net # NO_RESOLVE
cryptosepter.com # NO_RESOLVE
cryptosharkltd.pro # NO_RESOLVE
cryptotalk.tech # NO_RESOLVE
cryptox-soft.com # NO_RESOLVE
cryptoxapp-solution.com # NO_RESOLVE
crypts-express.com # NO_RESOLVE
cryptsoptinv.com # NO_RESOLVE
crytrd.com # NO_RESOLVE
cs2noj.com # NO_RESOLVE
cscmp.ru # NO_RESOLVE
csgf.live # NO_RESOLVE
csgobanana.ru # NO_RESOLVE
csgorunn.com # NO_RESOLVE
csip.kg # NO_RESOLVE
csme.at # NO_RESOLVE
cso-bolshechernigovsky.online # NO_RESOLVE
csobagaevka.ru # NO_RESOLVE
csolen-krsk.ru # NO_RESOLVE
cto-vann.ru # NO_RESOLVE
ctochka.fun # NO_RESOLVE
ctpaha.media # NO_RESOLVE
cttkt.rv.ua # TLD_UA
cu.xn--80aaem0ae9bi.xn--p1ai # TOO_MANY_DIGITS (5)
cuevanamovies.net # NO_RESOLVE
cuklon.ru # NO_RESOLVE
culapoi.online # NO_RESOLVE
cultnadzor.ru # NO_RESOLVE
culture-sharypovo.ru # NO_RESOLVE
culture2025.org.ua # TLD_UA
culturemeter.od.ua # TLD_UA
cumbre-varnox.net # NO_RESOLVE
cumbrevarnox-engine.com # NO_RESOLVE
cumhuriyyet.net # NO_RESOLVE
cumloadedgirls.com # NO_RESOLVE
cumporn.pics # NO_RESOLVE
cums.pics # NO_RESOLVE
cumulusparis2018.org # TOO_MANY_DIGITS (4)
cumvlog.com # NO_RESOLVE
cup-n-cake.ru # NO_RESOLVE
curirmbcaptial.com # NO_RESOLVE
currencycrafts.com # NO_RESOLVE
currentzis.com # NO_RESOLVE
cursy-massazha.ru # NO_RESOLVE
curveshape.digital # NO_RESOLVE
curvevorae.icu # NO_RESOLVE
curvolia.icu # NO_RESOLVE
cusecua4.ru # NO_RESOLVE
custodyofwealth.cloud # NO_RESOLVE
cutab3.net # NO_RESOLVE
cvety-kiselevsk.ru # NO_RESOLVE
cvety-tut.ru # NO_RESOLVE
cvrg.ru # NO_RESOLVE
cvvboard.cc # NO_RESOLVE
cwetf.com # NO_RESOLVE
cxema.at.ua # TLD_UA
cyber-elka.ru # NO_RESOLVE
cyberarmy.com.ua # TLD_UA
cyxogiy3.ru # NO_RESOLVE
cz.twatis.com # NO_RESOLVE
czech-med.ru # NO_RESOLVE
czentr-semya.ru # NO_RESOLVE
czn-dubna.ru # NO_RESOLVE
d-instrukciya.ru # NO_RESOLVE
d-ofis.online # NO_RESOLVE
d-ofis.ru # NO_RESOLVE
d-original.click # NO_RESOLVE
d-t.club # NO_RESOLVE
d-terminal.ru # NO_RESOLVE
d.aziatskoe.com # NO_RESOLVE
d.eterna.sbs # NO_RESOLVE
d.filmqwq.online # NO_RESOLVE
d.firebro.top # NO_RESOLVE
d.goodpotency.pw # NO_RESOLVE
d.hd-1080.online # TOO_MANY_DIGITS (4)
d.krasnodarnb.info # NO_RESOLVE
d.nb-gelendzhik.net # NO_RESOLVE
d.parkerlabs.tech # NO_RESOLVE
d.rynokshkur.info # NO_RESOLVE
d.seriyahd.cyou # NO_RESOLVE
d.sochinb.net # NO_RESOLVE
d.stopfilms.info # NO_RESOLVE
d.transy-msk.xyz # NO_RESOLVE
d1.ua # TLD_UA
d2dj0qptshsals.cloudfront.net # NO_RESOLVE
d4.rumassa.store # NO_RESOLVE
d5.rumassa.store # NO_RESOLVE
d6hnm3uzmmstw.cloudfront.net # NO_RESOLVE
d7cf6fd0a8bd4c860987ce4c92d92162.mararus.com # TOO_MANY_DIGITS (19)
d7ea98808a1b39cab23c50882a6421c8.mararus.com # TOO_MANY_DIGITS (21)
da-rostok.online # NO_RESOLVE
dabenars.ru # NO_RESOLVE
dacar23.com # NO_RESOLVE
dactiveclub.ru # NO_RESOLVE
dadddgh108-911.info # TOO_MANY_DIGITS (6)
daesteda.ru # NO_RESOLVE
daezh.ru # NO_RESOLVE
daf-its.online # NO_RESOLVE
daf-its.ru # NO_RESOLVE
daftaridjoker388.net # NO_RESOLVE
dagmuseum.online # NO_RESOLVE
dagmuseum.ru # NO_RESOLVE
dagognicgb.ru # NO_RESOLVE
dagrup.ru # NO_RESOLVE
dahafea8.ru # NO_RESOLVE
dai-sho.ru # NO_RESOLVE
daijobu.online # NO_RESOLVE
daijobu.ru # NO_RESOLVE
daily-swift.com # NO_RESOLVE
daily.com.ua # TLD_UA
daily.dialog.ua # TLD_UA
dailyviralstuff.com # NO_RESOLVE
daizakurit.ru # NO_RESOLVE
daleko-i-blizko.ru # NO_RESOLVE
dallas-hotel.ru # NO_RESOLVE
dalvot.ru # NO_RESOLVE
damal-mebel.ru # NO_RESOLVE
damans.albatrossplatforms.com # NO_RESOLVE
damansmarkets.com # NO_RESOLVE
danalock.ru # NO_RESOLVE
dancedynamo.ru # NO_RESOLVE
dancor.sumy.ua # TLD_UA
dandoors.ru # NO_RESOLVE
danilgrigorev.ru # NO_RESOLVE
danko-kotel.ru # NO_RESOLVE
danserpreg.ru # NO_RESOLVE
darim.info # NO_RESOLVE
darimmir.online # NO_RESOLVE
darimmir.ru # NO_RESOLVE
darkrun.dev # NO_RESOLVE
darlihin.ru # NO_RESOLVE
darohenry.com # NO_RESOLVE
das-dendi.ru # NO_RESOLVE
dash-inc.com # NO_RESOLVE
dash.asset-ace.net # NO_RESOLVE
dashboard.metashark.network # NO_RESOLVE
dashka-cam.top # NO_RESOLVE
dasunevan.online # NO_RESOLVE
data.xn----7sbbas7adbh1ak4hek1gg.xn--p1ai # TOO_MANY_DIGITS (6)
datadar.ru # NO_RESOLVE
datametr.su # NO_RESOLVE
datasciencecourse.ru # NO_RESOLVE
datastatsxyz.xyz # NO_RESOLVE
datewrx.ca # NO_RESOLVE
dating-bridget5281993.gitbook.io # TOO_MANY_DIGITS (7)
dava-vyntrix.com # NO_RESOLVE
davaipokurim.online # NO_RESOLVE
davalki.fans # NO_RESOLVE
davalki.top # NO_RESOLVE
daventry2035.com # TOO_MANY_DIGITS (4)
davidon.com.ua # TLD_UA
dawuzaa1.ru # NO_RESOLVE
day-2019.ru # TOO_MANY_DIGITS (4)
day-tour.ru # NO_RESOLVE
day.kyiv.ua # TLD_UA
day1000.ru # TOO_MANY_DIGITS (4)
daybyday.com.ua # TLD_UA
daysack.ru # NO_RESOLVE
daytonsharks.com # NO_RESOLVE
db.dragonsupport.help # NO_RESOLVE
db.radissonsochi.ru # NO_RESOLVE
db.vizov-uzi.ru # NO_RESOLVE
db1223.com # TOO_MANY_DIGITS (4)
db1223.org # TOO_MANY_DIGITS (4)
dbar.to # NO_RESOLVE
dbe.moe.edu.mm # NO_RESOLVE
dc-4.ru # NO_RESOLVE
dc-h.ru # NO_RESOLVE
dc416.ru # NO_RESOLVE
dcd.klad.cc # NO_RESOLVE
dcm-organic.ru # NO_RESOLVE
dcment-shop.ru # NO_RESOLVE
dcment1-shop.ru # NO_RESOLVE
dcmsh.online # NO_RESOLVE
dcmsh.ru # NO_RESOLVE
dcz230zuta.execute-api.eu-central-1.amazonaws.com # TOO_MANY_DIGITS (4)
dd.via-tab.ru # NO_RESOLVE
ddk-kalinina.ru # NO_RESOLVE
ddom3.online # NO_RESOLVE
ddom3.ru # NO_RESOLVE
ddu66.ru # NO_RESOLVE
ddut-kis.ru # NO_RESOLVE
ddz.ovh # NO_RESOLVE
dead-tv.org # NO_RESOLVE
dead-vip.ru # NO_RESOLVE
deadpool-shop.fun # NO_RESOLVE
deafzimbabwetrust.org # NO_RESOLVE
death2032.dreamwidth.org # TOO_MANY_DIGITS (4)
debaty.sumy.ua # TLD_UA
debitos-sp-2025.online # TOO_MANY_DIGITS (4)
dec.17rutor.site # NO_RESOLVE
decarbonisationday.kz # NO_RESOLVE
ded-vpn.net # NO_RESOLVE
ded2008.online # TOO_MANY_DIGITS (4)
ded2008.ru # TOO_MANY_DIGITS (4)
dedddd.biz # NO_RESOLVE
dedmoroz-na-zakaz.online # NO_RESOLVE
dedmoroz-na-zakaz.ru # NO_RESOLVE
dedovmusicschool.ru # NO_RESOLVE
dedvpn.help # NO_RESOLVE
deepstate.org.ua # TLD_UA
defendingwomen-defendingrights.org # NO_RESOLVE
defiee.com # NO_RESOLVE
defisagemarket.live # NO_RESOLVE
deilkarnegi.ru # NO_RESOLVE
dekdek.com # NO_RESOLVE
del.herrutor.site # NO_RESOLVE
deleyguanlihoutai.com # NO_RESOLVE
delfin-msk.online # NO_RESOLVE
delice-mebel.ru # NO_RESOLVE
delivery-vodka.ru # NO_RESOLVE
delo.herrutor.site # NO_RESOLVE
delo.net.ru # NO_RESOLVE
delo.ua # TLD_UA
delogp.ru # NO_RESOLVE
delotor.bz # NO_RESOLVE
delta-technology.ru # NO_RESOLVE
deltasonic.com.ua # TLD_UA
deltastroyshop.ru # NO_RESOLVE
delux.coffee # NO_RESOLVE
deluxe-pro.ru # NO_RESOLVE
deluxewatch.su # NO_RESOLVE
dem-project.org # NO_RESOLVE
demokrasiicinbirlik.com # NO_RESOLVE
demsdems.ru # NO_RESOLVE
den-cabinet-6.com # NO_RESOLVE
den555.com # NO_RESOLVE
dendi.cc # NO_RESOLVE
dendy-171.15n.click # TOO_MANY_DIGITS (5)
dendy-238.53i.online # TOO_MANY_DIGITS (5)
dendy-252.89m.buzz # TOO_MANY_DIGITS (5)
dendy23.top # NO_RESOLVE
deneckelaw.com # NO_RESOLVE
dener-russia.ru # NO_RESOLVE
dengi-1000rub.fun # TOO_MANY_DIGITS (4)
dengi-za-info.com # NO_RESOLVE
dengi.ua # TLD_UA
dengivsem.tech # NO_RESOLVE
denhista2.ru # NO_RESOLVE
deniskostroma.ru # NO_RESOLVE
denisov-me.ru # NO_RESOLVE
denngi.ru # NO_RESOLVE
denstar-fm.ru # NO_RESOLVE
dent47.online # NO_RESOLVE
dent47.ru # NO_RESOLVE
dental-neftekumsk.ru # NO_RESOLVE
dentalprofestival.ru # NO_RESOLVE
dentrevolution.ru # NO_RESOLVE
denver.vg # NO_RESOLVE
denzadnem.com.ua # TLD_UA
dep1.fulfillingcareer.mom # NO_RESOLVE
dep10.fulfillingcareer.mom # NO_RESOLVE
dep2.fulfillingcareer.mom # NO_RESOLVE
dep3.fulfillingcareer.mom # NO_RESOLVE
dep5.fulfillingcareer.mom # NO_RESOLVE
dep6.fulfillingcareer.mom # NO_RESOLVE
dep7.fulfillingcareer.mom # NO_RESOLVE
dep8.fulfillingcareer.mom # NO_RESOLVE
dep9.fulfillingcareer.mom # NO_RESOLVE
depacademy.ru # NO_RESOLVE
depo.ua # TLD_UA
depositbook.online # NO_RESOLVE
depositbook.ru # NO_RESOLVE
derevo-life.ru # NO_RESOLVE
derevodoska.ru # NO_RESOLVE
dertivegov.ru # NO_RESOLVE
derufa-topcoat.ru # NO_RESOLVE
desculpeanossafalha.com.br # NO_RESOLVE
deshtor.ru # NO_RESOLVE
design-cluster.ru # NO_RESOLVE
design-st.ru # NO_RESOLVE
design-thing.online # NO_RESOLVE
design-thing.ru # NO_RESOLVE
design.sd # NO_RESOLVE
designfound.ru # NO_RESOLVE
designme.icu # NO_RESOLVE
designmelody.icu # NO_RESOLVE
designmoth.me # NO_RESOLVE
designpartystudio.ru # NO_RESOLVE
designpoem.click # NO_RESOLVE
designrhythm.icu # NO_RESOLVE
designsound.digital # NO_RESOLVE
designvent.ru # NO_RESOLVE
desnogorsk.forumuzao.ru # NO_RESOLVE
desoday3.ru # NO_RESOLVE
dess.gov.ua # TLD_UA
desu.me # NO_RESOLVE
desunime.vip # NO_RESOLVE
desxclusivepro.com # NO_RESOLVE
det-sad24.ru # NO_RESOLVE
detali-a.ru # NO_RESOLVE
detdom.net.ru # NO_RESOLVE
detdom4-kras.online # NO_RESOLVE
detdom4-kras.ru # NO_RESOLVE
detectivemsk.ru # NO_RESOLVE
detektiv.icu # NO_RESOLVE
detektiv.run # NO_RESOLVE
detektivnoe-agentstvo-muhicha.net # NO_RESOLVE
deti-metro.online # NO_RESOLVE
deti-metro.ru # NO_RESOLVE
deti-umka2002.ru # TOO_MANY_DIGITS (4)
deti72.ru # NO_RESOLVE
detishmeti.online # NO_RESOLVE
detishmeti.ru # NO_RESOLVE
detiznaut.online # NO_RESOLVE
detiznaut.ru # NO_RESOLVE
detkindom-svet.online # NO_RESOLVE
detnad.ru # NO_RESOLVE
detoxcentercancun.online # NO_RESOLVE
detoxcentercancun.ru # NO_RESOLVE
detrixalerce.org # NO_RESOLVE
detsad-106.ru # NO_RESOLVE
detsad-raduga.ru # NO_RESOLVE
detsad11novom.ru # NO_RESOLVE
detsad128.ru # NO_RESOLVE
detsad20arm.ru # NO_RESOLVE
detsad23kursk.ru # NO_RESOLVE
detsad42-sarov.ru # NO_RESOLVE
detsad5us.ru # NO_RESOLVE
detsad74.ru # NO_RESOLVE
detsad90.org.ru # NO_RESOLVE
detsad94.ru # NO_RESOLVE
detskii-dom-9.online # NO_RESOLVE
detskii-dom-9.ru # NO_RESOLVE
detskijsad39.ru # NO_RESOLVE
detskisad49.ru # NO_RESOLVE
deumarket.com # NO_RESOLVE
deutschgenieaiproapp.net # NO_RESOLVE
dev-zombies.ru # NO_RESOLVE
dev.ua # TLD_UA
deva26-xxx.info # NO_RESOLVE
deva93.org # NO_RESOLVE
development-team.ru # NO_RESOLVE
device102.ru # NO_RESOLVE
devilmind.club # NO_RESOLVE
dew-shop.ru # NO_RESOLVE
dewberryz.com # NO_RESOLVE
dewmenta.com # NO_RESOLVE
dewmera.com # NO_RESOLVE
dewshiney.com # NO_RESOLVE
dewtania.digital # NO_RESOLVE
dex.rolehub.ru # NO_RESOLVE
dexa.ru # NO_RESOLVE
dexacrew.com # NO_RESOLVE
dexter-online.su # NO_RESOLVE
dexwiz-fund.net # NO_RESOLVE
deyev.com.ua # TLD_UA
dezinsekciya70.ru # NO_RESOLVE
dfc.dsk-neft.ru # NO_RESOLVE
dfit.kz # NO_RESOLVE
dgbkam.ru # NO_RESOLVE
dggepastore.ru # NO_RESOLVE
dggy.club # NO_RESOLVE
dgon.biz # NO_RESOLVE
dgon1.com # NO_RESOLVE
dhaba24x7.com # NO_RESOLVE
dia.mil # NO_RESOLVE
diablozaures.com # NO_RESOLVE
diafaste.ru # NO_RESOLVE
diag38.ru # NO_RESOLVE
diagen.com.ua # TLD_UA
diaghileva.ru # NO_RESOLVE
dialog.ua # TLD_UA
dialogecup.online # NO_RESOLVE
diamond-city.vip # NO_RESOLVE
diamond-project.com.ua # TLD_UA
dianatur.ru # NO_RESOLVE
diaoconline.vn # NO_RESOLVE
diariochaski.com.pe # NO_RESOLVE
diarioelsoldecusco.com # NO_RESOLVE
diarioextra.com.ar # NO_RESOLVE
diariolareforma.com.ar # NO_RESOLVE
diary-acss.ru # NO_RESOLVE
diasporiana.org.ua # TLD_UA
diastola.ru # NO_RESOLVE
dibase.moscow # NO_RESOLVE
dibsib.ru # NO_RESOLVE
dicom.technology # NO_RESOLVE
dicyemata.com # NO_RESOLVE
didrik72.ru # NO_RESOLVE
diegonavarrobonilla.com # NO_RESOLVE
dienay.online # NO_RESOLVE
dienay.ru # NO_RESOLVE
dieta-protasova.ru # NO_RESOLVE
dietaatleta.ru # NO_RESOLVE
dietamam.ru # NO_RESOLVE
difiestard.com # NO_RESOLVE
digi-giants.live # NO_RESOLVE
digistcstra.com # NO_RESOLVE
digita-ventures.com # NO_RESOLVE
digital-ecoin.online # NO_RESOLVE
digitalbeauty2020.ru # TOO_MANY_DIGITS (4)
digitalblockltd.com # NO_RESOLVE
digitalbrokeragellc.com # NO_RESOLVE
digitalcoinsphere.com # NO_RESOLVE
digitalcryptox.com # NO_RESOLVE
digitalcurrencyxchange.com # NO_RESOLVE
digitaldailyreturn.org # NO_RESOLVE
digitalenergysummit2023.kz # TOO_MANY_DIGITS (4)
digitalflow.top # NO_RESOLVE
digitalinrussia.ru # NO_RESOLVE
digitalminerexchanges.com # NO_RESOLVE
digitalpipset.live # NO_RESOLVE
digitalsdisperse.top # NO_RESOLVE
digitalskills.by # NO_RESOLVE
digitalsurgecap.com # NO_RESOLVE
digitaltahr.org.tw # NO_RESOLVE
digitaltopmarkets.live # NO_RESOLVE
digitalurpaq.kz # NO_RESOLVE
digitamarkets.com # NO_RESOLVE
digitrain.ir # NO_RESOLVE
digitrixmarketing.live # NO_RESOLVE
dignifiednegotiator.shop # NO_RESOLVE
digtalholdings.com # NO_RESOLVE
dii.dn.ua # TLD_UA
diia.gov.ua # TLD_UA
diiscerniingwoorldwiidepresence.online # NO_RESOLVE
dikhawa.pk # NO_RESOLVE
dikie-karty-2023.swezhak.su # TOO_MANY_DIGITS (4)
dilo.net.ua # TLD_UA
dinamica-vortexion-app.com # NO_RESOLVE
dip-msk.online # NO_RESOLVE
dip-msk.ru # NO_RESOLVE
dip-spb.online # NO_RESOLVE
dip-stores4.ru # NO_RESOLVE
dip.org.ua # TLD_UA
dipgood.com # NO_RESOLVE
dipgroup.online # NO_RESOLVE
diplgorkiy.ru # NO_RESOLVE
diplkazax.com # NO_RESOLVE
dipspb.net # NO_RESOLVE
diptop-com.ru # NO_RESOLVE
diptown.design # NO_RESOLVE
direccion3arquitectos.com # NO_RESOLVE
director24.cc # NO_RESOLVE
directorredirector4.com # NO_RESOLVE
directory.ye # NO_RESOLVE
directyapro.ru # NO_RESOLVE
dirtylittlesekret.com # NO_RESOLVE
dirzfinance.com # NO_RESOLVE
disclosures.ru # NO_RESOLVE
disco-80x.ru # NO_RESOLVE
discontimo.com.ua # TLD_UA
discord-activities.com # NO_RESOLVE
discord.tools # NO_RESOLVE
discordapp.net # NO_RESOLVE
discours.co # NO_RESOLVE
discourse-cdn.com # NO_RESOLVE
disdukcapil.kutaikartanegarakab.go.id # NO_RESOLVE
disfood.ru # NO_RESOLVE
dishe.com.ua # TLD_UA
disi-mirror.com # NO_RESOLVE
disinfection63.ru # NO_RESOLVE
disinfo.md # NO_RESOLVE
diski-krd.ru # NO_RESOLVE
diskoteka-yulia.site # NO_RESOLVE
disspenseree.cc # NO_RESOLVE
distinctioncurriculum.website # NO_RESOLVE
distore.store # NO_RESOLVE
ditexcoin.com # NO_RESOLVE
diversateareads.com # NO_RESOLVE
diversemarketcore.net # NO_RESOLVE
diverseyconsulting.ru # NO_RESOLVE
dividend-trust.com # NO_RESOLVE
dixtano-solution.com # NO_RESOLVE
dixxi.ru # NO_RESOLVE
dizain-ad.ru # NO_RESOLVE
dizaindachi.ru # NO_RESOLVE
dizimag.pw # NO_RESOLVE
djki.info # NO_RESOLVE
djki.xyz # NO_RESOLVE
dkamila.ru # NO_RESOLVE
dkley.ru # NO_RESOLVE
dkonega.ru # NO_RESOLVE
dkzhizn.online # NO_RESOLVE
dl-20220303-753.anilib.top # TOO_MANY_DIGITS (11)
dlipatova.ru # NO_RESOLVE
dlpl-os7.online # NO_RESOLVE
dlplomallfespsi.site # NO_RESOLVE
dlplomy-vuza.ru # NO_RESOLVE
dlplomy-vuzas.ru # NO_RESOLVE
dlplomy-vuzos.ru # NO_RESOLVE
dlplomy-vuzos2.ru # NO_RESOLVE
dlplomy-vuzos3.ru # NO_RESOLVE
dlsite.hrecords.jp # NO_RESOLVE
dlvzr.co # NO_RESOLVE
dlyasustavov.ru # NO_RESOLVE
dlyhx.com # NO_RESOLVE
dm-magazin.ru # NO_RESOLVE
dm1923.forum24.ru # TOO_MANY_DIGITS (6)
dmclip.com # NO_RESOLVE
dmd007.ru # NO_RESOLVE
dmd008.ru # NO_RESOLVE
dmd009.ru # NO_RESOLVE
dmi.gov.ae # NO_RESOLVE
dmitriev.3xnet.online # NO_RESOLVE
dmitriev.okshim.online # NO_RESOLVE
dmitriev.wimdi.online # NO_RESOLVE
dmitrov.okshim.online # NO_RESOLVE
dmitrovsk.okshim.online # NO_RESOLVE
dmitrovspas.ru # NO_RESOLVE
dmls-msk.ru # NO_RESOLVE
dmls-msk1.ru # NO_RESOLVE
dmnazarimehr.blogfa.com # NO_RESOLVE
dmsh-10.online # NO_RESOLVE
dmshkalinina.ru # NO_RESOLVE
dmu.dp.ua # TLD_UA
dn.gov.ua # TLD_UA
dn24.biz # NO_RESOLVE
dn83.biz # NO_RESOLVE
dn8487.craftum.io # TOO_MANY_DIGITS (4)
dneprnews.com.ua # TLD_UA
dnevniki-vampira.online # NO_RESOLVE
dnipro-m.ua # TLD_UA
dniss.online # NO_RESOLVE
dniss.ru # NO_RESOLVE
dnl.dn.ua # TLD_UA
dnmu.edu.ua # TLD_UA
dnout.ru # NO_RESOLVE
dnpr.com.ua # TLD_UA
dnr.one # NO_RESOLVE
dntchita.ru # NO_RESOLVE
dnyge9ny7.com # NO_RESOLVE
do-bezumija-2025.partyzan.info # TOO_MANY_DIGITS (4)
doba.te.ua # TLD_UA
dobkot.biz # NO_RESOLVE
dobrepole.com.ua # TLD_UA
dobro.ua # TLD_UA
dobro24-huhr.biz99.xyz # TOO_MANY_DIGITS (4)
dobrovoltsi.org.ua # TLD_UA
dobroznak.ua # TLD_UA
doc-inshakov.ru # NO_RESOLVE
doc-trust.biz # NO_RESOLVE
doc-vopros.ru # NO_RESOLVE
doc.ua # TLD_UA
doc24.biz # NO_RESOLVE
docbobryshev.ru # NO_RESOLVE
docdips.site # NO_RESOLVE
docfilms.com.ua # TLD_UA
doci-distant.com # NO_RESOLVE
docomp.ru # NO_RESOLVE
docs-rf-xxocexa.top # NO_RESOLVE
docs-rf-xxptixb.top # NO_RESOLVE
docs-rf8.top # NO_RESOLVE
docs-rf9.top # NO_RESOLVE
docspec-xxbjoej.top # NO_RESOLVE
docspec.top # NO_RESOLVE
docspec3.top # NO_RESOLVE
docsrf-xxrreew.top # NO_RESOLVE
docsrf-xxsrmsq.top # NO_RESOLVE
docsrf-xxwsnrr.top # NO_RESOLVE
docsrf10.top # NO_RESOLVE
docsrf11.top # NO_RESOLVE
docsshop.ru # NO_RESOLVE
document-garant.ru # NO_RESOLVE
documentcenter.ru # NO_RESOLVE
documentikupits.ru # NO_RESOLVE
documentikupits2.ru # NO_RESOLVE
documentspb.top # NO_RESOLVE
docy-traktor.xyz # NO_RESOLVE
dodge-echoauto.ru # NO_RESOLVE
dodotech.ru # NO_RESOLVE
dog-photo.ru # NO_RESOLVE
doge-world.online # NO_RESOLVE
doge-world.space # NO_RESOLVE
dogsfano.ru # NO_RESOLVE
dogsfaucet.su # NO_RESOLVE
doh-fi.blahdns.com # NO_RESOLVE
doh.centraleu.pi-dns.com # NO_RESOLVE
doh.gov.ph # NO_RESOLVE
dohuya.finance # NO_RESOLVE
dojkipornos.fans # NO_RESOLVE
dojkipornos.net # NO_RESOLVE
dok-spb-2019.ru # TOO_MANY_DIGITS (4)
dok2022.xyz # TOO_MANY_DIGITS (4)
dokaz.gov.ua # TLD_UA
doki-help.ru # NO_RESOLVE
doki-spec-rf-xxlarad.top # NO_RESOLVE
doki-spec-rf-xxwjbev.top # NO_RESOLVE
doki-spec-rf11.top # NO_RESOLVE
doki-spec-rf12.top # NO_RESOLVE
doki-spec-rf13.top # NO_RESOLVE
doklegalhelping.com # NO_RESOLVE
doksprawka.info # NO_RESOLVE
dokymenti.ru # NO_RESOLVE
dol-school.ru # NO_RESOLVE
dolcentr-moskovia.ru # NO_RESOLVE
dolgaja-progulka-2025.swezhak.su # TOO_MANY_DIGITS (4)
doll-always.ru # NO_RESOLVE
dolmatovskayastudio.ru # NO_RESOLVE
dolpolet.ru # NO_RESOLVE
dolzhitov.ru # NO_RESOLVE
dom-2-efiri.ru # NO_RESOLVE
dom-knigi.ru # NO_RESOLVE
dom-konstantinovka.ru # NO_RESOLVE
dom-mercury.ru # NO_RESOLVE
dom-odet.ru # NO_RESOLVE
dom-pod-cluch.ru # NO_RESOLVE
dom-sovy-kadikama.ru # NO_RESOLVE
dom-talantov.com # NO_RESOLVE
dom-trikotag.online # NO_RESOLVE
dom-yantarniy.ru # NO_RESOLVE
dom1.hd-1080.online # TOO_MANY_DIGITS (5)
dom11b.ru # NO_RESOLVE
dom2.hd-1080.online # TOO_MANY_DIGITS (5)
dom3.hd-1080.online # TOO_MANY_DIGITS (5)
dom31.knopka25.icu # TOO_MANY_DIGITS (4)
domaizbrusa78.ru # NO_RESOLVE
domanoff.com.ua # TLD_UA
domcvm.kz # NO_RESOLVE
dome1791.ru # TOO_MANY_DIGITS (4)
domen-upx.ru # NO_RESOLVE
domenteogenov.online # NO_RESOLVE
domforum.com.ua # TLD_UA
dominanta-dance.ru # NO_RESOLVE
dominionxengine.com # NO_RESOLVE
dominity.icu # NO_RESOLVE
domklimatvent.ru # NO_RESOLVE
domodedovo-alko.at.ua # TLD_UA
domodedovo-pivo.ru # NO_RESOLVE
domogramrf.ru # NO_RESOLVE
domovidenie.ru # NO_RESOLVE
domstroi-key.ru # NO_RESOLVE
domvsibiri.online # NO_RESOLVE
donate1024.org # TOO_MANY_DIGITS (4)
donatetoevacuate.com # NO_RESOLVE
donbass.ua # TLD_UA
donerdonutbro.ru # NO_RESOLVE
donetsk-gustov.ru # NO_RESOLVE
donetsk-sergeystepashin.online # NO_RESOLVE
donor12.ru # NO_RESOLVE
donramon.ru # NO_RESOLVE
donstroymonolit.ru # NO_RESOLVE
doo7.ru # NO_RESOLVE
doodleit.icu # NO_RESOLVE
doomelang.com # NO_RESOLVE
doooood.online # NO_RESOLVE
dopedoor.com # NO_RESOLVE
dopehub.store # NO_RESOLVE
dopfrontu.com.ua # TLD_UA
dopingfight.com # NO_RESOLVE
dopog-2024.okis.ru # TOO_MANY_DIGITS (4)
dopogrf.com # NO_RESOLVE
dopogrf.top # NO_RESOLVE
doradoufa.ru # NO_RESOLVE
dorama.doramalife.top # NO_RESOLVE
doramadrama.ru # NO_RESOLVE
doramaklub.ru # NO_RESOLVE
doramaland.movie # NO_RESOLVE
doramazone.ru # NO_RESOLVE
dorame.su # NO_RESOLVE
doramec.online # NO_RESOLVE
dorames.ru # NO_RESOLVE
doramio.online # NO_RESOLVE
doramiz.online # NO_RESOLVE
doramog.online # NO_RESOLVE
doramom.online # NO_RESOLVE
doramov.online # NO_RESOLVE
doramox.online # NO_RESOLVE
doramu-club.ru # NO_RESOLVE
doramy-club.su # NO_RESOLVE
doramy-klub.ru # NO_RESOLVE
dorianix-floxin.com # NO_RESOLVE
doritis.ru # NO_RESOLVE
doroga-zhdet.online # NO_RESOLVE
dorogoy-rodstvennik.net # NO_RESOLVE
dorsovet.ru # NO_RESOLVE
dorurala.ru # NO_RESOLVE
dosaaf-zaoksky.ru # NO_RESOLVE
dosaaf66region.ru # NO_RESOLVE
dosaaf74region.ru # NO_RESOLVE
dosaafasbest.ru # NO_RESOLVE
dosaafchita75.ru # NO_RESOLVE
dosaaflub.ru # NO_RESOLVE
dosie24.com # NO_RESOLVE
doska-lechenie.online # NO_RESOLVE
doska-obyava.com.ua # TLD_UA
doska-seksa.com # NO_RESOLVE
doskapozorakomi.ru # NO_RESOLVE
dosouent.com # NO_RESOLVE
dostatok-games.site # NO_RESOLVE
dostfilms-co.americanhorror.net # NO_RESOLVE
dostfilms-co.americanmovies.net # NO_RESOLVE
dostfilms-co.avatarmovies.net # NO_RESOLVE
dostfilms-co.gospelfilms.net # NO_RESOLVE
dostfilms-co.luciferfilms.net # NO_RESOLVE
dostfilms-co.moviesrussian.net # NO_RESOLVE
dostfilms-co.moviestube.org # NO_RESOLVE
dostfilms-co.superflix2.net # NO_RESOLVE
dostfilms-co.voirdesfilms.net # NO_RESOLVE
dostfilms-co.watchanime.biz # NO_RESOLVE
dostfilms-co.watchserieson.net # NO_RESOLVE
dostuprf.ru # NO_RESOLVE
dostyp.com.ua # TLD_UA
dostypbk24.ru # NO_RESOLVE
dosye.com.ua # TLD_UA
dosye.org # NO_RESOLVE
dot-auckasga.ru # NO_RESOLVE
dota2real.com # NO_RESOLVE
dotjocoin.site # NO_RESOLVE
dou-malishok.ru # NO_RESOLVE
dou.ua # TLD_UA
dou101chita.ru # NO_RESOLVE
dou1288.online # TOO_MANY_DIGITS (4)
dou1288.ru # TOO_MANY_DIGITS (4)
dou27m.ru # NO_RESOLVE
dou300.ru # NO_RESOLVE
dou7.ru # NO_RESOLVE
dou73-rzn.ru # NO_RESOLVE
dou79-murman.ru # NO_RESOLVE
dou7kucharivka.ru # NO_RESOLVE
doudougames.ru # NO_RESOLVE
doujin.dldlinks.com # NO_RESOLVE
dourix-beamaisolution.com # NO_RESOLVE
dourstery.ru # NO_RESOLVE
doverie-medical.ru # NO_RESOLVE
dovod-rus.com # NO_RESOLVE
download.lafa-tor.ru # NO_RESOLVE
downloadbro.fun # NO_RESOLVE
downloadlagu321z.net # NO_RESOLVE
dox-spb.com # NO_RESOLVE
dox-voronezh.com # NO_RESOLVE
doxajournal.ru # NO_RESOLVE
doxbin.net # NO_RESOLVE
doxeq.net # NO_RESOLVE
doxmoskva.com # NO_RESOLVE
doxy-msk.com # NO_RESOLVE
doxy-nsk.com # NO_RESOLVE
doxy-rostov.com # NO_RESOLVE
doxymoskva.com # NO_RESOLVE
doxymsk.com # NO_RESOLVE
dozamp3.online # NO_RESOLVE
dozamp3.ru # NO_RESOLVE
dozor.com.ua # TLD_UA
dp-str.ru # NO_RESOLVE
dp.informator.ua # TLD_UA
dp.nb-sochi.org # NO_RESOLVE
dp.stardapromokod.help # NO_RESOLVE
dp.vgorode.ua # TLD_UA
dpchas.com.ua # TLD_UA
dpdrf.shop # NO_RESOLVE
dpm-sl.ru # NO_RESOLVE
dpm-sl1.ru # NO_RESOLVE
dpo62.ru # NO_RESOLVE
dprk-book.com # NO_RESOLVE
dprkorea.com # NO_RESOLVE
dpsu.gov.ua # TLD_UA
dr-mamedov.ru # NO_RESOLVE
dr.onl # NO_RESOLVE
dr0.to # NO_RESOLVE
dr2.to # NO_RESOLVE
dr5.to # NO_RESOLVE
dr8.to # NO_RESOLVE
drablebin-potaba.com # NO_RESOLVE
draftit.icu # NO_RESOLVE
draftline.icu # NO_RESOLVE
draftora.click # NO_RESOLVE
dramaticaschool.ru # NO_RESOLVE
draventox.com # NO_RESOLVE
drawharmony.digital # NO_RESOLVE
drawharmony.icu # NO_RESOLVE
drawline.icu # NO_RESOLVE
drawpoem.digital # NO_RESOLVE
drawreactor.ru # NO_RESOLVE
drawverse.icu # NO_RESOLVE
draxorstride-ai.com # NO_RESOLVE
dream-1.online # NO_RESOLVE
dream-10.store # NO_RESOLVE
dream-11.store # NO_RESOLVE
dream-12.store # NO_RESOLVE
dream-13.store # NO_RESOLVE
dream-14.store # NO_RESOLVE
dream-2.online # NO_RESOLVE
dream-3.online # NO_RESOLVE
dream-5.online # NO_RESOLVE
dream-8.store # NO_RESOLVE
dream-9.store # NO_RESOLVE
dream-platform.live # NO_RESOLVE
dreamelity.com # NO_RESOLVE
dreamenova.com # NO_RESOLVE
dreamer-a.ru # NO_RESOLVE
dreamherb.online # NO_RESOLVE
dreamherb.ru # NO_RESOLVE
dreamhookah.net # NO_RESOLVE
dreamoflife.net # NO_RESOLVE
dreamova.icu # NO_RESOLVE
dreamplatform.me # NO_RESOLVE
drexdigital.org # NO_RESOLVE
drezbol.ru # NO_RESOLVE
drimklad.biz # NO_RESOLVE
drip-101.top # NO_RESOLVE
drip-102.top # NO_RESOLVE
drip-105.32r.top # TOO_MANY_DIGITS (5)
drip-187.11r.click # TOO_MANY_DIGITS (5)
drip-265.30v.click # TOO_MANY_DIGITS (5)
drip-27.21k.buzz # TOO_MANY_DIGITS (4)
drip-87.63j.buzz # TOO_MANY_DIGITS (4)
drip-cas-sib2.ru # NO_RESOLVE
drip-cas-sib3.ru # NO_RESOLVE
drip-cas-son4.ru # NO_RESOLVE
drip-cas-son5.ru # NO_RESOLVE
drip-cas1.top # NO_RESOLVE
drip-cas2.top # NO_RESOLVE
drip-caz-201.top # NO_RESOLVE
drip-caz-202.top # NO_RESOLVE
drip-denty3.ru # NO_RESOLVE
drip-dr2dr5.top # NO_RESOLVE
drip-geoearu11.ru # NO_RESOLVE
drip-geoearu12.ru # NO_RESOLVE
drip-hutor1.ru # NO_RESOLVE
drip-letibity4.ru # NO_RESOLVE
drip-letibity5.ru # NO_RESOLVE
drip-markultour1.ru # NO_RESOLVE
drip-markultour7.ru # NO_RESOLVE
drip-nwpiter1.top # NO_RESOLVE
drip-nwpiter6.top # NO_RESOLVE
drip-nwpiter7.top # NO_RESOLVE
drip-ru4.ru # NO_RESOLVE
drip-saity3.ru # NO_RESOLVE
drip-vasino-pintalab2.top # NO_RESOLVE
drip-vasino-pintalab3.top # NO_RESOLVE
drip-vasino-pintalab4.top # NO_RESOLVE
drip-vouthv1.ru # NO_RESOLVE
drip-vouthv9.ru # NO_RESOLVE
drip-zdr3.ru # NO_RESOLVE
drip.1812.games # TOO_MANY_DIGITS (4)
drip.xn--80aq1ab3d.xn--p1ai # TOO_MANY_DIGITS (5)
dripcas-301.top # NO_RESOLVE
dripcas-302.top # NO_RESOLVE
dripcas-vip2.ru # NO_RESOLVE
dripcas-vykrut3.ru # NO_RESOLVE
dripcas2.ru # NO_RESOLVE
dripcas6.ru # NO_RESOLVE
dripcazik1.top # NO_RESOLVE
dripcazik2.top # NO_RESOLVE
dripcazin121.top # NO_RESOLVE
driprussia1.top # NO_RESOLVE
driprussia2.top # NO_RESOLVE
driprussia3.top # NO_RESOLVE
drivemaster.digital # NO_RESOLVE
driventryaa.com # NO_RESOLVE
driverdooc.online # NO_RESOLVE
drivestica.icu # NO_RESOLVE
drivetechmotion.click # NO_RESOLVE
drobmash21.online # NO_RESOLVE
drobmash21.ru # NO_RESOLVE
drohobych-rda.gov.ua # TLD_UA
dronefest.ru # NO_RESOLVE
dropcard.sbs # NO_RESOLVE
dropcardz.shop # NO_RESOLVE
dropmefiles.com.ua # TLD_UA
drrebenka.ru # NO_RESOLVE
drseptikoff.ru # NO_RESOLVE
druzya.top # NO_RESOLVE
drymarch.com # NO_RESOLVE
drypencil.com # NO_RESOLVE
dryplaza.com # NO_RESOLVE
ds-154.ru # NO_RESOLVE
ds-91.ru # NO_RESOLVE
ds-adotymovo.ru # NO_RESOLVE
ds-rucheek.ru # NO_RESOLVE
ds-ulibka.ru # NO_RESOLVE
ds-ulybka.ru # NO_RESOLVE
ds101spb.online # NO_RESOLVE
ds11tgo.ru # NO_RESOLVE
ds133.ru # NO_RESOLVE
ds137.ru # NO_RESOLVE
ds13zr.ru # NO_RESOLVE
ds166.ru # NO_RESOLVE
ds17.ru # NO_RESOLVE
ds19hrustalik.ru # NO_RESOLVE
ds2020.online # TOO_MANY_DIGITS (4)
ds23-yeisk.ru # NO_RESOLVE
ds23ulybka.ru # NO_RESOLVE
ds24bir.ru # NO_RESOLVE
ds27nevinsk.ru # NO_RESOLVE
ds2afrikanda.ru # NO_RESOLVE
ds34-murmansk.ru # NO_RESOLVE
ds4-viselki.ru # NO_RESOLVE
ds41severomorsk.ru # NO_RESOLVE
ds43ess.ru # NO_RESOLVE
ds470.ru # NO_RESOLVE
ds6-matreshka.ru # NO_RESOLVE
ds6-vishenka.ru # NO_RESOLVE
ds85nvr.ru # NO_RESOLVE
dsad-oktyabrsky.ru # NO_RESOLVE
dsad-solnyshko.ru # NO_RESOLVE
dsad134.ru # NO_RESOLVE
dsad35.ru # NO_RESOLVE
dsad407.ru # NO_RESOLVE
dsau.dp.ua # TLD_UA
dsbch1.ru # NO_RESOLVE
dschi7.ru # NO_RESOLVE
dsfond.ru # NO_RESOLVE
dshi6uu.ru # NO_RESOLVE
dsk.bio # NO_RESOLVE
dsnews.ua # TLD_UA
dspb1.ru # NO_RESOLVE
dsperm.ru # NO_RESOLVE
dspu.edu.ua # TLD_UA
dsquared-2.ru # NO_RESOLVE
dsr-105.ru # NO_RESOLVE
dstem10.ru # NO_RESOLVE
dt-school.ru # NO_RESOLVE
dt.sui-network.mom # NO_RESOLVE
dtcuba.com # NO_RESOLVE
dtk-kamaz.ru # NO_RESOLVE
dtkr.com.ua # TLD_UA
du174.ru # NO_RESOLVE
dualuniwealh.com # NO_RESOLVE
dublikat.biz # NO_RESOLVE
dublikatat.ru # NO_RESOLVE
dublikatt.ru # NO_RESOLVE
dublikattov.ru # NO_RESOLVE
dublikatty.ru # NO_RESOLVE
dublin.com.ua # TLD_UA
dublinsoln.ru # NO_RESOLVE
dubna-crimea.ru # NO_RESOLVE
dubshop.su # NO_RESOLVE
duckporn.pro # NO_RESOLVE
duckstores.biz.24rc.lol # NO_RESOLVE
duda.com.ua # TLD_UA
dudeporn.xyz # NO_RESOLVE
dudkin425.buzz # NO_RESOLVE
dudlteam.ru # NO_RESOLVE
duelscap.com # NO_RESOLVE
duffelbag.ru # NO_RESOLVE
duhipaa2.ru # NO_RESOLVE
dukare-oly.ru # NO_RESOLVE
dukperm.biz # NO_RESOLVE
dumaexpert.ru # NO_RESOLVE
dumka.poltava.ua # TLD_UA
dumovochka-2.ru # NO_RESOLVE
dumskaya.net.ua # TLD_UA
dunhamholdings.com # NO_RESOLVE
dunitey0.ru # NO_RESOLVE
dunkgonxomupuvlm.1tvv.live # NO_RESOLVE
dus.muzlo.website # NO_RESOLVE
dush76.ru # NO_RESOLVE
dusheguby-2019.swezhak.su # TOO_MANY_DIGITS (4)
duster-faq.ru # NO_RESOLVE
dustreed.com # NO_RESOLVE
duvideo.net # NO_RESOLVE
duxujau0.ru # NO_RESOLVE
dv27rc.biz # NO_RESOLVE
dvakompa.ru # NO_RESOLVE
dvamh-20250322.top # TOO_MANY_DIGITS (8)
dvdscop.online # NO_RESOLVE
dveri-garmoshka-66.ru # NO_RESOLVE
dveri-med.ru # NO_RESOLVE
dveri-serg.online # NO_RESOLVE
dveri-serg.ru # NO_RESOLVE
dveri.com.ua # TLD_UA
dverirespekt.ru # NO_RESOLVE
dvernof.ru # NO_RESOLVE
dvhab-film.site # NO_RESOLVE
dvorec-lib.online # NO_RESOLVE
dvorec-lib.ru # NO_RESOLVE
dwfddgmb.com # NO_RESOLVE
dyly.ru # NO_RESOLVE
dymok.net.ua # TLD_UA
dynamicfunder.com # NO_RESOLVE
dynamicpulsetrads.com # NO_RESOLVE
dynamisch-avonex.com # NO_RESOLVE
dynamo.kiev.ua # TLD_UA
dyporei9.ru # NO_RESOLVE
dysolay5.ru # NO_RESOLVE
dytt8.net # NO_RESOLVE
dyvojuo0.ru # NO_RESOLVE
dz-rs.si # NO_RESOLVE
dzerjiogon-delivery.ru # NO_RESOLVE
dzerzhinsk.vipster.net # NO_RESOLVE
dzhon-uik-2-2017.swezhak.su # TOO_MANY_DIGITS (5)
e-atiso.online # NO_RESOLVE
e-atiso.ru # NO_RESOLVE
e-getdc.ru # NO_RESOLVE
e-joken.ru # NO_RESOLVE
e-magazenok.ru # NO_RESOLVE
e-miass.online # NO_RESOLVE
e-ten.ru # NO_RESOLVE
e-tose.ru # NO_RESOLVE
e.gamemik.ru # NO_RESOLVE
e.kiev.ua # TLD_UA
e.parkerlabs.tech # NO_RESOLVE
e.protorrent.fun # NO_RESOLVE
e.seriyahd.cyou # NO_RESOLVE
e.stopfilms.info # NO_RESOLVE
e.transy-msk.xyz # NO_RESOLVE
e.x.angara.day # NO_RESOLVE
e001.e-fisher.ru # NO_RESOLVE
e002.e-fisher.ru # NO_RESOLVE
e107club.ru # NO_RESOLVE
e3lam.org # NO_RESOLVE
eaf-2022.ru # TOO_MANY_DIGITS (4)
eagle-north-app.com # NO_RESOLVE
eaglescoots.com # NO_RESOLVE
eaglestockexchange.net # NO_RESOLVE
eam.com.ua # TLD_UA
earerepost.com # NO_RESOLVE
earlyretirementhealthinsurance.com # NO_RESOLVE
earth.org.hk # NO_RESOLVE
earthlen.icu # NO_RESOLVE
eastafricantube.com # NO_RESOLVE
easy-language.ru # NO_RESOLVE
easybux.site # NO_RESOLVE
easydep.ru # NO_RESOLVE
easydrop.su # NO_RESOLVE
easyforms.online # NO_RESOLVE
easygovpn.info # NO_RESOLVE
easyledgers.org # NO_RESOLVE
easylivingseniors.com # NO_RESOLVE
easyrelocation.ru # NO_RESOLVE
easyvisas.ru # NO_RESOLVE
ebahot.net # NO_RESOLVE
ebaland.fans # NO_RESOLVE
ebaland.link # NO_RESOLVE
ebarus.org # NO_RESOLVE
ebasex.com # NO_RESOLVE
ebasex.top # NO_RESOLVE
ebashki.top # NO_RESOLVE
ebavideo.fans # NO_RESOLVE
ebdo.tn # NO_RESOLVE
ebeemaaya.ru # NO_RESOLVE
ebenki3.com # NO_RESOLVE
eblet.top # NO_RESOLVE
ebneveshteha.com # NO_RESOLVE
ebonan.net # NO_RESOLVE
ebooks.znu.edu.ua # TLD_UA
ebosex.net # NO_RESOLVE
ebsiteghana.com # NO_RESOLVE
ebubab.net # NO_RESOLVE
ebubab.org # NO_RESOLVE
ec-st.ru # NO_RESOLVE
echoclub.live # NO_RESOLVE
echoclub.site # NO_RESOLVE
echoecho.site # NO_RESOLVE
echoho.life # NO_RESOLVE
echoho.online # NO_RESOLVE
echoho.site # NO_RESOLVE
echoho.website # NO_RESOLVE
echoho.xyz # NO_RESOLVE
echohoho.live # NO_RESOLVE
echohoho.site # NO_RESOLVE
echohoho.website # NO_RESOLVE
echoloveyou.website # NO_RESOLVE
echospring.net # NO_RESOLVE
echospring.online # NO_RESOLVE
echosprings.online # NO_RESOLVE
echoverges.com # NO_RESOLVE
eclipse-markets.net # NO_RESOLVE
ecliptica-style.ru # NO_RESOLVE
eclysqnjhnbtcago.30dvtsgew7hf.xyz # NO_RESOLVE
ecn-broker.at # NO_RESOLVE
ecnbr.xyz # NO_RESOLVE
eco-svc.ru # NO_RESOLVE
ecoaction.org.ua # TLD_UA
ecoagenda2019.org.ua # TLD_UA
ecobt.ru # NO_RESOLVE
ecod.org.br # NO_RESOLVE
ecodrive45.ru # NO_RESOLVE
ecogorod23.ru # NO_RESOLVE
ecoinsp.kharkov.ua # TLD_UA
ecolav24-efni.biz99.xyz # TOO_MANY_DIGITS (4)
ecolav24.biz # NO_RESOLVE
ecomebel78.ru # NO_RESOLVE
ecomgrowth.fi # NO_RESOLVE
ecomirmsk.ru # NO_RESOLVE
ecomteh-msk.ru # NO_RESOLVE
ecomtex.ru # NO_RESOLVE
econom-ia.com.ua # TLD_UA
economyfund.org.ua # TLD_UA
economytimes.ru # NO_RESOLVE
ecopark-osokorky.com.ua # TLD_UA
ecopolitic.com.ua # TLD_UA
ecoporno.tv # NO_RESOLVE
ecorealasset.com # NO_RESOLVE
ecorest-crimea.ru # NO_RESOLVE
ecoriogo.com # NO_RESOLVE
ecoscrepton.kz # NO_RESOLVE
ecosen.kz # NO_RESOLVE
ecosistema2022.ru # TOO_MANY_DIGITS (4)
ecotaxi73.ru # NO_RESOLVE
ecotenago.com # NO_RESOLVE
ecotest.ua # TLD_UA
ecotrustventltd.com # NO_RESOLVE
ecozakaz.ru # NO_RESOLVE
ecpc10.ru # NO_RESOLVE
ecpps.org # NO_RESOLVE
ecryptostocks.com # NO_RESOLVE
ecstasyshoponline.com # NO_RESOLVE
ectopic.info # NO_RESOLVE
ectqued1435.cafe24.com # TOO_MANY_DIGITS (6)
ecvr.ru # NO_RESOLVE
eda-buguruslan.ru # NO_RESOLVE
eda-shanghai.ru # NO_RESOLVE
edakms.ru # NO_RESOLVE
edelveiys.ru # NO_RESOLVE
edemanapa.ru # NO_RESOLVE
edensmatch.com # NO_RESOLVE
edetgaz.ru # NO_RESOLVE
edgebitpro.com # NO_RESOLVE
edi-eddy.com # NO_RESOLVE
edina.com.ec # NO_RESOLVE
edportin.com # NO_RESOLVE
edsondantas.com # NO_RESOLVE
edsro.center # NO_RESOLVE
edu-dlplomysa.com # NO_RESOLVE
edu-volkhov.ru # NO_RESOLVE
edu.tw # NO_RESOLVE
educ-all-in-one.ru # NO_RESOLVE
eduinforf.ru # NO_RESOLVE
edunclub.ru # NO_RESOLVE
edushkola.ru # NO_RESOLVE
edutalknola.com # NO_RESOLVE
ee-business.online # NO_RESOLVE
ee.via-tab.ru # NO_RESOLVE
eeacadem.com # NO_RESOLVE
eeb293be7aab9fa28a44d020c3438365.mararus.com # TOO_MANY_DIGITS (19)
eekendpost.co.zw # NO_RESOLVE
eemusic.ru # NO_RESOLVE
eesearch.ru # NO_RESOLVE
eff.kz # NO_RESOLVE
efigas.ru # NO_RESOLVE
efir-lounge-centr.ru # NO_RESOLVE
egalitenumerique.online # NO_RESOLVE
egc-forklift.ru # NO_RESOLVE
eglaz.xyz # NO_RESOLVE
egoods.pk # NO_RESOLVE
egosuit.ru # NO_RESOLVE
egreenunion.com # NO_RESOLVE
egrnka.com # NO_RESOLVE
egrnreestr.com # NO_RESOLVE
egyptrev.net # NO_RESOLVE
ehftoor.stron-tm.ru # NO_RESOLVE
eic-ano.org # NO_RESOLVE
eilerschool.ru # NO_RESOLVE
eiu92.cc # NO_RESOLVE
ejalonibu.org # NO_RESOLVE
ejsf.ru # NO_RESOLVE
ekapresent.ru # NO_RESOLVE
ekaterinburg.registratsia-rebenka.ru # NO_RESOLVE
ekaterinburg.vipster.net # NO_RESOLVE
ekaterinburg.xn----7sbbas7adbh1ak4hek1gg.xn--p1ai # TOO_MANY_DIGITS (6)
ekb-fishing.ru # NO_RESOLVE
ekb.4pig.com # NO_RESOLVE
ekb.minuporno.com # NO_RESOLVE
ekbcryo.ru # NO_RESOLVE
ekbpravo.ru # NO_RESOLVE
ekipag45.ru # NO_RESOLVE
ekmemorial.org # NO_RESOLVE
ekn3j112jk.com # TOO_MANY_DIGITS (4)
ekoing.ru # NO_RESOLVE
ekoplus.su # NO_RESOLVE
ekosfera69.ru # NO_RESOLVE
ekostrov.ru # NO_RESOLVE
ekotur.kz # NO_RESOLVE
ekrn.at # NO_RESOLVE
eksalara.com # NO_RESOLVE
ekskursii-deli.ru # NO_RESOLVE
ekskursii-nn.ru # NO_RESOLVE
ekspomebel.ru # NO_RESOLVE
ekstrasensy-bitva-silneyshih.net # NO_RESOLVE
ekushnir.ru # NO_RESOLVE
ekzaem.ru # NO_RESOLVE
ekzootikpark.ru # NO_RESOLVE
el-miel.ru # NO_RESOLVE
elabassest.com # NO_RESOLVE
elagin-estate.ru # NO_RESOLVE
elandino.cl # NO_RESOLVE
elangmasmining.net # NO_RESOLVE
elansyvor.pro # NO_RESOLVE
elargos.com # NO_RESOLVE
elbocon.com.pe # NO_RESOLVE
elchino.com.pe # NO_RESOLVE
elcomercio.com.pe # NO_RESOLVE
elda.herrutor.site # NO_RESOLVE
eldi-reels.top # NO_RESOLVE
eldimultiplier.top # NO_RESOLVE
eldis-hook.top # NO_RESOLVE
eldisexposure.top # NO_RESOLVE
eldroslutharis-app.com # NO_RESOLVE
elearning.sgcybersecurity.com # NO_RESOLVE
elecciones2023.cne.gob.ec # TOO_MANY_DIGITS (4)
elecktrics.ru # NO_RESOLVE
elections2020.spring96.org # TOO_MANY_DIGITS (6)
electricdo.ru # NO_RESOLVE
electro-gostpro.ru # NO_RESOLVE
electronoff.ua # TLD_UA
electros.top # NO_RESOLVE
electroshemi.info # NO_RESOLVE
electroshemi.me # NO_RESOLVE
electroshemu.online # NO_RESOLVE
elegantmatures.net # NO_RESOLVE
elektrik220volt.ru # NO_RESOLVE
elektronika-plus.ru # NO_RESOLVE
elektroseti70.ru # NO_RESOLVE
elektroshokery.in.ua # TLD_UA
elektrostal.vipster.net # NO_RESOLVE
elektrostalf.vipster.net # NO_RESOLVE
elenaperelygina.ru # NO_RESOLVE
elesaz.ru # NO_RESOLVE
elevadogaintrix.com # NO_RESOLVE
elevark.icu # NO_RESOLVE
elevate1x.com # NO_RESOLVE
elevateedgemarket.com # NO_RESOLVE
elevateit.icu # NO_RESOLVE
elevatesmartpro.com # NO_RESOLVE
elgraficochile.cl # NO_RESOLVE
elhassade.tn # NO_RESOLVE
elhayatonline.com # NO_RESOLVE
elimir.live # NO_RESOLVE
elindig.ru # NO_RESOLVE
elixara.ru # NO_RESOLVE
elki-urala.ru # NO_RESOLVE
elkidoma.ru # NO_RESOLVE
elkieco.ru # NO_RESOLVE
elle.ua # TLD_UA
elma-rpa.ru # NO_RESOLVE
elmagaz.ru # NO_RESOLVE
elmir.ua # TLD_UA
elod.herrutor.site # NO_RESOLVE
elontradingsignals.com # NO_RESOLVE
elonxperience.com # NO_RESOLVE
elparlante.com.py # NO_RESOLVE
elperuano.com.pe # NO_RESOLVE
elrealsw.com # NO_RESOLVE
els-solution-trading.com # NO_RESOLVE
elschoolru.ru # NO_RESOLVE
elsoldelbajio.com.mx # NO_RESOLVE
elstore-parfum.ru # NO_RESOLVE
elt-tsu.ru # NO_RESOLVE
elthungerhilfe.de # NO_RESOLVE
elxr.store # NO_RESOLVE
elyzia-acordis-engine.com # NO_RESOLVE
ema-led.ru # NO_RESOLVE
emasc-uae.com # NO_RESOLVE
embargo.ua # TLD_UA
embassyru-angola.ru # NO_RESOLVE
emblix.cc # NO_RESOLVE
emblix.us # NO_RESOLVE
embraced2022.org # TOO_MANY_DIGITS (4)
emeliynoff.ru # NO_RESOLVE
emerald.limited # NO_RESOLVE
emeraldtrustltd.com # NO_RESOLVE
emercom-gov-ru.ru # NO_RESOLVE
emgaweb3.com # NO_RESOLVE
emias-info-zapis.ru # NO_RESOLVE
emilburangulov.ru # NO_RESOLVE
emilynkosiprojecttrading.com # NO_RESOLVE
emirates71.org # NO_RESOLVE
emixityxchange.com # NO_RESOLVE
emolekt.com # NO_RESOLVE
emoontx.com # NO_RESOLVE
empergroup.ru # NO_RESOLVE
emploi-securite.com # NO_RESOLVE
emporiocafe.ru # NO_RESOLVE
emporium.com.ua # TLD_UA
emt-dnr.ru # NO_RESOLVE
emtelaspacextradingplatform.com # NO_RESOLVE
emu.kz # NO_RESOLVE
emvios.net # NO_RESOLVE
emwork.ru # NO_RESOLVE
en-sveta.ru # NO_RESOLVE
en.co.il # NO_RESOLVE
en.firebro.top # NO_RESOLVE
en.garilla.help # NO_RESOLVE
en.gey-chat.com # NO_RESOLVE
en.interfax.com.ua # TLD_UA
en.lb.ua # TLD_UA
en.shufuni.tv # NO_RESOLVE
en00003.online # TOO_MANY_DIGITS (5)
en00004.online # TOO_MANY_DIGITS (5)
en00005.online # TOO_MANY_DIGITS (5)
en00007.online # TOO_MANY_DIGITS (5)
enamiden.ru # NO_RESOLVE
encrypexmarketing.com # NO_RESOLVE
end.porno4ka.com # NO_RESOLVE
enduro.herrutor.site # NO_RESOLVE
energetik-pansionat.ru # NO_RESOLVE
energoatom.com.ua # TLD_UA
energoprom73.ru # NO_RESOLVE
energy-lit.uaeaid.agency # NO_RESOLVE
energy-markets.cc # NO_RESOLVE
energyavsales.co.uk # NO_RESOLVE
energysavings.com.ru # NO_RESOLVE
eneurosoft.com # NO_RESOLVE
english-center.org # NO_RESOLVE
english-kursk.ru # NO_RESOLVE
english-movies.site # NO_RESOLVE
english-the-best.ru # NO_RESOLVE
english.nv.ua # TLD_UA
englishbon.ru # NO_RESOLVE
englishdeduction.ru # NO_RESOLVE
englishdom.com # NO_RESOLVE
englishplanet40.ru # NO_RESOLVE
engrave.icu # NO_RESOLVE
engraving.digital # NO_RESOLVE
eni.max-platform.xyz # NO_RESOLVE
enigma-ai-solution.com # NO_RESOLVE
enigma.ua # TLD_UA
enmitupper.com # NO_RESOLVE
enomo.2026.coupons # TOO_MANY_DIGITS (4)
enomo069.top # NO_RESOLVE
enomo404.buzz # NO_RESOLVE
enomo5581.buzz # TOO_MANY_DIGITS (4)
enomo786.buzz # NO_RESOLVE
enot-01.ru # NO_RESOLVE
enoughproject.org # NO_RESOLVE
enovadeck.com # NO_RESOLVE
ensolarado.ru # NO_RESOLVE
environicsindia.in # NO_RESOLVE
envis.nic.in # NO_RESOLVE
eog-glazbog.ru # NO_RESOLVE
eog-glazboga.ru # NO_RESOLVE
eog-telegrambot.ru # NO_RESOLVE
eog-telegramm.ru # NO_RESOLVE
eog.one # NO_RESOLVE
eog2.ru # NO_RESOLVE
eogbot.ru # NO_RESOLVE
ep1-659.pages.dev # TOO_MANY_DIGITS (4)
epi-als.ru # NO_RESOLVE
epicentrk.ua # TLD_UA
epilepsyinarabic.com # NO_RESOLVE
epl.org.ua # TLD_UA
eplka.store # NO_RESOLVE
eplus.com.ua # TLD_UA
epochtimes.com.ua # TLD_UA
epravda.com.ua # TLD_UA
epsa.gov.et # NO_RESOLVE
eptkl96.ru # NO_RESOLVE
eq0xnr81.xn----7sbbas7adbh1ak4hek1gg.xn--p1ai # TOO_MANY_DIGITS (9)
eqte.net # NO_RESOLVE
eqtfinance.net # NO_RESOLVE
equal-payy.com # NO_RESOLVE
equinoxisdrive2025.org # TOO_MANY_DIGITS (4)
equitocapitapro.com # NO_RESOLVE
equity-pioneers.com # NO_RESOLVE
equitycresthub.org # NO_RESOLVE
equityhaventra.com # NO_RESOLVE
equityrust.com # NO_RESOLVE
equitystashhub.com # NO_RESOLVE
equitysync.net # NO_RESOLVE
equlumappai.com # NO_RESOLVE
equtytrstvault.com # NO_RESOLVE
eraspa39.ru # NO_RESOLVE
eratv.com.ua # TLD_UA
eremeeva-stomatolog.ru # NO_RESOLVE
eriding-solutions.com # NO_RESOLVE
eriongroup.biz # NO_RESOLVE
erketai-oskemen.kz # NO_RESOLVE
ermak-med.ru # NO_RESOLVE
ero-chats.ru # NO_RESOLVE
ero-pero.com # NO_RESOLVE
ero-piks.click # NO_RESOLVE
ero-piks.one # NO_RESOLVE
ero-piks.top # NO_RESOLVE
ero-pixel.cc # NO_RESOLVE
ero-pixel.click # NO_RESOLVE
ero-pixel.one # NO_RESOLVE
ero-pixel.org # NO_RESOLVE
ero-pixel.top # NO_RESOLVE
erokrad.life # NO_RESOLVE
eropho.top # NO_RESOLVE
eropiks.cc # NO_RESOLVE
eropiks.click # NO_RESOLVE
eropiks.com # NO_RESOLVE
eropiks.net # NO_RESOLVE
eropiks.one # NO_RESOLVE
eropiks.top # NO_RESOLVE
eropixel.cc # NO_RESOLVE
eropixel.fans # NO_RESOLVE
eropixel.me # NO_RESOLVE
eropixels.me # NO_RESOLVE
erostabs.ru # NO_RESOLVE
erotic-home.com # NO_RESOLVE
erotica-film.net # NO_RESOLVE
eroticlab.today # NO_RESOLVE
eroticzoom.info # NO_RESOLVE
erotikaporn.fun # NO_RESOLVE
error3130.org # TOO_MANY_DIGITS (4)
errors-seeds.ua # TLD_UA
erv.top-sofosbuvir1.ru # NO_RESOLVE
eryksa.ru # NO_RESOLVE
erynavoltrix.net # NO_RESOLVE
eryvon-alurex.com # NO_RESOLVE
erziclub.ru # NO_RESOLVE
es.firebro.top # NO_RESOLVE
es.ninemanga.com # NO_RESOLVE
escrow-paymaster.ru # NO_RESOLVE
esgi-miet.ru # NO_RESOLVE
eshkabz.ru # NO_RESOLVE
esmb.net # NO_RESOLVE
esmokers.kiev.ua # TLD_UA
eson.com.ua # TLD_UA
espachicas.ru # NO_RESOLVE
espacio1414.org # TOO_MANY_DIGITS (4)
espiralaespora.org # NO_RESOLVE
esplendorgainlux.com # NO_RESOLVE
esportconf.com.ua # TLD_UA
esportseduplus.com # NO_RESOLVE
essexpc.net # NO_RESOLVE
essgorpol.online # NO_RESOLVE
esta-candles.ru # NO_RESOLVE
esteels.ru # NO_RESOLVE
estern.link # NO_RESOLVE
esthetick.com # NO_RESOLVE
esthetiks.ru # NO_RESOLVE
esu.com.ua # TLD_UA
etehnopark.ru # NO_RESOLVE
eternity-volunteers.online # NO_RESOLVE
eth-8xolux.com # NO_RESOLVE
eth-oluxsolution.com # NO_RESOLVE
ethcormaxsoftware.com # NO_RESOLVE
etherealux-ledger-tech.com # NO_RESOLVE
etherluxbitcore-system.com # NO_RESOLVE
ethiopialgbtarchive.org # NO_RESOLVE
ethongluan.org # NO_RESOLVE
ethpro-cormax.com # NO_RESOLVE
ethprocormax.com # NO_RESOLVE
etiketka24.ru # NO_RESOLVE
etopers.link # NO_RESOLVE
etopers.org # NO_RESOLVE
etot-glupyi-svin.ru # NO_RESOLVE
etotoper.top # NO_RESOLVE
etotops.com # NO_RESOLVE
etotops.top # NO_RESOLVE
etroxpro1000solution.com # TOO_MANY_DIGITS (4)
etvghana.com # NO_RESOLVE
eu-dpo.ru # NO_RESOLVE
eu1.topsmarteuruich.cfd # NO_RESOLVE
eu2.topsmarteuruich.cfd # NO_RESOLVE
eu3.topsmarteuruich.cfd # NO_RESOLVE
eu4.topsmarteuruich.cfd # NO_RESOLVE
eu5.topsmarteuruich.cfd # NO_RESOLVE
eu6.topsmarteuruich.cfd # NO_RESOLVE
euracert.ru # NO_RESOLVE
euro-2024cast.ru # TOO_MANY_DIGITS (4)
euro.kharkiv.ua # TLD_UA
eurointegration.com.ua # TLD_UA
euroki.net # NO_RESOLVE
euronews.today # NO_RESOLVE
europaplusrostov.ru # NO_RESOLVE
eurotutu.ru # NO_RESOLVE
eurowoman.com.ua # TLD_UA
ev-dd.com # NO_RESOLVE
eva-vlg.ru # NO_RESOLVE
evacuator24tula.ru # NO_RESOLVE
evacuatoravto.ru # NO_RESOLVE
evacuatortver.ru # NO_RESOLVE
evakuator-balashiha.su # NO_RESOLVE
evakuator247plus.ru # NO_RESOLVE
evakuatormo24.ru # NO_RESOLVE
evavpnbot.help # NO_RESOLVE
eve-audio.com.ua # TLD_UA
evenkrenaissance.org # NO_RESOLVE
eventlublu.ru # NO_RESOLVE
eventurbo.ru # NO_RESOLVE
ever-trustgainz.com # NO_RESOLVE
everasset.net # NO_RESOLVE
everest-plast.kz # NO_RESOLVE
evertrustdex.com # NO_RESOLVE
evgeniko.ru # NO_RESOLVE
evgmarkets.net # NO_RESOLVE
evita26.ru # NO_RESOLVE
evo-bridge.net # NO_RESOLVE
evo-wiki.org # NO_RESOLVE
evofinvex.com # NO_RESOLVE
evotor-72.ru # NO_RESOLVE
evrikagarant.ru # NO_RESOLVE
evromed1.ru # NO_RESOLVE
ewfiles.su # NO_RESOLVE
ewinner.pl # NO_RESOLVE
ewrika-mebel.ru # NO_RESOLVE
ewva.net # NO_RESOLVE
ex-technologies.com # NO_RESOLVE
ex.com.ua # TLD_UA
ex1136.craftum.io # TOO_MANY_DIGITS (4)
exam-turnera.ru # NO_RESOLVE
examhelp.top # NO_RESOLVE
exango.org # NO_RESOLVE
exchange.atm-exchangee.online # NO_RESOLVE
exclyzivdecor.ru # NO_RESOLVE
exelasafeshares.com # NO_RESOLVE
exempl.ru # NO_RESOLVE
exevest.com # NO_RESOLVE
exhibitionarkhiv.ru # NO_RESOLVE
exhilaratingcontribution.shop # NO_RESOLVE
existingstamps.com # NO_RESOLVE
exler.bio # NO_RESOLVE
exler.me # NO_RESOLVE
exler.ru # NO_RESOLVE
exniilo.com # NO_RESOLVE
exo-vault.com # NO_RESOLVE
exo.in.ua # TLD_UA
exolocin-ru.ru # NO_RESOLVE
exoratrading.pro # NO_RESOLVE
exorhub.com # NO_RESOLVE
exos.ltd # NO_RESOLVE
expert-kotlov.ru # NO_RESOLVE
expert-narcology.online # NO_RESOLVE
expert-narcology.ru # NO_RESOLVE
expert-network.top # NO_RESOLVE
expert-permanent.ru # NO_RESOLVE
expert-wealth.com # NO_RESOLVE
expert.911-checks.com # NO_RESOLVE
expert.com.ua # TLD_UA
expert.in.ua # TLD_UA
expert01nsk.ru # NO_RESOLVE
expertbox.site # NO_RESOLVE
expertcmotors.ru # NO_RESOLVE
expertcrypted.net # NO_RESOLVE
expertcryptosolutions.com # NO_RESOLVE
expertiseprojects.com # NO_RESOLVE
expertkr.com.ua # TLD_UA
experttradingoptions.com # NO_RESOLVE
explainer.ua # TLD_UA
expo-finance.ru # NO_RESOLVE
expo3d.online # NO_RESOLVE
exposurephotolab.ru # NO_RESOLVE
express-doki4.ru # NO_RESOLVE
express-mo.ru # NO_RESOLVE
express-wallet.info # NO_RESOLVE
expressauracargo.com # NO_RESOLVE
expressinvexch.com # NO_RESOLVE
expresspersonaldocuments.com # NO_RESOLVE
expresswallet.info # NO_RESOLVE
expro-hub.com # NO_RESOLVE
exptropt.com # NO_RESOLVE
exseeding.com # NO_RESOLVE
ext-ltd.com # NO_RESOLVE
extra-copy.ru # NO_RESOLVE
extra.rumassa.shop # NO_RESOLVE
extraa.online # NO_RESOLVE
extraload.com.ua # TLD_UA
exwave.io # NO_RESOLVE
exzero.pro # NO_RESOLVE
eyegods.pro # NO_RESOLVE
eyegodsbot.com # NO_RESOLVE
eyegodsbot.ru # NO_RESOLVE
eyegodsbot.tech # NO_RESOLVE
eyenewsnetwork.com # NO_RESOLVE
eyeofgod.us # NO_RESOLVE
eyeofgodbot.live # NO_RESOLVE
eyesgod.tech # NO_RESOLVE
eyez-tgbot.ru # NO_RESOLVE
eyezgodbot.ru # NO_RESOLVE
eyfelguzellik.com # NO_RESOLVE
eygc2019.com # TOO_MANY_DIGITS (4)
ez-frag.ru # NO_RESOLVE
ez24.to # NO_RESOLVE
ezlip.ru # NO_RESOLVE
f-acc18.ru # NO_RESOLVE
f.filmqwq.online # NO_RESOLVE
f.firebro.top # NO_RESOLVE
f.hd-1080.online # TOO_MANY_DIGITS (4)
f.or.id # NO_RESOLVE
f.org.ec # NO_RESOLVE
f.org.hk # NO_RESOLVE
f.org.mm # NO_RESOLVE
f.org.my # NO_RESOLVE
f.parkerlabs.tech # NO_RESOLVE
f.protorrent.fun # NO_RESOLVE
f.stopfilms.info # NO_RESOLVE
f.transy-msk.xyz # NO_RESOLVE
f.transymoskvy5555.com # TOO_MANY_DIGITS (4)
f.ua # TLD_UA
f0q.online # NO_RESOLVE
f0q.ru # NO_RESOLVE
f1.freedubstudio.ru # NO_RESOLVE
f101.fisher-ff.ru # NO_RESOLVE
f102.fisher-ff.ru # NO_RESOLVE
f13.1orbceria1.icu # TOO_MANY_DIGITS (4)
f2f-mag.org # NO_RESOLVE
f3club.ru # NO_RESOLVE
f3vpn.help # NO_RESOLVE
f3vpn.info # NO_RESOLVE
fa.rezapahlavi.org # NO_RESOLVE
fa2147526e8a79f406317196d49651ee.mararus.com # TOO_MANY_DIGITS (24)
faa.india-help1.ru # NO_RESOLVE
fabrika-chekov.center # NO_RESOLVE
fabrika-chekov1.info # NO_RESOLVE
fabrika-chekov4.site # NO_RESOLVE
fabrika-chekov5.site # NO_RESOLVE
fabrika-vodi.ru # NO_RESOLVE
fabulous-global.com # NO_RESOLVE
faceangel.ru # NO_RESOLVE
facebook.tube2.me # NO_RESOLVE
facenews.ua # TLD_UA
facetivea.icu # NO_RESOLVE
faceture.icu # NO_RESOLVE
factoryclub.ru # NO_RESOLVE
faeterni.net # NO_RESOLVE
fair1964.org # TOO_MANY_DIGITS (4)
fairblog.ru # NO_RESOLVE
fairmazequity.com # NO_RESOLVE
fairmontfinevox.com # NO_RESOLVE
faithfreedom.org # NO_RESOLVE
fakozua4.ru # NO_RESOLVE
fakty.com.ua # TLD_UA
fakty.kiev.ua # TLD_UA
fakty.ua # TLD_UA
falconglob.com # NO_RESOLVE
falconvestltd.com # NO_RESOLVE
falcryptden.com # NO_RESOLVE
faleristika.com.ua # TLD_UA
famaque2.ru # NO_RESOLVE
familyhelper.ru # NO_RESOLVE
familylabinsk.ru # NO_RESOLVE
familymfc.ru # NO_RESOLVE
familyrestobar.ru # NO_RESOLVE
familyservice.com.ua # TLD_UA
famousfinance.net # NO_RESOLVE
famovisitprosystem.com # NO_RESOLVE
fanfancy.ru # NO_RESOLVE
fanficlub.com # NO_RESOLVE
fanfilms.online # NO_RESOLVE
fangames.at.ua # TLD_UA
fankor.ru # NO_RESOLVE
fanmovie.online # NO_RESOLVE
fanonik.online # NO_RESOLVE
fanpicture.ru # NO_RESOLVE
fant-books.at.ua # TLD_UA
fant-shop.ru # NO_RESOLVE
fantasticfilm.media # NO_RESOLVE
fantazeri-kids.ru # NO_RESOLVE
fantazy.biz.24rc.lol # NO_RESOLVE
fantomsombrix-software.com # NO_RESOLVE
fantomsombrixsoftware.com # NO_RESOLVE
fantomsombrixsolution.com # NO_RESOLVE
fanty.online # NO_RESOLVE
fap-foto.click # NO_RESOLVE
fap-foto.com # NO_RESOLVE
fap-foto.fans # NO_RESOLVE
fap-foto.link # NO_RESOLVE
fap-guru.meme # NO_RESOLVE
fap-guru.team # NO_RESOLVE
fapezy.com # NO_RESOLVE
fapfoto.cc # NO_RESOLVE
fapfoto.one # NO_RESOLVE
fapnow.xxx # NO_RESOLVE
fapodrop.com # NO_RESOLVE
fapxvid.pro # NO_RESOLVE
fargixlmtd.com # NO_RESOLVE
fartlek.com.ua # TLD_UA
faruvinnovations.com # NO_RESOLVE
fas4.ru # NO_RESOLVE
fasat-gh.world # NO_RESOLVE
fashionapart.ru # NO_RESOLVE
fasi-gov-ru.ru # NO_RESOLVE
fast-coin.site # NO_RESOLVE
fast-die.kiev.ua # TLD_UA
fast-dip-com.ru # NO_RESOLVE
fast-doc-com.ru # NO_RESOLVE
fast-medoc.xyz # NO_RESOLVE
fast-scan.ru # NO_RESOLVE
fast-sex.click # NO_RESOLVE
fast-torrents.at.ua # TLD_UA
fast-tron.site # NO_RESOLVE
fast1-doc74.xyz # NO_RESOLVE
fastbullexplorer.com # NO_RESOLVE
fastcard.sbs # NO_RESOLVE
fastexexchange.net # NO_RESOLVE
fasthashmine.com # NO_RESOLVE
fastlaneventures.ru # NO_RESOLVE
fastlinegaiin.com # NO_RESOLVE
fastpay-206.58v.click # TOO_MANY_DIGITS (5)
fastrun100.top # NO_RESOLVE
fastudos.top # NO_RESOLVE
fastvesti.com # NO_RESOLVE
fastyoutubevpn.ru # NO_RESOLVE
fat-jet-bike.ru # NO_RESOLVE
fatefa.com # NO_RESOLVE
fatyvideo.online # NO_RESOLVE
fau.ua # TLD_UA
favbet.ua # TLD_UA
favlist.info # NO_RESOLVE
favondex-appsolution.com # NO_RESOLVE
favorit-kitchen.ru # NO_RESOLVE
favorit-plus.ru # NO_RESOLVE
favoritka.org # NO_RESOLVE
fawnorkezilplatform.com # NO_RESOLVE
faxtoption.com # NO_RESOLVE
faynaberry.com # NO_RESOLVE
faza-shop.ru # NO_RESOLVE
fb.arj-indonesiagroup.com # NO_RESOLVE
fbc.net.ua # TLD_UA
fbcoh.org # NO_RESOLVE
fbloger.ru # NO_RESOLVE
fbno.su # NO_RESOLVE
fbrtat.ru # NO_RESOLVE
fbs2best.at # NO_RESOLVE
fcrotor-kassa.ru # NO_RESOLVE
fcsalov.ru # NO_RESOLVE
fd-rzn.ru # NO_RESOLVE
fd.spon.es # NO_RESOLVE
fdlt-llcs.com # NO_RESOLVE
fdmsosna.ru # NO_RESOLVE
fe.spon.es # NO_RESOLVE
fe111.1orbceria1.icu # TOO_MANY_DIGITS (5)
fe48.biz # NO_RESOLVE
featheraqua.ru # NO_RESOLVE
featuringfilm.com # NO_RESOLVE
fechtterra.ru # NO_RESOLVE
fed24.top # NO_RESOLVE
fedascan.org # NO_RESOLVE
fedcred.pro # NO_RESOLVE
fedcred.website # NO_RESOLVE
federacionanarquistauruguaya.uy # NO_RESOLVE
federationshop.top # NO_RESOLVE
feederconcept-fishing.ru # NO_RESOLVE
feedtheminds.org # NO_RESOLVE
feel-god.biz # NO_RESOLVE
feenfresh.ru # NO_RESOLVE
feldzorb-soft.com # NO_RESOLVE
femagora.org # NO_RESOLVE
fembed.net # NO_RESOLVE
femida-groupp.ru # NO_RESOLVE
fen-partner.net # NO_RESOLVE
fenazepam.top # NO_RESOLVE
fencing.org.ua # TLD_UA
fenix-group.org # NO_RESOLVE
fenixcinema.com # NO_RESOLVE
fenixsochi.ru # NO_RESOLVE
feodom.com.ua # TLD_UA
ferihii6.ru # NO_RESOLVE
ferixiumpro-system.com # NO_RESOLVE
ferixiumprosystem.com # NO_RESOLVE
ferma-fruct.cc # NO_RESOLVE
fermasnab.ru # NO_RESOLVE
ferndrop.icu # NO_RESOLVE
fernhill.icu # NO_RESOLVE
fernlighty.com # NO_RESOLVE
fernshade.icu # NO_RESOLVE
ferntrail.icu # NO_RESOLVE
fernvault.icu # NO_RESOLVE
fernwavey.com # NO_RESOLVE
fervetsmoke.shop # NO_RESOLVE
fest2024.ru # TOO_MANY_DIGITS (4)
festivaldeorgaodamadeira.com # NO_RESOLVE
fetish-porn.xyz # NO_RESOLVE
fetyduu5.ru # NO_RESOLVE
fev14.1orbceria1.icu # TOO_MANY_DIGITS (4)
fev214.1orbceria1.icu # TOO_MANY_DIGITS (5)
fev33.1orbceria1.icu # TOO_MANY_DIGITS (4)
fexovion-tech.com # NO_RESOLVE
fexoviontech.com # NO_RESOLVE
ff-tsu.ru # NO_RESOLVE
ffhdfd13g-12v-c.info # TOO_MANY_DIGITS (4)
ffk.kz # NO_RESOLVE
ffprosto.ru # NO_RESOLVE
fgkr.ru # NO_RESOLVE
fhg08.ru # NO_RESOLVE
fhth.ck.ua # TLD_UA
fhyphenb.com # NO_RESOLVE
fiat-delphocom.ru # NO_RESOLVE
fiat-echoauto.ru # NO_RESOLVE
fiatstar.org # NO_RESOLVE
fibroinfo.ru # NO_RESOLVE
fidauganda.org # NO_RESOLVE
fidel-eurora.com # NO_RESOLVE
fidelismorgan.net # NO_RESOLVE
fidelitypro40.com # NO_RESOLVE
fidelixgo.com # NO_RESOLVE
fidmanagement.cloud # NO_RESOLVE
fidocap.com # NO_RESOLVE
fiery-mining.space # NO_RESOLVE
fifilm.ru # NO_RESOLVE
figuradoma.ru # NO_RESOLVE
figuredao.app # NO_RESOLVE
fihav.ru # NO_RESOLVE
film-2016.net # TOO_MANY_DIGITS (4)
film-2025.me # TOO_MANY_DIGITS (4)
film-720hd.club # NO_RESOLVE
film.dvhab-film.site # NO_RESOLVE
film.hd-1080.online # TOO_MANY_DIGITS (4)
film6.ru # NO_RESOLVE
filmaz.top # NO_RESOLVE
filmec.top # NO_RESOLVE
filmex.live # NO_RESOLVE
filmive-1080.filmive-hd.club # TOO_MANY_DIGITS (4)
filmlinks4u.net # NO_RESOLVE
filmnovo.online # NO_RESOLVE
filmnovo.skin # NO_RESOLVE
filmovclub.xyz # NO_RESOLVE
filmozavr-hd.com # NO_RESOLVE
filmozavr.club # NO_RESOLVE
filmozavr.com # NO_RESOLVE
films-1990.online # TOO_MANY_DIGITS (4)
films-2002.online # TOO_MANY_DIGITS (4)
films-2018.online # TOO_MANY_DIGITS (4)
films-2023.com # TOO_MANY_DIGITS (4)
films2022.club # TOO_MANY_DIGITS (4)
films2022.net # TOO_MANY_DIGITS (4)
filmshape.com # NO_RESOLVE
filmshok.online # NO_RESOLVE
filmshok.ru # NO_RESOLVE
filmtrim.fun # NO_RESOLVE
filmv.org # NO_RESOLVE
filmworld.fun # NO_RESOLVE
filmy-2021.ru # TOO_MANY_DIGITS (4)
filmy-2025.bar # TOO_MANY_DIGITS (4)
filmy-2025.org # TOO_MANY_DIGITS (4)
filmy-2025.top # TOO_MANY_DIGITS (4)
filmy-2025.vip # TOO_MANY_DIGITS (4)
filmy.myvibox.site # NO_RESOLVE
filmy2024.co # TOO_MANY_DIGITS (4)
filmyporno69.com # NO_RESOLVE
filmys.site # NO_RESOLVE
filtraqua.ru # NO_RESOLVE
filtzerholdings.com # NO_RESOLVE
fimo-bgu.ru # NO_RESOLVE
fin-fin10.ru # NO_RESOLVE
fin-fin32.ru # NO_RESOLVE
finacb.net # NO_RESOLVE
finacleasset.com # NO_RESOLVE
finance-aup2001.online # TOO_MANY_DIGITS (4)
finance-aup2001.ru # TOO_MANY_DIGITS (4)
finance-market.info # NO_RESOLVE
finance-wealth.com # NO_RESOLVE
finance.ua # TLD_UA
financeclub.company # NO_RESOLVE
financedalrexsoftware.com # NO_RESOLVE
financeeclairee.com # NO_RESOLVE
financialgrowthmarkets.com # NO_RESOLVE
finans-globe.net # NO_RESOLVE
finans-privat.online # NO_RESOLVE
finans-privat.ru # NO_RESOLVE
finansistdv.ru # NO_RESOLVE
finansoption.com # NO_RESOLVE
finaplimited.pro # NO_RESOLVE
finbird.ru # NO_RESOLVE
findwindowcleaners.com # NO_RESOLVE
finefood.lviv.ua # TLD_UA
finenews.com.ua # TLD_UA
finevpn.info # NO_RESOLVE
finextbit-app.com # NO_RESOLVE
finfix.online # NO_RESOLVE
finforo.com # NO_RESOLVE
finicom.ru # NO_RESOLVE
finiko.com.ua # TLD_UA
finist-shop.ru # NO_RESOLVE
finist.online # NO_RESOLVE
finitorex-platform.com # NO_RESOLVE
finmebel74.ru # NO_RESOLVE
finneestcoourrse.site # NO_RESOLVE
finnpartner.ru # NO_RESOLVE
fino-vex.com # NO_RESOLVE
finoretix-app.com # NO_RESOLVE
finoretixplatform.com # NO_RESOLVE
finorexa-app.net # NO_RESOLVE
finorexus-tech.com # NO_RESOLVE
finotechpro-platform.com # NO_RESOLVE
finotechpro-software.com # NO_RESOLVE
finotrazesoftware.com # NO_RESOLVE
finovexisproai.com # NO_RESOLVE
finovexisprosolution.com # NO_RESOLVE
finpros-exchange.com # NO_RESOLVE
finquickly.com # NO_RESOLVE
finquor360soft.com # NO_RESOLVE
finsera.org # NO_RESOLVE
finsettings.com # NO_RESOLVE
finstock.org # NO_RESOLVE
finstocksedge.com # NO_RESOLVE
fintechmarket.pro # NO_RESOLVE
fintriox.net # NO_RESOLVE
fintuorix-solution.com # NO_RESOLVE
finupixapp.net # NO_RESOLVE
finveratixplatform.com # NO_RESOLVE
finvergetrust.com # NO_RESOLVE
finvextronyx-software.com # NO_RESOLVE
finvistagroups.com # NO_RESOLVE
finvizpro.org # NO_RESOLVE
finwiseinsights.com # NO_RESOLVE
fiori.kz # NO_RESOLVE
fiqedye3.ru # NO_RESOLVE
fire.ck.ua # TLD_UA
firma-checov.info # NO_RESOLVE
firma-chekov.info # NO_RESOLVE
firma-chekov1.info # NO_RESOLVE
firmproperties.org # NO_RESOLVE
firmtrustnational.com # NO_RESOLVE
firskino.online # NO_RESOLVE
first-envest.com # NO_RESOLVE
first-financial-intermediaries.com # NO_RESOLVE
first-travel.tech # NO_RESOLVE
first.ua # TLD_UA
firstaid.in.ua # TLD_UA
firstdancecenter.online # NO_RESOLVE
firstdatesmap.com # NO_RESOLVE
firstdevices-stores.ru # NO_RESOLVE
firstdevicestores.ru # NO_RESOLVE
firstlegal.com.ua # TLD_UA
firstprocampaign.website # NO_RESOLVE
firstregion.com.ua # TLD_UA
firstvisioncargo.com # NO_RESOLVE
firtka.if.ua # TLD_UA
fisg-zhc.com # NO_RESOLVE
fish26.ru # NO_RESOLVE
fishguide.com.ua # TLD_UA
fissi.ru # NO_RESOLVE
fit-apbes.online # NO_RESOLVE
fit-lab.ru # NO_RESOLVE
fito-life.com.ua # TLD_UA
fixikishowbishkek.site # NO_RESOLVE
fixridge.com # NO_RESOLVE
fixvites-platform.com # NO_RESOLVE
fizzl.ru # NO_RESOLVE
fjallravenshop.ru # NO_RESOLVE
fjrpe.cfd # NO_RESOLVE
fkpravo.ru # NO_RESOLVE
fkrk.ru # NO_RESOLVE
fl-beauty.ru # NO_RESOLVE
flag.ua # TLD_UA
flaggman1.top # NO_RESOLVE
flaggman2.top # NO_RESOLVE
flagmaster.com.ua # TLD_UA
flagsystem.ua # TLD_UA
flamecircle.click # NO_RESOLVE
flamecirclepro.click # NO_RESOLVE
flamelegacy.click # NO_RESOLVE
flamelegacysync.click # NO_RESOLVE
flamepath.click # NO_RESOLVE
flameshine.click # NO_RESOLVE
flamestory.click # NO_RESOLVE
flamesymbol.click # NO_RESOLVE
flamevisionpro.click # NO_RESOLVE
flamewarriors.click # NO_RESOLVE
flashbitmining.com # NO_RESOLVE
flatextrading.com # NO_RESOLVE
flauwerum.online # NO_RESOLVE
flauwerum.ru # NO_RESOLVE
flenix.website # NO_RESOLVE
flerturex-app.net # NO_RESOLVE
flex-abx.com # NO_RESOLVE
flex-cut.com # NO_RESOLVE
flex-nqk.com # NO_RESOLVE
flexinovo.ru # NO_RESOLVE
flg.studio # NO_RESOLVE
flibusta.avivas.online # NO_RESOLVE
flibusta2.avivas.online # NO_RESOLVE
flibusta3.avivas.online # NO_RESOLVE
flibusta4.avivas.online # NO_RESOLVE
flickerhaze.com # NO_RESOLVE
flicksbar.info # NO_RESOLVE
flint-206.50t.click # TOO_MANY_DIGITS (5)
flipsmarkets.com # NO_RESOLVE
flm-1.gutkinohit.fun # NO_RESOLVE
flomagicbox.ru # NO_RESOLVE
flora.kr.ua # TLD_UA
floraith.click # NO_RESOLVE
floraith.icu # NO_RESOLVE
florberry.com # NO_RESOLVE
floristnov.ru # NO_RESOLVE
florium.ua # TLD_UA
florleaf.com # NO_RESOLVE
florshiney.com # NO_RESOLVE
florvine.com # NO_RESOLVE
florwave.com # NO_RESOLVE
flot2017.com # TOO_MANY_DIGITS (4)
floverspb.ru # NO_RESOLVE
flowart.icu # NO_RESOLVE
flowcapr.com # NO_RESOLVE
flowenityx.com # NO_RESOLVE
flowerholland.ru # NO_RESOLVE
flowers-achinsk.ru # NO_RESOLVE
fluix-fi.com # NO_RESOLVE
flusso-finthor-app.com # NO_RESOLVE
flux-reopro.com # NO_RESOLVE
fluxdreamflowplatform.com # NO_RESOLVE
fluxfii.com # NO_RESOLVE
fluxionhub.com # NO_RESOLVE
fluxkoin.com # NO_RESOLVE
fluxkrypto.pro # NO_RESOLVE
fly-elds.xyz # NO_RESOLVE
fly3.ru # NO_RESOLVE
flyvericaaa.com # NO_RESOLVE
flyveritas.com # NO_RESOLVE
fm-grand.ru # NO_RESOLVE
fmag.cc # NO_RESOLVE
fmarkets.net # NO_RESOLVE
fmclcjogbqyjlipz.oia7ds95vb0e.live # TOO_MANY_DIGITS (4)
fmid.info # NO_RESOLVE
fml-grp.cc # NO_RESOLVE
fmmrkftwdnrbffgn.x9r5lrdkfjrp.quest # NO_RESOLVE
fmsmmc.ru # NO_RESOLVE
fndedtrdplus.com # NO_RESOLVE
fo-mega-best.cc # NO_RESOLVE
foboxee.com # NO_RESOLVE
focus.ua # TLD_UA
fogbloom.com # NO_RESOLVE
fogblossia.com # NO_RESOLVE
fogbreeze.com # NO_RESOLVE
foglance.com # NO_RESOLVE
foglumen.com # NO_RESOLVE
fognesta.click # NO_RESOLVE
fogspire.icu # NO_RESOLVE
folhaweb.com.br # NO_RESOLVE
foliantgroup.online # NO_RESOLVE
foliantgroup.ru # NO_RESOLVE
folkfront.com.ua # TLD_UA
fond-179.ru # NO_RESOLVE
fond-intellect.ru # NO_RESOLVE
fond-pomoshi.ru # NO_RESOLVE
fondex.fun # NO_RESOLVE
fondexgloballtd.com # NO_RESOLVE
fondspas.ru # NO_RESOLVE
fondter-akopov.ru # NO_RESOLVE
fondy.ua # TLD_UA
fonjtqba.com # NO_RESOLVE
fonomaster.ru # NO_RESOLVE
fonstol.ru # NO_RESOLVE
fontan-partners.club # NO_RESOLVE
fontan.1811vip.icu # TOO_MANY_DIGITS (4)
fontan3366.buzz # TOO_MANY_DIGITS (4)
fontan346.buzz # NO_RESOLVE
fontec.com.ua # TLD_UA
fonts4web.ru # NO_RESOLVE
fontvielle.org # NO_RESOLVE
foodcraftdv.ru # NO_RESOLVE
foodispr.ru # NO_RESOLVE
foodsnatural.ru # NO_RESOLVE
football-live.stream # NO_RESOLVE
football-obzor-kz.ru # NO_RESOLVE
football.ua # TLD_UA
football24.ua # TLD_UA
footbik.live # NO_RESOLVE
footbolik.fun # NO_RESOLVE
footyfull.com # NO_RESOLVE
for-teamgamehost.ru # NO_RESOLVE
forbes.net.ua # TLD_UA
forbes.ua # TLD_UA
force-64.ru # NO_RESOLVE
fordvolgograd.ru # NO_RESOLVE
foreignlegion.ru # NO_RESOLVE
forest-park48.ru # NO_RESOLVE
forest.pp.ua # TLD_UA
foreverbullishmargin.live # NO_RESOLVE
foreverinpro.com # NO_RESOLVE
forex-100academy.com # NO_RESOLVE
forex-w.online # NO_RESOLVE
forexquintvest.com # NO_RESOLVE
forexretailerglobalpartners.com # NO_RESOLVE
forgecdn.net # NO_RESOLVE
forgefinance.net # NO_RESOLVE
forgeqlyden-tech.com # NO_RESOLVE
forgeqlydentech.com # NO_RESOLVE
forjafinlux.com # NO_RESOLVE
form-multisport-b-kz-kk.nn51in.com # NO_RESOLVE
form-multisport-b-kz.nn51in.com # NO_RESOLVE
form-multisport-b-ru.nn51in.com # NO_RESOLVE
form-multisport-b-tr.nn51in.com # NO_RESOLVE
forma42.ru # NO_RESOLVE
formanoryx.com # NO_RESOLVE
formart.icu # NO_RESOLVE
formcorex.com # NO_RESOLVE
formit.icu # NO_RESOLVE
formmusic.icu # NO_RESOLVE
formsound.icu # NO_RESOLVE
formula-opt.ru # NO_RESOLVE
fornaxeng.com # NO_RESOLVE
forsunki.su # NO_RESOLVE
fortboyard05.ru # NO_RESOLVE
forteco.org # NO_RESOLVE
forteplast.ru # NO_RESOLVE
fortexupak.ru # NO_RESOLVE
fortis-fundrelix.net # NO_RESOLVE
fortisbeaconholdings.com # NO_RESOLVE
fortuix-agent-software.com # NO_RESOLVE
fortuix-agentsoftware.com # NO_RESOLVE
forukrainiansoldiers.com.ua # TLD_UA
forum-2netdark.sbs # NO_RESOLVE
forum-detyam52.ru # NO_RESOLVE
forum-obnal.cfd # NO_RESOLVE
forum-pmr.com # NO_RESOLVE
forum.antiraid.com.ua # TLD_UA
forum.d-t.club # NO_RESOLVE
forum.fameworld.fun # NO_RESOLVE
forum.geely-club.com.ua # TLD_UA
forum.motilek.com.ua # TLD_UA
forum.pravda.com.ua # TLD_UA
forum.pvpund.com # NO_RESOLVE
forum.shock-world.net # NO_RESOLVE
forum.webbots.store # NO_RESOLVE
forum2035.ru # TOO_MANY_DIGITS (4)
forums.creagames.com # NO_RESOLVE
forums.quattroworld.com # NO_RESOLVE
forumsmile.ru # NO_RESOLVE
forumspain.ru # NO_RESOLVE
forumteen.rolehub.ru # NO_RESOLVE
forumuzao.online # NO_RESOLVE
forumuzao.ru # NO_RESOLVE
forumvdele.ru # NO_RESOLVE
forwardon.icu # NO_RESOLVE
fosslook.ru # NO_RESOLVE
fost-torrent.biz # NO_RESOLVE
fost.club # NO_RESOLVE
fotkacenter.ru # NO_RESOLVE
fotki.info # NO_RESOLVE
foto-celki.ru # NO_RESOLVE
foto-sliv.com # NO_RESOLVE
foto-times.ru # NO_RESOLVE
fotoburov.ru # NO_RESOLVE
fotofd.ru # NO_RESOLVE
fotogolyh.art # NO_RESOLVE
fotogolyh.club # NO_RESOLVE
fotolands.cc # NO_RESOLVE
fotolands.click # NO_RESOLVE
fotolands.com # NO_RESOLVE
fotolands.fans # NO_RESOLVE
fotolands.one # NO_RESOLVE
fotolands.org # NO_RESOLVE
foton36.ru # NO_RESOLVE
fotosbab.top # NO_RESOLVE
fourschoolkam.ru # NO_RESOLVE
fovuxbit.xyz # NO_RESOLVE
foxtrot-dance.ru # NO_RESOLVE
foyda.net # NO_RESOLVE
fpm202.pro # NO_RESOLVE
fpmoptions.com # NO_RESOLVE
fpoda63.ru # NO_RESOLVE
frameit.icu # NO_RESOLVE
frank-games.com # NO_RESOLVE
frankex.link # NO_RESOLVE
frankix.best # NO_RESOLVE
frankix.fun # NO_RESOLVE
frankix.link # NO_RESOLVE
frankix.live # NO_RESOLVE
franksha.com # NO_RESOLVE
frantsuz33.ru # NO_RESOLVE
frau-madam.net # NO_RESOLVE
fraumadamz.online # NO_RESOLVE
fravico.icu # NO_RESOLVE
frazzischool.ru # NO_RESOLVE
free-addlink.com # NO_RESOLVE
free-film.space # NO_RESOLVE
free-kent.icu # NO_RESOLVE
free-pdf-tools.ru # NO_RESOLVE
free-porno-torrent.ru # NO_RESOLVE
free-tor.org # NO_RESOLVE
free.hall-games.com # NO_RESOLVE
free2080.full-hd.cc # TOO_MANY_DIGITS (4)
free555kf7lsmbsite.to # TOO_MANY_DIGITS (4)
freebestvpn.net # NO_RESOLVE
freebestvpn.org # NO_RESOLVE
freebk365.ru # NO_RESOLVE
freedaddy.icu # NO_RESOLVE
freedom24market.com # NO_RESOLVE
freedomfinances.ltd # NO_RESOLVE
freedominvfinance.com # NO_RESOLVE
freefilmss.online # NO_RESOLVE
freegama.icu # NO_RESOLVE
freegayporn.fun # NO_RESOLVE
freegayxxx.cam # NO_RESOLVE
freehivtest.org.ua # TLD_UA
freehost.com.ua # TLD_UA
freekent.icu # NO_RESOLVE
freelancekafe.ru # NO_RESOLVE
freeloadnetzi.ru # NO_RESOLVE
freeluck.ru # NO_RESOLVE
freemakevideo.ru # NO_RESOLVE
freeradio.com.ua # TLD_UA
freerate.com.ua # TLD_UA
freeru.pro # NO_RESOLVE
freerussiainstitute.org # NO_RESOLVE
freesmoking.online # NO_RESOLVE
freesmoking.ru # NO_RESOLVE
freesofts.ru # NO_RESOLVE
freestreams-live.top # NO_RESOLVE
freetownfashpack.com # NO_RESOLVE
freeworldgathering.com # NO_RESOLVE
fregatmsk.ru # NO_RESOLVE
fren-gop.online # NO_RESOLVE
fren-gop.ru # NO_RESOLVE
fresh.1812.games # TOO_MANY_DIGITS (4)
freshbux.ru # NO_RESOLVE
freshkasij1.top # NO_RESOLVE
freshkasin1.ru # NO_RESOLVE
freshkasin2.ru # NO_RESOLVE
freshkastop1.ru # NO_RESOLVE
freshkz121.com # NO_RESOLVE
freshkz128.com # NO_RESOLVE
freshkz130.com # NO_RESOLVE
freshonline3.top # NO_RESOLVE
freshonline5.top # NO_RESOLVE
freshonline6.top # NO_RESOLVE
freshonline7.top # NO_RESOLVE
freshshe.ru # NO_RESOLVE
freshstudio.com.ua # TLD_UA
freshwv10.com # NO_RESOLVE
freshwv14.com # NO_RESOLVE
freshwv15.com # NO_RESOLVE
fresnogarageguys.com # NO_RESOLVE
freyrneit.ru # NO_RESOLVE
fridaytula.ru # NO_RESOLVE
friend-house.ru # NO_RESOLVE
friend.top1069.com # TOO_MANY_DIGITS (4)
friends-1.lol # NO_RESOLVE
friends-1.ru # NO_RESOLVE
friends-264.15v.click # TOO_MANY_DIGITS (5)
friends-online.pp.ua # TLD_UA
friends.in.ua # TLD_UA
frisdploms.com # NO_RESOLVE
frm48.biz # NO_RESOLVE
front-kick.ru # NO_RESOLVE
front-populaire.org # NO_RESOLVE
frontauto.ru # NO_RESOLVE
frontiertrading.pro # NO_RESOLVE
frontliner.com.ua # TLD_UA
froschagro-ltd.org # NO_RESOLVE
frstore.ru # NO_RESOLVE
frukty-sochi-adler.ru # NO_RESOLVE
fruukach.ru # NO_RESOLVE
fs3650.com # TOO_MANY_DIGITS (4)
fsblicenziya.ru # NO_RESOLVE
fsdinternational.org # NO_RESOLVE
fskn-gov-ru.online # NO_RESOLVE
fskn-gov-ru.ru # NO_RESOLVE
fskvadrat.ru # NO_RESOLVE
fsnp-gov-ru.ru # NO_RESOLVE
fsnv.zp.ua # TLD_UA
fsoz-gov-ru.ru # NO_RESOLVE
fstq.lol # NO_RESOLVE
ft12.biz # NO_RESOLVE
ft13.biz # NO_RESOLVE
ft14.biz # NO_RESOLVE
ft15.biz # NO_RESOLVE
ft20.biz # NO_RESOLVE
ft21.biz # NO_RESOLVE
ft55.biz # NO_RESOLVE
ft66.biz # NO_RESOLVE
ft99.biz # NO_RESOLVE
ftfinances.com # NO_RESOLVE
ftokrenix-app.com # NO_RESOLVE
ftp.pimpletv.ru # NO_RESOLVE
ftp.tvbox-baraholka.ru # NO_RESOLVE
ftp.xn----7sbbas7adbh1ak4hek1gg.xn--p1ai # TOO_MANY_DIGITS (6)
ftscoin.xyz # NO_RESOLVE
ftstop1has.biz # NO_RESOLVE
fuchhh.top # NO_RESOLVE
fudziland.ru # NO_RESOLVE
fuerzaluxevo.com # NO_RESOLVE
fulgorluxent.com # NO_RESOLVE
full-hd.cc # NO_RESOLVE
full-house24.ru # NO_RESOLVE
fullmalesex.cc # NO_RESOLVE
fullmoviehd4k.to # NO_RESOLVE
fun-elds.xyz # NO_RESOLVE
fun-grand.com # NO_RESOLVE
funcaps.com.de # NO_RESOLVE
fundaizol.ru # NO_RESOLVE
fundemujer.org.ni # NO_RESOLVE
fundfoundry-app.net # NO_RESOLVE
fundgoxprosolution.com # NO_RESOLVE
fundixplus-ai.com # NO_RESOLVE
fundmsu.ru # NO_RESOLVE
fundsconf.ru # NO_RESOLVE
fundsolvarensystem.com # NO_RESOLVE
fundvet.city # NO_RESOLVE
funnel-virexa-soft.com # NO_RESOLVE
funny-gass.ru # NO_RESOLVE
funtime.kiev.ua # TLD_UA
furkaloxarius.com # NO_RESOLVE
fusionxmarkets.com # NO_RESOLVE
fusker.xxx # NO_RESOLVE
futoff.xyz # NO_RESOLVE
futur-edgeltd.com # NO_RESOLVE
future2050.space # TOO_MANY_DIGITS (4)
futurecenter.in.ua # TLD_UA
futurefestival.ru # NO_RESOLVE
futurefg.ru # NO_RESOLVE
futurefitnessmarket.com # NO_RESOLVE
futuregamerzone.com # NO_RESOLVE
futuregamingpro.com # NO_RESOLVE
futurepfs.com # NO_RESOLVE
futurewithtesla.com # NO_RESOLVE
futurfu.com # NO_RESOLVE
futurist-centrum.ru # NO_RESOLVE
futuro-token.net # NO_RESOLVE
futurotokenai.com # NO_RESOLVE
fuvin.ru # NO_RESOLVE
fuzan-goo.biz # NO_RESOLVE
fw-altus.cc # NO_RESOLVE
fw8385.craftum.io # TOO_MANY_DIGITS (4)
fyempwai.xn----7sbbas7adbh1ak4hek1gg.xn--p1ai # TOO_MANY_DIGITS (6)
fyjemio7.ru # NO_RESOLVE
fynevo.com # NO_RESOLVE
fyrshoper.ru # NO_RESOLVE
fzoz.ru # NO_RESOLVE
g-altair.ru # NO_RESOLVE
g-mine.biz # NO_RESOLVE
g-sad.ru # NO_RESOLVE
g.dggepastore.ru # NO_RESOLVE
g.filmqwq.online # NO_RESOLVE
g.qgepatitofs.ru # NO_RESOLVE
g.renomotor.ru # NO_RESOLVE
g.rgepaciniik.ru # NO_RESOLVE
g.rgepatitofs.ru # NO_RESOLVE
g.stopfilms.info # NO_RESOLVE
g.tggepaneta.ru # NO_RESOLVE
g.transy-msk.xyz # NO_RESOLVE
g.uggepaneta.ru # NO_RESOLVE
g0st.cc # NO_RESOLVE
g1.luxl.website # NO_RESOLVE
g1smart.tech # NO_RESOLVE
g2.luxl.website # NO_RESOLVE
g2023.1orbceria1.icu # TOO_MANY_DIGITS (6)
g3.luxl.website # NO_RESOLVE
g3nr6w6k61.execute-api.eu-central-1.amazonaws.com # TOO_MANY_DIGITS (6)
g4.luxl.website # NO_RESOLVE
g5.luxl.website # NO_RESOLVE
gabbycamper.ru # NO_RESOLVE
gadanie63.ru # NO_RESOLVE
gadgetsgang.com # NO_RESOLVE
gainexia.com # NO_RESOLVE
gainground.live # NO_RESOLVE
gainterra.com # NO_RESOLVE
gala-xy-suba-etalon.space # NO_RESOLVE
galaticexchange.com # NO_RESOLVE
galaxyassetsmanagement.org # NO_RESOLVE
galaxytrustfund.org # NO_RESOLVE
galereya-kafe.ru # NO_RESOLVE
galich.finans-privat.ru # NO_RESOLVE
galinfo.com.ua # TLD_UA
galka.if.ua # TLD_UA
gallery-belyaevo.ru # NO_RESOLVE
gallerycdn.vsassets.io # NO_RESOLVE
galtv.if.ua # TLD_UA
galya-baluvana.kiev.ua # TLD_UA
game-of-thrones.space # NO_RESOLVE
game.bifri.ru # NO_RESOLVE
gamecaste.info # NO_RESOLVE
gamecasteles.online # NO_RESOLVE
gamecasteqs.online # NO_RESOLVE
gamecastet.online # NO_RESOLVE
gamecasty.online # NO_RESOLVE
gamedev.lviv.ua # TLD_UA
gameinfo.ru # NO_RESOLVE
gameinside.ua # TLD_UA
gameintegrityx.com # NO_RESOLVE
gameit.space # NO_RESOLVE
gamelearnerszone.com # NO_RESOLVE
gameloads.cfd # NO_RESOLVE
gameone.com # NO_RESOLVE
gamesky.ir # NO_RESOLVE
gametoearn.fun # NO_RESOLVE
gametoparmsnews.ru # NO_RESOLVE
gaming-elds.xyz # NO_RESOLVE
gampter.ru # NO_RESOLVE
gan26.online # NO_RESOLVE
ganga.com.ua # TLD_UA
ganjarpranowo.com # NO_RESOLVE
garantiya-krasnodar.ru # NO_RESOLVE
garazhyk.ru # NO_RESOLVE
garbymood.ru # NO_RESOLVE
garcons.cc # NO_RESOLVE
garden-empire.online # NO_RESOLVE
garden-empire.ru # NO_RESOLVE
garilla-192.t32.online # TOO_MANY_DIGITS (5)
garilla-193.t18.buzz # TOO_MANY_DIGITS (5)
garilla-212.55q.click # TOO_MANY_DIGITS (5)
garilla-260.369w.buzz # TOO_MANY_DIGITS (6)
garilla-264.36v.click # TOO_MANY_DIGITS (5)
garilla-cacinoz.cfd # NO_RESOLVE
garilla-cacinoz.sbs # NO_RESOLVE
garilla-kacinoz.sbs # NO_RESOLVE
garilla-kacinoz.xyz # NO_RESOLVE
garilla.qpon # NO_RESOLVE
garmonia-chel.ru # NO_RESOLVE
garvis.com.ua # TLD_UA
gasavto70.ru # NO_RESOLVE
gashish-alfa-pvp.online # NO_RESOLVE
gashish-marijuana.online # NO_RESOLVE
gasket-solutions.ru # NO_RESOLVE
gastrofestspb2024.ru # TOO_MANY_DIGITS (4)
gastrokub.ru # NO_RESOLVE
gates-of-olympus.shop # NO_RESOLVE
gatesofolympus-2024.com # TOO_MANY_DIGITS (4)
gay-24.org # NO_RESOLVE
gay-baza.art # NO_RESOLVE
gay-baza.click # NO_RESOLVE
gay-baza.info # NO_RESOLVE
gay-baza.vip # NO_RESOLVE
gay-need-sex.com # NO_RESOLVE
gay-sex-i-childfree-eto-kruto.ezua.com # NO_RESOLVE
gay-xxx-videos.me # NO_RESOLVE
gay-xxx.top # NO_RESOLVE
gay.kz # NO_RESOLVE
gay.moscow # NO_RESOLVE
gay.org.ua # TLD_UA
gay1314.click # TOO_MANY_DIGITS (4)
gayboynude.com # NO_RESOLVE
gaydude.me # NO_RESOLVE
gaydvd.lat # NO_RESOLVE
gayjocks.net # NO_RESOLVE
gaypornbeauty.cc # NO_RESOLVE
gayporncream.cc # NO_RESOLVE
gaypornmovie.net # NO_RESOLVE
gayporno112.club # NO_RESOLVE
gaypornohd.top # NO_RESOLVE
gaypornpassion.cc # NO_RESOLVE
gaypornroom.cc # NO_RESOLVE
gaypornshow.cc # NO_RESOLVE
gaypornvault.com # NO_RESOLVE
gaypornvideos.pro # NO_RESOLVE
gaysexbox.cc # NO_RESOLVE
gaysexhub.cc # NO_RESOLVE
gaysexpics.pro # NO_RESOLVE
gaysexpool.cc # NO_RESOLVE
gaysexweb.cc # NO_RESOLVE
gaysmaletube.com # NO_RESOLVE
gaytubeboy.com # NO_RESOLVE
gayxtube.cc # NO_RESOLVE
gayxxx.click # NO_RESOLVE
gayxxxbox.cc # NO_RESOLVE
gayxxxlive.cc # NO_RESOLVE
gayxxxmaster.cc # NO_RESOLVE
gaz-almaz23.ru # NO_RESOLVE
gaz-ekstaz-495.com # NO_RESOLVE
gaz.lg.ua # TLD_UA
gazalania.ru # NO_RESOLVE
gazers.ru # NO_RESOLVE
gazeta-mayak.ru # NO_RESOLVE
gazeta-misto.te.ua # TLD_UA
gazeta.kharkiv.ua # TLD_UA
gazeta.maxrek.ru # NO_RESOLVE
gazeta.ua # TLD_UA
gazeta161.ru # NO_RESOLVE
gazetapositive.ru # NO_RESOLVE
gazetarodina.ru # NO_RESOLVE
gazotvod.ru # NO_RESOLVE
gbestdpo.ru # NO_RESOLVE
gbi-m.ru # NO_RESOLVE
gbich.com # NO_RESOLVE
gbou1595.ru # TOO_MANY_DIGITS (4)
gbozerniy.ru # NO_RESOLVE
gbr.org.ua # TLD_UA
gbu-sever.ru # NO_RESOLVE
gbuzaosp3.ru # NO_RESOLVE
gbuzkub.ru # NO_RESOLVE
gc.ecoacademiya.ru # NO_RESOLVE
gcm-ppro.com # NO_RESOLVE
gdekino.me # NO_RESOLVE
gdnb.rateru.ru # NO_RESOLVE
gdr-2023.forsunkahelp.ru # TOO_MANY_DIGITS (4)
gdzshka.com.ua # TLD_UA
gebroluxpro-engine.com # NO_RESOLVE
gecyxui7.ru # NO_RESOLVE
geely-novgorod.ru # NO_RESOLVE
gefest74.ru # NO_RESOLVE
geiminator.top # NO_RESOLVE
gel-ds-1.ru # NO_RESOLVE
gel-ds-34.ru # NO_RESOLVE
gel.gepatit-c-stop3.ru # NO_RESOLVE
geldekrosstech.com # NO_RESOLVE
gelendzhikpark.ru # NO_RESOLVE
gellios.ru # NO_RESOLVE
gelmetop.ltd # NO_RESOLVE
gelnogti.ru # NO_RESOLVE
gelo.herrutor.site # NO_RESOLVE
geminiglobals.com # NO_RESOLVE
geminiverse.org # NO_RESOLVE
gemly.at # NO_RESOLVE
genadi2000.blog.bg # TOO_MANY_DIGITS (4)
genbukan-aikido.ru # NO_RESOLVE
genderindex.org # NO_RESOLVE
genderz.org.ua # TLD_UA
general-175.31i.online # TOO_MANY_DIGITS (5)
general-208.323b.top # TOO_MANY_DIGITS (6)
generic24.ru # NO_RESOLVE
genericpills.ru # NO_RESOLVE
genesisminer.online # NO_RESOLVE
genet-konf.com # NO_RESOLVE
genius-tds.com # NO_RESOLVE
genix.digital # NO_RESOLVE
genuineinc.top # NO_RESOLVE
genumm.ru # NO_RESOLVE
geo-33.ru # NO_RESOLVE
geo-nazva.ru # NO_RESOLVE
geo-r.trkgo.co # NO_RESOLVE
geo.gob.bo # NO_RESOLVE
geoaston.ru # NO_RESOLVE
geocarta.ru # NO_RESOLVE
geonadoor.ru # NO_RESOLVE
georgebyron.ru # NO_RESOLVE
gepatit-c-stop2.ru # NO_RESOLVE
gepatit-c-stop24.ru # NO_RESOLVE
gepatit-c-stop3.ru # NO_RESOLVE
gepatit-stop-24-7.ru # NO_RESOLVE
gepatit-stop1.ru # NO_RESOLVE
gepatit-stop2.ru # NO_RESOLVE
gepatite.com # NO_RESOLVE
gerberg-kolomna.ru # NO_RESOLVE
gerionomy.com # NO_RESOLVE
germaxfin-software.com # NO_RESOLVE
germaxfin-system.com # NO_RESOLVE
geroi.biz # NO_RESOLVE
gerorua3.ru # NO_RESOLVE
gerus.com.ua # TLD_UA
get-it.io # NO_RESOLVE
get-mixed.online # NO_RESOLVE
get-mixed.ru # NO_RESOLVE
get2x.de # NO_RESOLVE
getbinster.ru # NO_RESOLVE
getfast.space # NO_RESOLVE
getfestify.com # NO_RESOLVE
getgolfball.ru # NO_RESOLVE
getgserwfwerg.pro # NO_RESOLVE
getkurs77.ru # NO_RESOLVE
getkursey.ru # NO_RESOLVE
getkursi.ru # NO_RESOLVE
getkurss.ru # NO_RESOLVE
getmaxlucks.com # NO_RESOLVE
getnipa.info # NO_RESOLVE
getsevich.ru # NO_RESOLVE
gettroi.com # NO_RESOLVE
getwayventures.com # NO_RESOLVE
gey-porno.art # NO_RESOLVE
gey-porno.cc # NO_RESOLVE
gey-porno.click # NO_RESOLVE
gezgala.org # NO_RESOLVE
gfc24.ru # NO_RESOLVE
gffinance.ru # NO_RESOLVE
gfilm.biz # NO_RESOLVE
gfitness.ru # NO_RESOLVE
gfvworldltd.com # NO_RESOLVE
gg-ted.com # NO_RESOLVE
gg.arj-indonesiagroup.com # NO_RESOLVE
gg.films-2024.club # TOO_MANY_DIGITS (4)
gg.gemly.shop # NO_RESOLVE
gg33.org # NO_RESOLVE
ggbet.ua # TLD_UA
ggbxltda.com # NO_RESOLVE
ggetkursey.ru # NO_RESOLVE
gglazboga.tech # NO_RESOLVE
ggokpkr11.ru # NO_RESOLVE
ggpht.com # NO_RESOLVE
ggrrandprogram.shop # NO_RESOLVE
ggrreaatcouurrse.shop # NO_RESOLVE
ghall.com.ua # TLD_UA
ghanabase.com # NO_RESOLVE
ghanacar24.com # NO_RESOLVE
ghanadrumschool.com # NO_RESOLVE
ghhffc7706s-8cheki.info # TOO_MANY_DIGITS (5)
ghoultoken.io # NO_RESOLVE
ghpurbzoldackcns.zp9o7fqxfv3m.lat # NO_RESOLVE
ghsmining.com # NO_RESOLVE
gi-solutions.cc # NO_RESOLVE
gianthub.online # NO_RESOLVE
gibddrf-xxiawlb.top # NO_RESOLVE
gibddrf-xximzbr.top # NO_RESOLVE
gibddrf-xxnryfz.top # NO_RESOLVE
gibddrf17.top # NO_RESOLVE
gibddrf18.top # NO_RESOLVE
gidcen.ru # NO_RESOLVE
gidonline-io.americanhorror.net # NO_RESOLVE
gidonline-io.avatarmovies.net # NO_RESOLVE
gidonline-io.cuevanamovies.net # NO_RESOLVE
gidonline-io.gospelfilms.net # NO_RESOLVE
gidonline-io.luciferfilms.net # NO_RESOLVE
gidonline-io.moviestube.org # NO_RESOLVE
gidonline-io.seriesonline.info # NO_RESOLVE
gidonline-io.tvonline2.info # NO_RESOLVE
gidonline-io.watchserieson.net # NO_RESOLVE
gidonline.biz # NO_RESOLVE
gidonline2.com # NO_RESOLVE
gidonline2.online # NO_RESOLVE
gidonlinee.fm # NO_RESOLVE
gidpola.ru # NO_RESOLVE
gidravlika-service.ru # NO_RESOLVE
gidroizolyacia-dv.ru # NO_RESOLVE
gifts-litvin.uaeaid.agency # NO_RESOLVE
gig-games.net # NO_RESOLVE
gig-games.ru # NO_RESOLVE
giga-porno.vip # NO_RESOLVE
gigfa.com # NO_RESOLVE
gihsedu.com # NO_RESOLVE
gim1597.ru # TOO_MANY_DIGITS (4)
gimn13.online # NO_RESOLVE
gimn25.ru # NO_RESOLVE
gimnasia-pushchino.online # NO_RESOLVE
gimnasia-pushchino.ru # NO_RESOLVE
gimnazicheskijvestnik.ru # NO_RESOLVE
gimnaziya-best.online # NO_RESOLVE
gimnplat.ru # NO_RESOLVE
gims-xxstzeg.top # NO_RESOLVE
gimscom.top # NO_RESOLVE
gimsdelaem.top # NO_RESOLVE
gimshelp.top # NO_RESOLVE
gimsmozet.top # NO_RESOLVE
gimspomozet.top # NO_RESOLVE
gimsrf-online-xxyhcwy.top # NO_RESOLVE
gimsudno.top # NO_RESOLVE
gimsydno.top # NO_RESOLVE
ginmed.ru # NO_RESOLVE
giorgiopizza.ru # NO_RESOLVE
giper-shop.su # NO_RESOLVE
gipotina.online # NO_RESOLVE
girlpornhd.com # NO_RESOLVE
girls.sex-pics.ru # NO_RESOLVE
girlsarefucking.com # NO_RESOLVE
girlshubx.cc # NO_RESOLVE
girlssevastopol.ru # NO_RESOLVE
gis-yug.ru # NO_RESOLVE
git-goovi.online # NO_RESOLVE
gita-cimef.online # NO_RESOLVE
gita-cimef.ru # NO_RESOLVE
gitaru.ru # NO_RESOLVE
gitelu.info # NO_RESOLVE
gitu.rare5884gifts.cfd # TOO_MANY_DIGITS (4)
givemoreprof1t.com # NO_RESOLVE
given-jut-su.ru # NO_RESOLVE
givenchy24.vip # NO_RESOLVE
givingnizhny.ru # NO_RESOLVE
gj.films-2024.club # TOO_MANY_DIGITS (4)
gjhjfgltdvip.com # NO_RESOLVE
gk-ath.ru # NO_RESOLVE
gk-azar.ru # NO_RESOLVE
gk-facade.ru # NO_RESOLVE
gk-kultura.ru # NO_RESOLVE
gk-press.if.ua # TLD_UA
gk52.ru # NO_RESOLVE
gkh-uytnoe.ru # NO_RESOLVE
gkmsoft.ru # NO_RESOLVE
gkra.at # NO_RESOLVE
gkspectr.ru # NO_RESOLVE
gkuyanaoiac.ru # NO_RESOLVE
gl.quizgen.com.ua # TLD_UA
glacetech.ru # NO_RESOLVE
gladiator164.ru # NO_RESOLVE
gladiators-etalon.space # NO_RESOLVE
gladiators-suba-etalon.space # NO_RESOLVE
glamur-dolls.com # NO_RESOLVE
glav.show # NO_RESOLVE
glavcom.ua # TLD_UA
glavmatures.com # NO_RESOLVE
glavnoe.dp.ua # TLD_UA
glavnoe.in.ua # TLD_UA
glavnoe.ua # TLD_UA
glavpost.ua # TLD_UA
glavpravda.com # NO_RESOLVE
glaz----boga.com # NO_RESOLVE
glaz-boga-info.com # NO_RESOLVE
glaz-boga-telegram.com # NO_RESOLVE
glaz-boga-tg-bot.com # NO_RESOLVE
glaz-boga.cloud # NO_RESOLVE
glaz-boga.club # NO_RESOLVE
glaz-boga.pro # NO_RESOLVE
glaz-boga.us # NO_RESOLVE
glaz.live # NO_RESOLVE
glazaboga.ru # NO_RESOLVE
glazboga.help # NO_RESOLVE
glazboga.online # NO_RESOLVE
glazboga.top # NO_RESOLVE
glazboga2025.online # TOO_MANY_DIGITS (4)
glazboga2025.org # TOO_MANY_DIGITS (4)
glazbogainfo.me # NO_RESOLVE
glazboganew.ru # NO_RESOLVE
glazbogat.ru # NO_RESOLVE
glazbogaz.site # NO_RESOLVE
glazbogg.ru # NO_RESOLVE
glazzbogatg.click # NO_RESOLVE
glblmrktsic.com # NO_RESOLVE
gleamera.digital # NO_RESOLVE
glencore-finances.pro # NO_RESOLVE
glfoot.ru # NO_RESOLVE
glidefinanceallianceltd.com # NO_RESOLVE
glinkacompetition2019.ru # TOO_MANY_DIGITS (4)
glinkln.space # NO_RESOLVE
gllazb.me # NO_RESOLVE
glnkn.site # NO_RESOLVE
glob-alliance.site # NO_RESOLVE
globabasekryptominer.com # NO_RESOLVE
globassetsandassoc.com # NO_RESOLVE
globaxweb.biz # NO_RESOLVE
globeearntech.pro # NO_RESOLVE
globergy.eu # NO_RESOLVE
globexcorporationlimited.com # NO_RESOLVE
globextradngs.com # NO_RESOLVE
globi-trans.com # NO_RESOLVE
globoscope.ru # NO_RESOLVE
glocrypt.org # NO_RESOLVE
glokurs.ru # NO_RESOLVE
glorrytrrusst.shop # NO_RESOLVE
glorycazz.com # NO_RESOLVE
gloryccaznew.com # NO_RESOLVE
glowenityx.com # NO_RESOLVE
glowestica.com # NO_RESOLVE
glukoza.biz.24rc.lol # NO_RESOLVE
glukoza.gl # NO_RESOLVE
glynleagrace.com # NO_RESOLVE
gminerlimited.com # NO_RESOLVE
gmsdeluxeonline.pro # NO_RESOLVE
gmsdeluxeonline.ru # NO_RESOLVE
gmsl0ts.info # NO_RESOLVE
gmxservice.com # NO_RESOLVE
gnbsklad.ru # NO_RESOLVE
gnezdovo-school.ru # NO_RESOLVE
gnomers.biz # NO_RESOLVE
gntlmn.top # NO_RESOLVE
gnu.rep.kp # NO_RESOLVE
go-siterusgaz.xyz # NO_RESOLVE
go.4ertic.com # NO_RESOLVE
go.ceaconvor.cc # NO_RESOLVE
go.filmshd.top # NO_RESOLVE
go.filmy2024.co # TOO_MANY_DIGITS (4)
go.malosolka.ws # NO_RESOLVE
go.pimp36.biz # NO_RESOLVE
go1.ekz.com.kz # NO_RESOLVE
go61.indiasofosbuvir.com # NO_RESOLVE
goalbridge.org # NO_RESOLVE
goalhd.net # NO_RESOLVE
goalup.live # NO_RESOLVE
goblinworkshops.ru # NO_RESOLVE
goblinx.site # NO_RESOLVE
goblinx.space # NO_RESOLVE
goblinx.top # NO_RESOLVE
gockadastr.su # NO_RESOLVE
god.filmy2024.co # TOO_MANY_DIGITS (4)
godofpoints.net # NO_RESOLVE
goelro-energo.ru # NO_RESOLVE
goforwardy.icu # NO_RESOLVE
gog.com.ua # TLD_UA
gogolab.org # NO_RESOLVE
gogoltrain.art # NO_RESOLVE
goguk.ru # NO_RESOLVE
gojt.buzz # NO_RESOLVE
gojt.pics # NO_RESOLVE
gojt.top # NO_RESOLVE
gojtn.click # NO_RESOLVE
gojtn.lol # NO_RESOLVE
gojtn.my # NO_RESOLVE
gojtnshut.buzz # NO_RESOLVE
gojtnsloop.beauty # NO_RESOLVE
gojtnsmoon.click # NO_RESOLVE
gojtnsspace.top # NO_RESOLVE
gojtnssun.buzz # NO_RESOLVE
gokiwea8.ru # NO_RESOLVE
gol.24video.one # NO_RESOLVE
golato.tv # NO_RESOLVE
golem.herrutor.site # NO_RESOLVE
golfareo.ru # NO_RESOLVE
golfstatslive.com # NO_RESOLVE
goliedevki.top # NO_RESOLVE
golinkpu.com # NO_RESOLVE
golivetv.at.ua # TLD_UA
goljano.com # NO_RESOLVE
golmaster.online # NO_RESOLVE
golmaster.xyz # NO_RESOLVE
golos.com.ua # TLD_UA
golos.ua # TLD_UA
golos.zp.ua # TLD_UA
golosinfo.com.ua # TLD_UA
golpas1.com # NO_RESOLVE
golubaya-volna.com.ua # TLD_UA
golyedevki.xyz # NO_RESOLVE
gomake.ru # NO_RESOLVE
gomakemelucks.com # NO_RESOLVE
gomakete.com # NO_RESOLVE
gomosek.cc # NO_RESOLVE
gomosek.vip # NO_RESOLVE
gon-best.ru # NO_RESOLVE
goninja.ru # NO_RESOLVE
goniver.info # NO_RESOLVE
gono4ki-yulia.space # NO_RESOLVE
gonzo2000.com # TOO_MANY_DIGITS (4)
gonzos-quest.ru # NO_RESOLVE
goo.top-sofosbuvir1.ru # NO_RESOLVE
good-guide.ru # NO_RESOLVE
good-plus.ru # NO_RESOLVE
good-shop.pro # NO_RESOLVE
good-zona.online # NO_RESOLVE
good.filmshd.top # NO_RESOLVE
goodbotnew.xyz # NO_RESOLVE
goodfilms.su # NO_RESOLVE
goodluckclusterbuster.top # NO_RESOLVE
goodmagic.art # NO_RESOLVE
goodmagic.info # NO_RESOLVE
goodmagic.live # NO_RESOLVE
goodnews.ua # TLD_UA
goodnews.volyn.ua # TLD_UA
goodogapp.ru # NO_RESOLVE
goodsnus.com.ua # TLD_UA
goodsnus.in.ua # TLD_UA
goodspice.online # NO_RESOLVE
googlestatic.servehttp.com # NO_RESOLVE
gool-live.at.ua # TLD_UA
goolingoo.mn # NO_RESOLVE
gooo4wiiin-amp001.ru # TOO_MANY_DIGITS (4)
goooool.org # NO_RESOLVE
goori-kip.online # NO_RESOLVE
goori-kip.ru # NO_RESOLVE
goosevpn.biz # NO_RESOLVE
goosevpn.ltd # NO_RESOLVE
goosevpn.pro # NO_RESOLVE
gopro-video.ru # NO_RESOLVE
gor24.com # NO_RESOLVE
gordeeff.ru # NO_RESOLVE
gordianscorporate.com # NO_RESOLVE
gordonshop.com.ua # TLD_UA
gorgona.io # NO_RESOLVE
gorilla.ua # TLD_UA
gorin-group.ru # NO_RESOLVE
gorin31.ru # NO_RESOLVE
gorizont2025.ru # TOO_MANY_DIGITS (4)
gorky-mosokna.ru # NO_RESOLVE
gorlive.website # NO_RESOLVE
gorlovka.ua # TLD_UA
gorn96.ru # NO_RESOLVE
gornichnaja-2025.lopdfilm.ru # TOO_MANY_DIGITS (4)
gornozavodsk.school46kld.online # NO_RESOLVE
gorobesh.ru # NO_RESOLVE
gorod-27.ru # NO_RESOLVE
gorod-nk.ru # NO_RESOLVE
gorod-vlesu.ru # NO_RESOLVE
gorod.sumy.ua # TLD_UA
gorozhanin.com.ua # TLD_UA
gorsovet.com.ua # TLD_UA
gortexx.com # NO_RESOLVE
gos-egrn.ru # NO_RESOLVE
gosduma-2021.com # TOO_MANY_DIGITS (4)
gosel.info # NO_RESOLVE
gosite.store # NO_RESOLVE
gosliv.net # NO_RESOLVE
gospodin-matras.ru # NO_RESOLVE
gost24-dnzb.biz99.xyz # TOO_MANY_DIGITS (4)
gostabac.org # NO_RESOLVE
gostehdoc.top # NO_RESOLVE
gostehnadzor.top # NO_RESOLVE
gostracker.xyz # NO_RESOLVE
goswapp.io # NO_RESOLVE
gotomedia.ru # NO_RESOLVE
gotomyluck.com # NO_RESOLVE
gotoshop.ua # TLD_UA
gottlieb-shoes.ru # NO_RESOLVE
goturkistan.com # NO_RESOLVE
gou1775.ru # TOO_MANY_DIGITS (4)
gou1889.ru # TOO_MANY_DIGITS (4)
govitalbase-app.com # NO_RESOLVE
govpered.org.ua # TLD_UA
gowotvy.glutaph.xyz # NO_RESOLVE
goxiqyo3.ru # NO_RESOLVE
gp-kaluga.ru # NO_RESOLVE
gp-motor.ru # NO_RESOLVE
gp2.wornebomesten.space # NO_RESOLVE
gpb-1donetsk.ru # NO_RESOLVE
gpshop.cc # NO_RESOLVE
gpt-3v-adipex-app.com # NO_RESOLVE
gpt-500alora-system.com # NO_RESOLVE
gpt-7000eurax.com # TOO_MANY_DIGITS (4)
gpt-8-iplex-platform.com # NO_RESOLVE
gpt-lisprosystem.com # NO_RESOLVE
gpt-tradingsolution.com # NO_RESOLVE
gpt.grandd.xyz # NO_RESOLVE
gpt3vadiplex.com # NO_RESOLVE
gpt4aplus.com # NO_RESOLVE
gpt6000adipexsolution.com # TOO_MANY_DIGITS (4)
gpt7000-eurax.com # TOO_MANY_DIGITS (4)
gpt7aplus.com # NO_RESOLVE
gpt9aplus.com # NO_RESOLVE
gpt9vadipex.net # NO_RESOLVE
gptaloraai-software.com # NO_RESOLVE
gptcointralabs-tech.com # NO_RESOLVE
gpteurax9000.com # TOO_MANY_DIGITS (4)
gptseguroapp.net # NO_RESOLVE
gptx9eurax.org # NO_RESOLVE
gr-center.ru # NO_RESOLVE
gr-development.ru # NO_RESOLVE
gradus-24-7-krasnoyarsk.online # NO_RESOLVE
gradus-24-7-krasnoyarsk.ru # NO_RESOLVE
gradus-24-7-omsk.online # NO_RESOLVE
gradus-24-7-omsk.ru # NO_RESOLVE
gradus-24-7-samara.online # NO_RESOLVE
gradus-24-7-sochi.online # NO_RESOLVE
gradus-24-7-spb.online # NO_RESOLVE
gradus-24-7-spb.ru # NO_RESOLVE
gradus-24-7-volgograd.ru # NO_RESOLVE
gradus-247-74.online # TOO_MANY_DIGITS (5)
gradus-247-74.ru # TOO_MANY_DIGITS (5)
gradus-247-kaliningrad.online # NO_RESOLVE
gradus-247-kaliningrad.ru # NO_RESOLVE
gradus-247-moskva.online # NO_RESOLVE
gradus-247-moskva.ru # NO_RESOLVE
gradus-247-nn.online # NO_RESOLVE
gradus-247-nn.ru # NO_RESOLVE
gradus-247-omsk.online # NO_RESOLVE
gradus-247-omsk.ru # NO_RESOLVE
gradus-247-perm.online # NO_RESOLVE
gradus-247-perm.ru # NO_RESOLVE
gradus-247-saratov.online # NO_RESOLVE
gradus-247-saratov.ru # NO_RESOLVE
gradus-247-ufa.online # NO_RESOLVE
gradus-247-voronezh.online # NO_RESOLVE
gradus-247-voronezh.ru # NO_RESOLVE
gradus1-247-74.online # TOO_MANY_DIGITS (6)
gradus1-247-74.ru # TOO_MANY_DIGITS (6)
gradus1-247-kaliningrad.online # TOO_MANY_DIGITS (4)
gradus1-247-kaliningrad.ru # TOO_MANY_DIGITS (4)
gradus1-247-kazan.online # TOO_MANY_DIGITS (4)
gradus1-247-kazan.ru # TOO_MANY_DIGITS (4)
gradus1-247-krasnoyarsk.online # TOO_MANY_DIGITS (4)
gradus1-247-krasnoyarsk.ru # TOO_MANY_DIGITS (4)
gradus1-247-murmansk.ru # TOO_MANY_DIGITS (4)
gradus1-247-nn.online # TOO_MANY_DIGITS (4)
gradus1-247-nn.ru # TOO_MANY_DIGITS (4)
gradus1-247-novosibirsk.online # TOO_MANY_DIGITS (4)
gradus1-247-novosibirsk.ru # TOO_MANY_DIGITS (4)
gradus1-247-omsk.online # TOO_MANY_DIGITS (4)
gradus1-247-perm.ru # TOO_MANY_DIGITS (4)
gradus1-247-samara.ru # TOO_MANY_DIGITS (4)
gradus1-247-saratov.online # TOO_MANY_DIGITS (4)
gradus1-247-saratov.ru # TOO_MANY_DIGITS (4)
gradus1-247-sochi.online # TOO_MANY_DIGITS (4)
gradus1-247-spb.ru # TOO_MANY_DIGITS (4)
gradus1-247-surgut.online # TOO_MANY_DIGITS (4)
gradus1-247-surgut.ru # TOO_MANY_DIGITS (4)
gradus1-247-ufa.online # TOO_MANY_DIGITS (4)
gradus1-247-ufa.ru # TOO_MANY_DIGITS (4)
gradus1-247-voronezh.online # TOO_MANY_DIGITS (4)
gradus1-247-voronezh.ru # TOO_MANY_DIGITS (4)
gradus2-247-74.ru # TOO_MANY_DIGITS (6)
gradus2-247-kaliningrad.online # TOO_MANY_DIGITS (4)
gradus2-247-kaliningrad.ru # TOO_MANY_DIGITS (4)
gradus2-247-krasnoyarsk.online # TOO_MANY_DIGITS (4)
gradus2-247-krasnoyarsk.ru # TOO_MANY_DIGITS (4)
gradus2-247-moskva.online # TOO_MANY_DIGITS (4)
gradus2-247-moskva.ru # TOO_MANY_DIGITS (4)
gradus2-247-perm.ru # TOO_MANY_DIGITS (4)
gradus2-247-saratov.online # TOO_MANY_DIGITS (4)
gradus2-247-surgut.online # TOO_MANY_DIGITS (4)
gradus247-novosibirsk.online # NO_RESOLVE
gradus247-novosibirsk.ru # NO_RESOLVE
gradus247-perm.online # NO_RESOLVE
gradus247-perm.ru # NO_RESOLVE
gradus31oskol.ru # NO_RESOLVE
gradus40krasnodar.ru # NO_RESOLVE
graduss24-krd.ru # NO_RESOLVE
grafinnaphoto.ru # NO_RESOLVE
grafstici.pro # NO_RESOLVE
gramcorepro.com # NO_RESOLVE
graminrajasthan.com # NO_RESOLVE
granacuerdovenezuela.com # NO_RESOLVE
granica-mirov.net # NO_RESOLVE
granimator-engine.com # NO_RESOLVE
granitepointivcc.com # NO_RESOLVE
grantassetfundbots.com # NO_RESOLVE
granulla.site # NO_RESOLVE
gravity-folz.ru # NO_RESOLVE
graxic.com # NO_RESOLVE
grayassets.org # NO_RESOLVE
grclip.com # NO_RESOLVE
great-asia.ru # NO_RESOLVE
greatbookofmagic.top # NO_RESOLVE
greatbookofmagicdeluxe.top # NO_RESOLVE
greatbuffalo.top # NO_RESOLVE
greaterststephenfgbc.org # NO_RESOLVE
greatmodel.ru # NO_RESOLVE
greco-paradise.ru # NO_RESOLVE
green-ray.site # NO_RESOLVE
green-ray.space # NO_RESOLVE
green-ray2.space # NO_RESOLVE
greenachivers.com # NO_RESOLVE
greencitymed.ru # NO_RESOLVE
greendesigns.ru # NO_RESOLVE
greenhattale.top # NO_RESOLVE
greenhvac.ru # NO_RESOLVE
greeniva.digital # NO_RESOLVE
greenland-elplast.ru # NO_RESOLVE
greenmoon.top # NO_RESOLVE
greenpasturetrading.com # NO_RESOLVE
greenpost.ua # TLD_UA
greenpower.in.ua # TLD_UA
greenpowers.info # NO_RESOLVE
greenpt.org # NO_RESOLVE
greenranddam.com # NO_RESOLVE
greenrust.ru # NO_RESOLVE
greenvtoreco.ru # NO_RESOLVE
greenwavecandles.online # NO_RESOLVE
gri.top-sofosbuvir1.ru # NO_RESOLVE
gridbookxp.online # NO_RESOLVE
gridmining.org # NO_RESOLVE
gridnest.icu # NO_RESOLVE
grillcleaningbrush.com # NO_RESOLVE
gringarden.ru # NO_RESOLVE
grivanhub.info # NO_RESOLVE
grivna.ua # TLD_UA
grizzly-15.silver-mob60.ru # TOO_MANY_DIGITS (4)
grizzly.1587.buzz # TOO_MANY_DIGITS (4)
grm43.ru # NO_RESOLVE
grmetod.ru # NO_RESOLVE
grobenextapro-platform.com # NO_RESOLVE
grobenextaproplatform.com # NO_RESOLVE
gromoboy.fun # NO_RESOLVE
grooming58.ru # NO_RESOLVE
grooowerz.autos # NO_RESOLVE
grosi.znaj.ua # TLD_UA
groskhold.ru # NO_RESOLVE
grossbeer.ru # NO_RESOLVE
groupmaxoption.live # NO_RESOLVE
groupmfs.ru # NO_RESOLVE
groupmnextm.ru # NO_RESOLVE
groups.msn.com # NO_RESOLVE
groupsex.pics # NO_RESOLVE
groupsex.pro # NO_RESOLVE
grow-ing.net # NO_RESOLVE
grow.in.ua # TLD_UA
growbitsminer.org # NO_RESOLVE
growenovaaa.com # NO_RESOLVE
growersagriptelimited.com # NO_RESOLVE
growmarts.com # NO_RESOLVE
growminance.com # NO_RESOLVE
growslimited.org # NO_RESOLVE
growthapp.ai # NO_RESOLVE
growvision.icu # NO_RESOLVE
grrowerz.boats # NO_RESOLVE
grstepanovskiydou.ru # NO_RESOLVE
gruppa-lits.ru # NO_RESOLVE
gruzam.ru # NO_RESOLVE
gruzevak59.ru # NO_RESOLVE
gruzfurgon63.ru # NO_RESOLVE
gruztec.ru # NO_RESOLVE
grxton.live # NO_RESOLVE
gryni-ora.world # NO_RESOLVE
gryphonscastlerush25.top # NO_RESOLVE
gserwfwerghub.pro # NO_RESOLVE
gserwfwerglabs.pro # NO_RESOLVE
gsminfo.com.ua # TLD_UA
gt-globalmarketing.com # NO_RESOLVE
gt-time.ru # NO_RESOLVE
gt4news.ru # NO_RESOLVE
gta-live.ru # NO_RESOLVE
gtc69.top # NO_RESOLVE
gtf.su # NO_RESOLVE
gtk-school.ru # NO_RESOLVE
gtkleasing.ru # NO_RESOLVE
gtrf-ra.ru # NO_RESOLVE
gtu-service.ru # NO_RESOLVE
guangzhouoptom.ru # NO_RESOLVE
guarana.in.ua # TLD_UA
guaranty-ventures.com # NO_RESOLVE
guardian-omsk.ru # NO_RESOLVE
guardian16.ru # NO_RESOLVE
guardiansofluxor.top # NO_RESOLVE
guardiansofluxor2.top # NO_RESOLVE
guerlain-parfum.ru # NO_RESOLVE
gugps.online # NO_RESOLVE
gugps.ru # NO_RESOLVE
guinness-records.me # NO_RESOLVE
guisesofdracula.top # NO_RESOLVE
guk1.ru # NO_RESOLVE
guljan.org # NO_RESOLVE
gunboyugazetesi.com.tr # NO_RESOLVE
gunsanddragons.top # NO_RESOLVE
gup-nasledie.online # NO_RESOLVE
gup-nasledie.ru # NO_RESOLVE
gupdnrlc.ru # NO_RESOLVE
gur.gov.ua # TLD_UA
guropt.ru # NO_RESOLVE
guru.ua # TLD_UA
gus-hrustalnii.okshim.online # NO_RESOLVE
gus-hrustalnii.school46kld.online # NO_RESOLVE
guscrystal.com # NO_RESOLVE
gusdgb.ru # NO_RESOLVE
gusev-museum.online # NO_RESOLVE
gusev.mtsrkbr.org.ru # NO_RESOLVE
gusev.okshim.online # NO_RESOLVE
gusinoozersk.okshim.online # NO_RESOLVE
gustavrussia.ru # NO_RESOLVE
guz-kkdb.ru # NO_RESOLVE
guzgb6.ru # NO_RESOLVE
gvt1.com # NO_RESOLVE
gym1530.ru # TOO_MANY_DIGITS (4)
gym1538.ru # TOO_MANY_DIGITS (4)
gymn1-sochi.ru # NO_RESOLVE
gymnasium1515.ru # TOO_MANY_DIGITS (4)
gyoza-yatai.com # NO_RESOLVE
gyqadoy4.ru # NO_RESOLVE
gyqyryy4.ru # NO_RESOLVE
gyrfalconvpn.help # NO_RESOLVE
gz.poroshenko.org # NO_RESOLVE
gzmacau.com # NO_RESOLVE
gzpop-fe09.com # NO_RESOLVE
gzpop-fe12.com # NO_RESOLVE
gzprm-invsoto.com # NO_RESOLVE
gzprm-invstru.com # NO_RESOLVE
gzpt.com.ua # TLD_UA
h-a-2-teslacoin-ru.web.app # NO_RESOLVE
h-a-teslacoin-ru-2.firebaseapp.com # NO_RESOLVE
h-msk.ru # NO_RESOLVE
h.filmqwq.online # NO_RESOLVE
h.parkerlabs.tech # NO_RESOLVE
h.protorrent.fun # NO_RESOLVE
h.seriyahd.cyou # NO_RESOLVE
h.stopfilms.info # NO_RESOLVE
h.transy-msk.xyz # NO_RESOLVE
habapt.ru # NO_RESOLVE
haberler.gen.al # NO_RESOLVE
hackercat.ru # NO_RESOLVE
hackotroon.ru # NO_RESOLVE
hackotroon2.ru # NO_RESOLVE
hacktougroup.ru # NO_RESOLVE
hackzone.pro # NO_RESOLVE
hafizagazetesi.com # NO_RESOLVE
hahealthstore.com # NO_RESOLVE
hai-nyzhnyk.in.ua # TLD_UA
hairstor.ru # NO_RESOLVE
hairybeautypics.com # NO_RESOLVE
hairypussymilf.com # NO_RESOLVE
hairypussypix.com # NO_RESOLVE
halal-spots.world # NO_RESOLVE
hall-games.com # NO_RESOLVE
halvixen-app.com # NO_RESOLVE
halyq-uni.kz # NO_RESOLVE
hamkhone.ir # NO_RESOLVE
hammergods.top # NO_RESOLVE
hamon-nadom.ru # NO_RESOLVE
hamster-game.fun # NO_RESOLVE
handler-ulyanova.ru # NO_RESOLVE
handofmidas2game.top # NO_RESOLVE
hanhikivi.net # NO_RESOLVE
hanimey.ru # NO_RESOLVE
hansaproject.ru # NO_RESOLVE
hantrayzen.pro # NO_RESOLVE
happ-client.help # NO_RESOLVE
happ-instal.ru # NO_RESOLVE
happ-install.ru # NO_RESOLVE
happ-keys.ru # NO_RESOLVE
happ-vpn.biz # NO_RESOLVE
happ-vpn.help # NO_RESOLVE
happ-vpn.net # NO_RESOLVE
happ.moscow # NO_RESOLVE
happ.pp.ru # NO_RESOLVE
happvpn.help # NO_RESOLVE
happvpn.info # NO_RESOLVE
happvps.online # NO_RESOLVE
happy-galla.ru # NO_RESOLVE
happy-moments.kiev.ua # TLD_UA
happy24.org # NO_RESOLVE
happych.ru # NO_RESOLVE
happynewyears2026.ru # TOO_MANY_DIGITS (4)
har-quliz.world # NO_RESOLVE
hardboyanal.cc # NO_RESOLVE
hardcore25.biz # NO_RESOLVE
hardmalexxx.cc # NO_RESOLVE
harekrishna.org.ua # TLD_UA
harlex.pro # NO_RESOLVE
harmonmkt.org # NO_RESOLVE
harmonworldshares.com # NO_RESOLVE
harmonybitspire-app.net # NO_RESOLVE
harperstips.com # NO_RESOLVE
harquliz.pro # NO_RESOLVE
harry-potter-game.online # NO_RESOLVE
harry18.cc # NO_RESOLVE
harry19.com # NO_RESOLVE
harvestwilds.top # NO_RESOLVE
hasatoday.com # NO_RESOLVE
hashinglimited.com # NO_RESOLVE
hashmarktrading.com # NO_RESOLVE
hashora.site # NO_RESOLVE
hashora.top # NO_RESOLVE
hashvests.com # NO_RESOLVE
hashvistahub.com # NO_RESOLVE
hasker-kashemir.ru # NO_RESOLVE
hatria.com.ua # TLD_UA
hatsislam.com # NO_RESOLVE
hauntedwalker.top # NO_RESOLVE
haval-service-ekb.ru # NO_RESOLVE
havestuff.online # NO_RESOLVE
havestuff.ru # NO_RESOLVE
hawaiiannight.top # NO_RESOLVE
hazbinhotel.fans # NO_RESOLVE
hc-markets.com # NO_RESOLVE
hc3zsg.rateru.ru # NO_RESOLVE
hcahruwawvsmkpkf.g2jweym2z70h.live # TOO_MANY_DIGITS (4)
hd-1.myvibox.site # NO_RESOLVE
hd-1.videobox.cx # NO_RESOLVE
hd-2.videobox.cx # NO_RESOLVE
hd-3.videobox.cx # NO_RESOLVE
hd-film.co # NO_RESOLVE
hd-film.website # NO_RESOLVE
hd-limehd.smotrim1080.biz # TOO_MANY_DIGITS (4)
hd-seven.online # NO_RESOLVE
hd-smotri.club # NO_RESOLVE
hd.all-make.online # NO_RESOLVE
hd.coocha.me # NO_RESOLVE
hd.film-2022.net # TOO_MANY_DIGITS (4)
hd.filmi-novinki.mom # NO_RESOLVE
hd.films-2024.club # TOO_MANY_DIGITS (4)
hd.filmshd.top # NO_RESOLVE
hd.filmy-2025.vip # TOO_MANY_DIGITS (4)
hd.garilla.help # NO_RESOLVE
hd.gutvideo.online # NO_RESOLVE
hd.hdlavaseria.site # NO_RESOLVE
hd.incinema.fun # NO_RESOLVE
hd.movielabz.cam # NO_RESOLVE
hd.novibox.fun # NO_RESOLVE
hd.rutvshow.online # NO_RESOLVE
hd.rutvshow.ru # NO_RESOLVE
hd.seriyahd.cyou # NO_RESOLVE
hd.telohranitelil2025.online # TOO_MANY_DIGITS (4)
hd.video-box.mom # NO_RESOLVE
hdbbwporn.com # NO_RESOLVE
hdf-finance.com # NO_RESOLVE
hdfoto.co # NO_RESOLVE
hdkinolife.online # NO_RESOLVE
hdkinolife.space # NO_RESOLVE
hdkinolife.store # NO_RESOLVE
hdonlineru.fun # NO_RESOLVE
hdpoisk.icu # NO_RESOLVE
hdreactor.info # NO_RESOLVE
hdrez.net # NO_RESOLVE
hdrusporno.com # NO_RESOLVE
hdsaga.online # NO_RESOLVE
hdseria.cam # NO_RESOLVE
hdseria.rest # NO_RESOLVE
hdtoday.tv # NO_RESOLVE
hdvidon.store # NO_RESOLVE
healingpandemic.click # NO_RESOLVE
healthright.org.ua # TLD_UA
heaneywatson.com # NO_RESOLVE
heart2heart.com # NO_RESOLVE
hearthstone-game.site # NO_RESOLVE
hearthstone-game.top # NO_RESOLVE
heartlandholdingltd.com # NO_RESOLVE
heartofcleopatragame.top # NO_RESOLVE
heartsdesire.top # NO_RESOLVE
hecan-duit.ltd # NO_RESOLVE
heethealth.gepatit-stop2.ru # NO_RESOLVE
heforshecongress2019.com.ua # TLD_UA
heheyang.top # NO_RESOLVE
heimporno.com # NO_RESOLVE
hejtstop.pl # NO_RESOLVE
hekaheka.com # NO_RESOLVE
hekucue4.ru # NO_RESOLVE
helderfinoble.com # NO_RESOLVE
helencreator.ru # NO_RESOLVE
helenmartin.ru # NO_RESOLVE
heli-nord.ru # NO_RESOLVE
hellcatraz.top # NO_RESOLVE
hellobitcom.net # NO_RESOLVE
hellobro.cc # NO_RESOLVE
hellopapa46.ru # NO_RESOLVE
hellsinggame.top # NO_RESOLVE
helobro.cc # NO_RESOLVE
help-army.org.ua # TLD_UA
help-candidates.com.ua # TLD_UA
help-docs.ru # NO_RESOLVE
help-good.ru # NO_RESOLVE
help-head.ru # NO_RESOLVE
helpbusinessman.ru # NO_RESOLVE
helpdok.ru # NO_RESOLVE
helpfi.me # NO_RESOLVE
helpharvest.net # NO_RESOLVE
helpmarmot.ru # NO_RESOLVE
helpmyscores.com # NO_RESOLVE
helpvolunteer.com.ua # TLD_UA
helpzz.ru # NO_RESOLVE
helsinki.org.ua # TLD_UA
hemel-finvex-app.com # NO_RESOLVE
hemis-furniture.ru # NO_RESOLVE
henbbo.io # NO_RESOLVE
hentai-top100.supertop-100.com # TOO_MANY_DIGITS (6)
hentai.as # NO_RESOLVE
hentaitruyenvn.net # NO_RESOLVE
hepilui6.ru # NO_RESOLVE
heraldizando.com # NO_RESOLVE
heretojo.com # NO_RESOLVE
heritagewealth.vip # NO_RESOLVE
heroesdragons.top # NO_RESOLVE
heroesoffuture.ru # NO_RESOLVE
heroinstop.online # NO_RESOLVE
heronet.work # NO_RESOLVE
heronets.info # NO_RESOLVE
heroy-vpn.com # NO_RESOLVE
herto.info # NO_RESOLVE
hesgoals.top # NO_RESOLVE
hetger.ru # NO_RESOLVE
hetoriop.pro # NO_RESOLVE
hevulk373fa.xyz # NO_RESOLVE
hewbis.com # NO_RESOLVE
hex-bugs.ru # NO_RESOLVE
hexa24xchange.com # NO_RESOLVE
hexter.ru # NO_RESOLVE
hg.lscdfilm.buzz # NO_RESOLVE
hgozt.org # NO_RESOLVE
hh.films-2024.club # TOO_MANY_DIGITS (4)
hi.dn.ua # TLD_UA
hianime.ac # NO_RESOLVE
hib.india-helps24.ru # NO_RESOLVE
hiddify-key.com # NO_RESOLVE
hiddify.club # NO_RESOLVE
hiddifyvpn.mom # NO_RESOLVE
hide-hide.ru # NO_RESOLVE
hideby.name # NO_RESOLVE
hideme.be # NO_RESOLVE
hidemega.com # NO_RESOLVE
hideone.name # NO_RESOLVE
hideself.io # NO_RESOLVE
hidexh.name # NO_RESOLVE
hidexk.name # NO_RESOLVE
hifc.ir # NO_RESOLVE
high-gains.online # NO_RESOLVE
highlandschainix-engine.com # NO_RESOLVE
highlightit.digital # NO_RESOLVE
highwaytohelldeluxe.top # NO_RESOLVE
hijabi.net # NO_RESOLVE
hike.in.ua # TLD_UA
hilixya6.ru # NO_RESOLVE
hill8hotel.ru # NO_RESOLVE
hillform.icu # NO_RESOLVE
hillique.digital # NO_RESOLVE
hillsholdingslimited.org # NO_RESOLVE
himchistka-parus.ru # NO_RESOLVE
himchistka-raduga.ru # NO_RESOLVE
himki-grand100.ru # NO_RESOLVE
himki-remont-kvartir.ru # NO_RESOLVE
himki.amaol.online # NO_RESOLVE
himmag-spb.ru # NO_RESOLVE
himruscenter.ru # NO_RESOLVE
hintfilmi.net # NO_RESOLVE
hipagya6.ru # NO_RESOLVE
hiphap24.biz # NO_RESOLVE
hipolink.ru # NO_RESOLVE
hippiedays.top # NO_RESOLVE
hippo-coin.com # NO_RESOLVE
hiqdy.com # NO_RESOLVE
hiro2ki.blog55.fc2.com # TOO_MANY_DIGITS (4)
hischnik-missija-osiris-2025.jut-su1.art # TOO_MANY_DIGITS (5)
hischnik-missija-osiris-2025.swezhak.su # TOO_MANY_DIGITS (4)
histmoscow.ru # NO_RESOLVE
hit24.group # NO_RESOLVE
hitek-style.ru # NO_RESOLVE
hitmed.gepatit-c-stop3.ru # NO_RESOLVE
hitmo.vip # NO_RESOLVE
hitmos.ru # NO_RESOLVE
hitsaber.top # NO_RESOLVE
hitsmusic.net # NO_RESOLVE
hitthediamond.top # NO_RESOLVE
hitvpn.mom # NO_RESOLVE
hivsti.com # NO_RESOLVE
hizb.org.ua # TLD_UA
hjv.gepatit-stop3.ru # NO_RESOLVE
hkbayouthcenter.org.hk # NO_RESOLVE
hkra.at # NO_RESOLVE
hkrn.at # NO_RESOLVE
hlebsol.biz # NO_RESOLVE
hlebzawod.com # NO_RESOLVE
hm.gamemik.ru # NO_RESOLVE
hmarochos.kiev.ua # TLD_UA
hmbmb2w987.execute-api.eu-central-1.amazonaws.com # TOO_MANY_DIGITS (5)
hmeli-pelmeni.ru # NO_RESOLVE
hn2063.craftum.io # TOO_MANY_DIGITS (4)
hncdrycleaners.com # NO_RESOLVE
ho4u-zit.fun # NO_RESOLVE
hobbyaktiv.ru # NO_RESOLVE
hobbykzn.ru # NO_RESOLVE
hobocie.online # NO_RESOLVE
hoch15zhit.space # NO_RESOLVE
hoche.com.ua # TLD_UA
hochu.ua # TLD_UA
hochuzhits.com # NO_RESOLVE
hockeybayraktar.com # NO_RESOLVE
hodjachie-mertvecy-djeril-dikson-m2.swezhak-2025.art # TOO_MANY_DIGITS (5)
hodloptiongloba.live # NO_RESOLVE
hodoki.cc # NO_RESOLVE
hodyachie-mertvecy.top # NO_RESOLVE
hog-fundrelix-app.com # NO_RESOLVE
hogwarts-conf.ru # NO_RESOLVE
hohohogame.top # NO_RESOLVE
hokevee5.ru # NO_RESOLVE
holakoueearchive.co # NO_RESOLVE
holding-solution.net # NO_RESOLVE
holdonecho.life # NO_RESOLVE
holdonecho.online # NO_RESOLVE
holdonecho.site # NO_RESOLVE
holdonecho.xyz # NO_RESOLVE
holdonmirror.online # NO_RESOLVE
holidaygroupvl.ru # NO_RESOLVE
holmes03.com # NO_RESOLVE
holmogori.ru # NO_RESOLVE
holmschool.ru # NO_RESOLVE
holodomormuseum.org.ua # TLD_UA
holopvek.online # NO_RESOLVE
holtixbitplus.live # NO_RESOLVE
holyprint.ru # NO_RESOLVE
hombrow.com # NO_RESOLVE
homedes.top # NO_RESOLVE
homelike.su # NO_RESOLVE
homepech.ru # NO_RESOLVE
homka2000.ru # TOO_MANY_DIGITS (4)
homojo.info # NO_RESOLVE
homosex.cam # NO_RESOLVE
homtub.net # NO_RESOLVE
honcure.com # NO_RESOLVE
honey-world.ru # NO_RESOLVE
honeyhunter.ru # NO_RESOLVE
honeyhunters.top # NO_RESOLVE
hoodonline.org # NO_RESOLVE
hookah-dealers.ru # NO_RESOLVE
hookfilm.live # NO_RESOLVE
hookoff-store.ru # NO_RESOLVE
hoopkings.top # NO_RESOLVE
hoorgi-bik.ru # NO_RESOLVE
hop.filmshd.top # NO_RESOLVE
hop.xn----7sbbas7adbh1ak4hek1gg.xn--p1ai # TOO_MANY_DIGITS (6)
horaspace.pro # NO_RESOLVE
horecakids.ru # NO_RESOLVE
horinvexs.com # NO_RESOLVE
horizon-wealths.com # NO_RESOLVE
horizontrustcap.com # NO_RESOLVE
horoshij-kop-plohoj-kop-2025.swezhak.su # TOO_MANY_DIGITS (4)
horus-kvartet.ru # NO_RESOLVE
horznx.pro # NO_RESOLVE
hospitalspb.ru # NO_RESOLVE
host.livekit.cloud # NO_RESOLVE
hostbidpath.click # NO_RESOLVE
hostcitypath.xyz # NO_RESOLVE
hostcityvote.xyz # NO_RESOLVE
hostelfusion.ru # NO_RESOLVE
hostelmakarov.ru # NO_RESOLVE
hostf.info # NO_RESOLVE
hostfilm.org # NO_RESOLVE
hostfornepal.com # NO_RESOLVE
hosthf.info # NO_RESOLVE
hostiko.com.ua # TLD_UA
hosting4you.ru # NO_RESOLVE
hostingnicaragua.com # NO_RESOLVE
hostiq.ua # TLD_UA
hostpro.ua # TLD_UA
hostynnyidvir.org.ua # TLD_UA
hot-content.ru # NO_RESOLVE
hot-ladyboy-sex.com # NO_RESOLVE
hot.hochu.ua # TLD_UA
hot20deluxe.top # NO_RESOLVE
hot5deluxe.top # NO_RESOLVE
hotdiamonds100.top # NO_RESOLVE
hotdiamonds40.top # NO_RESOLVE
hotel-animals.ru # NO_RESOLVE
hotel-dinan.com # NO_RESOLVE
hotel-katen.com # NO_RESOLVE
hotel-magnoliya.ru # NO_RESOLVE
hotel-skandia.ru # NO_RESOLVE
hotel-sovetckaya.ru # NO_RESOLVE
hotelierjobz.com # NO_RESOLVE
hotelruslan3.ru # NO_RESOLVE
hotels-centre-spb.ru # NO_RESOLVE
hotels-in-krasnodar.ru # NO_RESOLVE
hotelshah.ru # NO_RESOLVE
hotelsnabservice.ru # NO_RESOLVE
hotfruits.net # NO_RESOLVE
hothotchillipot.top # NO_RESOLVE
hotkirems.ru # NO_RESOLVE
hotsexporn.com # NO_RESOLVE
hotsexvidios.com # NO_RESOLVE
hotskills.com.ua # TLD_UA
hottey.com.ua # TLD_UA
hottoburnmultipliergame.top # NO_RESOLVE
hotwiferio.net # NO_RESOLVE
hotwild100.top # NO_RESOLVE
hotwild40.top # NO_RESOLVE
hotwild5.top # NO_RESOLVE
hotxxx.mobi # NO_RESOLVE
hotxxxvideo.pro # NO_RESOLVE
houmprint.ru # NO_RESOLVE
hourlypaid.top # NO_RESOLVE
housedecore.com.ua # TLD_UA
howto-game.ru # NO_RESOLVE
hoxisey4.ru # NO_RESOLVE
hozpravo.com.ua # TLD_UA
hpregion.ru # NO_RESOLVE
hpstore.in # NO_RESOLVE
hr-kafedra.ru # NO_RESOLVE
hr-venue.ru # NO_RESOLVE
hr.md # NO_RESOLVE
hrabro.od.ua # TLD_UA
hram-flot.ru # NO_RESOLVE
hram-vsr.xyz # NO_RESOLVE
hram.org.ru # NO_RESOLVE
hramlomonosov.ru # NO_RESOLVE
hrforumzim.org # NO_RESOLVE
hrg.in.ua # TLD_UA
hromadske.ua # TLD_UA
hromadskeradio.org # NO_RESOLVE
hrrca.org # NO_RESOLVE
hrt.org.zw # NO_RESOLVE
hrust-13.silver-mob60.ru # TOO_MANY_DIGITS (4)
hrust-14.promo-max64.ru # TOO_MANY_DIGITS (4)
hrust-16.dep-mega58.ru # TOO_MANY_DIGITS (4)
hrust-16.shark-wow65.online # TOO_MANY_DIGITS (4)
hrust-17.love-max55.online # TOO_MANY_DIGITS (4)
hrust-17.promo-app95.ru # TOO_MANY_DIGITS (4)
hrust-20.sc25ltz.ru # TOO_MANY_DIGITS (4)
hrust-20.teradm.ru # NO_RESOLVE
hrust-21.dhsh1chr.ru # NO_RESOLVE
hrust-22.tppmsk.ru # NO_RESOLVE
hrust-22.vosob.ru # NO_RESOLVE
hrust-23.nat91.ru # TOO_MANY_DIGITS (4)
hrust-33.lev66.online # TOO_MANY_DIGITS (4)
hrust-49.scam50.ru # TOO_MANY_DIGITS (4)
hrust-50.scam31.ru # TOO_MANY_DIGITS (4)
hrust-50.scam39.ru # TOO_MANY_DIGITS (4)
hrust-58.t109.ru # TOO_MANY_DIGITS (5)
hrust-59.q108.ru # TOO_MANY_DIGITS (5)
hrust-59.r108.ru # TOO_MANY_DIGITS (5)
hrustalik220.ru # NO_RESOLVE
hryschevka.ru # NO_RESOLVE
hs24.cc # NO_RESOLVE
hscmvs.com # NO_RESOLVE
hsjakg.glutaph.xyz # NO_RESOLVE
hsp.kiev.ua # TLD_UA
hss.gov.nt.ca # NO_RESOLVE
hstr420.site # NO_RESOLVE
ht-24.top # NO_RESOLVE
hta2022.kz # TOO_MANY_DIGITS (4)
htmediapak.page.tl # NO_RESOLVE
hts.vidak.icu # NO_RESOLVE
https-blsp.at # NO_RESOLVE
hub-books.com # NO_RESOLVE
hub-financialinstitution.net # NO_RESOLVE
hub.xhdpornos.net # NO_RESOLVE
hubs.ua # TLD_UA
hubshoes.ru # NO_RESOLVE
hudeem-legko.ru # NO_RESOLVE
hudsondigitalcorporation.com # NO_RESOLVE
huffsongpp.com # NO_RESOLVE
huffsongpp.site # NO_RESOLVE
hufinancix-app.com # NO_RESOLVE
hugachaga.top # NO_RESOLVE
hugexnxx.com # NO_RESOLVE
humanitarian.novaposhta.ua # TLD_UA
humanrights-ir.org # NO_RESOLVE
humanrights.org.bh # NO_RESOLVE
humansenses.ru # NO_RESOLVE
humboldt.org.ni # NO_RESOLVE
humidic.ru # NO_RESOLVE
humnews.pk # NO_RESOLVE
humor-advice.ru # NO_RESOLVE
humscope.icu # NO_RESOLVE
humsoft.icu # NO_RESOLVE
hungryshark.top # NO_RESOLVE
hunter.rozetka.com.ua # TLD_UA
huntercorp.ru # NO_RESOLVE
hurawatch.org # NO_RESOLVE
hurghadatrip.ru # NO_RESOLVE
hurts2021.com # TOO_MANY_DIGITS (4)
hushbend.com # NO_RESOLVE
hushenna.click # NO_RESOLVE
hushlera.com # NO_RESOLVE
hushmaker.com # NO_RESOLVE
hushmora.com # NO_RESOLVE
hushpqzq.info # NO_RESOLVE
hushstone.com # NO_RESOLVE
husnulin.ru # NO_RESOLVE
hussesamara.ru # NO_RESOLVE
hutorium.ru # NO_RESOLVE
huxham-futures.com # NO_RESOLVE
hvischanka.ru # NO_RESOLVE
hw.ashoo.blue # NO_RESOLVE
hydr4.top # NO_RESOLVE
hydromod.online # NO_RESOLVE
hyipogor.ru # NO_RESOLVE
hyipsmachine.com # NO_RESOLVE
hymett.com # NO_RESOLVE
hynotbi.com # NO_RESOLVE
hype.1617.click # TOO_MANY_DIGITS (4)
hype.1812.games # TOO_MANY_DIGITS (4)
hypecloud.ru # NO_RESOLVE
hyper-tube.org # NO_RESOLVE
hyperhost.ua # TLD_UA
hyperhuboption.com # NO_RESOLVE
hyser.com.ua # TLD_UA
hyser.ua # TLD_UA
hz-hentai.com # NO_RESOLVE
i-documents.com # NO_RESOLVE
i-flashdrive.ru # NO_RESOLVE
i-nw.online # NO_RESOLVE
i-nw.ru # NO_RESOLVE
i-prosto-tak-m2.swezhak-2025.art # TOO_MANY_DIGITS (5)
i-referrer.ru # NO_RESOLVE
i-seek-you.ru # NO_RESOLVE
i-shop.dp.ua # TLD_UA
i-t-c.ru # NO_RESOLVE
i-watch.site # NO_RESOLVE
i.angara.day # NO_RESOLVE
i.garilla.qpon # NO_RESOLVE
i.india-helps24.ru # NO_RESOLVE
i.kakopis.ru # NO_RESOLVE
i.lb.ua # TLD_UA
i.protorrent.fun # NO_RESOLVE
i.ua # TLD_UA
i0214.a-markets.org # TOO_MANY_DIGITS (4)
i0812.a-markets.org # TOO_MANY_DIGITS (4)
i0823.a-markets.org # TOO_MANY_DIGITS (4)
i0901.a-markets.biz # TOO_MANY_DIGITS (4)
i1018.a-markets.biz # TOO_MANY_DIGITS (4)
i1372.photobucket.com # TOO_MANY_DIGITS (4)
i2001.top # TOO_MANY_DIGITS (4)
i666f7265782d6d6c74o7275z.oszar.com # TOO_MANY_DIGITS (18)
i686f74o686f636875o7561z.oszar.com # TOO_MANY_DIGITS (18)
iaaud.com # NO_RESOLVE
iamboutique.ru # NO_RESOLVE
iamproducer.ru # NO_RESOLVE
ias-limited.com # NO_RESOLVE
ib.cemexpert.ru # NO_RESOLVE
ib.garilla.qpon # NO_RESOLVE
ib.sui-network.mom # NO_RESOLVE
ibelive.cc # NO_RESOLVE
iberdrola-engine.com # NO_RESOLVE
iberis-cattery.ru # NO_RESOLVE
ibf.events # NO_RESOLVE
ibg0piba.com # NO_RESOLVE
ibis.net.ua # TLD_UA
ibkr-usd.com # NO_RESOLVE
ibs.gl # NO_RESOLVE
ibtrad.com # NO_RESOLVE
ic-onlinemarket.org # NO_RESOLVE
icactus1015.buzz # TOO_MANY_DIGITS (4)
icbda2015.org # TOO_MANY_DIGITS (4)
ice-arena.info # NO_RESOLVE
ice-people.ru # NO_RESOLVE
ice24.vip.24rc.lol # TOO_MANY_DIGITS (4)
iceboys.co.za # NO_RESOLVE
icecoin.live # NO_RESOLVE
icegame.biz # NO_RESOLVE
icelab.klad.cc # NO_RESOLVE
icenumberone.top # NO_RESOLVE
icess.net # NO_RESOLVE
icet2018.ru # TOO_MANY_DIGITS (4)
icexnxx.com # NO_RESOLVE
ichinese.online # NO_RESOLVE
icloud.apple.com # NO_RESOLVE
icolog.ru # NO_RESOLVE
icon.pp.ua # TLD_UA
icowatch.live # NO_RESOLVE
icrimea.org # NO_RESOLVE
icsignalsmartrading.com # NO_RESOLVE
icts-sevsu.ru # NO_RESOLVE
ictv.ua # TLD_UA
icvoenmeh.ru # NO_RESOLVE
idc2019.ru # TOO_MANY_DIGITS (4)
idc220.com # NO_RESOLVE
ideabiza.ru # NO_RESOLVE
ideallm.site # NO_RESOLVE
ideas-4life.ru # NO_RESOLVE
idn1.livesports808.com # TOO_MANY_DIGITS (4)
ido.vsgao.com # NO_RESOLVE
idoltv.ru # NO_RESOLVE
idonlinerus.xyz # NO_RESOLVE
idoser.online # NO_RESOLVE
idpanorama.ru # NO_RESOLVE
idradshi.ru # NO_RESOLVE
idss.org.ua # TLD_UA
idxx1.cam # NO_RESOLVE
ieep-ua.org # NO_RESOLVE
ief2022.kz # TOO_MANY_DIGITS (4)
ief2023.kz # TOO_MANY_DIGITS (4)
if-cis.ru # NO_RESOLVE
if.downloadbro.fun # NO_RESOLVE
ifbu.org.ua # TLD_UA
ifiasa.org # NO_RESOLVE
ifmo.su # NO_RESOLVE
igarka.bunin-yur.online # NO_RESOLVE
igasiamarts.com # NO_RESOLVE
igate.com.ua # TLD_UA
igb7.ru # NO_RESOLVE
igru.com.ua # TLD_UA
igrushkirus.ru # NO_RESOLVE
ih.downloadbro.fun # NO_RESOLVE
ihousewife.ru # NO_RESOLVE
ik.downloadbro.fun # NO_RESOLVE
ikaldi.com # NO_RESOLVE
ikapusta.com.ua # TLD_UA
ikea-expert.ru # NO_RESOLVE
ikea-swst.ru # NO_RESOLVE
ikfk.org # NO_RESOLVE
ikhwan.net # NO_RESOLVE
ikhwanonline.org # NO_RESOLVE
ikhwantube.com # NO_RESOLVE
ikhwanwiki.com # NO_RESOLVE
ikigai-kholmsk.ru # NO_RESOLVE
ikjwtwdbanzai.com # NO_RESOLVE
ikrm2.at # NO_RESOLVE
ikrm2.me # NO_RESOLVE
iks2010.info # TOO_MANY_DIGITS (4)
ikshef.com # NO_RESOLVE
ikwebdesign.ru # NO_RESOLVE
il-mur.ru # NO_RESOLVE
il16.ru # NO_RESOLVE
ilanka-motors.ru # NO_RESOLVE
ildarody.com # NO_RESOLVE
ildzambezi.com # NO_RESOLVE
ilegacy.ru # NO_RESOLVE
ilianhostel.ru # NO_RESOLVE
ilinskoe-adm.ru # NO_RESOLVE
ilirneyschool.ru # NO_RESOLVE
illuminate-fan.online # NO_RESOLVE
illuminate-fan.ru # NO_RESOLVE
illuminati.biz.24rc.lol # NO_RESOLVE
illustrateit.digital # NO_RESOLVE
illuzion-cinema-film.site # NO_RESOLVE
illyssia.ru # NO_RESOLVE
ilobbyist.ru # NO_RESOLVE
ilorbflim.online # NO_RESOLVE
ilovegayxxx.com # NO_RESOLVE
ilovegreece.top # NO_RESOLVE
iloveskoda.ru # NO_RESOLVE
iloveu-rings.ru # NO_RESOLVE
ilovia-latam.com # NO_RESOLVE
ilsdc.rare5884gifts.cfd # TOO_MANY_DIGITS (4)
iluva.website # NO_RESOLVE
ilya-arteni.online # NO_RESOLVE
ima.top-sofosbuvir1.ru # NO_RESOLVE
images.instagram.com # NO_RESOLVE
imaginecup.ru # NO_RESOLVE
imei-poisk.ru # NO_RESOLVE
imereti.org # NO_RESOLVE
img3.imglib.info # NO_RESOLVE
imgdrive.net # NO_RESOLVE
imgporn.click # NO_RESOLVE
imgporn.org # NO_RESOLVE
imi.org.ua # TLD_UA
imidge.com.ua # TLD_UA
immarwaiktissad.com # NO_RESOLVE
immedintaxsoftware.com # NO_RESOLVE
immenseinitiative.shop # NO_RESOLVE
immunoperm.ru # NO_RESOLVE
imo2021.ru # TOO_MANY_DIGITS (4)
impactmedia.com.ua # TLD_UA
impantacia.ru # NO_RESOLVE
imperator-168.482g.buzz # TOO_MANY_DIGITS (6)
imperator-club.net # NO_RESOLVE
imperator.city # NO_RESOLVE
imperatorfood.ru # NO_RESOLVE
imperatorskie-mytishchi.ru # NO_RESOLVE
imperia-svyazi.ru # NO_RESOLVE
imperialmammoth.com # NO_RESOLVE
imperiatomsk.ru # NO_RESOLVE
imperijastolov.ru # NO_RESOLVE
imperiodoscursos.online # NO_RESOLVE
imperiyastulev.ru # NO_RESOLVE
impetauto.ru # NO_RESOLVE
impetu-valtrix.net # NO_RESOLVE
import-export-base.ru # NO_RESOLVE
in.100shmar.in # NO_RESOLVE
in.24videos.biz # NO_RESOLVE
in4.bz # NO_RESOLVE
inarenaq.online # NO_RESOLVE
inarenka.online # NO_RESOLVE
inartgallery.org # NO_RESOLVE
inata.info # NO_RESOLVE
incentre.zp.ua # TLD_UA
incest3dtoons.club # NO_RESOLVE
incestik.cc # NO_RESOLVE
incestporno.world # NO_RESOLVE
incinema.fun # NO_RESOLVE
inclients.ru # NO_RESOLVE
incoin.pro # NO_RESOLVE
incolor-art.ru # NO_RESOLVE
incra-tool.ru # NO_RESOLVE
independentgains.com # NO_RESOLVE
indev-group.ru # NO_RESOLVE
indevs-b.biz # NO_RESOLVE
indexcryptomining.com # NO_RESOLVE
indexoctafunds.com # NO_RESOLVE
indi-company.pro # NO_RESOLVE
indi-kaluga.ru # NO_RESOLVE
indi-sochi.life # NO_RESOLVE
india-export.com.ua # TLD_UA
india-express3.ru # NO_RESOLVE
india-express4.ru # NO_RESOLVE
india-express8-7.ru # NO_RESOLVE
india-help1.ru # NO_RESOLVE
indiaexport.com.ua # TLD_UA
indiakino.pp.ua # TLD_UA
indierp.ru # NO_RESOLVE
indiewatch.net # NO_RESOLVE
indignationsg.com # NO_RESOLVE
indimusic.ru # NO_RESOLVE
indonesia.faithfreedom.org # NO_RESOLVE
indonesiapovertymap.org # NO_RESOLVE
industry.gov.mm # NO_RESOLVE
inebid.com # NO_RESOLVE
inemart.hk # NO_RESOLVE
inesnspirits.sg # NO_RESOLVE
inessa-ra.ru # NO_RESOLVE
inetprivacy.com # NO_RESOLVE
inetris.ru # NO_RESOLVE
infant-shop.com.ua # TLD_UA
infectivewildgame.top # NO_RESOLVE
infenixgress.com # NO_RESOLVE
infernodiamonds.top # NO_RESOLVE
infiniteaccesspro.com # NO_RESOLVE
infinityai-system.com # NO_RESOLVE
infinitymngt.com # NO_RESOLVE
infiniumgame.top # NO_RESOLVE
influxchain.net # NO_RESOLVE
info-center.od.ua # TLD_UA
info0718.a-markets.biz # TOO_MANY_DIGITS (4)
info0726.a-markets.org # TOO_MANY_DIGITS (4)
info0801.a-markets.org # TOO_MANY_DIGITS (4)
info0803.a-markets.org # TOO_MANY_DIGITS (4)
info0928.a-markets.org # TOO_MANY_DIGITS (4)
info0929.a-markets.org # TOO_MANY_DIGITS (4)
info1007.a-markets.org # TOO_MANY_DIGITS (4)
info1012.a-markets.org # TOO_MANY_DIGITS (4)
info1021.a-markets.org # TOO_MANY_DIGITS (4)
infobeauty24.ru # NO_RESOLVE
infobg.ru # NO_RESOLVE
infobit.me # NO_RESOLVE
infobiza.net # NO_RESOLVE
infoccenter.ru # NO_RESOLVE
infocopter.ru # NO_RESOLVE
infogamma.pro # NO_RESOLVE
infojusnoticias.gov.ar # NO_RESOLVE
infokassa.site # NO_RESOLVE
infoline.ua # TLD_UA
infomania.cc # NO_RESOLVE
infomir2.ru # NO_RESOLVE
infomozaika.net # NO_RESOLVE
infomozaika.org # NO_RESOLVE
infonavigator.com.ua # TLD_UA
infopodsolnux.ru # NO_RESOLVE
inforepetitor.ru # NO_RESOLVE
inforepetitor29.ru # NO_RESOLVE
inforesist.org # NO_RESOLVE
inform-t.ru # NO_RESOLVE
inform.zp.ua # TLD_UA
informatik04.ru # NO_RESOLVE
informator.ua # TLD_UA
informer.od.ua # TLD_UA
infoshishkina.ru # NO_RESOLVE
infositi24.ru # NO_RESOLVE
infostad.ru # NO_RESOLVE
infostock.net # NO_RESOLVE
infostudycanada.ru # NO_RESOLVE
infotorrent.be # NO_RESOLVE
infraschall.ru # NO_RESOLVE
infspidkchr.ru # NO_RESOLVE
infvp.net # NO_RESOLVE
ingacos.ru # NO_RESOLVE
ingenercenter.ru # NO_RESOLVE
inginirium-tmn.ru # NO_RESOLVE
ingoodtastemag.com # NO_RESOLVE
ingrad-tophills.ru # NO_RESOLVE
ingred-ekb.ru # NO_RESOLVE
inherentresolve.mil # NO_RESOLVE
inhistory.info # NO_RESOLVE
inked.com.ua # TLD_UA
inkverse.icu # NO_RESOLVE
inler.ru # NO_RESOLVE
inlviv.in.ua # TLD_UA
inmar-relations.ru # NO_RESOLVE
inmediato-nexavar.net # NO_RESOLVE
inmediato-nystex-app.com # NO_RESOLVE
innamahankova.ru # NO_RESOLVE
inncroatia.ru # NO_RESOLVE
innovativesolutions.site # NO_RESOLVE
ino-instvate-app.com # NO_RESOLVE
ino-mebel.ru # NO_RESOLVE
inotehproect.ru # NO_RESOLVE
inovarisepro-solution.com # NO_RESOLVE
inovariseprosolution.com # NO_RESOLVE
inovogida.com # NO_RESOLVE
inpat.ru # NO_RESOLVE
inpress.ua # TLD_UA
inprinta.ru # NO_RESOLVE
inschooler.ru # NO_RESOLVE
insider.ua # TLD_UA
insightmarketplatform.com # NO_RESOLVE
insoliter.net # NO_RESOLVE
inspektor-gavrilov.org # NO_RESOLVE
inspireart.icu # NO_RESOLVE
inspirepoem.icu # NO_RESOLVE
inspiresound.icu # NO_RESOLVE
inspirespace.icu # NO_RESOLVE
inspirulina.com # NO_RESOLVE
instadinamica-platform.com # NO_RESOLVE
instamp3.co # NO_RESOLVE
instant-4000lotemax.com # TOO_MANY_DIGITS (4)
instant-6000-renova.com # TOO_MANY_DIGITS (4)
instant-7000avonex.com # TOO_MANY_DIGITS (4)
instant-90cormax.com # NO_RESOLVE
instant-forteo-solution.com # NO_RESOLVE
instant-lasix-v7-platform.com # NO_RESOLVE
instant-olux-system.com # NO_RESOLVE
instant-x8daypro.com # NO_RESOLVE
instant6000renovasolution.com # TOO_MANY_DIGITS (4)
instant60renovasoftware.com # NO_RESOLVE
instant6akpro.com # NO_RESOLVE
instant7x-dio.net # NO_RESOLVE
instantakprosystem.com # NO_RESOLVE
instantavitaplatform.com # NO_RESOLVE
instantavitasolution.com # NO_RESOLVE
instantdaypro-7000.com # TOO_MANY_DIGITS (4)
instantforteo-platform.com # NO_RESOLVE
instanti-quix.com # NO_RESOLVE
instantv6-avapro.com # NO_RESOLVE
instantx4-bumex.com # NO_RESOLVE
instantx9-chantix.com # NO_RESOLVE
instantx9chantixtech.com # NO_RESOLVE
instaprovalue.com # NO_RESOLVE
instarmedia.ru # NO_RESOLVE
instaview.me # NO_RESOLVE
instmsk.ru # NO_RESOLVE
instrukciyam.top # NO_RESOLVE
instrukciyame.top # NO_RESOLVE
instruktiruem.top # NO_RESOLVE
int-stroy66.ru # NO_RESOLVE
intcreg.net # NO_RESOLVE
intel-chenix.com # NO_RESOLVE
intel-erymax-pro.net # NO_RESOLVE
intelcenter.com.ua # TLD_UA
inteligenciaymonitoreo.com # NO_RESOLVE
intellectoutsourcing.ru # NO_RESOLVE
intelligencecareers.gov # NO_RESOLVE
inter.ua # TLD_UA
interactive-livecopytd.com # NO_RESOLVE
interactivebrokerlive.net # NO_RESOLVE
interactivecrypto.net # NO_RESOLVE
interfax.com.ua # TLD_UA
interleninsk.online # NO_RESOLVE
interlud-gve.ru # NO_RESOLVE
internat108.online # NO_RESOLVE
internat4-tgl.ru # NO_RESOLVE
internationalcricketboard.com # NO_RESOLVE
internationaldrivershub.ru # NO_RESOLVE
internet-phone.co.kr # NO_RESOLVE
internewsmena.org # NO_RESOLVE
internysm.online # NO_RESOLVE
interpetiolar.com # NO_RESOLVE
interrielt.online # NO_RESOLVE
interrielt.ru # NO_RESOLVE
interspares.ru # NO_RESOLVE
intersstreamline.top # NO_RESOLVE
interteam.com.ua # TLD_UA
intervju-s-vampirom.swezhak-2025.art # TOO_MANY_DIGITS (4)
intheforest.top # NO_RESOLVE
intkom-center.ru # NO_RESOLVE
intoks24.ru # NO_RESOLVE
intor-rus.ru # NO_RESOLVE
intothejungle.top # NO_RESOLVE
intothestorm.top # NO_RESOLVE
inv-gida.top # NO_RESOLVE
inv.users-cabinet.com # NO_RESOLVE
inventure.com.ua # TLD_UA
inversionvetrasystem.com # NO_RESOLVE
investigator.org.ua # TLD_UA
invexonlegacy-system.com # NO_RESOLVE
invgenuispro.com # NO_RESOLVE
invigsht.com # NO_RESOLVE
invurgex.com # NO_RESOLVE
inweb.ua # TLD_UA
inwhite.ua # TLD_UA
inyazkursy.ru # NO_RESOLVE
inyazyki.ru # NO_RESOLVE
io-n.ru # NO_RESOLVE
io.downloadbro.fun # NO_RESOLVE
iok-journal.ru # NO_RESOLVE
ionicization.com # NO_RESOLVE
ionweb.ru # NO_RESOLVE
iop33.com # NO_RESOLVE
iordflimopera.fun # NO_RESOLVE
iorfdlim.online # NO_RESOLVE
ip-shnik.ru # NO_RESOLVE
ip77.ru # NO_RESOLVE
ipay.ua # TLD_UA
iphone-vpn.top # NO_RESOLVE
iphonemall.vip # NO_RESOLVE
iphonevpn.top # NO_RESOLVE
ipiend.gov.ua # TLD_UA
iplina-school.ru # NO_RESOLVE
ipo-markets.com # NO_RESOLVE
ipress.ua # TLD_UA
ipriep.ru # NO_RESOLVE
iproxyvpn.help # NO_RESOLVE
ips2017.org # TOO_MANY_DIGITS (4)
ipsworg.com # NO_RESOLVE
iptgroupe.ru # NO_RESOLVE
iptv.org.ua # TLD_UA
iqblog.blog # NO_RESOLVE
iqblog.top # NO_RESOLVE
iqland55.ru # NO_RESOLVE
iqrobot.pro # NO_RESOLVE
iqtrdingfrxonline247.com # NO_RESOLVE
ir-team.ru # NO_RESOLVE
iran-tpprf.ru # NO_RESOLVE
iranx.net # NO_RESOLVE
iraqi.dk # NO_RESOLVE
irarz.com # NO_RESOLVE
irbaschool.online # NO_RESOLVE
irbis-nbuv.gov.ua # TLD_UA
irella-monix-software.com # NO_RESOLVE
irf.ua # TLD_UA
iri-ran.ru # NO_RESOLVE
irinabelih.ru # NO_RESOLVE
irkutsk.registratsya-schools.ru # NO_RESOLVE
irkutsk.vipster.net # NO_RESOLVE
ironagespb.ru # NO_RESOLVE
irongatetrd.com # NO_RESOLVE
irs.in.ua # TLD_UA
irshansk-rada.com.ua # TLD_UA
iryshkin.ru # NO_RESOLVE
is-matras.com.ua # TLD_UA
is-molodejka.ru # NO_RESOLVE
is-solange.ru # NO_RESOLVE
isa.gov.il # NO_RESOLVE
isa5417.com # TOO_MANY_DIGITS (4)
isabekov.live # NO_RESOLVE
isc.org.ru # NO_RESOLVE
iscce.ru # NO_RESOLVE
isef.in.ua # TLD_UA
isex.space # NO_RESOLVE
isgalaxy.com # NO_RESOLVE
isgo.life # NO_RESOLVE
ishark.com # NO_RESOLVE
isi2000.online # TOO_MANY_DIGITS (4)
isi2000.ru # TOO_MANY_DIGITS (4)
islam.in.ua # TLD_UA
islamage.com # NO_RESOLVE
islamcvoice.com # NO_RESOLVE
islamdin.com # NO_RESOLVE
islamic-nft.net # NO_RESOLVE
islamqt.com # NO_RESOLVE
isminecraft.ru # NO_RESOLVE
iso2008.ru # TOO_MANY_DIGITS (4)
ispbsi.ru # NO_RESOLVE
isport.ua # TLD_UA
isportlive.net # NO_RESOLVE
israelsp.ru # NO_RESOLVE
issapresident.com # NO_RESOLVE
issti.ru # NO_RESOLVE
isterbost.ru # NO_RESOLVE
istobinskoe.ru # NO_RESOLVE
istokischool.ru # NO_RESOLVE
istore-net.online # NO_RESOLVE
istore-net.ru # NO_RESOLVE
istorii-hodjachih-mertvecov.swezhak-2025.art # TOO_MANY_DIGITS (4)
istorija-zla-2024.swezhak.su # TOO_MANY_DIGITS (4)
istorija-zla.swezhak-2025.art # TOO_MANY_DIGITS (4)
istpp.ru # NO_RESOLVE
istraglamping.ru # NO_RESOLVE
istravdpo.ru # NO_RESOLVE
isupportros.forum # NO_RESOLVE
it-insider.ru # NO_RESOLVE
it-institute.com.ua # TLD_UA
itairuz.xyz # NO_RESOLVE
italavka.ru # NO_RESOLVE
italianainfo.ru # NO_RESOLVE
italianjewelry.ru # NO_RESOLVE
italionixionpro-system.com # NO_RESOLVE
itamggwo.info # NO_RESOLVE
itarmy.com.ua # TLD_UA
itc.ua # TLD_UA
itcenterykt.ru # NO_RESOLVE
itcloud.academy # NO_RESOLVE
itcvologda.ru # NO_RESOLVE
itdeka.ru # NO_RESOLVE
iteam-street.ru # NO_RESOLVE
itero.top # NO_RESOLVE
iteventsbrn.ru # NO_RESOLVE
ithheart.com.tw # NO_RESOLVE
ithinkofyou.ru # NO_RESOLVE
ithoutwar.org # NO_RESOLVE
itineria.ru # NO_RESOLVE
itnesstalkradio.org # NO_RESOLVE
itnet.com.ua # TLD_UA
itrix52.fun # NO_RESOLVE
itsajoker.top # NO_RESOLVE
itscrasytime.com # NO_RESOLVE
itsmarytaylor.com # NO_RESOLVE
itstrateg.net # NO_RESOLVE
itsupport74.ru # NO_RESOLVE
itteach.ru # NO_RESOLVE
iu5qd1mb.com # NO_RESOLVE
iv.downloadbro.fun # NO_RESOLVE
iv.melmac.space # NO_RESOLVE
ivankiv.com.ua # TLD_UA
ivano-kazanka.ru # NO_RESOLVE
ivanovo.vipster.net # NO_RESOLVE
ivanovy-ivanovy.net # NO_RESOLVE
ivarkolve.com # NO_RESOLVE
ivco2021.org # TOO_MANY_DIGITS (4)
iverecinpl.com # NO_RESOLVE
ivgtgfblcycnhnxm.a1g9l1r3x3oq.online # TOO_MANY_DIGITS (5)
ivona.ua # TLD_UA
ivstol.ru # NO_RESOLVE
ivu.vidak.icu # NO_RESOLVE
ivushka8.ru # NO_RESOLVE
ivvaiu.online # NO_RESOLVE
ivzetablast.ru # NO_RESOLVE
ivznanie.ru # NO_RESOLVE
iwi21.megakino.online # NO_RESOLVE
iwizwig.online # NO_RESOLVE
iwomenweb.org.tw # NO_RESOLVE
iwork.apple.com # NO_RESOLVE
ix2152.craftum.io # TOO_MANY_DIGITS (4)
iz.com.ua # TLD_UA
iz.gamemik.ru # NO_RESOLVE
iz.stardapromokod.help # NO_RESOLVE
iz.sui-network.mom # NO_RESOLVE
izdsp.ru # NO_RESOLVE
izgotovlenie-checov1.site # NO_RESOLVE
izgotovlenie-chekov.site # NO_RESOLVE
izgotovlenie-chekov2.site # NO_RESOLVE
izgotovlenie-chekov3.site # NO_RESOLVE
izhfcb.ru # NO_RESOLVE
izhkv.ru # NO_RESOLVE
izi24.ru # NO_RESOLVE
izicazin121.top # NO_RESOLVE
izicazin122.top # NO_RESOLVE
izicazin123.top # NO_RESOLVE
iziplattform.site # NO_RESOLVE
izmailvechernii.com.ua # TLD_UA
izmeny-2015.swezhak.su # TOO_MANY_DIGITS (4)
izramed.ru # NO_RESOLVE
izrashi.net # NO_RESOLVE
izsp.ru # NO_RESOLVE
izumovbrands.ru # NO_RESOLVE
izvestia.co.il # NO_RESOLVE
izvestia.kharkov.ua # TLD_UA
izvestia.kiev.ua # TLD_UA
izzi-170.36n.click # TOO_MANY_DIGITS (5)
izzi-176.259z.top # TOO_MANY_DIGITS (6)
izzi-183.79a.buzz # TOO_MANY_DIGITS (5)
izzi-1amp-sitee.ru # NO_RESOLVE
izzi-254.369w.buzz # TOO_MANY_DIGITS (6)
izzi-261.315w.online # TOO_MANY_DIGITS (6)
izzi-265.316b.top # TOO_MANY_DIGITS (6)
izzi-66.58q.top # TOO_MANY_DIGITS (4)
izzi-amp-sitee.ru # NO_RESOLVE
izzi-app1.top # NO_RESOLVE
izzi-fr01.com # NO_RESOLVE
izzi-lego16.top # NO_RESOLVE
izzi-mezhy1.ru # NO_RESOLVE
izzi-mezhy2.ru # NO_RESOLVE
izzi-mezhy3.ru # NO_RESOLVE
izzi-nevidimka2.ru # NO_RESOLVE
izzi-nevidimka3.ru # NO_RESOLVE
izzi-pem3.ru # NO_RESOLVE
izzi-spb2.top # NO_RESOLVE
izzi-taxi.ru # NO_RESOLVE
izzi-yancenty4.ru # NO_RESOLVE
izzi-yancenty5.ru # NO_RESOLVE
izzi-yancenty6.ru # NO_RESOLVE
izzi1000.top # TOO_MANY_DIGITS (4)
izzi1994.top # TOO_MANY_DIGITS (4)
izzicas-51.lol # NO_RESOLVE
izzicas-52.lol # NO_RESOLVE
izzicas-54.lol # NO_RESOLVE
izzicasnevidimka2.top # NO_RESOLVE
izzicasnevidimka3.top # NO_RESOLVE
izzicasnevidimka4.top # NO_RESOLVE
izzicasrsf6.ru # NO_RESOLVE
izzicaz61.lol # NO_RESOLVE
izzicaz62.lol # NO_RESOLVE
izzicaz63.lol # NO_RESOLVE
izziclub4.top # NO_RESOLVE
izzie.ru # NO_RESOLVE
izzii1-top-amp.ru # NO_RESOLVE
izzumg.site # NO_RESOLVE
izzumg2.site # NO_RESOLVE
izzumya.site # NO_RESOLVE
izzumya2.site # NO_RESOLVE
izzumya3.site # NO_RESOLVE
izzumya4.site # NO_RESOLVE
izzumya5.site # NO_RESOLVE
j.filmqwq.online # NO_RESOLVE
j.stopfilms.info # NO_RESOLVE
j3.film-2022.net # TOO_MANY_DIGITS (5)
j3xo07f.top # NO_RESOLVE
ja-znaju-kto-tebja-ubil-2024.swezhak.su # TOO_MANY_DIGITS (4)
jac-smr.ru # NO_RESOLVE
jack-pot.site # NO_RESOLVE
jackboxmulti.top # NO_RESOLVE
jackboxpearlupgrade.top # NO_RESOLVE
jackfrostgame.top # NO_RESOLVE
jackrussell.nu # NO_RESOLVE
jacksparrow.site # NO_RESOLVE
jacksride.top # NO_RESOLVE
jadecoins.top # NO_RESOLVE
jahrushrf.online # NO_RESOLVE
jahrushrf.ru # NO_RESOLVE
jakjon.com # NO_RESOLVE
jalgyz-narat.ru # NO_RESOLVE
jam-bo.ru # NO_RESOLVE
jamesdeen.com # NO_RESOLVE
jamieaugust.com # NO_RESOLVE
jancel.ru # NO_RESOLVE
japan-budo.ru # NO_RESOLVE
japancarfest.ru # NO_RESOLVE
japanesecoin.top # NO_RESOLVE
japanesegayxxx.cc # NO_RESOLVE
japangay.cc # NO_RESOLVE
japanmotors38.online # NO_RESOLVE
japoloy8.ru # NO_RESOLVE
jasjoo.com # NO_RESOLVE
jasnybitralis-app.com # NO_RESOLVE
jasu2021.com # TOO_MANY_DIGITS (4)
javboyanal.cc # NO_RESOLVE
javgayanal.cc # NO_RESOLVE
javhddot.com # NO_RESOLVE
javmaleporn.cc # NO_RESOLVE
javmalexxx.cc # NO_RESOLVE
javpornhd.xyz # NO_RESOLVE
javteentube.com # NO_RESOLVE
jay.com.ua # TLD_UA
jazzmanfest.ru # NO_RESOLVE
jazzrussia.online # NO_RESOLVE
jbhub.st # NO_RESOLVE
jbhub.vip # NO_RESOLVE
jblackspurt.cc # NO_RESOLVE
jbvip.su # NO_RESOLVE
jcmk.org # NO_RESOLVE
jcp.or.jp # NO_RESOLVE
jd.id # NO_RESOLVE
jea24.at # NO_RESOLVE
jeanstorg.ru # NO_RESOLVE
jeddington-2025.lopdfilm.ru # TOO_MANY_DIGITS (4)
jedidiahent.com # NO_RESOLVE
jeep-sev.ru # NO_RESOLVE
jeet-city.online # NO_RESOLVE
jeet1995.lineorg.com # TOO_MANY_DIGITS (4)
jelias-2024.swezhak.su # TOO_MANY_DIGITS (4)
jellyvalley.top # NO_RESOLVE
jemchujina42.ru # NO_RESOLVE
jense-akhar.persianblog.ir # NO_RESOLVE
jertewes.top # NO_RESOLVE
jerusalem2017.com.ua # TLD_UA
jessleighjewels.com # NO_RESOLVE
jewish-russia.ru # NO_RESOLVE
jewishastrakhan.org # NO_RESOLVE
jewishnews.com.ua # TLD_UA
jfp.org.ua # TLD_UA
jgx.top-sofosbuvir1.ru # NO_RESOLVE
jinawii9.ru # NO_RESOLVE
jinglejewels.top # NO_RESOLVE
jishecorp.com # NO_RESOLVE
jizzgayxxx.cc # NO_RESOLVE
jjmevwcoaezbhbgt.zx7zijikxvj8.xyz # NO_RESOLVE
jkrn.cc # NO_RESOLVE
jm24.biz # NO_RESOLVE
jn.ashoo.blue # NO_RESOLVE
jo.metafilm.green # NO_RESOLVE
jo.sltodom.ru # NO_RESOLVE
jobajey9.ru # NO_RESOLVE
jobhype.ru # NO_RESOLVE
jobnest.top # NO_RESOLVE
jobravo.biz.24rc.lol # NO_RESOLVE
jobsinyangon.com # NO_RESOLVE
jobsukraine.com.ua # TLD_UA
jodekao2.ru # NO_RESOLVE
joeioolfirwlnorn.a2vxunhuaj4s.xyz # NO_RESOLVE
joga-vrn.ru # NO_RESOLVE
johndaufoundation.org # NO_RESOLVE
johnniegreenpub.ru # NO_RESOLVE
johnyboymusic.com # NO_RESOLVE
joinalpari.com # NO_RESOLVE
joker24.biz # NO_RESOLVE
jokerbombs.top # NO_RESOLVE
jokercasino.com.ua # TLD_UA
jokerjuicer6.top # NO_RESOLVE
jokerra.top # NO_RESOLVE
jokersinvasion.top # NO_RESOLVE
jolie-maison.ru # NO_RESOLVE
jonfaruk.com # NO_RESOLVE
jordanopensource.org # NO_RESOLVE
jorna-ipm.pro # NO_RESOLVE
jornalatribuna.com.br # NO_RESOLVE
jornalistaslivres.org # NO_RESOLVE
jornalprimeirapagina.com.br # NO_RESOLVE
josexq1.name # NO_RESOLVE
joss.lozonefilms.buzz # NO_RESOLVE
joster.online # NO_RESOLVE
journaldekinshasa.com # NO_RESOLVE
journalnamestars.ru # NO_RESOLVE
jpcryptohub.com # NO_RESOLVE
jpdmv.com # NO_RESOLVE
jpmthpmb.com # NO_RESOLVE
jqll.top # NO_RESOLVE
jr.poroshenko.org # NO_RESOLVE
jra42.at # NO_RESOLVE
jra70.at # NO_RESOLVE
jra73.cc # NO_RESOLVE
jrs.top-sofosbuvir1.ru # NO_RESOLVE
js-labs.com # NO_RESOLVE
jsay.ru # NO_RESOLVE
jsf.mil # NO_RESOLVE
jt-mell.lol # NO_RESOLVE
jtbon.buzz # NO_RESOLVE
jtbon.click # NO_RESOLVE
jtbon.pics # NO_RESOLVE
jtbon.top # NO_RESOLVE
jtchance.click # NO_RESOLVE
jtchance.lol # NO_RESOLVE
jtchance.mom # NO_RESOLVE
jtgames.buzz # NO_RESOLVE
jtgames.click # NO_RESOLVE
jtgames.lol # NO_RESOLVE
jtgames.pics # NO_RESOLVE
jtgames.top # NO_RESOLVE
jtlinksky.click # NO_RESOLVE
jtmell.click # NO_RESOLVE
jtnchance.buzz # NO_RESOLVE
jtnchance.click # NO_RESOLVE
jtnchance.lol # NO_RESOLVE
jtnfsbend.beauty # NO_RESOLVE
jtnfsline.click # NO_RESOLVE
jtnwebgrip.click # NO_RESOLVE
jtnwebroot.click # NO_RESOLVE
jtnwebtide.top # NO_RESOLVE
jtnwebwave.click # NO_RESOLVE
jtpatfrom.click # NO_RESOLVE
jtsite.buzz # NO_RESOLVE
jtsite.click # NO_RESOLVE
jtsite.mom # NO_RESOLVE
jtsite.pics # NO_RESOLVE
jtsite.top # NO_RESOLVE
jttnndoor.top # NO_RESOLVE
jttnnrain.top # NO_RESOLVE
jttnnshell.pics # NO_RESOLVE
ju.metafilm7.buzz # NO_RESOLVE
judaicacenter.kyiv.ua # TLD_UA
judgementdaymegaways.top # NO_RESOLVE
judicial.gov.tw # NO_RESOLVE
judo.zp.ua # TLD_UA
judo31.ru # NO_RESOLVE
judosaratov.ru # NO_RESOLVE
juganding.com # NO_RESOLVE
jugar.loteriaangelita.com # NO_RESOLVE
juicyfish.ru # NO_RESOLVE
juicyfruitssunshinerich.top # NO_RESOLVE
jujubroker.com # NO_RESOLVE
juka.net.ua # TLD_UA
jukif.online # NO_RESOLVE
jukiiab.online # NO_RESOLVE
jukis.online # NO_RESOLVE
jukiv.online # NO_RESOLVE
jul01.rudub.icu # NO_RESOLVE
jul03.rudub.shop # NO_RESOLVE
jul04.rudub.shop # NO_RESOLVE
jul07.rudub.shop # NO_RESOLVE
jul08.rudub.shop # NO_RESOLVE
jul09.rudub.shop # NO_RESOLVE
jul10.rudub.shop # NO_RESOLVE
jul11.rudub.shop # NO_RESOLVE
jul16.rudub.shop # NO_RESOLVE
jul21.rudub.shop # NO_RESOLVE
jul22.rudub.shop # NO_RESOLVE
jul24.rudub.top # NO_RESOLVE
jul25.rudub.top # NO_RESOLVE
jul26.rudub.top # NO_RESOLVE
jul27.rudub.top # NO_RESOLVE
jul28.rudub.top # NO_RESOLVE
jul30.rudub.top # NO_RESOLVE
jul31.rudub.top # NO_RESOLVE
jumpro.ru # NO_RESOLVE
jun12.rudub.icu # NO_RESOLVE
jun13.rudub.icu # NO_RESOLVE
jun19.rudub.icu # NO_RESOLVE
jun23.rudub.icu # NO_RESOLVE
jun27.rudub.icu # NO_RESOLVE
jun30.rudub.icu # NO_RESOLVE
juniordancecamp.ru # NO_RESOLVE
juniorpaytechforum.ru # NO_RESOLVE
jur-fact.ru # NO_RESOLVE
jurfem.com.ua # TLD_UA
juridicheskij-supermarket.ua # TLD_UA
just-cafe.ru # NO_RESOLVE
just-job.ru # NO_RESOLVE
justadog.ru # NO_RESOLVE
justforex-idn.com # NO_RESOLVE
justfun.club # NO_RESOLVE
justificando.com # NO_RESOLVE
justporn.tv # NO_RESOLVE
jut-su.bar # NO_RESOLVE
jut-su.bond # NO_RESOLVE
jut-su.cx # NO_RESOLVE
jut-su.diy # NO_RESOLVE
jut-su.fans # NO_RESOLVE
jut-su.fyi # NO_RESOLVE
jut-su.lc # NO_RESOLVE
jut-su.pet # NO_RESOLVE
jut-su.rest # NO_RESOLVE
jut-sul.top # NO_RESOLVE
jutsu.fit # NO_RESOLVE
jutsuz.org # NO_RESOLVE
jutsuz.top # NO_RESOLVE
jutyjoi8.ru # NO_RESOLVE
jwehcmmb.com # NO_RESOLVE
jwklad.com # NO_RESOLVE
jyblaprice-tech.com # NO_RESOLVE
jypentertainmentcorp.com # NO_RESOLVE
jyqixii0.ru # NO_RESOLVE
jzones.al # NO_RESOLVE
k-a-s-s-a-1-911.info # TOO_MANY_DIGITS (4)
k-a-s-s-a.com # NO_RESOLVE
k-a-s-s-a1.com # NO_RESOLVE
k-buketov.ru # NO_RESOLVE
k-dou12.ru # NO_RESOLVE
k-dou4.ru # NO_RESOLVE
k-p-d.ru # NO_RESOLVE
k-sviridova.ru # NO_RESOLVE
k-v-gruzii.ru # NO_RESOLVE
k-z.com.ua # TLD_UA
k.filmqwq.online # NO_RESOLVE
k.isex.space # NO_RESOLVE
k.protorrent.fun # NO_RESOLVE
k.stopfilms.info # NO_RESOLVE
k01.herrutor.site # NO_RESOLVE
k02.herrutor.site # NO_RESOLVE
k05.herrutor.site # NO_RESOLVE
k07.herrutor.site # NO_RESOLVE
k08.herrutor.site # NO_RESOLVE
k09.herrutor.site # NO_RESOLVE
ka27.at # NO_RESOLVE
kaa29.at # NO_RESOLVE
kabbala-for-nations.ru # NO_RESOLVE
kabriolet01.ru # NO_RESOLVE
kachinstate.hluttaw.mm # NO_RESOLVE
kadastr-info.net # NO_RESOLVE
kadastrovyj-otchet.ru # NO_RESOLVE
kadastrpro.online # NO_RESOLVE
kadetperm.online # NO_RESOLVE
kadr9.ru # NO_RESOLVE
kafe-m.ru # NO_RESOLVE
kagonianphoto.ru # NO_RESOLVE
kairos.news # NO_RESOLVE
kairosventures.cc # NO_RESOLVE
kajan.com.ua # TLD_UA
kakayaraznica.ru # NO_RESOLVE
kakopis.ru # NO_RESOLVE
kakotklyuchit.ru # NO_RESOLVE
kakr30.at # NO_RESOLVE
kaktus24.biz # NO_RESOLVE
kaktus55.ru # NO_RESOLVE
kakuqoi6.ru # NO_RESOLVE
kala724.net # NO_RESOLVE
kalin-vdpo.ru # NO_RESOLVE
kalina24.shop # NO_RESOLVE
kalinacountry.ru # NO_RESOLVE
kalininets.magazin-n1.online # NO_RESOLVE
kaliningrad.vipster.net # NO_RESOLVE
kaliningradf.vipster.net # NO_RESOLVE
kalinink.ru # NO_RESOLVE
kalinkacenter.ru # NO_RESOLVE
kallushappu.com # NO_RESOLVE
kaluga.vipster.net # NO_RESOLVE
kalush.informator.ua # TLD_UA
kalyan-4you.ru # NO_RESOLVE
kalyan4u.ru # NO_RESOLVE
kalyanra-y.ru # NO_RESOLVE
kam-pod.gov.ua # TLD_UA
kam-remont.ru # NO_RESOLVE
kamaz97.ru # NO_RESOLVE
kambjek-free.online # NO_RESOLVE
kambjek-new.online # NO_RESOLVE
kamchatka-indi.com # NO_RESOLVE
kamchatkaclimb.ru # NO_RESOLVE
kamelenta.net # NO_RESOLVE
kamelotsalon.ru # NO_RESOLVE
kamnistrtrer.ru # NO_RESOLVE
kamnistrtreryy.ru # NO_RESOLVE
kampalanews.com # NO_RESOLVE
kampusqq.net # NO_RESOLVE
kamsushi.ru # NO_RESOLVE
kanal-service.ru # NO_RESOLVE
kanashcity.online # NO_RESOLVE
kanikuly33.ru # NO_RESOLVE
kanitus.ru # NO_RESOLVE
kanmin-at.ru # NO_RESOLVE
kanschool10.ru # NO_RESOLVE
kantone.net # NO_RESOLVE
kapibara.land # NO_RESOLVE
kapitoshka14.ru # NO_RESOLVE
kapremont-46.ru # NO_RESOLVE
kapri.dn.ua # TLD_UA
kapustin-denis.ru # NO_RESOLVE
kapustyanskiy.ru # NO_RESOLVE
karabas.cc # NO_RESOLVE
karabin-alp.com # NO_RESOLVE
karachaevsk.partsopel.ru # NO_RESOLVE
karachun.com.ua # TLD_UA
karagei.com # NO_RESOLVE
karaids.kz # NO_RESOLVE
karaoke-club-mimonot.ru # NO_RESOLVE
karaokemedia.ru # NO_RESOLVE
karasyandra.ru # NO_RESOLVE
karavan.ua # TLD_UA
karavan2024.biz # TOO_MANY_DIGITS (4)
kardinal26.ru # NO_RESOLVE
karinovin.com # NO_RESOLVE
karkas-modul-house.ru # NO_RESOLVE
karkaskazan.ru # NO_RESOLVE
karkasnyedomapodklyuch.ru # NO_RESOLVE
karlmunchausen.ru # NO_RESOLVE
karniz-ufa.ru # NO_RESOLVE
karnofar.top # NO_RESOLVE
karpshool.online # NO_RESOLVE
karpshool.ru # NO_RESOLVE
karta-shop.ru # NO_RESOLVE
karta-tehosmotr.ru # NO_RESOLVE
kartakrg.kz # NO_RESOLVE
kartaly.sch45.online # NO_RESOLVE
kartelband.online # NO_RESOLVE
kartelband.ru # NO_RESOLVE
kartolog1.ru # NO_RESOLVE
karyvoe6.ru # NO_RESOLVE
kaskad-nnov.ru # NO_RESOLVE
kaspeuro2018.ru # TOO_MANY_DIGITS (4)
kassify.pro # NO_RESOLVE
kasta.ua # TLD_UA
kataevprize.ru # NO_RESOLVE
katalika.ru # NO_RESOLVE
katarsis7.com # NO_RESOLVE
kate-mobilez.ru # NO_RESOLVE
kater-gims.top # NO_RESOLVE
katerinburg.xn----7sbbas7adbh1ak4hek1gg.xn--p1ai # TOO_MANY_DIGITS (6)
katkivparkah.ru # NO_RESOLVE
katservise.ru # NO_RESOLVE
katyonok.ru # NO_RESOLVE
katysha-ugra.ru # NO_RESOLVE
kaufman-hotel.ru # NO_RESOLVE
kavioliitossa.fi # NO_RESOLVE
kayinstate.gov.mm # NO_RESOLVE
kaz-check.com # NO_RESOLVE
kaz-irvin1.top # NO_RESOLVE
kaz-irvin2.top # NO_RESOLVE
kaz-monr01.top # NO_RESOLVE
kaz-monr05.top # NO_RESOLVE
kaz-monr06.top # NO_RESOLVE
kazaki-ussuri.ru # NO_RESOLVE
kazan-dox.com # NO_RESOLVE
kazan.vipster.net # NO_RESOLVE
kazan.xn----7sbbas7adbh1ak4hek1gg.xn--p1ai # TOO_MANY_DIGITS (6)
kazatomproms.com # NO_RESOLVE
kazazey0.ru # NO_RESOLVE
kazdamu.kz # NO_RESOLVE
kazikvolna1.top # NO_RESOLVE
kazikvolna2.top # NO_RESOLVE
kazikvolna3.top # NO_RESOLVE
kazikvolna4.top # NO_RESOLVE
kazikvolna5.top # NO_RESOLVE
kazyavki.com # NO_RESOLVE
kb.1-68.ru # NO_RESOLVE
kb.ecoacademiya.ru # NO_RESOLVE
kb.sui-network.mom # NO_RESOLVE
kbcvqrmb.com # NO_RESOLVE
kbmzero.ru # NO_RESOLVE
kbycs.online # NO_RESOLVE
kbycs.ru # NO_RESOLVE
kca32.at # NO_RESOLVE
kched.ru # NO_RESOLVE
kdbpa.com # NO_RESOLVE
kdinfo.in # NO_RESOLVE
kdmp.tech # NO_RESOLVE
kdmp2.site # NO_RESOLVE
kdvelo.ru # NO_RESOLVE
kea-ivanovo.ru # NO_RESOLVE
kedr-ra.ru # NO_RESOLVE
kedroviy86.ru # NO_RESOLVE
kee.top-sofosbuvir1.ru # NO_RESOLVE
keentro.info # NO_RESOLVE
keeperra.com # NO_RESOLVE
kegabar.kz # NO_RESOLVE
keklik.com.ua # TLD_UA
kekporn.com # NO_RESOLVE
kellnerluxerise.com # NO_RESOLVE
kelvira.click # NO_RESOLVE
kem-repetitors.online # NO_RESOLVE
kem-repetitors.ru # NO_RESOLVE
kemerovo-alcobar.shop # NO_RESOLVE
kemerovo24alkobar.shop # NO_RESOLVE
kemerovoalcobar.shop # NO_RESOLVE
kemerovodelivery.shop # NO_RESOLVE
kemerovohleb.ru # NO_RESOLVE
kemet-incorporated.net # NO_RESOLVE
kemomyradookrpbn.x4oc8ceezr38.lat # TOO_MANY_DIGITS (4)
kemono.party # NO_RESOLVE
kengashqipe.com # NO_RESOLVE
kenning.pro # NO_RESOLVE
keramogranita.ru # NO_RESOLVE
kerch-otel.ru # NO_RESOLVE
kerchbalyk.ru # NO_RESOLVE
kerkukvakfi.com # NO_RESOLVE
kernshopperdirectory.com # NO_RESOLVE
kes-dental.ru # NO_RESOLVE
ketamaradio.online # NO_RESOLVE
ketamaradio.ru # NO_RESOLVE
keto-food.ru # NO_RESOLVE
kettenfund.com # NO_RESOLVE
keycroft.net # NO_RESOLVE
keynik.ru # NO_RESOLVE
keyoutline.com # NO_RESOLVE
keystone-partners.net # NO_RESOLVE
keystonesallianceltd.com # NO_RESOLVE
keystothesea.top # NO_RESOLVE
keytoweb.ru # NO_RESOLVE
keyword-89175.rateru.ru # TOO_MANY_DIGITS (5)
kfgutabmenzatzhd.zx7zijikxvj8.xyz # NO_RESOLVE
kfp.platform-info.xyz # NO_RESOLVE
kfpp96.ru # NO_RESOLVE
kg.ua # TLD_UA
kgncloud.vip # NO_RESOLVE
kgnic.ru # NO_RESOLVE
kgnminer.com # NO_RESOLVE
kgnminer.net # NO_RESOLVE
kgu-s.online # NO_RESOLVE
kgu-s.ru # NO_RESOLVE
kh.vgorode.ua # TLD_UA
khaantea.ru # NO_RESOLVE
khabibshop24.biz # NO_RESOLVE
khalburgo.com # NO_RESOLVE
khanarms.ru # NO_RESOLVE
kharkiv.in.ua # TLD_UA
kharkivoda.gov.ua # TLD_UA
kharkov-loko.com # NO_RESOLVE
kharkov.comments.ua # TLD_UA
kharkov.dozor.ua # TLD_UA
khartoumstar.com # NO_RESOLVE
khinkali-cafe.ru # NO_RESOLVE
khl-logos.ru # NO_RESOLVE
khm.gov.ua # TLD_UA
khmelnytsky.com.ua # TLD_UA
khoda.gov.ua # TLD_UA
khovalkin.ru # NO_RESOLVE
khyber.org # NO_RESOLVE
ki-wap.cc # NO_RESOLVE
kibaprint.ru # NO_RESOLVE
kibassa.co # NO_RESOLVE
kiberdzhus.ru # NO_RESOLVE
kickasstorrents.cr # NO_RESOLVE
kicov7mb.com # NO_RESOLVE
kidbol.ru # NO_RESOLVE
kids-theatre.ru # NO_RESOLVE
kids-village.ru # NO_RESOLVE
kidsclubznayka.ru # NO_RESOLVE
kidsiq.ru # NO_RESOLVE
kidsmaniastv.ru # NO_RESOLVE
kidstaff.com.ua # TLD_UA
kidstesla.ru # NO_RESOLVE
kidstop.ru # NO_RESOLVE
kielleshaia.ru # NO_RESOLVE
kiev.com.ua # TLD_UA
kiev.flagma.ua # TLD_UA
kiev.informator.ua # TLD_UA
kiev.vgorode.ua # TLD_UA
kievpost.com.ua # TLD_UA
kievvlast.com.ua # TLD_UA
kifu.gov.hu # NO_RESOLVE
kik-tuning.ru # NO_RESOLVE
kikanyy0.ru # NO_RESOLVE
kilogram.1812.games # TOO_MANY_DIGITS (4)
kilogram.2026.coupons # TOO_MANY_DIGITS (4)
kilogram.3012.games # TOO_MANY_DIGITS (4)
kilogram.3112.games # TOO_MANY_DIGITS (4)
kilogram1994.top # TOO_MANY_DIGITS (4)
kinbest.ru # NO_RESOLVE
kindarium.ru # NO_RESOLVE
kindelique.com # NO_RESOLVE
kinderpoint.com.ua # TLD_UA
kindertravel.ru # NO_RESOLVE
kindgarden.ru # NO_RESOLVE
kineticartwork.click # NO_RESOLVE
kingco.online # NO_RESOLVE
kingofgods.top # NO_RESOLVE
kingoftheparty.top # NO_RESOLVE
kingstockholdings.com # NO_RESOLVE
kinkinkin.help # NO_RESOLVE
kino.pub # NO_RESOLVE
kinofilms.ua # TLD_UA
kinokolo.ua # TLD_UA
kinozal.tv # NO_RESOLVE
kip-mce.ru # NO_RESOLVE
kireevsk.rosprom-gov-ru.ru # NO_RESOLVE
kirov.vipster.net # NO_RESOLVE
kirovgrad.gim1597.ru # TOO_MANY_DIGITS (4)
kirovgrad.registratsya-school2024.ru # TOO_MANY_DIGITS (4)
kirpichi-i-bloki.ru # NO_RESOLVE
kirsoc.ru # NO_RESOLVE
kissuz.org # NO_RESOLVE
kissvk.in # NO_RESOLVE
kissvk.net # NO_RESOLVE
kissvk.pro # NO_RESOLVE
kissvk.pw # NO_RESOLVE
kit-capper.co # NO_RESOLVE
kitaishop.ru # NO_RESOLVE
kitchem.ru # NO_RESOLVE
kitchen-cafe18.ru # NO_RESOLVE
kitek.org # NO_RESOLVE
kiteraos.com # NO_RESOLVE
kitoreya.kz # NO_RESOLVE
kitty.live # NO_RESOLVE
kiufest.ru # NO_RESOLVE
kizilirmak.org.tr # NO_RESOLVE
kj-generator.ru # NO_RESOLVE
kkkkkkk.ru # NO_RESOLVE
kkorovin.com # NO_RESOLVE
kkr31.at # NO_RESOLVE
klaasje.ru # NO_RESOLVE
klac.vidak.icu # NO_RESOLVE
klad.today # NO_RESOLVE
klad1.biz # NO_RESOLVE
kladokopter24.biz # NO_RESOLVE
klargainlux.net # NO_RESOLVE
klass-obraz.online # NO_RESOLVE
klass-obraz.ru # NO_RESOLVE
klassika-shop.ru # NO_RESOLVE
klbniksspirit.top # NO_RESOLVE
klbniksyoleven.top # NO_RESOLVE
klepiki.ru # NO_RESOLVE
klester39.ru # NO_RESOLVE
kliker.com.ua # TLD_UA
klim.herrutor.site # NO_RESOLVE
klimat-c.ru # NO_RESOLVE
klin8.online # NO_RESOLVE
klinika-belyaeva.ru # NO_RESOLVE
klinika-diamant.online # NO_RESOLVE
klinika-st.ru # NO_RESOLVE
klinikasemeinaya.ru # NO_RESOLVE
klinikum.uni-muenchen.de # NO_RESOLVE
klining7.ru # NO_RESOLVE
klipzona.me # NO_RESOLVE
kljtyklrjety.com # NO_RESOLVE
klmty.net # NO_RESOLVE
kln.gov.my # NO_RESOLVE
klondike24.ru # NO_RESOLVE
klops.pro # NO_RESOLVE
klua.vidak.icu # NO_RESOLVE
klyk-2-gorod-volkov-2025.igra-v-kalmara-3-sz.online # TOO_MANY_DIGITS (6)
kma-hackathon.com # NO_RESOLVE
kmcbash.com # NO_RESOLVE
kmdmart.com # NO_RESOLVE
kmdn.gov.tw # NO_RESOLVE
kmt365amp.top # NO_RESOLVE
kmu.gov.ua # TLD_UA
kmzpgfioeeceweop.3k6tgvgz61y5.quest # TOO_MANY_DIGITS (5)
kna28.cc # NO_RESOLVE
knas32.ru # NO_RESOLVE
knig.at.ua # TLD_UA
kniga-ra.ru # NO_RESOLVE
kniga.plus # NO_RESOLVE
knigadoma.online # NO_RESOLVE
knigazvuk.com # NO_RESOLVE
knightsgame.top # NO_RESOLVE
knigionlineru.org # NO_RESOLVE
knigo.net # NO_RESOLVE
knigoman.net # NO_RESOLVE
knigosklad.com.ua # TLD_UA
knitpath.com # NO_RESOLVE
knizhkin.org # NO_RESOLVE
knm-group.ru # NO_RESOLVE
knsmroterx.online # NO_RESOLVE
ko.dezinsekciya70.ru # NO_RESOLVE
kobitpay.com # NO_RESOLVE
kobosushi.ru # NO_RESOLVE
kobra74.biz # NO_RESOLVE
kobru.ru # NO_RESOLVE
koburashop.ru # NO_RESOLVE
kobzar1814.blogspot.com # TOO_MANY_DIGITS (4)
kochegarka.com.ua # TLD_UA
kocokorea.ru # NO_RESOLVE
kod-drakona.ru # NO_RESOLVE
kod-zdorovia.com.ua # TLD_UA
kodr-okna.ru # NO_RESOLVE
kofukou2.ru # NO_RESOLVE
kogalimsutki.ru # NO_RESOLVE
kogdata.ru # NO_RESOLVE
kohi.site # NO_RESOLVE
kokose.zip # NO_RESOLVE
kokosik.vip # NO_RESOLVE
kolba35.io # NO_RESOLVE
kolentra.com # NO_RESOLVE
koleso-udachi.ru # NO_RESOLVE
kolesokld.ru # NO_RESOLVE
kolhoz.lat # NO_RESOLVE
kolobok.ua # TLD_UA
kolodec-kazan.ru # NO_RESOLVE
kolokolchik29.ru # NO_RESOLVE
kolokolnikov17.ru # NO_RESOLVE
kolomyia.today # NO_RESOLVE
kolorit-ufa.ru # NO_RESOLVE
kolpino170.online # NO_RESOLVE
kolpino170.ru # NO_RESOLVE
kolrada.gov.ua # TLD_UA
kolsar.co # NO_RESOLVE
kolybel-samara.ru # NO_RESOLVE
komanda2035.ru # TOO_MANY_DIGITS (4)
komatsu-engine.ru # NO_RESOLVE
kombinatsiya-2024.yarcurling.ru # TOO_MANY_DIGITS (4)
komet4-gam1ng-3a3m3p.ru # TOO_MANY_DIGITS (5)
komisar74.ru # NO_RESOLVE
komitet-2024.org # TOO_MANY_DIGITS (4)
komitet-school.ru # NO_RESOLVE
kompasvl.ru # NO_RESOLVE
komplektuyuschie-kresel.ru # NO_RESOLVE
komputera-remont.ru # NO_RESOLVE
komsomolsk-na-amure.vipster.net # NO_RESOLVE
komt31.ru # NO_RESOLVE
komusartkvest2023.ru # TOO_MANY_DIGITS (4)
konashop.ru # NO_RESOLVE
kondicioner27.ru # NO_RESOLVE
kondishop.com.ua # TLD_UA
kondratevo-rk.ru # NO_RESOLVE
kongress2017.ru # TOO_MANY_DIGITS (4)
konkurent.in.ua # TLD_UA
konkurent.ua # TLD_UA
konkurs-cosmos.ru # NO_RESOLVE
konkurs-rodina.ru # NO_RESOLVE
konkursmaf.ru # NO_RESOLVE
konoply-net.lol # NO_RESOLVE
konoply-net.online # NO_RESOLVE
konoply-net.quest # NO_RESOLVE
konoply-net.site # NO_RESOLVE
konoply-net.store # NO_RESOLVE
konoply-net.xyz # NO_RESOLVE
konoply-shop.skin # NO_RESOLVE
konoply-shop.xyz # NO_RESOLVE
konoply.store # NO_RESOLVE
konoply.tech # NO_RESOLVE
konstantinovka.dn.ua # TLD_UA
konstrada.gov.ua # TLD_UA
kontent24.com # NO_RESOLVE
konthaiuk.com # NO_RESOLVE
kontrakty.ua # TLD_UA
kontrast63.ru # NO_RESOLVE
koora.golato.tv # NO_RESOLVE
kopebue6.ru # NO_RESOLVE
kopis.com.ua # TLD_UA
kopro-porn.art # NO_RESOLVE
kopro-porn.click # NO_RESOLVE
kopro-porno.art # NO_RESOLVE
kopro-porno.click # NO_RESOLVE
kopro-porno2.cc # NO_RESOLVE
kopro2.cc # NO_RESOLVE
kopytex.ru # NO_RESOLVE
kor-inter5.online # NO_RESOLVE
kor-inter5.ru # NO_RESOLVE
korablik86.ru # NO_RESOLVE
kordon.org.ua # TLD_UA
koreangayporn.cc # NO_RESOLVE
koreanshops.ru # NO_RESOLVE
koreaskincare.ru # NO_RESOLVE
korepin.online # NO_RESOLVE
korinsop.online # NO_RESOLVE
korinsop.ru # NO_RESOLVE
korka-2357.okis.ru # TOO_MANY_DIGITS (4)
korkem-studio.kz # NO_RESOLVE
kormilitsa-alushta.ru # NO_RESOLVE
kormushkaryb.ru # NO_RESOLVE
korobkasigaret.ru # NO_RESOLVE
korochki.su # NO_RESOLVE
korporatsiya-shalostej.ru # NO_RESOLVE
korr-cheky.site # NO_RESOLVE
korsc.online # NO_RESOLVE
kosavolosa.ru # NO_RESOLVE
kositsinskayashkola.ru # NO_RESOLVE
kosmetologiya-no1.ru # NO_RESOLVE
kosmodrive.kz # NO_RESOLVE
kosmoschool.com # NO_RESOLVE
kostroma.vipster.net # NO_RESOLVE
koti-koshki.ru # NO_RESOLVE
kotk.kiev.ua # TLD_UA
kovalenko-vpn.pro # NO_RESOLVE
kovcheg26.ru # NO_RESOLVE
koverberu.ru # NO_RESOLVE
kovriki-evadry.ru # NO_RESOLVE
kovrov-teplo.ru # NO_RESOLVE
kowuzyo8.ru # NO_RESOLVE
kp.stripclub.mom # NO_RESOLVE
kp.ua # TLD_UA
kprf79.ru # NO_RESOLVE
kpscrodnik.ru # NO_RESOLVE
kr-10.cc # NO_RESOLVE
kr-20.com # NO_RESOLVE
kr-336.com # NO_RESOLVE
kr-38.cc # NO_RESOLVE
kr-9.cc # NO_RESOLVE
kradivex-app.com # NO_RESOLVE
kraftural.ru # NO_RESOLVE
krainaauto.com # NO_RESOLVE
kralink.to # NO_RESOLVE
krameee.site # NO_RESOLVE
kran-telfer.ru # NO_RESOLVE
kraq.at # NO_RESOLVE
krasavastore.ru # NO_RESOLVE
krasavushka.ru # NO_RESOLVE
krasnoebeloespb.ru # NO_RESOLVE
krasnoglinskiy.ru # NO_RESOLVE
krasnoyarsk.xn----7sbbas7adbh1ak4hek1gg.xn--p1ai # TOO_MANY_DIGITS (6)
kratom-sng.shop # NO_RESOLVE
krausnet.ru # NO_RESOLVE
kraweb-link.cc # NO_RESOLVE
krayina-mriy.com # NO_RESOLVE
kraz.at # NO_RESOLVE
krazone-web.to # NO_RESOLVE
krd-rogwu.ru # NO_RESOLVE
krdgp1.ru # NO_RESOLVE
krea037.at # NO_RESOLVE
krea039.at # NO_RESOLVE
krea040.at # NO_RESOLVE
krea31.at # NO_RESOLVE
kreativedirectafrica.com # NO_RESOLVE
krechethunt.ru # NO_RESOLVE
kreditnaya-pomoshch.ru # NO_RESOLVE
kreditnyybuhgalter2026.ru # TOO_MANY_DIGITS (4)
kredo-m45.ru # NO_RESOLVE
kredu.ru # NO_RESOLVE
kredvsem.com # NO_RESOLVE
kreml-nn.ru # NO_RESOLVE
krentavest-app.net # NO_RESOLVE
krikoterapiya.ru # NO_RESOLVE
krismond.top # NO_RESOLVE
kristalliky.ru # NO_RESOLVE
kristina2012.ru # TOO_MANY_DIGITS (4)
krk-at.cc # NO_RESOLVE
krka29.cc # NO_RESOLVE
krkm.biz # NO_RESOLVE
krkm1.store # NO_RESOLVE
krkm2.cfd # NO_RESOLVE
krkm2.info # NO_RESOLVE
krkmp.cc # NO_RESOLVE
krmnp.to # NO_RESOLVE
krn-web.to # NO_RESOLVE
krnews.ua # TLD_UA
krnmp1.to # NO_RESOLVE
krob1.at # NO_RESOLVE
krob2.cc # NO_RESOLVE
krokd.ru # NO_RESOLVE
krolikrodjer.top # NO_RESOLVE
kron.ua # TLD_UA
krovla-visota.ru # NO_RESOLVE
krovlya716.ru # NO_RESOLVE
krra27.at # NO_RESOLVE
krugovorot-camp.ru # NO_RESOLVE
krugozor18.ru # NO_RESOLVE
kruiz2011.ru # TOO_MANY_DIGITS (4)
krutikov-ig.ru # NO_RESOLVE
krutimseti.ru # NO_RESOLVE
krvn3.biz # NO_RESOLVE
krweb9.at # NO_RESOLVE
kryivka.net # NO_RESOLVE
krylia.ru # NO_RESOLVE
krylovsergey.ru # NO_RESOLVE
kryptavix-jordan.com # NO_RESOLVE
kryptfields.net # NO_RESOLVE
kryptoeffecttrading.com # NO_RESOLVE
kryptominingpool.com # NO_RESOLVE
kryptostocktronicsltd.com # NO_RESOLVE
ks-diamant.ru # NO_RESOLVE
ks-master.ru # NO_RESOLVE
ks.shkolansnysh.ru # NO_RESOLVE
kseniya-hair.ru # NO_RESOLVE
kseniyapomogi.ru # NO_RESOLVE
kseniyastan.ru # NO_RESOLVE
kseny-kott.ru # NO_RESOLVE
kskarena.com # NO_RESOLVE
ksponlines-pltfrm.com # NO_RESOLVE
ksshi.ru # NO_RESOLVE
kstati.dp.ua # TLD_UA
ksystems-co.ru # NO_RESOLVE
kt-pet.ru # NO_RESOLVE
ktinform.ru # NO_RESOLVE
ktm-ekb.ru # NO_RESOLVE
ktmp29.cc # NO_RESOLVE
ktonasoft.org # NO_RESOLVE
ktra31.at # NO_RESOLVE
ktrk2.cc # NO_RESOLVE
ktso.vidak.icu # NO_RESOLVE
kubanskaya-niva.ru # NO_RESOLVE
kubeyka.ru # NO_RESOLVE
kubik-v-kube.online # NO_RESOLVE
kubiktv2.ru # NO_RESOLVE
kudesynov.ru # NO_RESOLVE
kugostr.online # NO_RESOLVE
kuhniaristo.ru # NO_RESOLVE
kuhnicheb.ru # NO_RESOLVE
kuhnov.ru # NO_RESOLVE
kukibro.biz # NO_RESOLVE
kukkish.cfd # NO_RESOLVE
kukkish.sbs # NO_RESOLVE
kulaginpartners.ru # NO_RESOLVE
kulinan-rgb.ru # NO_RESOLVE
kultura22.ru # NO_RESOLVE
kumertau.talgarwarez.online # NO_RESOLVE
kunevsky.ru # NO_RESOLVE
kup-att.ru # NO_RESOLVE
kup-dpl.ru # NO_RESOLVE
kupi-alfa-pvp.online # NO_RESOLVE
kupi-alpha-pvp.online # NO_RESOLVE
kupi-marijuana.online # NO_RESOLVE
kupi-mdma.online # NO_RESOLVE
kupi-pasportoff.com # NO_RESOLVE
kupi-podguzniki.ru # NO_RESOLVE
kupi-poison.ru # NO_RESOLVE
kupi-sumki.ru # NO_RESOLVE
kupicrm.ru # NO_RESOLVE
kupimzip.ru # NO_RESOLVE
kuplulekarstva.ru # NO_RESOLVE
kur-speckor.ru # NO_RESOLVE
kurchatovforum.ru # NO_RESOLVE
kurgan.vipster.net # NO_RESOLVE
kuri-gusi.ru # NO_RESOLVE
kurinfo.ru # NO_RESOLVE
kurolyub.ru # NO_RESOLVE
kurortkubany.ru # NO_RESOLVE
kurovskaya2.online # NO_RESOLVE
kurs.com.ua # TLD_UA
kurs.if.ua # TLD_UA
kurs2030.ru # TOO_MANY_DIGITS (4)
kursk.vipster.net # NO_RESOLVE
kurskf.vipster.net # NO_RESOLVE
kursnadom.ru # NO_RESOLVE
kursoman.ru # NO_RESOLVE
kursy-beremennym.ru # NO_RESOLVE
kursy-kaluga.ru # NO_RESOLVE
kursy-oge-spb.ru # NO_RESOLVE
kursy-ufa.ru # NO_RESOLVE
kursy-web-dizajna.ru # NO_RESOLVE
kurtoglu.ru # NO_RESOLVE
kush-116.25e.click # TOO_MANY_DIGITS (5)
kush-12.lev66.online # TOO_MANY_DIGITS (4)
kush-120.27i.top # TOO_MANY_DIGITS (5)
kush-121.35e.top # TOO_MANY_DIGITS (5)
kush-122.83e.top # TOO_MANY_DIGITS (5)
kush-129.35n.store # TOO_MANY_DIGITS (5)
kush-134.15m.click # TOO_MANY_DIGITS (5)
kush-135.29n.store # TOO_MANY_DIGITS (5)
kush-136.18t.click # TOO_MANY_DIGITS (5)
kush-139.25t.click # TOO_MANY_DIGITS (5)
kush-160.44v.click # TOO_MANY_DIGITS (5)
kush-165.9rtv.online # TOO_MANY_DIGITS (4)
kush-20.lev70.online # TOO_MANY_DIGITS (4)
kush-2025amp.top # TOO_MANY_DIGITS (4)
kush-213.55q.click # TOO_MANY_DIGITS (5)
kush-232.31i.online # TOO_MANY_DIGITS (5)
kush-25.q107.ru # TOO_MANY_DIGITS (5)
kush-29.23z.top # TOO_MANY_DIGITS (4)
kush-34.77r.buzz # TOO_MANY_DIGITS (4)
kush-36.58q.top # TOO_MANY_DIGITS (4)
kush-42.01x.buzz # TOO_MANY_DIGITS (4)
kush-44.10r.buzz # TOO_MANY_DIGITS (4)
kush-47.89l.buzz # TOO_MANY_DIGITS (4)
kush-47.scam8.ru # NO_RESOLVE
kush-49.23l.buzz # TOO_MANY_DIGITS (4)
kush-50.15l.buzz # TOO_MANY_DIGITS (4)
kush-51.29l.buzz # TOO_MANY_DIGITS (4)
kush-54.89d.buzz # TOO_MANY_DIGITS (4)
kush-64.73j.buzz # TOO_MANY_DIGITS (4)
kush-67.92j.buzz # TOO_MANY_DIGITS (4)
kush-70.85j.buzz # TOO_MANY_DIGITS (4)
kush-73.63m.top # TOO_MANY_DIGITS (4)
kush-82.10j.buzz # TOO_MANY_DIGITS (4)
kush-83.d92.buzz # TOO_MANY_DIGITS (4)
kush-90.d17.buzz # TOO_MANY_DIGITS (4)
kush-94.d77.buzz # TOO_MANY_DIGITS (4)
kush-95.d81.buzz # TOO_MANY_DIGITS (4)
kush-amp-1.ru # NO_RESOLVE
kush-amp-2.ru # NO_RESOLVE
kush-amp-3.ru # NO_RESOLVE
kush-amp-6.ru # NO_RESOLVE
kush-amp-royalspirit.ru # NO_RESOLVE
kush-amp2025.top # TOO_MANY_DIGITS (4)
kush-amp24.ru # NO_RESOLVE
kush-amp365.ru # NO_RESOLVE
kush-amp365.top # NO_RESOLVE
kush-gaming365.ru # NO_RESOLVE
kush.1587.buzz # TOO_MANY_DIGITS (4)
kush.1811vip.icu # TOO_MANY_DIGITS (4)
kush.3012.games # TOO_MANY_DIGITS (4)
kush.3112.games # TOO_MANY_DIGITS (4)
kush100amp.ru # NO_RESOLVE
kush100amp.top # NO_RESOLVE
kush1994.top # TOO_MANY_DIGITS (4)
kush1amp.top # NO_RESOLVE
kush2000.top # TOO_MANY_DIGITS (4)
kush2020.top # TOO_MANY_DIGITS (4)
kush2023.top # TOO_MANY_DIGITS (4)
kush2024.top # TOO_MANY_DIGITS (4)
kush2025amp.ru # TOO_MANY_DIGITS (4)
kush2025amp.top # TOO_MANY_DIGITS (4)
kush21amp.ru # NO_RESOLVE
kush21amp.top # NO_RESOLVE
kush24amp.ru # NO_RESOLVE
kush24amp.top # NO_RESOLVE
kush365amp.ru # NO_RESOLVE
kush365amp.top # NO_RESOLVE
kush37amp.ru # NO_RESOLVE
kush39amp.ru # NO_RESOLVE
kushavel.ru # NO_RESOLVE
kuteranem.online # NO_RESOLVE
kutuzova11-4.ru # NO_RESOLVE
kuzbass-camp.ru # NO_RESOLVE
kuzmabookdesign.ru # NO_RESOLVE
kuznec-kmr.biz # NO_RESOLVE
kuznicakino.ru # NO_RESOLVE
kuzovremont23.ru # NO_RESOLVE
kuzpress.su # NO_RESOLVE
kv.com.ua # TLD_UA
kvadr-sakh.ru # NO_RESOLVE
kvadrat66.ru # NO_RESOLVE
kvadrobing-eto-kruto-i-gay-sex-tozhe.crabdance.com # NO_RESOLVE
kvadropsm.ru # NO_RESOLVE
kvadrum3d.ru # NO_RESOLVE
kvartira-box.ru # NO_RESOLVE
kvartiraarenda.com.ua # TLD_UA
kvikyzz.ru # NO_RESOLVE
kvindeps.ru # NO_RESOLVE
kvshu39.ru # NO_RESOLVE
kwharf.ru # NO_RESOLVE
kwirmedia.com # NO_RESOLVE
kwt-kursk.ru # NO_RESOLVE
kyberpunk2020.blogspot.com # TOO_MANY_DIGITS (4)
kyiv-future.com.ua # TLD_UA
kyiv.comments.ua # TLD_UA
kyivdializ.com # NO_RESOLVE
kyivfashion.kiev.ua # TLD_UA
kyivstardance.com.ua # TLD_UA
kykyru.ru # NO_RESOLVE
kykyry.ru # NO_RESOLVE
kyprianou.com.ua # TLD_UA
kyrgyzmedia.com # NO_RESOLVE
kyshtymtur.ru # NO_RESOLVE
kyvexorspeedgpt.net # NO_RESOLVE
kyznica-stily.ru # NO_RESOLVE
kz-sex.cc # NO_RESOLVE
kz.wforex.biz # NO_RESOLVE
kznhostel657.ru # NO_RESOLVE
kznkik.ru # NO_RESOLVE
kznmall.com # NO_RESOLVE
kznsup.ru # NO_RESOLVE
kznxxx.net # NO_RESOLVE
kzto-online.ru # NO_RESOLVE
l-experts.ru # NO_RESOLVE
l.filmqwq.online # NO_RESOLVE
l.stopfilms.info # NO_RESOLVE
l.u168.ru # NO_RESOLVE
l0sbhemb.com # NO_RESOLVE
l1p.bhf57b394a.com # TOO_MANY_DIGITS (6)
l2.sex.traphub5.com # NO_RESOLVE
l2manual.org # NO_RESOLVE
l9p.92ejtqzo0k.com # TOO_MANY_DIGITS (4)
la-electrika.ru # NO_RESOLVE
la-strada.org.ua # TLD_UA
laatwaaipapagaai.org # NO_RESOLVE
lab-rc.kz # NO_RESOLVE
lab101.ru # NO_RESOLVE
labchems.eu # NO_RESOLVE
labdetsad5.ru # NO_RESOLVE
labeauty-salon.ru # NO_RESOLVE
labelle.com.ua # TLD_UA
labirinttomsk.ru # NO_RESOLVE
laboratorija-prikluchenij.com # NO_RESOLVE
laborrightsnow.org # NO_RESOLVE
labour.org.hk # NO_RESOLVE
labtoriya.ru # NO_RESOLVE
lac.vidak.icu # NO_RESOLVE
lachapina.com # NO_RESOLVE
lacost.su # NO_RESOLVE
lacresearch.com # NO_RESOLVE
lada-tolyatti.ru # NO_RESOLVE
lademeuredelarche.fr # NO_RESOLVE
ladiessharm.ru # NO_RESOLVE
ladinideco.ru # NO_RESOLVE
ladoga-ltd.ru # NO_RESOLVE
ladogazaim.ru # NO_RESOLVE
lady-caramel.ru # NO_RESOLVE
lady-mary46.ru # NO_RESOLVE
ladyboyshere.com # NO_RESOLVE
ladyforest.top # NO_RESOLVE
ladytrening.online # NO_RESOLVE
laestanciahotel.mx # NO_RESOLVE
lafa-tor.ru # NO_RESOLVE
lafa.lafa-tor.ru # NO_RESOLVE
lafa2022.lafa-torrent.ru # TOO_MANY_DIGITS (4)
lagoon.rolehub.ru # NO_RESOLVE
lahdha.tn # NO_RESOLVE
lainding.com # NO_RESOLVE
lajtkinoo.ru # NO_RESOLVE
lakascmd.com # NO_RESOLVE
lakbitpro-soft.com # NO_RESOLVE
lakecumberlandhouse.com # NO_RESOLVE
lakefyra.digital # NO_RESOLVE
laki12.com # NO_RESOLVE
laki13.com # NO_RESOLVE
laki257.com # NO_RESOLVE
laki27.com # NO_RESOLVE
laki28.com # NO_RESOLVE
laki29.com # NO_RESOLVE
laki333.com # NO_RESOLVE
laki40.com # NO_RESOLVE
laki44.com # NO_RESOLVE
laki45.com # NO_RESOLVE
laki46.com # NO_RESOLVE
laki48.com # NO_RESOLVE
laki49.com # NO_RESOLVE
laki50.com # NO_RESOLVE
laki51.com # NO_RESOLVE
laki52.com # NO_RESOLVE
lakiworld1994.top # TOO_MANY_DIGITS (4)
lakiworld999.com # NO_RESOLVE
lako-kraski.ru # NO_RESOLVE
lakolmenaec.com # NO_RESOLVE
lakylike.ru # NO_RESOLVE
lalinternaazul.info # NO_RESOLVE
laminat38.ru # NO_RESOLVE
laminating-video.ru # NO_RESOLVE
lamoore.ru # NO_RESOLVE
lamozzarella.at # NO_RESOLVE
lampa.pp.ua # TLD_UA
lampgin24.tv # NO_RESOLVE
land108.ru # NO_RESOLVE
landcadastre.ru # NO_RESOLVE
landyshig.online # NO_RESOLVE
landyshiqua.online # NO_RESOLVE
landyshiquy.online # NO_RESOLVE
landyshism.online # NO_RESOLVE
landyshiss.online # NO_RESOLVE
langexp.ru # NO_RESOLVE
langmech.ru # NO_RESOLVE
lankavi.ru # NO_RESOLVE
lanternvpn.info # NO_RESOLVE
laojiepanpan.com # NO_RESOLVE
laqolca.com # NO_RESOLVE
lardi-trans.ua # TLD_UA
largecityhealth.online # NO_RESOLVE
largondexapp-engine.com # NO_RESOLVE
laser-bodor.ru # NO_RESOLVE
lashday.ru # NO_RESOLVE
lashset.ru # NO_RESOLVE
lasik-vizus-absolut.ru # NO_RESOLVE
last-of-us-online.info # NO_RESOLVE
last-of-us.info # NO_RESOLVE
lastmovie.by # NO_RESOLVE
lastmovie.site # NO_RESOLVE
lastochka16.ru # NO_RESOLVE
lastyle-vrn.ru # NO_RESOLVE
lata-thione.co # NO_RESOLVE
latinos24.cc # NO_RESOLVE
laturesta.ru # NO_RESOLVE
laukess.com # NO_RESOLVE
laureusworldsportsawards22.com # NO_RESOLVE
laurosonline.com # NO_RESOLVE
lavant-trou.com # NO_RESOLVE
lavar-cao.ru # NO_RESOLVE
laventra.icu # NO_RESOLVE
lavkab.net # NO_RESOLVE
lavr-b2b.ru # NO_RESOLVE
lavra.crimea.ua # TLD_UA
lavrcafe.ru # NO_RESOLVE
law-konsul.ru # NO_RESOLVE
lawyerstars1.ru # NO_RESOLVE
lawyertop.ru # NO_RESOLVE
laycy-queen.ru # NO_RESOLVE
lazo-sergeevka.online # NO_RESOLVE
lazy-org.ru # NO_RESOLVE
lb.ua # TLD_UA
lcd59.ru # NO_RESOLVE
lcgmerch.ru # NO_RESOLVE
lcity.dp.ua # TLD_UA
lcko.vidak.icu # NO_RESOLVE
lcschool.ru # NO_RESOLVE
ldf72.ru # NO_RESOLVE
ldrworld.top # NO_RESOLVE
lead-teh.ru # NO_RESOLVE
leadtrendmarket.top # NO_RESOLVE
leafbloomy.com # NO_RESOLVE
leafdrop.icu # NO_RESOLVE
leafmaze.icu # NO_RESOLVE
leaforia.click # NO_RESOLVE
leafshiney.com # NO_RESOLVE
leafvault.icu # NO_RESOLVE
leaneducation.ru # NO_RESOLVE
learners-world.com # NO_RESOLVE
learnprogame.com # NO_RESOLVE
leather-art-school.ru # NO_RESOLVE
lebanon.yakshof.com # NO_RESOLVE
lebanondialogue.org # NO_RESOLVE
lechenie-kariesa-zubov-minsk.ru # NO_RESOLVE
lechimsmelo.ru # NO_RESOLVE
lechiotit.ru # NO_RESOLVE
lechupechen.ru # NO_RESOLVE
lecshop.top # NO_RESOLVE
led.herrutor.site # NO_RESOLVE
leddepom.com # NO_RESOLVE
ledesign-studio.ru # NO_RESOLVE
ledger-tec.com # NO_RESOLVE
ledi-bag-i-super-kot-2015.swezhak.su # TOO_MANY_DIGITS (4)
ledi-kat.ru # NO_RESOLVE
lednikfest.ru # NO_RESOLVE
ledo.herrutor.site # NO_RESOLVE
ledocointarel.com # NO_RESOLVE
ledof.ru # NO_RESOLVE
leftforum2019.info # TOO_MANY_DIGITS (4)
legacyofathena.top # NO_RESOLVE
legal-mafia.cfd # NO_RESOLVE
legal-project.com # NO_RESOLVE
legalcheck-xxktico.top # NO_RESOLVE
legalcryptomarket.com # NO_RESOLVE
legalizer.my # NO_RESOLVE
legalizer.space # NO_RESOLVE
legalizm.tech # NO_RESOLVE
legend-group-tomsk.ru # NO_RESOLVE
legendaryace.top # NO_RESOLVE
legidai3.ru # NO_RESOLVE
legins.ru # NO_RESOLVE
legit-contract.com # NO_RESOLVE
lego.herrutor.site # NO_RESOLVE
legofan.online # NO_RESOLVE
legolabspb.ru # NO_RESOLVE
legostore-events.com # NO_RESOLVE
legran56.ru # NO_RESOLVE
leiloesconfianca.com # NO_RESOLVE
lekarstvadarom.ru # NO_RESOLVE
lekarstvadarom1.ru # NO_RESOLVE
lekarstvadarom13.ru # NO_RESOLVE
leksmed.ru # NO_RESOLVE
lelamaloney.com # NO_RESOLVE
lemberg-kaviar.com.ua # TLD_UA
lemon-life.ru # NO_RESOLVE
lemon-tree.mobi # NO_RESOLVE
leningradskaja.ru # NO_RESOLVE
lenmfc.ru # NO_RESOLVE
lenrestoran.ru # NO_RESOLVE
lenschool2.ru # NO_RESOLVE
lenskiy.org # NO_RESOLVE
lenstroy-spb.ru # NO_RESOLVE
lenta-news.fun # NO_RESOLVE
lenta.kharkiv.ua # TLD_UA
lenta.lviv.ua # TLD_UA
lenta.ua # TLD_UA
lenta.vn.ua # TLD_UA
lenziran.com # NO_RESOLVE
lepharaoh.ru # NO_RESOLVE
lephotos.ru # NO_RESOLVE
leporno.de # NO_RESOLVE
leprechaun-riches.ru # NO_RESOLVE
lerokixmon.com # NO_RESOLVE
leruahome.ru # NO_RESOLVE
les-skazka8.ru # NO_RESOLVE
lesbiansex.tv # NO_RESOLVE
lesbiantube.club # NO_RESOLVE
lesbipornvideo.com # NO_RESOLVE
lesbistan.art # NO_RESOLVE
lesbistan.lol # NO_RESOLVE
lesbistan.xyz # NO_RESOLVE
lescreusois.fr # NO_RESOLVE
lesdm.ru # NO_RESOLVE
lesnay-skazka.ru # NO_RESOLVE
lesokamskoosh.ru # NO_RESOLVE
lesomatonapp-platform.com # NO_RESOLVE
lespetitsziboo.ca # NO_RESOLVE
lessoncompteach.ru # NO_RESOLVE
lessonteacher-comps.ru # NO_RESOLVE
lestudiodelimage.com # NO_RESOLVE
letemps.com.tn # NO_RESOLVE
letitfilms.com # NO_RESOLVE
letmeway.com # NO_RESOLVE
letniy-teatr.ru # NO_RESOLVE
lets-move-on.com # NO_RESOLVE
letsedu.kz # NO_RESOLVE
letsenhance.io # NO_RESOLVE
letuch-rig.ru # NO_RESOLVE
letvimter.ru # NO_RESOLVE
leuksenegal.com # NO_RESOLVE
lev-ampgame-bio.top # NO_RESOLVE
lev-game.ru # NO_RESOLVE
lev5125.buzz # TOO_MANY_DIGITS (4)
lev672.buzz # NO_RESOLVE
lev700.buzz # NO_RESOLVE
lev800.buzz # NO_RESOLVE
lev900.today # NO_RESOLVE
leva.com.ua # TLD_UA
levart-studio.online # NO_RESOLVE
levart-studio.ru # NO_RESOLVE
level-auto-detailing.ru # NO_RESOLVE
levelslook.ru # NO_RESOLVE
leverus.pro # NO_RESOLVE
levins54.ru # NO_RESOLVE
levis-sticky.top # NO_RESOLVE
levis-underlay.top # NO_RESOLVE
levos-fantasy.top # NO_RESOLVE
levsfly.xyz # NO_RESOLVE
lewisnightlight.top # NO_RESOLVE
lewmegaways.top # NO_RESOLVE
lewos-prize.top # NO_RESOLVE
lewosrtp.top # NO_RESOLVE
lewss-nudge.top # NO_RESOLVE
lex-avramd7.top # NO_RESOLVE
lex-avramd8.top # NO_RESOLVE
lex-det3.ru # NO_RESOLVE
lex-dst-trans6.top # NO_RESOLVE
lex-dst-trans7.top # NO_RESOLVE
lex-geipel8.top # NO_RESOLVE
lex-geipel9.top # NO_RESOLVE
lex-hts3.ru # NO_RESOLVE
lex-kki1.top # NO_RESOLVE
lex-kr1.ru # NO_RESOLVE
lex-kr2.ru # NO_RESOLVE
lex-kr3.ru # NO_RESOLVE
lex-laz1.top # NO_RESOLVE
lex-laz2.top # NO_RESOLVE
lex-laz3.top # NO_RESOLVE
lex-mes2.ru # NO_RESOLVE
lex-off1.top # NO_RESOLVE
lex-off2.top # NO_RESOLVE
lex-offs1.top # NO_RESOLVE
lex-tou1.ru # NO_RESOLVE
lex-tou2.ru # NO_RESOLVE
lex-volt.com # NO_RESOLVE
lex-wo1.ru # NO_RESOLVE
lex-wo2.ru # NO_RESOLVE
lex-wo3.ru # NO_RESOLVE
lex0mob2.ru # NO_RESOLVE
lex0mob3.ru # NO_RESOLVE
lexauto39.ru # NO_RESOLVE
lexcasapr1.ru # NO_RESOLVE
lexcasapr2.ru # NO_RESOLVE
lexcascheb1.ru # NO_RESOLVE
lexcascheb2.ru # NO_RESOLVE
lexcasitom1.ru # NO_RESOLVE
lexcasitom2.ru # NO_RESOLVE
lexcazik-1.top # NO_RESOLVE
lexcazik-2.top # NO_RESOLVE
lexhotspot8.ru # NO_RESOLVE
lexhotspot9.ru # NO_RESOLVE
lexinform.com.ua # TLD_UA
lexit.space # NO_RESOLVE
lexiumlimited.com # NO_RESOLVE
lexorafinance.com # NO_RESOLVE
lexstay.net # NO_RESOLVE
lexvl.com # NO_RESOLVE
lexx-hotel.ru # NO_RESOLVE
leyla-hayat-ask-adalet.net # NO_RESOLVE
leystroy.ru # NO_RESOLVE
lezce.com # NO_RESOLVE
lf-bc.com # NO_RESOLVE
lfc-legion.ru # NO_RESOLVE
lfkhtb.lviv.ua # TLD_UA
lfkpro.com # NO_RESOLVE
lg-recentre.ru # NO_RESOLVE
lgbt.com.ua # TLD_UA
lgbt.mk.ua # TLD_UA
lgbt.org.ua # TLD_UA
lh66.ru # NO_RESOLVE
lh74.ru # NO_RESOLVE
li1irk.ru # NO_RESOLVE
lianvi.ru # NO_RESOLVE
lib.co.ua # TLD_UA
lib.in.ua # TLD_UA
lib.misto.kiev.ua # TLD_UA
lib4school.ru # NO_RESOLVE
libaid.ru # NO_RESOLVE
libcbor.org # NO_RESOLVE
libertatemlab.ru # NO_RESOLVE
libertyoptionmarket.live # NO_RESOLVE
libgen.unblocked.club # NO_RESOLVE
library-school5.ru # NO_RESOLVE
libri-online.net # NO_RESOLVE
librusec.online # NO_RESOLVE
lic1.online # NO_RESOLVE
lic1.ru # NO_RESOLVE
lic1589.online # TOO_MANY_DIGITS (4)
lic1589.ru # TOO_MANY_DIGITS (4)
licensingawards.ru # NO_RESOLVE
liceum.fun # NO_RESOLVE
licey-3.online # NO_RESOLVE
licey17.online # NO_RESOLVE
licoteca.com.ve # NO_RESOLVE
lider-grups.shop # NO_RESOLVE
lider2024.ru # TOO_MANY_DIGITS (4)
liderin-sde.ru # NO_RESOLVE
lidertop-ovi.ru # NO_RESOLVE
life-in-finland.ru # NO_RESOLVE
life-t.com.ua # TLD_UA
life.fakty.com.ua # TLD_UA
life.nv.ua # TLD_UA
life1-clinikk93.xyz # NO_RESOLVE
lifeafter.game # NO_RESOLVE
lifecity.com.ua # TLD_UA
lifedon.com.ua # TLD_UA
lifee-clinik.online # NO_RESOLVE
lifee-clinikk93.xyz # NO_RESOLVE
lifegod.online # NO_RESOLVE
lifegod.ru # NO_RESOLVE
lifenavi.ru # NO_RESOLVE
lifepathy.icu # NO_RESOLVE
lifepurpose.icu # NO_RESOLVE
liftanizee.com # NO_RESOLVE
liftarionx.com # NO_RESOLVE
liga-detectiv.ru # NO_RESOLVE
liga-t.com.ua # TLD_UA
ligago.ru # NO_RESOLVE
ligalize.net # NO_RESOLVE
liget-bins.ru # NO_RESOLVE
light-trading.veles-group.biz # NO_RESOLVE
lighthouse-hotel24.ru # NO_RESOLVE
lightpc.ru # NO_RESOLVE
lightvest.net # NO_RESOLVE
ligs-16903.top # TOO_MANY_DIGITS (5)
ligueist.ma # NO_RESOLVE
liguqaa9.ru # NO_RESOLVE
lihiefilmy.online # NO_RESOLVE
lihoslavl.org # NO_RESOLVE
likc.vidak.icu # NO_RESOLVE
like-sl.sbs # NO_RESOLVE
like-spirt.ru # NO_RESOLVE
like-spirt2.ru # NO_RESOLVE
likedisplom.com # NO_RESOLVE
likeporno.me # NO_RESOLVE
lim.herrutor.site # NO_RESOLVE
liman.klad.cc # NO_RESOLVE
lime-cannes.pro # NO_RESOLVE
lime-lyon.pro # NO_RESOLVE
lime-marseille.pro # NO_RESOLVE
lime-nice.pro # NO_RESOLVE
lime-paris.pro # NO_RESOLVE
limelight-media.com # NO_RESOLVE
limeside.org # NO_RESOLVE
limetorrents.unblockninja.com # NO_RESOLVE
limette.ru # NO_RESOLVE
limitedglobals.com # NO_RESOLVE
limitedunlimited.ru # NO_RESOLVE
lindtmantrading.com # NO_RESOLVE
linecinema.club # NO_RESOLVE
lineinfo.xyz # NO_RESOLVE
lineshop2.biz # NO_RESOLVE
linestory.space # NO_RESOLVE
linguamatix.com # NO_RESOLVE
linguini-restaurant.ru # NO_RESOLVE
link-72.ru # NO_RESOLVE
link.lscdfilm.buzz # NO_RESOLVE
link.lscfdfilm.buzz # NO_RESOLVE
link1.megashara.club # NO_RESOLVE
linkmega.cc # NO_RESOLVE
linkor-semali.ru # NO_RESOLVE
links4you.ru # NO_RESOLVE
linovadex-app.com # NO_RESOLVE
linovadexappsolution.com # NO_RESOLVE
linsis-gorizont.ru # NO_RESOLVE
lion-fold.top # NO_RESOLVE
lipeck.vipster.net # NO_RESOLVE
lipeckf.vipster.net # NO_RESOLVE
liqgodjvvxbpyvjg.majjvcq1kz1m.online # NO_RESOLVE
liquid-biopsy.ru # NO_RESOLVE
liricus.ru # NO_RESOLVE
lisenok73.ru # NO_RESOLVE
liskimusey.ru # NO_RESOLVE
liskom76.ru # NO_RESOLVE
listovku.ru # NO_RESOLVE
lit-ra.pro # NO_RESOLVE
lit-tradings.com # NO_RESOLVE
lit49.uaeaid.agency # NO_RESOLVE
lita.com.ua # TLD_UA
litaly.com.ua # TLD_UA
litebig.com # NO_RESOLVE
literacyfilm.fun # NO_RESOLVE
literaturaguatemalteca.org # NO_RESOLVE
litoshop.cc # NO_RESOLVE
litsa.com.ua # TLD_UA
litseminar.ru # NO_RESOLVE
littlehome.ru # NO_RESOLVE
litway.net # NO_RESOLVE
liuro.com.ua # TLD_UA
live.living-plus.ltd # NO_RESOLVE
liveam-tv.avatarmovies.net # NO_RESOLVE
liveam-tv.freecinema.info # NO_RESOLVE
liveam-tv.gospelfilms.net # NO_RESOLVE
liveam-tv.luciferfilms.net # NO_RESOLVE
liveam-tv.moviesrussian.net # NO_RESOLVE
liveam-tv.rumovies.net # NO_RESOLVE
liveam-tv.tennislive.biz # NO_RESOLVE
liveam-tv.tvonline2.info # NO_RESOLVE
livecinema.ucoz.ua # TLD_UA
livemarketanalysis.live # NO_RESOLVE
liventsour.ru # NO_RESOLVE
livestockstudiescongress.org # NO_RESOLVE
liviaprin879661.iyublog.com # TOO_MANY_DIGITS (6)
living-democracy.com.ua # TLD_UA
living-plus.ltd # NO_RESOLVE
liwalogs.com # NO_RESOLVE
lizardlabsretail.com # NO_RESOLVE
lk-nncsm.ru # NO_RESOLVE
lkk-mes.ru # NO_RESOLVE
lkra29.at # NO_RESOLVE
lkra30.at # NO_RESOLVE
lkra33.cc # NO_RESOLVE
ll.swezhakl-2025.ru # TOO_MANY_DIGITS (4)
llakagripgsal.com # NO_RESOLVE
llb-alpha.com # NO_RESOLVE
llc-motors.ru # NO_RESOLVE
llddellluxxxyyy.ru # NO_RESOLVE
llddelluxxx.xyz # NO_RESOLVE
lm1.motherless.com # NO_RESOLVE
lmav.vidak.icu # NO_RESOLVE
lmk-center.ru # NO_RESOLVE
lmn.in.ua # TLD_UA
lms-demo.kz # NO_RESOLVE
lms.e-school.net.ua # TLD_UA
lngmuhendislik.com # NO_RESOLVE
lnkzo.co # NO_RESOLVE
loadedpocketz.com # NO_RESOLVE
loadment.com # NO_RESOLVE
loc-r.trkgo.co # NO_RESOLVE
loc-ru.trkgo.co # NO_RESOLVE
loc-rus.trkgo.co # NO_RESOLVE
localhistory.org.ua # TLD_UA
lockhollow.com # NO_RESOLVE
lockmover.com # NO_RESOLVE
locotrips.ru # NO_RESOLVE
loderfilim8.top # NO_RESOLVE
lodka-gims.top # NO_RESOLVE
lodochny.top # NO_RESOLVE
lofilm.fun # NO_RESOLVE
loft-konfeta.ru # NO_RESOLVE
logic-books.info # NO_RESOLVE
logic-imitrex400.com # NO_RESOLVE
logic-imitrex400tech.com # NO_RESOLVE
logistic-corp.ru # NO_RESOLVE
logo-sad.online # NO_RESOLVE
logo7.ru # NO_RESOLVE
logonika.ru # NO_RESOLVE
logovohd.online # NO_RESOLVE
loibazzar.com # NO_RESOLVE
loki.expert # NO_RESOLVE
lolaslenceria.com # NO_RESOLVE
lolo.lscfdfilm.buzz # NO_RESOLVE
lom.herrutor.site # NO_RESOLVE
lomivaxportfolio.com # NO_RESOLVE
lomizov.ru # NO_RESOLVE
lomku-snyat.online # NO_RESOLVE
lonameg.ru # NO_RESOLVE
londmatex-app.com # NO_RESOLVE
londonjack.art # NO_RESOLVE
londonjack.site # NO_RESOLVE
longamub.online # NO_RESOLVE
longamub.ru # NO_RESOLVE
longsharks.com # NO_RESOLVE
lookboysex.cc # NO_RESOLVE
lookina.ru # NO_RESOLVE
lookitrussia.ru # NO_RESOLVE
lookplain.com # NO_RESOLVE
lookseries.online # NO_RESOLVE
loortcerial.icu # NO_RESOLVE
lootrun.1608.click # TOO_MANY_DIGITS (4)
lootrun.1616.click # TOO_MANY_DIGITS (4)
lootrun.1624.click # TOO_MANY_DIGITS (4)
lopezbrothers.ru # NO_RESOLVE
lora-nn.ru # NO_RESOLVE
lorfdiim.online # NO_RESOLVE
lorlddfilm2025.ru # TOO_MANY_DIGITS (4)
lorldfilms-novinki2025.ru # TOO_MANY_DIGITS (4)
lorldfilms2025hd.ru # TOO_MANY_DIGITS (4)
lorni-xal.world # NO_RESOLVE
losfilms.cam # NO_RESOLVE
losttv.cyou # NO_RESOLVE
losttv.icu # NO_RESOLVE
losttv.ink # NO_RESOLVE
losttv.world # NO_RESOLVE
lot.lg.ua # TLD_UA
loto.org.ua # TLD_UA
lotosomsk.ru # NO_RESOLVE
lounge-bar1.ru # NO_RESOLVE
lova-11.l1ve.online # NO_RESOLVE
lova-115.37n.click # TOO_MANY_DIGITS (5)
lova-119.22a.buzz # TOO_MANY_DIGITS (5)
lova-120.79a.buzz # TOO_MANY_DIGITS (5)
lova-124.00a.buzz # TOO_MANY_DIGITS (5)
lova-126.21n.click # TOO_MANY_DIGITS (5)
lova-134.t58.online # TOO_MANY_DIGITS (5)
lova-138.t18.buzz # TOO_MANY_DIGITS (5)
lova-147.53t.click # TOO_MANY_DIGITS (5)
lova-15.silver-mob60.ru # TOO_MANY_DIGITS (4)
lova-159.59x.buzz # TOO_MANY_DIGITS (5)
lova-16.dep-mega58.ru # TOO_MANY_DIGITS (4)
lova-16.star-ultra29.ru # TOO_MANY_DIGITS (4)
lova-16.vosob.ru # NO_RESOLVE
lova-17.bablo-hot88.ru # TOO_MANY_DIGITS (4)
lova-174.25i.online # TOO_MANY_DIGITS (5)
lova-185.31g.click # TOO_MANY_DIGITS (5)
lova-186.67m.buzz # TOO_MANY_DIGITS (5)
lova-189.54m.click # TOO_MANY_DIGITS (5)
lova-190.11m.click # TOO_MANY_DIGITS (5)
lova-191.20m.buzz # TOO_MANY_DIGITS (5)
lova-196.350w.buzz # TOO_MANY_DIGITS (6)
lova-204.369b.top # TOO_MANY_DIGITS (6)
lova-207.15v.click # TOO_MANY_DIGITS (5)
lova-30.top99.buzz # TOO_MANY_DIGITS (4)
lova-60.91cas.buzz # TOO_MANY_DIGITS (4)
lova-65.12e.click # TOO_MANY_DIGITS (4)
lova-71.20t.click # TOO_MANY_DIGITS (4)
lova-72.83e.top # TOO_MANY_DIGITS (4)
lova-74.35e.click # TOO_MANY_DIGITS (4)
lova-75.55e.click # TOO_MANY_DIGITS (4)
lova-76.35n.store # TOO_MANY_DIGITS (4)
lova-84.31t.click # TOO_MANY_DIGITS (4)
lova-89.126r.top # TOO_MANY_DIGITS (5)
lova.0601.one # TOO_MANY_DIGITS (4)
lova.1608.click # TOO_MANY_DIGITS (4)
lova.1621.click # TOO_MANY_DIGITS (4)
lova.1623.click # TOO_MANY_DIGITS (4)
lova.1624.click # TOO_MANY_DIGITS (4)
lova.click # NO_RESOLVE
lova.uno # NO_RESOLVE
lovada.art # NO_RESOLVE
love-doramy.ru # NO_RESOLVE
love-portal.ru # NO_RESOLVE
love-sayt.ru # NO_RESOLVE
love-shop-1300.homes # TOO_MANY_DIGITS (4)
love-shop-1300.shop # TOO_MANY_DIGITS (4)
love-shop-1300.top # TOO_MANY_DIGITS (4)
love.i.ua # TLD_UA
lovedmarket.ru # NO_RESOLVE
loveecho.life # NO_RESOLVE
loveecho.site # NO_RESOLVE
loveecho.website # NO_RESOLVE
loveecho.xyz # NO_RESOLVE
lovegav.ru # NO_RESOLVE
loveki.ru # NO_RESOLVE
lovelopt.ru # NO_RESOLVE
lovemoschinostor.biz # NO_RESOLVE
lovepattaya.com # NO_RESOLVE
loveread.avivas.online # NO_RESOLVE
loveread.com.ua # TLD_UA
loveread.site # NO_RESOLVE
loveread2.avivas.online # NO_RESOLVE
loverollers.com # NO_RESOLVE
loverubles.online # NO_RESOLVE
loveshop.biz.24rc.lol # NO_RESOLVE
loveshop1.com # NO_RESOLVE
loveshop12.biz # NO_RESOLVE
loveshop13.biz # NO_RESOLVE
loveshop1300.cfd # TOO_MANY_DIGITS (4)
loveshop1300.sbs # TOO_MANY_DIGITS (4)
loveshop1300.top # TOO_MANY_DIGITS (4)
loveshop1300.yachts # TOO_MANY_DIGITS (4)
loveshop1700.pw # TOO_MANY_DIGITS (4)
loveshop2.com # NO_RESOLVE
loveshop2023.biz # TOO_MANY_DIGITS (4)
loveshop2024.biz # TOO_MANY_DIGITS (4)
loveshop3.com # NO_RESOLVE
loveshop4.com # NO_RESOLVE
loveshope1.biz # NO_RESOLVE
loveshope1300.biz # TOO_MANY_DIGITS (4)
loveshope14.biz # NO_RESOLVE
loveshope16.biz # NO_RESOLVE
lovikino.ru # NO_RESOLVE
lovisam.net # NO_RESOLVE
low.quest # NO_RESOLVE
loyal.1616.click # TOO_MANY_DIGITS (4)
loydgymb.com # NO_RESOLVE
lozalimana.ru # NO_RESOLVE
lp.abbygo.ru # NO_RESOLVE
lp.radissonsochi.ru # NO_RESOLVE
lqwopzmb.com # NO_RESOLVE
lra69.cc # NO_RESOLVE
lrbs.ru # NO_RESOLVE
lrgsu.online # NO_RESOLVE
lrjtxyia.xn----7sbbas7adbh1ak4hek1gg.xn--p1ai # TOO_MANY_DIGITS (6)
ls.ashoo.wtf # NO_RESOLVE
ls1567.ru # TOO_MANY_DIGITS (4)
ls23.biz # NO_RESOLVE
ls24.biz # NO_RESOLVE
ls24biz.com # NO_RESOLVE
lsbfakyx.ru # NO_RESOLVE
lschool4-do.online # NO_RESOLVE
lsdforsale.us # NO_RESOLVE
lsg.top-sofosbuvir1.ru # NO_RESOLVE
lsltd.ru # NO_RESOLVE
lsmmaster.com # NO_RESOLVE
lssc-rt.ru # NO_RESOLVE
ltd-mining.pro # NO_RESOLVE
ltdviagragogo.com # NO_RESOLVE
ltmix-tws.ru # NO_RESOLVE
lu.slushaikniguu.shop # NO_RESOLVE
lub.top-sofosbuvir1.ru # NO_RESOLVE
lubercionline.ru # NO_RESOLVE
lubert-bis.ru # NO_RESOLVE
luchi-yug.ru # NO_RESOLVE
luchistii-sudak.ru # NO_RESOLVE
luchshie-tws-naushniki.ru # NO_RESOLVE
lucivest.com # NO_RESOLVE
ludorvay-shkola.ru # NO_RESOLVE
lufugoy7.ru # NO_RESOLVE
luifilm.net # NO_RESOLVE
lukamaker.ru # NO_RESOLVE
lukar-bio.ru # NO_RESOLVE
lukc.vidak.icu # NO_RESOLVE
luketmyn.online # NO_RESOLVE
lukomorietomsk.ru # NO_RESOLVE
luks-service.ru # NO_RESOLVE
lumenvestasset.com # NO_RESOLVE
lumenxentor-software.com # NO_RESOLVE
lumenxentorsoftware.com # NO_RESOLVE
lumerie.ru # NO_RESOLVE
lumiar-bitrow.com # NO_RESOLVE
lumicapmarkets.com # NO_RESOLVE
lumilorrussia.ru # NO_RESOLVE
lumineorpro-app.com # NO_RESOLVE
luminexoptions.com # NO_RESOLVE
lumipilot.com # NO_RESOLVE
lunargalacticassets.com # NO_RESOLVE
lunasmile.ru # NO_RESOLVE
lunavetroxionsystem.com # NO_RESOLVE
lunirex-acte-engine.com # NO_RESOLVE
lupahoe3.ru # NO_RESOLVE
lupetta.ru # NO_RESOLVE
lushavest.com # NO_RESOLVE
lushtera.click # NO_RESOLVE
lusteroid.ru # NO_RESOLVE
lustfulyoung.com # NO_RESOLVE
lutionfave.ru # NO_RESOLVE
lutomaks.ru # NO_RESOLVE
lutsk.rayon.in.ua # TLD_UA
luuxurrycooursse.shop # NO_RESOLVE
luvleeco.com # NO_RESOLVE
lux-english-kids.ru # NO_RESOLVE
lux-star.ru # NO_RESOLVE
lux-study.ru # NO_RESOLVE
lux1.vip # NO_RESOLVE
lux5000.com # TOO_MANY_DIGITS (4)
luxable.ru # NO_RESOLVE
luxbrink.com # NO_RESOLVE
luxeasymiras-app.com # NO_RESOLVE
luxeasymiras-soft.com # NO_RESOLVE
luxeriseessenza.net # NO_RESOLVE
luxifunds.com # NO_RESOLVE
luxlashhair.ru # NO_RESOLVE
luxsuccsseful.site # NO_RESOLVE
luxtorrent.club # NO_RESOLVE
luxverblitzai-engine.com # NO_RESOLVE
luxvermo-platform.com # NO_RESOLVE
luxvermo.net # NO_RESOLVE
luxvisionexchange-app.com # NO_RESOLVE
luxvk.pro # NO_RESOLVE
lv-aliance.ru # NO_RESOLVE
lviv1256.com # TOO_MANY_DIGITS (4)
lvl-singapore-pte.pro # NO_RESOLVE
lvmshop.biz # NO_RESOLVE
lxmanga.cfd # NO_RESOLVE
lyagushonok.com.ua # TLD_UA
lyakakaya.ru # NO_RESOLVE
lyc32.online # NO_RESOLVE
lyceum-erudite.at.ua # TLD_UA
lyceum45.ru # NO_RESOLVE
lyhuhae5.ru # NO_RESOLVE
lysakov2016.ru # TOO_MANY_DIGITS (4)
lysbjergportalis.com # NO_RESOLVE
lyubereckii.ru # NO_RESOLVE
lyubertsy.szao-info.online # NO_RESOLVE
lyublyu-no.ru # NO_RESOLVE
lyubopytnaya-varvara-2024.tuftingmineev.ru # TOO_MANY_DIGITS (4)
lyumyan72.ru # NO_RESOLVE
lyxyry.ru # NO_RESOLVE
m-812.ru # NO_RESOLVE
m-alhassanain.com # NO_RESOLVE
m-bet.co.tz # NO_RESOLVE
m-city-klarqd.biz.net.ru # NO_RESOLVE
m-enabling.ru # NO_RESOLVE
m-merydian.com.ua # TLD_UA
m-nedv.online # NO_RESOLVE
m-nedv.ru # NO_RESOLVE
m.4k-hd.cyou # NO_RESOLVE
m.all-xxx-videos.com # NO_RESOLVE
m.altxnxx.com # NO_RESOLVE
m.altxvideos.com # NO_RESOLVE
m.atx45.shop # NO_RESOLVE
m.censor.net.ua # TLD_UA
m.checksporn.com # NO_RESOLVE
m.devaclub.ru # NO_RESOLVE
m.dzhenerik-shop.ru # NO_RESOLVE
m.e-mogilev.by # NO_RESOLVE
m.eterna.sbs # NO_RESOLVE
m.filmqwq.online # NO_RESOLVE
m.filmys.site # NO_RESOLVE
m.gazeta.ua # TLD_UA
m.geo-r.trkgo.co # NO_RESOLVE
m.glavnoe.ua # TLD_UA
m.kekporn.com # NO_RESOLVE
m.kontrakty.ua # TLD_UA
m.mail-pm18.com # NO_RESOLVE
m.mega555nel9.com # TOO_MANY_DIGITS (4)
m.pornintent.com # NO_RESOLVE
m.porno365x.bike # NO_RESOLVE
m.pornobriz.life # NO_RESOLVE
m.pornostaz.me # NO_RESOLVE
m.pornostaz.vip # NO_RESOLVE
m.protorrent.fun # NO_RESOLVE
m.rojadirectatv.global # NO_RESOLVE
m.rus-xnxx.com # NO_RESOLVE
m.shalena-maika.ua # TLD_UA
m.staroeporno.link # NO_RESOLVE
m.stopfilms.info # NO_RESOLVE
m.traxvideos2.com # NO_RESOLVE
m.trending.network # NO_RESOLVE
m.tube2.me # NO_RESOLVE
m.ultradox.fun # NO_RESOLVE
m.wowxnxx.com # NO_RESOLVE
m.xhamster.com # NO_RESOLVE
m.xn----7sbbas7adbh1ak4hek1gg.xn--p1ai # TOO_MANY_DIGITS (6)
m.xnxx-rus4.com # NO_RESOLVE
m.xnxxmirror.com # NO_RESOLVE
m.xnxxpost.com # NO_RESOLVE
m.zonafilm.life # NO_RESOLVE
m0329.a-markets.org # TOO_MANY_DIGITS (4)
m0410.a-markets.org # TOO_MANY_DIGITS (4)
m0712.a-markets.org # TOO_MANY_DIGITS (4)
m0809.a-markets.org # TOO_MANY_DIGITS (4)
m0912.a-markets.org # TOO_MANY_DIGITS (4)
m0927.a-markets.org # TOO_MANY_DIGITS (4)
m1.film-2022.net # TOO_MANY_DIGITS (5)
m1.filmqwq.online # NO_RESOLVE
m1.filmys.site # NO_RESOLVE
m1.porno666.cloud # TOO_MANY_DIGITS (4)
m1.zonafilm.life # NO_RESOLVE
m1004.a-markets.org # TOO_MANY_DIGITS (4)
m1103.a-markets.org # TOO_MANY_DIGITS (4)
m1711.a-markets.org # TOO_MANY_DIGITS (4)
m19komrad.biz # NO_RESOLVE
m19medok.biz # NO_RESOLVE
m19patron.biz # NO_RESOLVE
m1mining.com # NO_RESOLVE
m2.filmqwq.online # NO_RESOLVE
m2.zonafilm.life # NO_RESOLVE
m2552.a-markets.org # TOO_MANY_DIGITS (4)
m2kra.to # NO_RESOLVE
m3-ga.at # NO_RESOLVE
m3.erkiss.link # NO_RESOLVE
m3.filmqwq.online # NO_RESOLVE
m3.zonafilm.life # NO_RESOLVE
m356e4f.royal-ru.com # TOO_MANY_DIGITS (4)
m3market6.at # NO_RESOLVE
m4.filmqwq.online # NO_RESOLVE
m5488.a-markets.org # TOO_MANY_DIGITS (4)
m6.filmqwq.online # NO_RESOLVE
m7.filmqwq.online # NO_RESOLVE
m7c5469.royal-ru.com # TOO_MANY_DIGITS (5)
m9av.vidak.icu # NO_RESOLVE
ma.gamesprout.ru # NO_RESOLVE
ma8.tytgay1.xyz # NO_RESOLVE
maat.org.ru # NO_RESOLVE
macaroncafe.ru # NO_RESOLVE
macbug.ru # NO_RESOLVE
macedoniatoday.ru # NO_RESOLVE
maconikazan.ru # NO_RESOLVE
macro-cap.org # NO_RESOLVE
mad.1616.click # TOO_MANY_DIGITS (4)
madamclear.ru # NO_RESOLVE
madar365.com # NO_RESOLVE
madein.kg # NO_RESOLVE
madinasiddiqui.com # NO_RESOLVE
madonasvsk.lv # NO_RESOLVE
madou16prk.ru # NO_RESOLVE
madourodnichok.ru # NO_RESOLVE
maestrosyncapp.com # NO_RESOLVE
mafia-link.ru # NO_RESOLVE
mafia-old.ru # NO_RESOLVE
mafia-rut.online # NO_RESOLVE
mafia-rut.ru # NO_RESOLVE
mag5.ru # NO_RESOLVE
magaero-kzn.ru # NO_RESOLVE
magang.id # NO_RESOLVE
magasha.ru # NO_RESOLVE
magaz.sigioptom.shop # NO_RESOLVE
magazbena.net # NO_RESOLVE
magazin-n1.online # NO_RESOLVE
magazin.sigioptom.shop # NO_RESOLVE
magazinstroi.ru # NO_RESOLVE
magellan-ltd.com # NO_RESOLVE
magia-utra.ru # NO_RESOLVE
magic-lime.christmas # NO_RESOLVE
magic-lime.today # NO_RESOLVE
magic-lime.top # NO_RESOLVE
magic-svet.ru # NO_RESOLVE
magicx.club # NO_RESOLVE
magor-vel.online # NO_RESOLVE
magor-vel.ru # NO_RESOLVE
magstyle-info.ru # NO_RESOLVE
mah.top-sofosbuvir1.ru # NO_RESOLVE
mahala.com.ua # TLD_UA
mahmffdfetxepfuc.w12mhmsaporr.live # NO_RESOLVE
maidan.org.ua # TLD_UA
maidenly.ru # NO_RESOLVE
maikoff.ua # TLD_UA
mail-pm12.com # NO_RESOLVE
mail-pm18.com # NO_RESOLVE
mail-pm5.com # NO_RESOLVE
mail.i.ua # TLD_UA
mail.lekarstvadarom.ru # NO_RESOLVE
mail.online.ua # TLD_UA
mail.tvbox-baraholka.ru # NO_RESOLVE
mail.vikuplekarstva.ru # NO_RESOLVE
mail.xn----7sbbas7adbh1ak4hek1gg.xn--p1ai # TOO_MANY_DIGITS (6)
mail24volcano.com # NO_RESOLVE
maileldoclub.com # NO_RESOLVE
mailpart.ru # NO_RESOLVE
mainecoonkitten.ru # NO_RESOLVE
maingayporn.cc # NO_RESOLVE
mainwork.net # NO_RESOLVE
majalisna.com # NO_RESOLVE
mak-fly.ru # NO_RESOLVE
makanicorporate.biz # NO_RESOLVE
makarov.delfin-msk.online # NO_RESOLVE
makeelityaa.com # NO_RESOLVE
makehighautos9.live # NO_RESOLVE
makemer14.com # NO_RESOLVE
makeup.com.ua # TLD_UA
makeupgames.ru # NO_RESOLVE
makingmaterials.com # NO_RESOLVE
makota.ru # NO_RESOLVE
maksigon.xyz # NO_RESOLVE
male.gaywebcam.online # NO_RESOLVE
malgrimia.kh.ua # TLD_UA
malina-11.31k.buzz # TOO_MANY_DIGITS (4)
malina-24.00k.buzz # TOO_MANY_DIGITS (4)
malina.1583.buzz # TOO_MANY_DIGITS (4)
malina.1608.click # TOO_MANY_DIGITS (4)
malina.1616.click # TOO_MANY_DIGITS (4)
malinkahostel.ru # NO_RESOLVE
malinochka.com # NO_RESOLVE
malinovka-vkk.ru # NO_RESOLVE
malivice.ru # NO_RESOLVE
mallard.pro # NO_RESOLVE
mallwalkers.ru # NO_RESOLVE
malomernoe.top # NO_RESOLVE
maloobaby.ru # NO_RESOLVE
malstrana-nn.ru # NO_RESOLVE
mama-vrach.com # NO_RESOLVE
mamadysh-rdk.ru # NO_RESOLVE
mamaphotography.ru # NO_RESOLVE
mamaplus.md # NO_RESOLVE
mamapornovideo.org # NO_RESOLVE
mamasdetmi.ru # NO_RESOLVE
mamcraft.com # NO_RESOLVE
maminbaby.ru # NO_RESOLVE
mampu.bappenas.go.id # NO_RESOLVE
manabzamin.net # NO_RESOLVE
maneo.website # NO_RESOLVE
mangagojo.com # NO_RESOLVE
mangalcity.ru # NO_RESOLVE
manhwaraw.club # NO_RESOLVE
manifest.in.ua # TLD_UA
manipulyator.kh.ua # TLD_UA
manipulyatory-v-spb.ru # NO_RESOLVE
mannelli.ru # NO_RESOLVE
manny-curie.ru # NO_RESOLVE
mansurcargo.ru # NO_RESOLVE
manvideos.xxx # NO_RESOLVE
map.sogou.com # NO_RESOLVE
map.xn----7sbbas7adbh1ak4hek1gg.xn--p1ai # TOO_MANY_DIGITS (6)
mapmiao.com # NO_RESOLVE
maprb.ru # NO_RESOLVE
maps.xn----7sbbas7adbh1ak4hek1gg.xn--p1ai # TOO_MANY_DIGITS (6)
mapsnapps.com # NO_RESOLVE
marakuya.site # NO_RESOLVE
maranit.ru # NO_RESOLVE
marashoes.ru # NO_RESOLVE
marchukov-school.ru # NO_RESOLVE
marcinitech.com # NO_RESOLVE
marcozer0.spaces.live.com # NO_RESOLVE
marginrivouengine.com # NO_RESOLVE
maria-centr.ru # NO_RESOLVE
maria-gorozhankina.ru # NO_RESOLVE
mariamitina.ru # NO_RESOLVE
mariaviskunova.com # NO_RESOLVE
marieclaire.ua # TLD_UA
mariiaseriak.incruises.co # NO_RESOLVE
marikiviniemi.net # NO_RESOLVE
marine-grand.ru # NO_RESOLVE
mario-rossi.ru # NO_RESOLVE
mariskazka.ru # NO_RESOLVE
mark-motors.ru # NO_RESOLVE
mark.lviv.ua # TLD_UA
markalife.ru # NO_RESOLVE
markenique.com # NO_RESOLVE
market-ht.ru # NO_RESOLVE
market-omg.cc # NO_RESOLVE
market-omgomg.cc # NO_RESOLVE
market-sizo.ru # NO_RESOLVE
market-torzon.info # NO_RESOLVE
market-travel.ru # NO_RESOLVE
market-triptop.ru # NO_RESOLVE
market24.space # NO_RESOLVE
marketai.exchange # NO_RESOLVE
marketaiexchange.io # NO_RESOLVE
marketcapholdings.com # NO_RESOLVE
marketcheki1.shop # NO_RESOLVE
marketdark.net # NO_RESOLVE
marketer.ua # TLD_UA
marketforward.icu # NO_RESOLVE
marketkroi.ru # NO_RESOLVE
marketmeld.live # NO_RESOLVE
marketoptions.net # NO_RESOLVE
marketquotes24.com # NO_RESOLVE
marketresource-365.com # NO_RESOLVE
marketshkur.com # NO_RESOLVE
marketsoptions.com # NO_RESOLVE
marketswiftincome.com # NO_RESOLVE
markline.digital # NO_RESOLVE
maroder.com.ua # TLD_UA
marptex.ru # NO_RESOLVE
marshrut74.ru # NO_RESOLVE
marshzhinok.com.ua # TLD_UA
martel.club # NO_RESOLVE
marti-velikolepnyj-2025.telefonski-imenik.biz # TOO_MANY_DIGITS (4)
martin-1asc.top # NO_RESOLVE
martin-1mo.top # NO_RESOLVE
martin-1ru.top # NO_RESOLVE
martin-1sc.top # NO_RESOLVE
martin-1us.top # NO_RESOLVE
martin-1za.ru # NO_RESOLVE
martin-2kas.top # NO_RESOLVE
martin-2mo.top # NO_RESOLVE
martin-2sc.top # NO_RESOLVE
martin-3mo.top # NO_RESOLVE
martin-4mo.top # NO_RESOLVE
martin-aceity1.ru # NO_RESOLVE
martin-agro1.ru # NO_RESOLVE
martin-arty1.ru # NO_RESOLVE
martin-bazy1.ru # NO_RESOLVE
martin-bazy2.ru # NO_RESOLVE
martin-cak1.top # NO_RESOLVE
martin-cas1.top # NO_RESOLVE
martin-cas2.top # NO_RESOLVE
martin-cas3.top # NO_RESOLVE
martin-casi1.top # NO_RESOLVE
martin-casi1ac.top # NO_RESOLVE
martin-caz3.top # NO_RESOLVE
martin-cazik111.ru # NO_RESOLVE
martin-cazik112.ru # NO_RESOLVE
martin-cmaty1.ru # NO_RESOLVE
martin-czk1.top # NO_RESOLVE
martin-dep1.ru # NO_RESOLVE
martin-dep2.ru # NO_RESOLVE
martin-deshy1.ru # NO_RESOLVE
martin-deshy2.ru # NO_RESOLVE
martin-expy1.ru # NO_RESOLVE
martin-expy2.ru # NO_RESOLVE
martin-food1.ru # NO_RESOLVE
martin-iveloy1.ru # NO_RESOLVE
martin-iveloy2.ru # NO_RESOLVE
martin-kac1.top # NO_RESOLVE
martin-kac2.top # NO_RESOLVE
martin-kaz1.ru # NO_RESOLVE
martin-kaz1.top # NO_RESOLVE
martin-kaz2.ru # NO_RESOLVE
martin-kaz2.top # NO_RESOLVE
martin-kazik-avit1.top # NO_RESOLVE
martin-kazik-avit2.top # NO_RESOLVE
martin-kazik-avit3.top # NO_RESOLVE
martin-kazin1.ru # NO_RESOLVE
martin-kdmy1.ru # NO_RESOLVE
martin-kic1.top # NO_RESOLVE
martin-kic2.top # NO_RESOLVE
martin-kkk1.top # NO_RESOLVE
martin-kkk2.top # NO_RESOLVE
martin-krestny1.ru # NO_RESOLVE
martin-krestny2.ru # NO_RESOLVE
martin-kuhny1.ru # NO_RESOLVE
martin-kuhny2.ru # NO_RESOLVE
martin-kurjy1.ru # NO_RESOLVE
martin-kurjy2.ru # NO_RESOLVE
martin-mirr1001.ru # TOO_MANY_DIGITS (4)
martin-mirr101.ru # NO_RESOLVE
martin-mirr102.ru # NO_RESOLVE
martin-mirror011.ru # NO_RESOLVE
martin-mirror1.top # NO_RESOLVE
martin-mirror2.top # NO_RESOLVE
martin-mirror3.top # NO_RESOLVE
martin-musy1.ru # NO_RESOLVE
martin-musy2.ru # NO_RESOLVE
martin-offs1.top # NO_RESOLVE
martin-online1.ru # NO_RESOLVE
martin-opty1.ru # NO_RESOLVE
martin-opty2.ru # NO_RESOLVE
martin-pozitivny2.ru # NO_RESOLVE
martin-prosy1.ru # NO_RESOLVE
martin-prosy2.ru # NO_RESOLVE
martin-rozzy1.ru # NO_RESOLVE
martin-rozzy2.ru # NO_RESOLVE
martin-shkafy1.ru # NO_RESOLVE
martin-sobraty1.ru # NO_RESOLVE
martin-sobraty2.ru # NO_RESOLVE
martin-spacy1.top # NO_RESOLVE
martin-spacy2.top # NO_RESOLVE
martin-teatry1.ru # NO_RESOLVE
martin-tiny1.ru # NO_RESOLVE
martin-tiny2.ru # NO_RESOLVE
martin-torty1.top # NO_RESOLVE
martin-vinny1.ru # NO_RESOLVE
martin-vinny2.ru # NO_RESOLVE
martin-vlmusy1.ru # NO_RESOLVE
martin-vyvmety1.ru # NO_RESOLVE
martin-way-three.com # NO_RESOLVE
martin.1621.click # TOO_MANY_DIGITS (4)
martin.1812.games # TOO_MANY_DIGITS (4)
martin.3012.games # TOO_MANY_DIGITS (4)
martin00.top # NO_RESOLVE
martin100.ru # NO_RESOLVE
martin1200.top # TOO_MANY_DIGITS (4)
martin1300.top # TOO_MANY_DIGITS (4)
martin1335.top # TOO_MANY_DIGITS (4)
martin1340.top # TOO_MANY_DIGITS (4)
martin1341.top # TOO_MANY_DIGITS (4)
martin197.buzz # NO_RESOLVE
martin1996.top # TOO_MANY_DIGITS (4)
martin1997.top # TOO_MANY_DIGITS (4)
martin1ny.top # NO_RESOLVE
martin200.ru # NO_RESOLVE
martin2000.top # TOO_MANY_DIGITS (4)
martin2025.top # TOO_MANY_DIGITS (4)
martin2100.top # TOO_MANY_DIGITS (4)
martin300.ru # NO_RESOLVE
martinc.top # NO_RESOLVE
martincas-gen1.top # NO_RESOLVE
martincas-mem1.top # NO_RESOLVE
martincas-mem2.top # NO_RESOLVE
martincas-mem3.top # NO_RESOLVE
martincas-nastavnik1.top # NO_RESOLVE
martincas-opt1.ru # NO_RESOLVE
martincas-opt2.ru # NO_RESOLVE
martincas-rus1.ru # NO_RESOLVE
martincas-rus2.ru # NO_RESOLVE
martincas-spec1.ru # NO_RESOLVE
martincas1.top # NO_RESOLVE
martincas3220.top # TOO_MANY_DIGITS (4)
martincasingo-art1.ru # NO_RESOLVE
martincasingo-art2.ru # NO_RESOLVE
martincaz-an1.ru # NO_RESOLVE
martincaz-an2.ru # NO_RESOLVE
martincaz-obl1.top # NO_RESOLVE
martincaz-ru1.top # NO_RESOLVE
martincaz-sel1.top # NO_RESOLVE
martincaz-sel2.top # NO_RESOLVE
martincaz-soh1.ru # NO_RESOLVE
martincaz-soh2.ru # NO_RESOLVE
martincaz1-prof.ru # NO_RESOLVE
martincaz1.top # NO_RESOLVE
martincaz2.top # NO_RESOLVE
martincazikrf1.top # NO_RESOLVE
martincazikrf2.top # NO_RESOLVE
martincazz-101.top # NO_RESOLVE
martincazz-102.top # NO_RESOLVE
martincazzzino1.top # NO_RESOLVE
martincazzzino2.top # NO_RESOLVE
martinckazik-hs1.top # NO_RESOLVE
martinkaz-kam1.ru # NO_RESOLVE
martinkaz-kam2.ru # NO_RESOLVE
martinkaz-mam2.top # NO_RESOLVE
martinkaz1.top # NO_RESOLVE
martinkazik-gal3.top # NO_RESOLVE
martinkazik1.top # NO_RESOLVE
martinkazin111.top # NO_RESOLVE
martinkazin112.top # NO_RESOLVE
martinkazzik-luch181.top # NO_RESOLVE
martinkazzik-mos1.ru # NO_RESOLVE
martinkazzik-mos2.ru # NO_RESOLVE
martinwv0.com # NO_RESOLVE
martynov-spb.ru # NO_RESOLVE
marussiamotors.ru # NO_RESOLVE
marvel-movie.cam # NO_RESOLVE
marvel-movie.su # NO_RESOLVE
maryatex.ru # NO_RESOLVE
maryino-klinika.ru # NO_RESOLVE
maryjanebar.ru # NO_RESOLVE
marylandrecipes.org # NO_RESOLVE
mashenka-club.ru # NO_RESOLVE
mashyna.com.ua # TLD_UA
maslopodsolnechnoe.ru # NO_RESOLVE
masralarabia.com # NO_RESOLVE
massolit.club # NO_RESOLVE
massxgravity.com # NO_RESOLVE
master-cards.ru # NO_RESOLVE
master-i-margarita-2005-x1-d2.swezhak.su # TOO_MANY_DIGITS (6)
master-pab.ru # NO_RESOLVE
master-potolka-korolev.ru # NO_RESOLVE
master-studio.com.ua # TLD_UA
master-vpn.ru # NO_RESOLVE
masterfibre63.ru # NO_RESOLVE
mastergame.site # NO_RESOLVE
masterstend31.ru # NO_RESOLVE
mastertrip24.biz # NO_RESOLVE
mastumed.online # NO_RESOLVE
mastumed.ru # NO_RESOLVE
masturbationgirl.com # NO_RESOLVE
masuma-m.ru # NO_RESOLVE
mat-ege.ru # NO_RESOLVE
mataderoeditorial.com # NO_RESOLVE
matamatanews.com # NO_RESOLVE
matanga.to # NO_RESOLVE
match-7000partners.com # TOO_MANY_DIGITS (4)
mateo-glass.com # NO_RESOLVE
mathmasters.ru # NO_RESOLVE
matildajaneslc.com # NO_RESOLVE
matolast.online # NO_RESOLVE
matolast.ru # NO_RESOLVE
matras-sklad.com.ua # TLD_UA
matrasec.ru # NO_RESOLVE
matraster.ru # NO_RESOLVE
matrix-autoclub.ru # NO_RESOLVE
matrix-renata.ru # NO_RESOLVE
matrofirm.com # NO_RESOLVE
matthewokrah.com # NO_RESOLVE
matural.nl # NO_RESOLVE
mature-orgasm.com # NO_RESOLVE
matureones.com # NO_RESOLVE
maturhouse.ru # NO_RESOLVE
maulee.cl # NO_RESOLVE
mauzepols.online # NO_RESOLVE
maviatex.ru # NO_RESOLVE
mavriktlv.ru # NO_RESOLVE
mawabox.com # NO_RESOLVE
mawred.org # NO_RESOLVE
max-platform.xyz # NO_RESOLVE
maxachkala.vipster.net # NO_RESOLVE
maxenergy.com.mm # NO_RESOLVE
maxfish.com.ua # TLD_UA
maxima-fund.com # NO_RESOLVE
maxima-konsalt.ru # NO_RESOLVE
maximarkets.ai # NO_RESOLVE
maximarkets.co # NO_RESOLVE
maximarkets.cx # NO_RESOLVE
maximarkets.info # NO_RESOLVE
maximarkets.io # NO_RESOLVE
maximarkets.pw # NO_RESOLVE
maximkostrov.ru # NO_RESOLVE
maximsitnikov.ru # NO_RESOLVE
maximum11.ru # NO_RESOLVE
maximumrb.ru # NO_RESOLVE
maxiplus.cc # NO_RESOLVE
maxizdrav.ru # NO_RESOLVE
maxsport.one # NO_RESOLVE
maxstrides.com # NO_RESOLVE
maxwealthtrusts.com # NO_RESOLVE
maxxgym.ru # NO_RESOLVE
maxximum.com.ua # TLD_UA
may145.tvhub.today # NO_RESOLVE
mayak.org.ua # TLD_UA
mayak3.com.ua # TLD_UA
mayakonline.ru # NO_RESOLVE
mayalazarenskaya.ru # NO_RESOLVE
maydan.ca # NO_RESOLVE
mayday.com.ua # TLD_UA
mayhrnd.info # NO_RESOLVE
maywelsh.com # NO_RESOLVE
mazahost.com # NO_RESOLVE
mazhit-gafuri.live # NO_RESOLVE
mazhit-gafuri.site # NO_RESOLVE
mb-pansionat.ru # NO_RESOLVE
mb6k2s.c97.org # TOO_MANY_DIGITS (4)
mbdou119lip.ru # NO_RESOLVE
mbdou126.ru # NO_RESOLVE
mbdou14-yeisk.ru # NO_RESOLVE
mbdou141.ru # NO_RESOLVE
mbdou221.ru # NO_RESOLVE
mbdou234.ru # NO_RESOLVE
mbdou26.ru # NO_RESOLVE
mbdou30uoggo.ru # NO_RESOLVE
mbdou4-norilsk.ru # NO_RESOLVE
mbdou5.ru # NO_RESOLVE
mbdouds16.ru # NO_RESOLVE
mbdoudsr9.ru # NO_RESOLVE
mbf-vernost.ru # NO_RESOLVE
mbfs.com.ua # TLD_UA
mbhomes.ru # NO_RESOLVE
mbis.su # NO_RESOLVE
mbou-sosh3.ru # NO_RESOLVE
mboutsosh.ru # NO_RESOLVE
mc.aspuris.ru # NO_RESOLVE
mc.ecoacademiya.ru # NO_RESOLVE
mc.vizov-uzi.ru # NO_RESOLVE
mc120x80.online # TOO_MANY_DIGITS (5)
mc120x80.ru # TOO_MANY_DIGITS (5)
mcaritas.org # NO_RESOLVE
mcdrlebanon.org # NO_RESOLVE
mcfemina.ru # NO_RESOLVE
mchost.guru # NO_RESOLVE
mcplatform.pro # NO_RESOLVE
mcramn.ru # NO_RESOLVE
mcrg.ac.in # NO_RESOLVE
mcuzakamna.ru # NO_RESOLVE
md.sui-network.mom # NO_RESOLVE
mdbtv.online # NO_RESOLVE
mdc-telecom.ru # NO_RESOLVE
mdefinex.com # NO_RESOLVE
mdou-gvozdika38.ru # NO_RESOLVE
mdou06-smol.ru # NO_RESOLVE
mdou103lip.ru # NO_RESOLVE
mdou12-safonovo.ru # NO_RESOLVE
mdou124lip.ru # NO_RESOLVE
mdou20.ru # NO_RESOLVE
mdou22-safonovo.ru # NO_RESOLVE
mdou24-teremok.ru # NO_RESOLVE
mdou34ang.ru # NO_RESOLVE
mdou4-dinsk.ru # NO_RESOLVE
mdou41-smol.ru # NO_RESOLVE
mdou44lip.ru # NO_RESOLVE
mdou5-pjatigorsk.ru # NO_RESOLVE
mdou62lip.ru # NO_RESOLVE
mdou7-rodnichok.ru # NO_RESOLVE
mdou7ogonek.ru # NO_RESOLVE
mdpu.org.ua # TLD_UA
me.checksporn.com # NO_RESOLVE
me.gob.ve # NO_RESOLVE
meat-fish-cher.ru # NO_RESOLVE
meatappcoder.com # NO_RESOLVE
meathouse-kzn.ru # NO_RESOLVE
meazot.ru # NO_RESOLVE
meb-market.com # NO_RESOLVE
mec.org.vn # NO_RESOLVE
mechstat.icu # NO_RESOLVE
meclee.com # NO_RESOLVE
med-99.ru # NO_RESOLVE
med-999.ru # NO_RESOLVE
med-center-garant.ru # NO_RESOLVE
med-dobraya-stomatologiya.ru # NO_RESOLVE
med-doc.biz # NO_RESOLVE
med-ekt24.ru # NO_RESOLVE
med-help2.xyz # NO_RESOLVE
med-i4ka.ru # NO_RESOLVE
med-lev.ru # NO_RESOLVE
med-meditsina.ru # NO_RESOLVE
med-plus78.ru # NO_RESOLVE
med-pro99.ru # NO_RESOLVE
med-servis.org # NO_RESOLVE
med-spirt.online # NO_RESOLVE
med-spirt.ru # NO_RESOLVE
med-spr.online # NO_RESOLVE
medbraun.info # NO_RESOLVE
medbruber.com # NO_RESOLVE
medcek-sokolniki.ru # NO_RESOLVE
medcenter-garant.ru # NO_RESOLVE
medcenter577.ru # NO_RESOLVE
medcentrart.ru # NO_RESOLVE
meddocspro.com # NO_RESOLVE
meddox-pro1.xyz # NO_RESOLVE
meddox-pro2.xyz # NO_RESOLVE
meddraun.pro # NO_RESOLVE
medeekspreseess24.info # NO_RESOLVE
medeekspress24.info # NO_RESOLVE
medeeksspreseess24.info # NO_RESOLVE
medekspresa24.info # NO_RESOLVE
medekspreseess24.info # NO_RESOLVE
medekspresskrim.ru # NO_RESOLVE
medess.ru # NO_RESOLVE
medhelper.net.ua # TLD_UA
medi4ki.ru # NO_RESOLVE
mediabuzz.icu # NO_RESOLVE
mediadokaz.pl.ua # TLD_UA
mediahackaton.ru # NO_RESOLVE
mediamoda.ru # NO_RESOLVE
mediana-perm.ru # NO_RESOLVE
medianova.com.ua # TLD_UA
mediaport.ua # TLD_UA
mediateur.ma # NO_RESOLVE
mediaua.com.ua # TLD_UA
medideal.ru # NO_RESOLVE
medina-n.ru # NO_RESOLVE
medlibook.ru # NO_RESOLVE
medluxshop.ru # NO_RESOLVE
mednogorskonline.ru # NO_RESOLVE
mednsk24.ru # NO_RESOLVE
medprosvita.com.ua # TLD_UA
medsan-mc.ru # NO_RESOLVE
medsertrostov.com # NO_RESOLVE
medsisters78.life # NO_RESOLVE
medsisters78.top # NO_RESOLVE
medsmr.ru # NO_RESOLVE
medspirt.online # NO_RESOLVE
medusdent.ru # NO_RESOLVE
medve-gonok.online # NO_RESOLVE
medve-gonok.ru # NO_RESOLVE
medvedevaalyona.ru # NO_RESOLVE
medvejatnik.com.ua # TLD_UA
medvenerolog.ru # NO_RESOLVE
medzdravservis.ru # NO_RESOLVE
meetgserwfwerg.pro # NO_RESOLVE
mef1.ac # NO_RESOLVE
mefaweb4.com # NO_RESOLVE
mefberi.com # NO_RESOLVE
mefgaloscope.com # NO_RESOLVE
meg24.biz # NO_RESOLVE
mega-1mark3ts.com # NO_RESOLVE
mega-3-shop.com # NO_RESOLVE
mega-at-market.com # NO_RESOLVE
mega-at-mg.cc # NO_RESOLVE
mega-at-mrkts.com # NO_RESOLVE
mega-at-tor.cc # NO_RESOLVE
mega-dark.net # NO_RESOLVE
mega-darkmarket-ssylka.online # NO_RESOLVE
mega-dm-sb.net # NO_RESOLVE
mega-fo-me.cc # NO_RESOLVE
mega-fo.cc # NO_RESOLVE
mega-gd-online.cc # NO_RESOLVE
mega-link-at.com # NO_RESOLVE
mega-link-dark.com # NO_RESOLVE
mega-link.work # NO_RESOLVE
mega-link.world # NO_RESOLVE
mega-links-mp.com # NO_RESOLVE
mega-lnks-at.com # NO_RESOLVE
mega-maining.online # NO_RESOLVE
mega-mark3t-mp.com # NO_RESOLVE
mega-market-dark.net # NO_RESOLVE
mega-market.store # NO_RESOLVE
mega-market2.com # NO_RESOLVE
mega-predmet.org # NO_RESOLVE
mega-predmet.ru # NO_RESOLVE
mega-predmets.ru # NO_RESOLVE
mega-sb-ssylka.com # NO_RESOLVE
mega-sb.net # NO_RESOLVE
mega-sb.site # NO_RESOLVE
mega-shop-sb.net # NO_RESOLVE
mega-tor.cc # NO_RESOLVE
mega2oakke6o6mya3lte64b4d3mrq2ohz6waamfmszcfjhayszqhchqd.com # TOO_MANY_DIGITS (10)
mega2olipdgn3zpmm6fjcl2jfeweyy7gjuzrs3mja7nkchflkdu7lfyd.com # TOO_MANY_DIGITS (8)
mega2ooyov5nrf42ld7gnbsurg2rgmxn2xkxj5datwzv3qy5pk3p57qd.com # TOO_MANY_DIGITS (13)
mega2ousbpnmmput4tiyu4oa4mjck2icier52ud6lmgrhzlikrxmysid.com # TOO_MANY_DIGITS (8)
mega333web.cc # NO_RESOLVE
mega444.shop # NO_RESOLVE
megabrand.store # NO_RESOLVE
megacarsh.top # NO_RESOLVE
megacoinultra.com # NO_RESOLVE
megadark.market # NO_RESOLVE
megadmeovbj6ahqw3reuqu5gbg4meixha2js2in3ukymwkwjqqib6tqd.net # TOO_MANY_DIGITS (8)
megadmsb.net # NO_RESOLVE
megaearn.live # NO_RESOLVE
megaearners.live # NO_RESOLVE
megaflux.store # NO_RESOLVE
megafosb.space # NO_RESOLVE
megagrad.net # NO_RESOLVE
megakino.jetzt # NO_RESOLVE
megakino.online # NO_RESOLVE
megalazertag.ru # NO_RESOLVE
megalend24.biz # NO_RESOLVE
megalopolis-2024.swezhak.su # TOO_MANY_DIGITS (4)
megamag.in.ua # TLD_UA
megamg.cc # NO_RESOLVE
meganet8.com # NO_RESOLVE
meganotes.ru # NO_RESOLVE
megapay.store # NO_RESOLVE
megapesnya.one # NO_RESOLVE
megapoints.net # NO_RESOLVE
megapolis-bb.ru # NO_RESOLVE
megapolis-rc.biz # NO_RESOLVE
megapolis2.com # NO_RESOLVE
megapolisrc174174.biz # TOO_MANY_DIGITS (6)
megaprikormki.ru # NO_RESOLVE
megapwa.cc # NO_RESOLVE
megasb-tor.com # NO_RESOLVE
megasb.cc # NO_RESOLVE
megasb.info # NO_RESOLVE
megasb.life # NO_RESOLVE
megasb24.com # NO_RESOLVE
megasf.online # NO_RESOLVE
megashara.club # NO_RESOLVE
megassilka.ru # NO_RESOLVE
megastore-web.com # NO_RESOLVE
megatfile6-cc.unblocked.is # NO_RESOLVE
megaways5.com # NO_RESOLVE
megawbe3.com # NO_RESOLVE
megawe2b.com # NO_RESOLVE
megaweb-15.at # NO_RESOLVE
megaweb-6at.com # NO_RESOLVE
megaweb-8at.com # NO_RESOLVE
megaweb-mirror.cc # NO_RESOLVE
megaweb12at.com # NO_RESOLVE
megaweb13at.com # NO_RESOLVE
megaweb14at.xyz # NO_RESOLVE
megaweb16.at # NO_RESOLVE
megaweb16.st # NO_RESOLVE
megaweb6.ru # NO_RESOLVE
megawebb.cc # NO_RESOLVE
megawrb3.com # NO_RESOLVE
megawtor.cc # NO_RESOLVE
megazekarlo.cc # NO_RESOLVE
megion-schoolsk.ru # NO_RESOLVE
meglitecap.com # NO_RESOLVE
megommetr.ru # NO_RESOLVE
megweb2.com # NO_RESOLVE
meh-kozha.ru # NO_RESOLVE
meinkampf.in.ua # TLD_UA
mekogroup.ru # NO_RESOLVE
melegsegesmegismeres.hu # NO_RESOLVE
melirina.com # NO_RESOLVE
melissatoandfro.info # NO_RESOLVE
mellstroy-139.45t.click # TOO_MANY_DIGITS (5)
mellstroy-167.85c.buzz # TOO_MANY_DIGITS (5)
mellstroy-168.18n.buzz # TOO_MANY_DIGITS (5)
mellstroy-172.22a.buzz # TOO_MANY_DIGITS (5)
mellstroy-175.00a.buzz # TOO_MANY_DIGITS (5)
mellstroy-182.501m.buzz # TOO_MANY_DIGITS (6)
mellstroy-2025.top # TOO_MANY_DIGITS (4)
mellstroy-243.67m.buzz # TOO_MANY_DIGITS (5)
mellstroy-244.28m.buzz # TOO_MANY_DIGITS (5)
mellstroy-247.24m.click # TOO_MANY_DIGITS (5)
mellstroy-248.63m.buzz # TOO_MANY_DIGITS (5)
mellstroy-250.362w.buzz # TOO_MANY_DIGITS (6)
mellstroy.1589.buzz # TOO_MANY_DIGITS (4)
mellstroy.1596.buzz # TOO_MANY_DIGITS (4)
mellstroy.1811vip.icu # TOO_MANY_DIGITS (4)
mellstroy.su # NO_RESOLVE
mellstroy1994.top # TOO_MANY_DIGITS (4)
mellstroy1995.top # TOO_MANY_DIGITS (4)
mellstroy1998.top # TOO_MANY_DIGITS (4)
mellstroy1999.top # TOO_MANY_DIGITS (4)
mellstroy2000.top # TOO_MANY_DIGITS (4)
mellstroy2024.top # TOO_MANY_DIGITS (4)
mellstroy2025.top # TOO_MANY_DIGITS (4)
mellstroythegame148.ru # NO_RESOLVE
melodrama1.online # NO_RESOLVE
melodyarps.com # NO_RESOLVE
melp.dp.ua # TLD_UA
melyngo.com # NO_RESOLVE
mem40.ru # NO_RESOLVE
members.lycos.co.uk # NO_RESOLVE
membres.lycos.fr # NO_RESOLVE
memehunter.biz # NO_RESOLVE
memleketpartisi.org.tr # NO_RESOLVE
menarsib.ru # NO_RESOLVE
mendeleevolympiad.kz # NO_RESOLVE
mendelsonwk.online # NO_RESOLVE
mens-market.ru # NO_RESOLVE
mentacredex.agency # NO_RESOLVE
mentalhealthsolutions.digital # NO_RESOLVE
mentalwarjourney.digital # NO_RESOLVE
mentalwellbeingjourney.digital # NO_RESOLVE
meowcap.space # NO_RESOLVE
mephedrone.top # NO_RESOLVE
merc-consulting.org # NO_RESOLVE
mercadolibre.com.bo # NO_RESOLVE
mercur-auto.kz # NO_RESOLVE
mercy-ksiva.ru # NO_RESOLVE
merezhkovsky.pro # NO_RESOLVE
meri-dent.su # NO_RESOLVE
meridian-experts.com # NO_RESOLVE
meridian.in.ua # TLD_UA
merilledge.live # NO_RESOLVE
meritmongery.blog # NO_RESOLVE
merry-christmas.cc # NO_RESOLVE
mers-1000.top # TOO_MANY_DIGITS (4)
mers-45.scam4.ru # NO_RESOLVE
mers-45.scam42.ru # TOO_MANY_DIGITS (4)
mers-46.membrane-tech.ru # NO_RESOLVE
mers-46.scam7.ru # NO_RESOLVE
mers-47.crbnaur.ru # NO_RESOLVE
mers-48.scam5.ru # NO_RESOLVE
mers-49.scam7.ru # NO_RESOLVE
mers-54.x107.ru # TOO_MANY_DIGITS (5)
mers-54.z108.ru # TOO_MANY_DIGITS (5)
mers-54.z109.ru # TOO_MANY_DIGITS (5)
mers-55.r109.ru # TOO_MANY_DIGITS (5)
mers-55.x107.ru # TOO_MANY_DIGITS (5)
mers-56.c102.ru # TOO_MANY_DIGITS (5)
mers-56.s107.ru # TOO_MANY_DIGITS (5)
mers.1811vip.icu # TOO_MANY_DIGITS (4)
mers.3012.games # TOO_MANY_DIGITS (4)
mers.3112.games # TOO_MANY_DIGITS (4)
mers001.buzz # NO_RESOLVE
mers002.buzz # NO_RESOLVE
mers003.buzz # NO_RESOLVE
mers004.buzz # NO_RESOLVE
mers005.buzz # NO_RESOLVE
mers069.top # NO_RESOLVE
mers100.buzz # NO_RESOLVE
mers1000.buzz # TOO_MANY_DIGITS (4)
mers1200.top # TOO_MANY_DIGITS (4)
mers187.buzz # NO_RESOLVE
mers202.buzz # NO_RESOLVE
mers222x.buzz # NO_RESOLVE
mers346.buzz # NO_RESOLVE
mers903.buzz # NO_RESOLVE
mescheradom.ru # NO_RESOLVE
meshkat.net # NO_RESOLVE
meshkovskoesp.ru # NO_RESOLVE
mespedkol.ru # NO_RESOLVE
mestomastera.ru # NO_RESOLVE
met-boostxyz.click # NO_RESOLVE
meta-glide.com # NO_RESOLVE
meta-velora-engine.com # NO_RESOLVE
meta.ua # TLD_UA
metaclay-promo.ru # NO_RESOLVE
metahashminingltd.com # NO_RESOLVE
metalloprokatufa.ru # NO_RESOLVE
metallskupka.ru # NO_RESOLVE
metalpteryx.com # NO_RESOLVE
metalrostov2014.ru # TOO_MANY_DIGITS (4)
metamineria.net # NO_RESOLVE
metaminning.com # NO_RESOLVE
metapremiumpump.com # NO_RESOLVE
metaset-ai-solution.com # NO_RESOLVE
metasphereltd.org # NO_RESOLVE
metaveloraengine.com # NO_RESOLVE
metaversesworld.org # NO_RESOLVE
metdveri59.ru # NO_RESOLVE
metelitsa3366.buzz # TOO_MANY_DIGITS (4)
meteo.paraplan.net # NO_RESOLVE
meteore.app # NO_RESOLVE
meteorshop.biz # NO_RESOLVE
meter-gaz4.ru # NO_RESOLVE
meti.maxer.top # NO_RESOLVE
metodiz.ru # NO_RESOLVE
metra.net.ua # TLD_UA
metrikakazan.ru # NO_RESOLVE
metro-assets.com # NO_RESOLVE
metrolagu123.site # NO_RESOLVE
metronbyte.com # NO_RESOLVE
mettro-management.com # NO_RESOLVE
meud.vidak.icu # NO_RESOLVE
meweroy2.ru # NO_RESOLVE
mexamafia.ru # NO_RESOLVE
mexiconewsnetwork.com # NO_RESOLVE
mezhdunarodnaya-akademiya-zdorovya-na-ulitse-vatutina.ru # NO_RESOLVE
mezhdunarodnaya-sberkassa.finance # NO_RESOLVE
mezopotamia.ru # NO_RESOLVE
mf.xyahqweko.boats # NO_RESOLVE
mfa.gov.ua # TLD_UA
mfd65tijgw6b2ijvisfkid.to # TOO_MANY_DIGITS (4)
mffy.vidak.icu # NO_RESOLVE
mfiy.vidak.icu # NO_RESOLVE
mfmgua.online # NO_RESOLVE
mfmgua.ru # NO_RESOLVE
mfmr.ru # NO_RESOLVE
mftn.ru # NO_RESOLVE
mfuu.vidak.icu # NO_RESOLVE
mg.ashoo.wtf # NO_RESOLVE
mg12-at-vhod.ru # NO_RESOLVE
mg12-at.kz # NO_RESOLVE
mg12at-mega.ru # NO_RESOLVE
mg2.at # NO_RESOLVE
mgaweb2.com # NO_RESOLVE
mgd2024.com # TOO_MANY_DIGITS (4)
mgmarket4-at.com # NO_RESOLVE
mgmarket4-at.net # NO_RESOLVE
mgmarket4at.com # NO_RESOLVE
mgmarket6-site.ru # NO_RESOLVE
mgmarket6.cz # NO_RESOLVE
mgmarket6.net # NO_RESOLVE
mgmarket6at-vhod.ru # NO_RESOLVE
mgmarket6at.com # NO_RESOLVE
mgmarket7at.com # NO_RESOLVE
mgmarket9at.com # NO_RESOLVE
mgmarkets6.at # NO_RESOLVE
mgts-dom.ru # NO_RESOLVE
mgutu-kld.ru # NO_RESOLVE
mhlw.go.jp # NO_RESOLVE
mi-linda.ru # NO_RESOLVE
mi-rp.ru # NO_RESOLVE
miabetogoactu.com # NO_RESOLVE
miaoo.ru # NO_RESOLVE
mias-tubist.ru # NO_RESOLVE
miben-shop.ru # NO_RESOLVE
mibester.online # NO_RESOLVE
mibester.ru # NO_RESOLVE
michelledarling.com # NO_RESOLVE
micro82.ru # NO_RESOLVE
microbus.su # NO_RESOLVE
microles.ru # NO_RESOLVE
micropic.ru # NO_RESOLVE
mid24.life # NO_RESOLVE
mida-online.com.ua # TLD_UA
midistock.ru # NO_RESOLVE
midlandsmaidens.com # NO_RESOLVE
midmotec.com # NO_RESOLVE
midwinter-limited.com # NO_RESOLVE
miempnn.ru # NO_RESOLVE
mife-ngo.world # NO_RESOLVE
mifengoo.com # NO_RESOLVE
mify.peresvet12.ru # NO_RESOLVE
mig.com.ua # TLD_UA
migalki.plus # NO_RESOLVE
mignews.com.ua # TLD_UA
mignews.ua # TLD_UA
migspb247.ru # NO_RESOLVE
mihailov.teatr-travel.ru # NO_RESOLVE
mihajlovka-rk.ru # NO_RESOLVE
mikeymoraza.com # NO_RESOLVE
mikholap.ru # NO_RESOLVE
mikrozoo.in.ua # TLD_UA
mil-fast-76.com # NO_RESOLVE
mil.co.ua # TLD_UA
mil.gov.ua # TLD_UA
mil.in.ua # TLD_UA
mila-ni.com.ua # TLD_UA
milannews.ru # NO_RESOLVE
milanustandoorigrill.com # NO_RESOLVE
mildlore.com # NO_RESOLVE
milenshik.online # NO_RESOLVE
milenshik.ru # NO_RESOLVE
milestonemarkets.com # NO_RESOLVE
milftoon.site # NO_RESOLVE
milftoon.vip # NO_RESOLVE
milikest.online # NO_RESOLVE
milikest.ru # NO_RESOLVE
militanindonesia.org # NO_RESOLVE
militarist.ua # TLD_UA
militaryexp.cc # NO_RESOLVE
mill-art.ru # NO_RESOLVE
millionb.pw # NO_RESOLVE
millioner-afi.site # NO_RESOLVE
millioner-bol.site # NO_RESOLVE
millioner-coc.site # NO_RESOLVE
millioner-dil.site # NO_RESOLVE
millioner-ifa.site # NO_RESOLVE
millipro.info # NO_RESOLVE
milya-2024.svm-murom.ru # TOO_MANY_DIGITS (4)
mimehunter.icu # NO_RESOLVE
mind.ua # TLD_UA
mindafansub.top # NO_RESOLVE
mindbox.com.ua # TLD_UA
mindlithic.com # NO_RESOLVE
minebuilderslimited.xyz # NO_RESOLVE
minecraftex.online # NO_RESOLVE
minedxoptions.com # NO_RESOLVE
minefieldshoney.com # NO_RESOLVE
minelab-mining.com # NO_RESOLVE
mineplex.io # NO_RESOLVE
mines-game.net # NO_RESOLVE
minetrah.co # NO_RESOLVE
mineworld.biz # NO_RESOLVE
minfin.com.ua # TLD_UA
minikoioi.ru # NO_RESOLVE
mining-funds.com # NO_RESOLVE
miningnetworkltd.org # NO_RESOLVE
miniumsglobal.com # NO_RESOLVE
minsk.vipster.net # NO_RESOLVE
minstm-gov-ru.online # NO_RESOLVE
minstm-gov-ru.ru # NO_RESOLVE
mintbit.co # NO_RESOLVE
mintur04.ru # NO_RESOLVE
minusovki.me # NO_RESOLVE
minutnik.site # NO_RESOLVE
mio-med.xyz # NO_RESOLVE
mip-shop.ru # NO_RESOLVE
miplayer.net # NO_RESOLVE
mir-druzhba-zhvachka.net # NO_RESOLVE
mir-katushek.ru # NO_RESOLVE
mir-knigi.com.ua # TLD_UA
mir-metallov.ru # NO_RESOLVE
mir-rattana.ru # NO_RESOLVE
mir-septic.ru # NO_RESOLVE
mir-v-ogne-2025.lopdfilm.ru # TOO_MANY_DIGITS (4)
mir-v-ogne-2025.swezhak.su # TOO_MANY_DIGITS (4)
mir-vsem.info # NO_RESOLVE
mir.animespirit.ru # NO_RESOLVE
mir915bcf08b.comcb.info # TOO_MANY_DIGITS (5)
mira-obuv.ru # NO_RESOLVE
miraman.ru # NO_RESOLVE
mirante-fund-management.com # NO_RESOLVE
miraton-tensi.ru # NO_RESOLVE
mirbuterbrodov.ru # NO_RESOLVE
mirco.com.ua # TLD_UA
mirdrov73.ru # NO_RESOLVE
mirejuy7.ru # NO_RESOLVE
mirengland.ru # NO_RESOLVE
mirfotocm.ru # NO_RESOLVE
mirig.ru # NO_RESOLVE
mirkino.club # NO_RESOLVE
mirkino.top # NO_RESOLVE
mirkino.vip # NO_RESOLVE
mirmult.ru # NO_RESOLVE
miron-nn.ru # NO_RESOLVE
miroxaspectre-engine.com # NO_RESOLVE
mirprogs.com # NO_RESOLVE
mirringtonov.com # NO_RESOLVE
mirror-ds.ru # NO_RESOLVE
mirror-mirror.ru # NO_RESOLVE
mirror1.dropmail.info # NO_RESOLVE
mirsmartbook.ru # NO_RESOLVE
mirwarband.ru # NO_RESOLVE
mis-klik.ru # NO_RESOLVE
misanthropic.info # NO_RESOLVE
mishutka-kichera.ru # NO_RESOLVE
mishutka68.online # NO_RESOLVE
miskamarket.ru # NO_RESOLVE
miskrada.kherson.ua # TLD_UA
misottwnigmwgmhh.30dvtsgew7hf.xyz # NO_RESOLVE
misscakenn.ru # NO_RESOLVE
missmillion.com.ua # TLD_UA
missmolodezh.ru # NO_RESOLVE
mist-wievs.ru # NO_RESOLVE
mista.ua # TLD_UA
mister-fox.ru # NO_RESOLVE
mister-prezident.ru # NO_RESOLVE
mistereng.ru # NO_RESOLVE
misterybox.online # NO_RESOLVE
mistling.com # NO_RESOLVE
mistmira.com # NO_RESOLVE
misto.lun.ua # TLD_UA
misto.zp.ua # TLD_UA
mistoboyarka.gov.ua # TLD_UA
mistowen.click # NO_RESOLVE
mistral-club.ru # NO_RESOLVE
mitev-grizu.ru # NO_RESOLVE
mitih-yok.online # NO_RESOLVE
mitmargret.com # NO_RESOLVE
mitsubishi-cctv.online # NO_RESOLVE
mitsubishi-cctv.ru # NO_RESOLVE
mituzopsan.org # NO_RESOLVE
mivatz.org # NO_RESOLVE
mix-news.com # NO_RESOLVE
mixbalancer.com # NO_RESOLVE
mixcolors.icu # NO_RESOLVE
mixmelody.icu # NO_RESOLVE
mixporn.day # NO_RESOLVE
mixporn.tube # NO_RESOLVE
mixporn.vip # NO_RESOLVE
mixthemovie.com # NO_RESOLVE
mjejfejrskie-vedmy-m1.swezhak-2025.art # TOO_MANY_DIGITS (5)
mjhfinance.com # NO_RESOLVE
mk-142.ru # NO_RESOLVE
mk-cakes.ru # NO_RESOLVE
mk.max-platform.xyz # NO_RESOLVE
mkdou19.ru # NO_RESOLVE
mkito.com # NO_RESOLVE
mkk-nega.ru # NO_RESOLVE
mkk-raahe.ru # NO_RESOLVE
mkkdm.ru # NO_RESOLVE
mkr1.at # NO_RESOLVE
mkra.me # NO_RESOLVE
mkra21.at # NO_RESOLVE
mkra21.cc # NO_RESOLVE
mkra24.at # NO_RESOLVE
mkra28.cc # NO_RESOLVE
mktfrontierfairvest.click # NO_RESOLVE
mktgbook.digital # NO_RESOLVE
mktgedge.digital # NO_RESOLVE
mktx-ai4.click # NO_RESOLVE
mku-nadezhda.ru # NO_RESOLVE
mkucentr.ru # NO_RESOLVE
ml-trndx.click # NO_RESOLVE
ml.china-embassy.org # NO_RESOLVE
mladaamur.online # NO_RESOLVE
mladaamur.ru # NO_RESOLVE
mlav.vidak.icu # NO_RESOLVE
mlddt.ru # NO_RESOLVE
mlis.gov.mm # NO_RESOLVE
mlsgame.lol # NO_RESOLVE
mmaxyz.pro # NO_RESOLVE
mmediagroup.ru # NO_RESOLVE
mmo-auction.ru # NO_RESOLVE
mmodnaya.ru # NO_RESOLVE
mmpornohype.cc # NO_RESOLVE
mmr.ua # TLD_UA
mmtechfair.com # NO_RESOLVE
mne5.ru # NO_RESOLVE
mnem.vidak.icu # NO_RESOLVE
mnenie.su # NO_RESOLVE
mnntv.ru # NO_RESOLVE
mnr.gov.cn # NO_RESOLVE
mo-kalinino.org # NO_RESOLVE
mo.ashoo.bar # NO_RESOLVE
mo.casingor.ru # NO_RESOLVE
mo.fapgon.cc # NO_RESOLVE
mo.films-2024.club # TOO_MANY_DIGITS (4)
mo.gamesprout.ru # NO_RESOLVE
mo.slobig.ru # NO_RESOLVE
mo.sslkn.mobi # NO_RESOLVE
moana-game.top # NO_RESOLVE
mob.all-xxx-videos.com # NO_RESOLVE
mob.altxvideos.com # NO_RESOLVE
mob.kekporn.com # NO_RESOLVE
mob.xkunik1.name # NO_RESOLVE
mob.xnxx-rus4.com # NO_RESOLVE
mobile-info.ru # NO_RESOLVE
mobile-pomosh.ru # NO_RESOLVE
mobile-repiter.ru # NO_RESOLVE
mobilestorm.com # NO_RESOLVE
mobishop.biz # NO_RESOLVE
mobu-lider.ru # NO_RESOLVE
mocinlife.com # NO_RESOLVE
mod.gov.ua # TLD_UA
modafinilcat.com.ua # TLD_UA
modaway.ru # NO_RESOLVE
modelandr.ru # NO_RESOLVE
modelteks.ru # NO_RESOLVE
modern-center.ru # NO_RESOLVE
modernretailforum.com # NO_RESOLVE
modernwebconference.com # NO_RESOLVE
modi-car.ru # NO_RESOLVE
modivnoe.ru # NO_RESOLVE
modnamayka.com.ua # TLD_UA
modnaya71.ru # NO_RESOLVE
modnica22.ru # NO_RESOLVE
modnitsi.ru # NO_RESOLVE
modularis-drive.ru # NO_RESOLVE
modulithy.click # NO_RESOLVE
moe-st.gov.mm # NO_RESOLVE
moe.edu.mm # NO_RESOLVE
moekino.xyz # NO_RESOLVE
moemilce.ru # NO_RESOLVE
mofad.gov.gh # NO_RESOLVE
mofet-school.ru # NO_RESOLVE
moh.gov.et # NO_RESOLVE
moibiz56.ru # NO_RESOLVE
moj.gov.tw # NO_RESOLVE
mokawamah.net # NO_RESOLVE
mokitreb.ru # NO_RESOLVE
mol-conf.ru # NO_RESOLVE
mol-sovet.ru # NO_RESOLVE
molbuk.ua # TLD_UA
moldspirit.shop # NO_RESOLVE
molexchange.net # NO_RESOLVE
molodcentr40.ru # NO_RESOLVE
molodeznoe.info # NO_RESOLVE
molodo-med.ru # NO_RESOLVE
molokomag.ru # NO_RESOLVE
molokososi.fans # NO_RESOLVE
molpred66.ru # NO_RESOLVE
momfc.ru # NO_RESOLVE
mon-vera.com # NO_RESOLVE
monacopizza.ru # NO_RESOLVE
monada666.vip # NO_RESOLVE
monar-os.online # NO_RESOLVE
monartexapp-solution.com # NO_RESOLVE
moncapluscopytrading.com # NO_RESOLVE
mondo-pietra.ru # NO_RESOLVE
mondratex-app-solution.com # NO_RESOLVE
monease.io # NO_RESOLVE
monetaauto.ru # NO_RESOLVE
monetaryone.org # NO_RESOLVE
monigr.com # NO_RESOLVE
monigrru.xyz # NO_RESOLVE
moninosport.ru # NO_RESOLVE
monitex.com.ua # TLD_UA
monitor.xn----7sbbas7adbh1ak4hek1gg.xn--p1ai # TOO_MANY_DIGITS (6)
monitoring.xn----7sbbas7adbh1ak4hek1gg.xn--p1ai # TOO_MANY_DIGITS (6)
monivexpro.com # NO_RESOLVE
monixlimited.biz # NO_RESOLVE
mono-cms.ru # NO_RESOLVE
mono-lit.cafe # NO_RESOLVE
monobank.ua # TLD_UA
monopolist-surf.site # NO_RESOLVE
monotter.com # NO_RESOLVE
monrcasi1.ru # NO_RESOLVE
monster-game.biz # NO_RESOLVE
montag16.ru # NO_RESOLVE
montaz-terminal.ru # NO_RESOLVE
montazeri.com # NO_RESOLVE
montazh-sro.ru # NO_RESOLVE
montblancltd.com # NO_RESOLVE
montessori-tyumen.ru # NO_RESOLVE
montezelvarsoftware.com # NO_RESOLVE
moonlight-wealth.com # NO_RESOLVE
moonstamp-ltd.com # NO_RESOLVE
mop.herrutor.site # NO_RESOLVE
mor-ant.co # NO_RESOLVE
morayomeblog.com # NO_RESOLVE
more-eventa27.ru # NO_RESOLVE
more-mi.ru # NO_RESOLVE
moregames.top # NO_RESOLVE
moregayporn.cc # NO_RESOLVE
morekursov.net # NO_RESOLVE
morento.icu # NO_RESOLVE
moreslov2023.ru # TOO_MANY_DIGITS (4)
morethanmode.com # NO_RESOLVE
morezm.com # NO_RESOLVE
morgunyan.ru # NO_RESOLVE
morkva-club.org.ua # TLD_UA
moroshkamarket.ru # NO_RESOLVE
moroz-doma.online # NO_RESOLVE
moroz-doma.ru # NO_RESOLVE
moroz2023.ru # TOO_MANY_DIGITS (4)
morozmaster.ru # NO_RESOLVE
morphicassetsmanagement.com # NO_RESOLVE
mortal-kombat-2.com # NO_RESOLVE
mortal-kombat2.ru # NO_RESOLVE
mos.minuporno.com # NO_RESOLVE
mosagro38.ru # NO_RESOLVE
moscheles.com # NO_RESOLVE
mosclean247.ru # NO_RESOLVE
moscowakb.ru # NO_RESOLVE
moscowbeatballs.ru # NO_RESOLVE
moscowloveclub.ru # NO_RESOLVE
moscowmusicweek.online # NO_RESOLVE
moscownewstoday.ru # NO_RESOLVE
moscowstud.ru # NO_RESOLVE
mosfilmhouse.ru # NO_RESOLVE
mosgaz-delo-10-metronom-85.serfilm.com # TOO_MANY_DIGITS (4)
mosgaz-delo-10-metronom-86.serfilm.com # TOO_MANY_DIGITS (4)
mosgaz-formula-mesti.org # NO_RESOLVE
mosgaz-operaciya-satana.org # NO_RESOLVE
mosgaz-shakal.net # NO_RESOLVE
mosgaz10-metronom.net # NO_RESOLVE
mosgazdelo11.online # NO_RESOLVE
mosjaluzi.ru # NO_RESOLVE
mosk-check.ru # NO_RESOLVE
mosk-chek.ru # NO_RESOLVE
mosk-dllplomss.ru # NO_RESOLVE
mosk-dlploms.ru # NO_RESOLVE
mosk-dlplomss.ru # NO_RESOLVE
mosk-dlplomsz.ru # NO_RESOLVE
mosk-dlplomsz2.ru # NO_RESOLVE
mosk-dlplomsz3.ru # NO_RESOLVE
mosk-dlplomsz4.online # NO_RESOLVE
moskitka72.ru # NO_RESOLVE
mosmedi.org # NO_RESOLVE
mosmedsi.org # NO_RESOLVE
mosregas24.info # NO_RESOLVE
mosregas24.org # NO_RESOLVE
mosremontnik.ru # NO_RESOLVE
mosrentagroup.ru # NO_RESOLVE
mossfloraa.com # NO_RESOLVE
mosslane.icu # NO_RESOLVE
mosslenta.com # NO_RESOLVE
mosslighte.com # NO_RESOLVE
mosslumen.com # NO_RESOLVE
mosslure.icu # NO_RESOLVE
mossybranch.com # NO_RESOLVE
mossyluster.com # NO_RESOLVE
most.ks.ua # TLD_UA
mosvuzi.online # NO_RESOLVE
mosvuzi.ru # NO_RESOLVE
mosxilium24.biz # NO_RESOLVE
motel-na-chas.ru # NO_RESOLVE
motherless.com # NO_RESOLVE
moto.kiev.ua # TLD_UA
motonadzor-xxhfirs.top # NO_RESOLVE
motor-100amp.ru # NO_RESOLVE
motor-14.lev66.online # TOO_MANY_DIGITS (4)
motor-14.lev69.online # TOO_MANY_DIGITS (4)
motor-2025amp.ru # TOO_MANY_DIGITS (4)
motor-52.v107.ru # TOO_MANY_DIGITS (5)
motor-58.i103.ru # TOO_MANY_DIGITS (5)
motor-amp100.ru # NO_RESOLVE
motor-amp2025.ru # TOO_MANY_DIGITS (4)
motor-amp21.ru # NO_RESOLVE
motor-amp24.ru # NO_RESOLVE
motor-amp365.ru # NO_RESOLVE
motor-bbb-1.xyz # NO_RESOLVE
motor-ccc-1.xyz # NO_RESOLVE
motor-cycle.ru # NO_RESOLVE
motor-dv.ru # NO_RESOLVE
motor-fff-13.xyz # NO_RESOLVE
motor-game.site # NO_RESOLVE
motor-hhh-3.xyz # NO_RESOLVE
motor-jjj-1.xyz # NO_RESOLVE
motor-lll-1.xyz # NO_RESOLVE
motor-mmm-1.xyz # NO_RESOLVE
motor-nnn-21.xyz # NO_RESOLVE
motor-production.ru # NO_RESOLVE
motor-ru.top # NO_RESOLVE
motor-sbx-34.xyz # NO_RESOLVE
motor-services.ru # NO_RESOLVE
motor-shw-875.xyz # NO_RESOLVE
motor-svo-23.xyz # NO_RESOLVE
motor-top1.top # NO_RESOLVE
motor-uuu-72.xyz # NO_RESOLVE
motor-uyq-991.xyz # NO_RESOLVE
motor-vag.ru # NO_RESOLVE
motor-wwq-47.xyz # NO_RESOLVE
motor-xxx-1.xyz # NO_RESOLVE
motor-zzz-3.xyz # NO_RESOLVE
motor.3012.games # TOO_MANY_DIGITS (4)
motor.3112.games # TOO_MANY_DIGITS (4)
motor911.ru # NO_RESOLVE
motoraize.rolehub.ru # NO_RESOLVE
motorbrotherhood.ru # NO_RESOLVE
motorde.ru # NO_RESOLVE
motorenergyoil.ru # NO_RESOLVE
motorevive.ru # NO_RESOLVE
motorgame.cc # NO_RESOLVE
motorgame.club # NO_RESOLVE
motorist-shop.ru # NO_RESOLVE
motorkpp52.ru # NO_RESOLVE
motorokot.ru # NO_RESOLVE
motorola-phone.ru # NO_RESOLVE
motorola-world.ru # NO_RESOLVE
motorossia.ru # NO_RESOLVE
motorostroitel.com.ua # TLD_UA
motorvavto.ru # NO_RESOLVE
motoxp.ru # NO_RESOLVE
mou.asia # NO_RESOLVE
mouayanka.ru # NO_RESOLVE
mouksosh3.online # NO_RESOLVE
mouline-opt.com.ua # TLD_UA
mounjaro-kupit.su # NO_RESOLVE
mountainrefuge.website # NO_RESOLVE
mournhold.rolehub.ru # NO_RESOLVE
moushakovka.ru # NO_RESOLVE
mova.vidak.icu # NO_RESOLVE
movehill.com # NO_RESOLVE
moveloriaaa.com # NO_RESOLVE
movi-ton.site # NO_RESOLVE
movie-lib.work # NO_RESOLVE
movie4k.to # NO_RESOLVE
moviebomb.club # NO_RESOLVE
movielabond.tabfilm.sbs # NO_RESOLVE
movielabtf.tabfilm.sbs # NO_RESOLVE
movies4ufree.net # NO_RESOLVE
movies7.watch # NO_RESOLVE
moviesarena.com # NO_RESOLVE
moviesdot.ru # NO_RESOLVE
moviestube.org # NO_RESOLVE
moviex.one # NO_RESOLVE
movimientopopularfueguino.com.ar # NO_RESOLVE
moviton.online # NO_RESOLVE
moy-kover.ru # NO_RESOLVE
moyadutuna.com # NO_RESOLVE
moydommik.ru # NO_RESOLVE
moymonopoly.site # NO_RESOLVE
moz.gov.ua # TLD_UA
mozhga-rb.ru # NO_RESOLVE
mozhzheri.ru # NO_RESOLVE
mp-01.directsmartroute.com # NO_RESOLVE
mp-02.directsmartroute.com # NO_RESOLVE
mp-03.directsmartroute.com # NO_RESOLVE
mp-04.directsmartroute.com # NO_RESOLVE
mp-05.directsmartroute.com # NO_RESOLVE
mp-conf.ru # NO_RESOLVE
mp3.slushamkniga.com # NO_RESOLVE
mp3arhiv.net # NO_RESOLVE
mp3audioknigi.org # NO_RESOLVE
mp3bit.cc # NO_RESOLVE
mp3cleo.com # NO_RESOLVE
mp3crazy.me # NO_RESOLVE
mp3crown-cc.ru # NO_RESOLVE
mp3flamingo.ru # NO_RESOLVE
mp3hq.cc # NO_RESOLVE
mp3mag.info # NO_RESOLVE
mp3name.live # NO_RESOLVE
mp3only.ru # NO_RESOLVE
mp3poisk.online # NO_RESOLVE
mp3spy.club # NO_RESOLVE
mp3top.club # NO_RESOLVE
mp3uk.online # NO_RESOLVE
mpk112.ru # NO_RESOLVE
mpk29.at # NO_RESOLVE
mppp.vidak.icu # NO_RESOLVE
mpsfond.ru # NO_RESOLVE
mqd.mp3-tut.online # NO_RESOLVE
mqe.mp3-tut.online # NO_RESOLVE
mqf.mp3-tut.online # NO_RESOLVE
mqh.mp3-tut.online # NO_RESOLVE
mqi.mp3-tut.online # NO_RESOLVE
mqj.mp3-tut.online # NO_RESOLVE
mql.mp3-tut.online # NO_RESOLVE
mqo.mp3-tut.online # NO_RESOLVE
mqp.mp3-tut.online # NO_RESOLVE
mqq.mp3-tut.online # NO_RESOLVE
mqr.mp3-tut.online # NO_RESOLVE
mqs.mp3-tut.online # NO_RESOLVE
mqt.mp3-tut.online # NO_RESOLVE
mqx.mp3-tut.online # NO_RESOLVE
mqy.mp3-tut.online # NO_RESOLVE
mqz.mp3-tut.online # NO_RESOLVE
mr-famous.ru # NO_RESOLVE
mra18.at # NO_RESOLVE
mra42.at # NO_RESOLVE
mra44.at # NO_RESOLVE
mrakleva.ru # NO_RESOLVE
mrc.ck.ua # TLD_UA
mrhaze.biz # NO_RESOLVE
mrjoechin.com # NO_RESOLVE
mrkod.ru # NO_RESOLVE
mrlevelscheduler.com # NO_RESOLVE
mrpsamp.rolehub.ru # NO_RESOLVE
mrt-d.ru # NO_RESOLVE
mrtmedart.ru # NO_RESOLVE
mrv-anent.world # NO_RESOLVE
ms-construction.ru # NO_RESOLVE
ms.shopp-tut.online # NO_RESOLVE
msbqru.dorama.click # NO_RESOLVE
msc-chec.ru # NO_RESOLVE
msc-check.ru # NO_RESOLVE
msc-chek.ru # NO_RESOLVE
msc-kassa.ru # NO_RESOLVE
msc.kg # NO_RESOLVE
msch2.ru # NO_RESOLVE
msi-edu.kz # NO_RESOLVE
msi-spb-service.ru # NO_RESOLVE
msk-ac77.ru # NO_RESOLVE
msk-checks.ru # NO_RESOLVE
msk-chekk.ru # NO_RESOLVE
msk-kran.ru # NO_RESOLVE
msk-reg57.ru # NO_RESOLVE
msk.4pig.com # NO_RESOLVE
msk.bsgate25.com # NO_RESOLVE
msk.malinaporno.com # NO_RESOLVE
msk.minuporno.com # NO_RESOLVE
msk.spirt-el.ru # NO_RESOLVE
msk.xn----7sbbas7adbh1ak4hek1gg.xn--p1ai # TOO_MANY_DIGITS (6)
mskmc.ru # NO_RESOLVE
mskmedsprawka.info # NO_RESOLVE
mskmedsprawki.info # NO_RESOLVE
mskorig.ru # NO_RESOLVE
msmag.ru # NO_RESOLVE
msnpk.ru # NO_RESOLVE
msnta.ru # NO_RESOLVE
mst51.ru # NO_RESOLVE
mstellag.ru # NO_RESOLVE
mstro.ru # NO_RESOLVE
mt1016.com # TOO_MANY_DIGITS (4)
mt315.com # NO_RESOLVE
mt5indexpro.com # NO_RESOLVE
mtbp.vidak.icu # NO_RESOLVE
mtdimo.ru # NO_RESOLVE
mtk-telefon.ru # NO_RESOLVE
mtsrkbr.org.ru # NO_RESOLVE
mucu.vidak.icu # NO_RESOLVE
muerte24.biz # NO_RESOLVE
mugmuscles.com # NO_RESOLVE
muhout.com # NO_RESOLVE
mukalento.online # NO_RESOLVE
mukalento.ru # NO_RESOLVE
mullvadvpn.help # NO_RESOLVE
multfilm.online # NO_RESOLVE
multfimsi.ru # NO_RESOLVE
multfon.ru # NO_RESOLVE
multhd.ru # NO_RESOLVE
multi-geiminator.top # NO_RESOLVE
multi-mfia.ru # NO_RESOLVE
multi-royalq-trading.net # NO_RESOLVE
multicoindigitalcurrency.com # NO_RESOLVE
multikgo.net # NO_RESOLVE
multiki-online24.ru # NO_RESOLVE
multinexus.org # NO_RESOLVE
multitest.net.ua # TLD_UA
multitrustassets.com # NO_RESOLVE
multlepa.ru # NO_RESOLVE
multtporn.net # NO_RESOLVE
mummylandstreasures.com # NO_RESOLVE
municipalrussia.ru # NO_RESOLVE
munirdekor.com # NO_RESOLVE
muntov-lui.ru # NO_RESOLVE
mupart.ru # NO_RESOLVE
mupteplo-korsakov.ru # NO_RESOLVE
muptvs.ru # NO_RESOLVE
mupvit.ru # NO_RESOLVE
muqui.org # NO_RESOLVE
mur-shop.oldvpn.com # NO_RESOLVE
mur24.pro # NO_RESOLVE
mur247.vip # NO_RESOLVE
mural.kh.ua # TLD_UA
murdetpol5.ru # NO_RESOLVE
mures-tus.ru # NO_RESOLVE
murka.org # NO_RESOLVE
murm.vip # NO_RESOLVE
murm24.top # NO_RESOLVE
murm48.top # NO_RESOLVE
murmansk-med.ru # NO_RESOLVE
murmansk.vipster.net # NO_RESOLVE
murmuz.pro # NO_RESOLVE
murshop.run # NO_RESOLVE
mus.muzlo.website # NO_RESOLVE
musbooks.ru # NO_RESOLVE
muscdn.com # NO_RESOLVE
muscomplexpavl.kz # NO_RESOLVE
museflow.icu # NO_RESOLVE
musezo.com # NO_RESOLVE
music-2021.ru # TOO_MANY_DIGITS (4)
music-academy.odessa.ua # TLD_UA
music-drom.com # NO_RESOLVE
music-education.ru # NO_RESOLVE
music.i.ua # TLD_UA
music2019.su # TOO_MANY_DIGITS (4)
music2023.ru # TOO_MANY_DIGITS (4)
musicema.com # NO_RESOLVE
muskspacexcoinvault.com # NO_RESOLVE
musktesladigital.com # NO_RESOLVE
muskurs.ru # NO_RESOLVE
muslims.in.ua # TLD_UA
musor-vozim.ru # NO_RESOLVE
musson02.ru # NO_RESOLVE
mussoncafe.ru # NO_RESOLVE
mutabor24.com # NO_RESOLVE
mutki-isrp.biz99.xyz # NO_RESOLVE
mutualbenefitlimited.com # NO_RESOLVE
muungwana.co.tz # NO_RESOLVE
muxfin.com # NO_RESOLVE
muz-monster.ru # NO_RESOLVE
muzamba.ru # NO_RESOLVE
muzati.net # NO_RESOLVE
muzav.com # NO_RESOLVE
muzboom.com # NO_RESOLVE
muzcow.net # NO_RESOLVE
muzdark.net # NO_RESOLVE
muzder.net # NO_RESOLVE
muzey-slog.ru # NO_RESOLVE
muzgun.net # NO_RESOLVE
muzhchina-vodoley.ru # NO_RESOLVE
muzhskie-rubashki.ru # NO_RESOLVE
muzickr.online # NO_RESOLVE
muzickz.online # NO_RESOLVE
muzikand.ru # NO_RESOLVE
muzkiz.ru # NO_RESOLVE
muzlike.me # NO_RESOLVE
muzlo.website # NO_RESOLVE
muzlol.com # NO_RESOLVE
muzlux.online # NO_RESOLVE
muzma.net # NO_RESOLVE
muzmania.org.ua # TLD_UA
muzod.net # NO_RESOLVE
muzoff.mp3hq.cc # NO_RESOLVE
muzon-club.net # NO_RESOLVE
muzos.net # NO_RESOLVE
muzroom.online # NO_RESOLVE
muztuz.com # NO_RESOLVE
muzub.ru # NO_RESOLVE
muzvil.com # NO_RESOLVE
muzwave.ru # NO_RESOLVE
muzyet.pro # NO_RESOLVE
mv.org.ua # TLD_UA
mva.gov.ua # TLD_UA
mve83.biz # NO_RESOLVE
mvs-design.ru # NO_RESOLVE
mvsosh7.online # NO_RESOLVE
mvucopy.top # NO_RESOLVE
mvycopy.top # NO_RESOLVE
mwqfilm.buzz # NO_RESOLVE
mxitftd.com # NO_RESOLVE
my-auto-expert.ru # NO_RESOLVE
my-barbie.ru # NO_RESOLVE
my-bot.pro # NO_RESOLVE
my-chaturbat.su # NO_RESOLVE
my-chaturbate.ru # NO_RESOLVE
my-chaturbate.su # NO_RESOLVE
my-gardens.site # NO_RESOLVE
my-gifts.online # NO_RESOLVE
my-hero-academia.ru # NO_RESOLVE
my-love-37.su # NO_RESOLVE
my-meal.ru # NO_RESOLVE
my-otels.ru # NO_RESOLVE
my-raifinfo.pro # NO_RESOLVE
my-tron.online # NO_RESOLVE
my-vtbonline.network # NO_RESOLVE
my.24igg.to # NO_RESOLVE
my.alpari-main.org # NO_RESOLVE
my.filmshd.top # NO_RESOLVE
my.garilla.help # NO_RESOLVE
my.jurid-consult.com # NO_RESOLVE
my.love74.ru # NO_RESOLVE
my.porno365x.link # NO_RESOLVE
my.porno365x.red # NO_RESOLVE
my.sui-network.mom # NO_RESOLVE
my.tradings.life # NO_RESOLVE
my.ua # TLD_UA
my.uecglob.com # NO_RESOLVE
my.ultradox.be # NO_RESOLVE
my.ultradox.fun # NO_RESOLVE
mya.animespirit.ru # NO_RESOLVE
myaccesspointmarkets.com # NO_RESOLVE
myalkomir.ru # NO_RESOLVE
myamishop.ru # NO_RESOLVE
myanmar-housing.com # NO_RESOLVE
myanmarmp3.net # NO_RESOLVE
myannikregina.ru # NO_RESOLVE
myartsdesign.ru # NO_RESOLVE
mybiz04.ru # NO_RESOLVE
myburkini.ru # NO_RESOLVE
mychainwealth.com # NO_RESOLVE
mycocatea.pe # NO_RESOLVE
mycoolchina.ru # NO_RESOLVE
mycoon.ru # NO_RESOLVE
mycreampiethais.com # NO_RESOLVE
mycsgo.run # NO_RESOLVE
mydesigntemalari.com # NO_RESOLVE
mydndz.com.ua # TLD_UA
mydrias.biz # NO_RESOLVE
myenglish-nsk.ru # NO_RESOLVE
myfantv.net # NO_RESOLVE
myfastredirect.com # NO_RESOLVE
myflightrisk.com # NO_RESOLVE
myfone.com.tw # NO_RESOLVE
myfortressrock.com # NO_RESOLVE
myforum.tech # NO_RESOLVE
myfuck.fans # NO_RESOLVE
myfuck.top # NO_RESOLVE
myfuture-kg.ru # NO_RESOLVE
mygay.cc # NO_RESOLVE
mygutenberg.com # NO_RESOLVE
myhdtv.ru # NO_RESOLVE
myi.animespirit.ru # NO_RESOLVE
myinsider11.club # NO_RESOLVE
myinsider12.club # NO_RESOLVE
myinsider7.club # NO_RESOLVE
myinstabay.com # NO_RESOLVE
myinteres.ru # NO_RESOLVE
myjtnbite.lol # NO_RESOLVE
mykino.site # NO_RESOLVE
mylifedlplomsi.top # NO_RESOLVE
mylnayackazka.ru # NO_RESOLVE
mymadlen.ru # NO_RESOLVE
mymetall.com.ua # TLD_UA
mypersonal-mkb.pro # NO_RESOLVE
myrcanta.com # NO_RESOLVE
myrionspectre-app.com # NO_RESOLVE
myrka.su # NO_RESOLVE
myrmex4.ru # NO_RESOLVE
myrtus.ru # NO_RESOLVE
myrunforlife.org # NO_RESOLVE
myschool36.ru # NO_RESOLVE
mysexhdhub.com # NO_RESOLVE
myskitow.net # NO_RESOLVE
mysports-hit.ru # NO_RESOLVE
mystery-box.vip # NO_RESOLVE
mystolexpo.ru # NO_RESOLVE
mytalefactory.com # NO_RESOLVE
mytcpacks.com # NO_RESOLVE
myteenporn.pro # NO_RESOLVE
myteslashares.com # NO_RESOLVE
mytrendhouse.ru # NO_RESOLVE
mytrix-halo-gpt.net # NO_RESOLVE
mytsrcn.ru # NO_RESOLVE
myukraine.in.ua # TLD_UA
myvibox.site # NO_RESOLVE
myvigvam.ru # NO_RESOLVE
myvin.com.ua # TLD_UA
mywatchreviews.com # NO_RESOLVE
mywebclass.ru # NO_RESOLVE
myzdorov.ru # NO_RESOLVE
mz-dm.ru # NO_RESOLVE
mz.zp.ua # TLD_UA
mzansi.porn # NO_RESOLVE
mzk.platform-info.xyz # NO_RESOLVE
n-reklama.ru # NO_RESOLVE
n-w.tv # NO_RESOLVE
n.4k-hd.cyou # NO_RESOLVE
n.gamesprout.ru # NO_RESOLVE
n.krasnodarnb.info # NO_RESOLVE
n.protorrent.fun # NO_RESOLVE
n.stopfilms.info # NO_RESOLVE
n.tabfilmz.link # NO_RESOLVE
n1-ex.com # NO_RESOLVE
n1.ceaconvor.cc # NO_RESOLVE
n1.n1-ex.com # NO_RESOLVE
n10.zagonka77s.top # TOO_MANY_DIGITS (4)
n11.zagonka77s.top # TOO_MANY_DIGITS (4)
n12.zagonka77s.top # TOO_MANY_DIGITS (4)
n13.zagonka77s.top # TOO_MANY_DIGITS (4)
n14.zagonka77s.top # TOO_MANY_DIGITS (4)
n15.zagonka77s.top # TOO_MANY_DIGITS (4)
n16.zagonka77s.top # TOO_MANY_DIGITS (4)
n17.zagonka77s.top # TOO_MANY_DIGITS (4)
n18.zagonka77s.top # TOO_MANY_DIGITS (4)
n19.zagonka77s.top # TOO_MANY_DIGITS (4)
n2.n1-ex.com # NO_RESOLVE
n20.zagonka77s.top # TOO_MANY_DIGITS (4)
n2tutor.ru # NO_RESOLVE
n3.n1-ex.com # NO_RESOLVE
n4.n1-ex.com # NO_RESOLVE
n5.n1-ex.com # NO_RESOLVE
n6.n1-ex.com # NO_RESOLVE
nababki11.com # NO_RESOLVE
naberezhnye-chelny.vipster.net # NO_RESOLVE
nablagoos.ru # NO_RESOLVE
nabludatel.od.ua # TLD_UA
nabotov.ru # NO_RESOLVE
nadachedom.ru # NO_RESOLVE
nadezhda-pso.ru # NO_RESOLVE
nadezhda-vzn.ru # NO_RESOLVE
nadrda.gov.ua # TLD_UA
nadvcad3.ru # NO_RESOLVE
nadymfilmfestival.com # NO_RESOLVE
nagieamatorki.net # NO_RESOLVE
nahporn.com # NO_RESOLVE
nahrain.com # NO_RESOLVE
nahtra.com # NO_RESOLVE
naiados-shop.ru # NO_RESOLVE
naikborzov.online # NO_RESOLVE
naikborzov.ru # NO_RESOLVE
nailartfashion.ru # NO_RESOLVE
nailcarecenter.ca # NO_RESOLVE
nailsday-today.ru # NO_RESOLVE
nakedcams.vip # NO_RESOLVE
nakipelo.ua # TLD_UA
naks-2024.okis.ru # TOO_MANY_DIGITS (4)
nakypilo.ua # TLD_UA
nalchik-2005.blogspot.com # TOO_MANY_DIGITS (4)
nalchik.vipster.net # NO_RESOLVE
nalog.life # NO_RESOLVE
nalog1.info # NO_RESOLVE
nalog7.net # NO_RESOLVE
nalogzu.ru # NO_RESOLVE
namebooks.club # NO_RESOLVE
namisha.ru # NO_RESOLVE
namupost.online # NO_RESOLVE
namupost.ru # NO_RESOLVE
nanoclo2-sys.ru # NO_RESOLVE
nanovvaexpanse.com # NO_RESOLVE
nans-dot.ru # NO_RESOLVE
nape.or.ug # NO_RESOLVE
napensii.ua # TLD_UA
napromzone.ru # NO_RESOLVE
napryamok.org # NO_RESOLVE
nara-beauty.ru # NO_RESOLVE
narco24-ucls.biz99.xyz # TOO_MANY_DIGITS (4)
narco24-urpl.biz99.xyz # TOO_MANY_DIGITS (4)
narco24.biz # NO_RESOLVE
narcolog.biz # NO_RESOLVE
narcononkras.online # NO_RESOLVE
narcotiki-vred.online # NO_RESOLVE
narkamnet.online # NO_RESOLVE
narodkuzov.ru # NO_RESOLVE
narrate.icu # NO_RESOLVE
narrenturm.rolehub.ru # NO_RESOLVE
narscars.com.ua # TLD_UA
nartkala.ddt86.online # NO_RESOLVE
narvafinance.com # NO_RESOLVE
nasanetac.com # NO_RESOLVE
nasdaqkgroup.com # NO_RESOLVE
naseveregvozdi.ru # NO_RESOLVE
nash-auto.ru # NO_RESOLVE
nash-detsad32.ru # NO_RESOLVE
nash-sssr.ru # NO_RESOLVE
nashdom1.online # NO_RESOLVE
nashdom1.ru # NO_RESOLVE
nashemisto.dp.ua # TLD_UA
nashformat.ua # TLD_UA
nashi-corgi.ru # NO_RESOLVE
nashlviv.com # NO_RESOLVE
nashvpn.mom # NO_RESOLVE
nashy-navesy.ru # NO_RESOLVE
nasofey2.ru # NO_RESOLVE
nast-tennis.ru # NO_RESOLVE
nastolka.club # NO_RESOLVE
nastroenie-fest.ru # NO_RESOLVE
nastroenie.com.ua # TLD_UA
nat-in.ru # NO_RESOLVE
natalia-sokolovskaya.ru # NO_RESOLVE
nataliabelugina.ru # NO_RESOLVE
nataliamineeva.com # NO_RESOLVE
natalieswiftrad.com # NO_RESOLVE
natalyaisakova.ru # NO_RESOLVE
natapku.ru # NO_RESOLVE
natartszim.org.zw # NO_RESOLVE
natex.broker # NO_RESOLVE
nationalindoorfootballleague.net # NO_RESOLVE
naturalelitesltd.com # NO_RESOLVE
naturalmaleperformance.com # NO_RESOLVE
naturbest.ru # NO_RESOLVE
natureiraq.org # NO_RESOLVE
naturmel.ru # NO_RESOLVE
nauchi66.ru # NO_RESOLVE
naukaschool.ru # NO_RESOLVE
naukaspb.net # NO_RESOLVE
naukaspb.org # NO_RESOLVE
naukricard.com # NO_RESOLVE
naurok.com.ua # TLD_UA
navasfin.com # NO_RESOLVE
navashino.kugostr.online # NO_RESOLVE
naviboxz.com # NO_RESOLVE
navigator-perm.ru # NO_RESOLVE
navolne59.ru # NO_RESOLVE
navy.mil # NO_RESOLVE
navysote.online # NO_RESOLVE
naxodka.vipster.net # NO_RESOLVE
naxodkin.com # NO_RESOLVE
naxter.net # NO_RESOLVE
nazarovo-raybiblioteka.ru # NO_RESOLVE
nazimy.ru # NO_RESOLVE
nazk.gov.ua # TLD_UA
nazret.com # NO_RESOLVE
nb-novorossiysk.net # NO_RESOLVE
nb-sochi.org # NO_RESOLVE
nb-ufa.info # NO_RESOLVE
nb-voronezh.net # NO_RESOLVE
nb.krasnodarnb.info # NO_RESOLVE
nb.sochinb.net # NO_RESOLVE
nbahighlights.xyz # NO_RESOLVE
nbanapa.com # NO_RESOLVE
nbest.kyiv.ua # TLD_UA
nbnews.com.ua # TLD_UA
nbpiter.ru # NO_RESOLVE
nc-renessans.online # NO_RESOLVE
ncforum.org.hk # NO_RESOLVE
nch.kz # NO_RESOLVE
ncomsistem.online # NO_RESOLVE
ncomsistem.ru # NO_RESOLVE
nd.krasnodarnb.info # NO_RESOLVE
ndconnect.ru # NO_RESOLVE
ndecosystems.ru # NO_RESOLVE
ndifp.com # NO_RESOLVE
ndiu.knu.ua # TLD_UA
ndo.lg.ua # TLD_UA
nds-net.ru # NO_RESOLVE
nds-v-msk-1.site # NO_RESOLVE
nds-v-msk.site # NO_RESOLVE
ne-tupi-postupi.com # NO_RESOLVE
neapolis-scythian.crimea.ua # TLD_UA
neboleyko.ru # NO_RESOLVE
necsomaliland.net # NO_RESOLVE
necu.org.ua # TLD_UA
nedouchet16.ru # NO_RESOLVE
nedvizhimost-ravda.ru # NO_RESOLVE
needster95.ru # NO_RESOLVE
neemble.ru # NO_RESOLVE
neftyanik-osa.ru # NO_RESOLVE
neftyanik-surgut.ru # NO_RESOLVE
negyvoe4.ru # NO_RESOLVE
neiro-mir.ru # NO_RESOLVE
neirokod.online # NO_RESOLVE
neirologika.ru # NO_RESOLVE
nekopoi.bond # NO_RESOLVE
nekopoi.chat # NO_RESOLVE
nelsonskupka.ru # NO_RESOLVE
neo-designpotolok.ru # NO_RESOLVE
neocigar.ru # NO_RESOLVE
neodim.net.ua # TLD_UA
neodimmag.com.ua # TLD_UA
neofincap.com # NO_RESOLVE
neoshop.kz # NO_RESOLVE
neosportvideo.ru # NO_RESOLVE
neostatis.net # NO_RESOLVE
neowallet.online # NO_RESOLVE
nerotric-global.ltd # NO_RESOLVE
nerozhdennaja.online # NO_RESOLVE
nerpakayak.ru # NO_RESOLVE
net-shekan.com # NO_RESOLVE
net-shekan.org # NO_RESOLVE
netcotrading.com # NO_RESOLVE
netdemodexa.ru # NO_RESOLVE
netputleru.com # NO_RESOLVE
netrixglobalexch.com # NO_RESOLVE
netsh.pp.ua # TLD_UA
nettobitrevo.com # NO_RESOLVE
network.org.ua # TLD_UA
neudachi-turistov.ru # NO_RESOLVE
neuralhashx.com # NO_RESOLVE
neurocongress2019.ru # TOO_MANY_DIGITS (4)
neurolab05.ru # NO_RESOLVE
nevachina.ru # NO_RESOLVE
nevsedoma.com.ua # TLD_UA
nevsedoma.org.ua # TLD_UA
nevsky-cartridge.ru # NO_RESOLVE
new-chek-1.site # NO_RESOLVE
new-chek-2.site # NO_RESOLVE
new-retro-1.ru # NO_RESOLVE
new-retro-4.ru # NO_RESOLVE
new-retro-6.ru # NO_RESOLVE
new-retro-8.ru # NO_RESOLVE
new-retro-link.ru # NO_RESOLVE
new-retro.art # NO_RESOLVE
new-retro.fun # NO_RESOLVE
new-retro.pro # NO_RESOLVE
new-s.com.ua # TLD_UA
new-vek.com # NO_RESOLVE
new.herrutor.site # NO_RESOLVE
new.porno365x.me # NO_RESOLVE
new0retro1.ru # NO_RESOLVE
new0retro2.ru # NO_RESOLVE
new0retro3.ru # NO_RESOLVE
new7000offer.com # TOO_MANY_DIGITS (4)
newagro-kos.ru # NO_RESOLVE
newartschool.org # NO_RESOLVE
newcheki.info # NO_RESOLVE
newcomix.info # NO_RESOLVE
newcrest-ltd.net # NO_RESOLVE
newculturegeo.art # NO_RESOLVE
newdailylabarbit.com # NO_RESOLVE
newdeaf-online.tv # NO_RESOLVE
newdeaf.lol # NO_RESOLVE
newdeaf.pro # NO_RESOLVE
newdoge.space # NO_RESOLVE
newkino.info # NO_RESOLVE
newkino.site # NO_RESOLVE
newkins.fun # NO_RESOLVE
newland72.ru # NO_RESOLVE
newnemedik.com # NO_RESOLVE
newretro-11.l1ve.online # NO_RESOLVE
newretro-119.31g.click # TOO_MANY_DIGITS (5)
newretro-125.49i.online # TOO_MANY_DIGITS (5)
newretro-126.39i.online # TOO_MANY_DIGITS (5)
newretro-13.12e.click # TOO_MANY_DIGITS (4)
newretro-138.30m.click # TOO_MANY_DIGITS (5)
newretro-141.89m.buzz # TOO_MANY_DIGITS (5)
newretro-142.12m.buzz # TOO_MANY_DIGITS (5)
newretro-143.28m.buzz # TOO_MANY_DIGITS (5)
newretro-144.16m.click # TOO_MANY_DIGITS (5)
newretro-146.355w.buzz # TOO_MANY_DIGITS (6)
newretro-15.35e.top # TOO_MANY_DIGITS (4)
newretro-153.333w.buzz # TOO_MANY_DIGITS (6)
newretro-155.58v.click # TOO_MANY_DIGITS (5)
newretro-157.374b.top # TOO_MANY_DIGITS (6)
newretro-19.32e.click # TOO_MANY_DIGITS (4)
newretro-20.30e.click # TOO_MANY_DIGITS (4)
newretro-22.27i.top # TOO_MANY_DIGITS (4)
newretro-25.77m.click # TOO_MANY_DIGITS (4)
newretro-29.43n.store # TOO_MANY_DIGITS (4)
newretro-31.25n.store # TOO_MANY_DIGITS (4)
newretro-34.00t.click # TOO_MANY_DIGITS (4)
newretro-35.25t.click # TOO_MANY_DIGITS (4)
newretro-36.31t.click # TOO_MANY_DIGITS (4)
newretro-37.49t.click # TOO_MANY_DIGITS (4)
newretro-41.77f.buzz # TOO_MANY_DIGITS (4)
newretro-66.85c.buzz # TOO_MANY_DIGITS (4)
newretro-67.12a.buzz # TOO_MANY_DIGITS (4)
newretro-84.t19.online # TOO_MANY_DIGITS (4)
newretro.art # NO_RESOLVE
newretro.pro # NO_RESOLVE
newretro.pw # NO_RESOLVE
newretro.space # NO_RESOLVE
newretro.tech # NO_RESOLVE
newretro2342.ru # TOO_MANY_DIGITS (4)
newretro4959.ru # TOO_MANY_DIGITS (4)
newretro6532.ru # TOO_MANY_DIGITS (4)
newretrobrand2.com # NO_RESOLVE
newretrobrand3.com # NO_RESOLVE
newretrobrand4.com # NO_RESOLVE
newretrobrand5.com # NO_RESOLVE
newretrocas.ru # NO_RESOLVE
newretrogo.ru # NO_RESOLVE
newretrosite.online # NO_RESOLVE
newrik.ru # NO_RESOLVE
news-hksarov.ru # NO_RESOLVE
news.dialog.ua # TLD_UA
news.dn.ua # TLD_UA
news.dtkt.ua # TLD_UA
news.i.ua # TLD_UA
news.lozonefilms.buzz # NO_RESOLVE
news.lviv-company.in.ua # TLD_UA
news.meta.ua # TLD_UA
news.nanoosnova.ru # NO_RESOLVE
news.online.ua # TLD_UA
news.sl # NO_RESOLVE
news.ua # TLD_UA
news.ukrainci.com.ua # TLD_UA
news.vn.ua # TLD_UA
news24.in.ua # TLD_UA
newscity.in.ua # TLD_UA
newsgamer.ru # NO_RESOLVE
newshksarov.ru # NO_RESOLVE
newsmakers.com.ua # TLD_UA
newsme.com.ua # TLD_UA
newsmurino.ru # NO_RESOLVE
newsone.ua # TLD_UA
newspaper.albaathmedia.sy # NO_RESOLVE
newsroom.kh.ua # TLD_UA
newss.lozonefilms.buzz # NO_RESOLVE
newssky.com.ua # TLD_UA
newstarschool.ru # NO_RESOLVE
newsukraine.rbc.ua # TLD_UA
newsvideo.su # NO_RESOLVE
newtime.scrt.me # NO_RESOLVE
newtime.ua # TLD_UA
newtoki468.com # NO_RESOLVE
newtorrent.top # NO_RESOLVE
newvek-nn.ru # NO_RESOLVE
nexailtd.com # NO_RESOLVE
nexalincremento-app.com # NO_RESOLVE
nexalincremento-tech.com # NO_RESOLVE
nexaxus.com # NO_RESOLVE
nexgenoption.com # NO_RESOLVE
nexil-vault-system.com # NO_RESOLVE
nexium-market.com # NO_RESOLVE
nexo-365-valerza.com # NO_RESOLVE
nexochain.pro # NO_RESOLVE
nexorionfinancesystem.com # NO_RESOLVE
nexrofundplatform.com # NO_RESOLVE
next-frontier.icu # NO_RESOLVE
next-gen-tech.icu # NO_RESOLVE
next-gen-way.cfd # NO_RESOLVE
next-innovate.icu # NO_RESOLVE
nextmission.icu # NO_RESOLVE
nextvision.icu # NO_RESOLVE
nexus-ai-platform.com # NO_RESOLVE
nexus-assets.com # NO_RESOLVE
nexus-mine.com # NO_RESOLVE
nexus24.biz # NO_RESOLVE
nexusdigitalasset.com # NO_RESOLVE
nexusmargin.com # NO_RESOLVE
nexvaultcrypto.com # NO_RESOLVE
nezagorami.com # NO_RESOLVE
nfdhr.org # NO_RESOLVE
nft23.fun # NO_RESOLVE
nftarenaxpro.com # NO_RESOLVE
nftcollectgame.com # NO_RESOLVE
nftgamecoin.com # NO_RESOLVE
nftgamezone.com # NO_RESOLVE
nftmatchteam.com # NO_RESOLVE
ngocn.net # NO_RESOLVE
nhentai-net.punheteiro.org # NO_RESOLVE
nhps1914.com # TOO_MANY_DIGITS (4)
nhschool.ru # NO_RESOLVE
nice-books.ru # NO_RESOLVE
nice-film.online # NO_RESOLVE
nice76.ru # NO_RESOLVE
nice9th.ru # NO_RESOLVE
nicekino.online # NO_RESOLVE
nicenailssalon.ru # NO_RESOLVE
nickwogan.com # NO_RESOLVE
night-mos.ru # NO_RESOLVE
nihaohotel.ru # NO_RESOLVE
nii-test.ru # NO_RESOLVE
niimbotb21.ru # NO_RESOLVE
niisk.ru # NO_RESOLVE
niisu.pro # NO_RESOLVE
nika-film.ru # NO_RESOLVE
nika-komi.ru # NO_RESOLVE
nikcity.ru # NO_RESOLVE
nike-castom.ru # NO_RESOLVE
nike-discount.ru # NO_RESOLVE
nikita.herrutor.site # NO_RESOLVE
nikitaliskov.com # NO_RESOLVE
niknews.mk.ua # TLD_UA
nikola.herrutor.site # NO_RESOLVE
nikolaevka.com.ua # TLD_UA
nikolaevnews.com.ua # TLD_UA
nikolapomogi.ru # NO_RESOLVE
nikon3100.ru # TOO_MANY_DIGITS (4)
nikpravda.com.ua # TLD_UA
nilonuars.com # NO_RESOLVE
nilyqoe5.ru # NO_RESOLVE
nimg4.yx247.com # TOO_MANY_DIGITS (4)
ninemanga.com # NO_RESOLVE
nintendo.net # NO_RESOLVE
nintendoswitch.cn # NO_RESOLVE
nintendoswitch.com.cn # NO_RESOLVE
nirvan-fit.online # NO_RESOLVE
nirvan-fit.ru # NO_RESOLVE
nis-tv.com # NO_RESOLVE
nisanuts.ru # NO_RESOLVE
nisio-nomk.me # NO_RESOLVE
nissan-nn.ru # NO_RESOLVE
nituugim.ru # NO_RESOLVE
niva-m.ru # NO_RESOLVE
nixalba.klad.cc # NO_RESOLVE
nixt.pro # NO_RESOLVE
nizhnij-tagil.vipster.net # NO_RESOLVE
nizniy-novgorod.xn----7sbbas7adbh1ak4hek1gg.xn--p1ai # TOO_MANY_DIGITS (6)
njt.center # NO_RESOLVE
njtc.club # NO_RESOLVE
njtc.info # NO_RESOLVE
njtc.online # NO_RESOLVE
njtc.top # NO_RESOLVE
njurba.online # NO_RESOLVE
nk-evrazia.ru # NO_RESOLVE
nk-met.ru # NO_RESOLVE
nk.org.ua # TLD_UA
nk116.com # NO_RESOLVE
nkagammb.com # NO_RESOLVE
nkukpzzaxuwmtfuq.a1g9l1r3x3oq.online # TOO_MANY_DIGITS (5)
nllcelmb.com # NO_RESOLVE
nlmk-sort.ru # NO_RESOLVE
nmarkmarket.sbs # NO_RESOLVE
nmea2000.ru # TOO_MANY_DIGITS (4)
nmi-nk.ru # NO_RESOLVE
nmmc-co.com # NO_RESOLVE
nmodel.cc # NO_RESOLVE
nn-stk.ru # NO_RESOLVE
nn.ecoacademiya.ru # NO_RESOLVE
nnlovers.space # NO_RESOLVE
nnov-miit.ru # NO_RESOLVE
nnovg2.alcobar-24-8.ru # TOO_MANY_DIGITS (4)
nnovg5.alcobar-24-8.ru # TOO_MANY_DIGITS (4)
no-deposits.club # NO_RESOLVE
nobelius.house # NO_RESOLVE
nobil-finspirex.net # NO_RESOLVE
noble-fintrion.net # NO_RESOLVE
nobleassetmarkets.com # NO_RESOLVE
noblecoinventures.vip # NO_RESOLVE
noblestaketrading.com # NO_RESOLVE
noch-s-psihopatom-2025.swezhak.su # TOO_MANY_DIGITS (4)
nocheatzone.com # NO_RESOLVE
nodalwealth.com # NO_RESOLVE
nokgip.ru # NO_RESOLVE
noleryo3.ru # NO_RESOLVE
nomerc.top # NO_RESOLVE
nomerok.info # NO_RESOLVE
nomerorg.club # NO_RESOLVE
nonespionage.com # NO_RESOLVE
nopoliceplease.pw # NO_RESOLVE
noproteindope.com # NO_RESOLVE
nord-bitrevo.net # NO_RESOLVE
nord-log.ru # NO_RESOLVE
nord-vpnly.ru # NO_RESOLVE
nordboat.ru # NO_RESOLVE
nordcdn.com # NO_RESOLVE
nordic-chain.com # NO_RESOLVE
nordixvarelsoftware.com # NO_RESOLVE
noritexpro-app.com # NO_RESOLVE
northflarefinthrix.com # NO_RESOLVE
norton-vpn.info # NO_RESOLVE
nostalgy-books.ru # NO_RESOLVE
nostupid.club # NO_RESOLVE
notate.digital # NO_RESOLVE
noteserv.ru # NO_RESOLVE
nothern-tower.ru # NO_RESOLVE
noticias.canalrcn.com # NO_RESOLVE
notion-konsalt.ru # NO_RESOLVE
notitotal.com # NO_RESOLVE
notorture.kg # NO_RESOLVE
nov-selsovet.ru # NO_RESOLVE
nova-kvn.ru # NO_RESOLVE
nova-tomsk.ru # NO_RESOLVE
novabitglobe.com # NO_RESOLVE
novagrowtholdings.net # NO_RESOLVE
novajavolna.org # NO_RESOLVE
novaposhta.ua # TLD_UA
novariummarket.com # NO_RESOLVE
novaya-meditsina-med.ru # NO_RESOLVE
novaya.shop # NO_RESOLVE
novelasbrasilieras.com # NO_RESOLVE
novella24.biz # NO_RESOLVE
novgela2250.info # TOO_MANY_DIGITS (4)
novgochs.ru # NO_RESOLVE
novibox.fun # NO_RESOLVE
novibox.site # NO_RESOLVE
novibox.space # NO_RESOLVE
novinkas-2025.ru # TOO_MANY_DIGITS (4)
novinkaseriesus.ru # NO_RESOLVE
novinkaseriez.ru # NO_RESOLVE
novinki-2025.art # TOO_MANY_DIGITS (4)
novinki-2025.myvibox.fun # TOO_MANY_DIGITS (4)
novinkis-2025.ru # TOO_MANY_DIGITS (4)
novinkis.online # NO_RESOLVE
novinkis.ru # NO_RESOLVE
novinks.online # NO_RESOLVE
novinks2025.ru # TOO_MANY_DIGITS (4)
novinkus-2025.ru # TOO_MANY_DIGITS (4)
novoborivska-gromada.gov.ua # TLD_UA
novodvinsk.s-grup.life # NO_RESOLVE
novojornal.jor.br # NO_RESOLVE
novokuzneck.dymim.ru # NO_RESOLVE
novoregy.org # NO_RESOLVE
novorossijsk.vipster.net # NO_RESOLVE
novosib.whiterabbit-flowers.ru # NO_RESOLVE
novosibirsk-prawa.top # NO_RESOLVE
novosibirsk.daizakurit.ru # NO_RESOLVE
novosibirsk.top # NO_RESOLVE
novosibirsk.vipster.net # NO_RESOLVE
novosibirsk.xn----7sbbas7adbh1ak4hek1gg.xn--p1ai # TOO_MANY_DIGITS (6)
novosibirskf.vipster.net # NO_RESOLVE
novosibirskff.vipster.net # NO_RESOLVE
novosibirskoeregistracionnoeagenstvo.ru # NO_RESOLVE
novosokolniki.sex-pulse.top # NO_RESOLVE
novosti.dn.ua # TLD_UA
novosti.ivano-frankivsk.ua # TLD_UA
novosti.ua # TLD_UA
novostiv.ru # NO_RESOLVE
novostroiki-yaroslavl.online # NO_RESOLVE
novostroiki-yaroslavl.ru # NO_RESOLVE
novusresourcinglimited.com # NO_RESOLVE
novustradingmarkets.com # NO_RESOLVE
novyereshenia.ru # NO_RESOLVE
novyesmysly.ru # NO_RESOLVE
novynovgorod.substack.com # NO_RESOLVE
novyny.online.ua # TLD_UA
novyny.zt.ua # TLD_UA
nowaste.com.ua # TLD_UA
nowgoaltv1.online # NO_RESOLVE
nowokna.ru # NO_RESOLVE
nowostroykimsk.ru # NO_RESOLVE
nowvpn.info # NO_RESOLVE
noxwealth.com # NO_RESOLVE
nozi-posuda52.ru # NO_RESOLVE
np.pl.ua # TLD_UA
np24.co # NO_RESOLVE
npkavkaz.ru # NO_RESOLVE
npseo.ru # NO_RESOLVE
nr2.com.ua # TLD_UA
nrmeta.net # NO_RESOLVE
nrtool.to # NO_RESOLVE
nru.org.ua # TLD_UA
ns-care.ru # NO_RESOLVE
ns1.familion.ru # NO_RESOLVE
ns1.slivup.me # NO_RESOLVE
ns4.ray-host.ru # NO_RESOLVE
nsbmetal.ru # NO_RESOLVE
nsc-klub.online # NO_RESOLVE
nsdentalsolution.com # NO_RESOLVE
nselpasino.ru # NO_RESOLVE
nsfw.xxx # NO_RESOLVE
nsh-ds52.ru # NO_RESOLVE
nshop1-biz1.esti.city # NO_RESOLVE
nsju.org # NO_RESOLVE
nsk-diplservis.com # NO_RESOLVE
nskenergo.ru # NO_RESOLVE
nskmed24.com # NO_RESOLVE
nsp-auditconsalt.ru # NO_RESOLVE
nspauditconsalt.ru # NO_RESOLVE
nspzd2mb.com # NO_RESOLVE
nsrestoran.ru # NO_RESOLVE
nstexcf.com # NO_RESOLVE
nstr.biz # NO_RESOLVE
nszu.gov.ua # TLD_UA
ntatv.ru # NO_RESOLVE
ntc.party # NO_RESOLVE
ntclub.store # NO_RESOLVE
ntcsis.ru # NO_RESOLVE
nti2035.space # TOO_MANY_DIGITS (4)
ntidea.com.ua # TLD_UA
ntk-71.ru # NO_RESOLVE
ntktv.ua # TLD_UA
ntn.ua # TLD_UA
nto.to # NO_RESOLVE
ntrez.ru # NO_RESOLVE
ntspolymer.ru # NO_RESOLVE
nu.gidonline.bond # NO_RESOLVE
nu.hdseriaz.link # NO_RESOLVE
nu.movielab.work # NO_RESOLVE
nu.movielibs.top # NO_RESOLVE
nu.www-zagonkas.top # NO_RESOLVE
nu.xn--80abginb3ag8a.com # TOO_MANY_DIGITS (4)
nu.xn--80acbypd3c.com # NO_RESOLVE
nu.xn--80acbypdo.com # NO_RESOLVE
nu.zagonkastv.top # NO_RESOLVE
nu.zonafilm.baby # NO_RESOLVE
nu.zonafilm.life # NO_RESOLVE
nua.in.ua # TLD_UA
nubatimes.com # NO_RESOLVE
nubileset.com # NO_RESOLVE
nubolyy8.ru # NO_RESOLVE
nubuck.com.ua # TLD_UA
nud8.com # NO_RESOLVE
nudistforum.online # NO_RESOLVE
nukadb.com # NO_RESOLVE
nukikoi3.ru # NO_RESOLVE
numes-portem.ru # NO_RESOLVE
numizmat.com.ua # TLD_UA
nunaleo6.ru # NO_RESOLVE
nunation.ru # NO_RESOLVE
nur-sultan3d.kz # NO_RESOLVE
nur15kz.web.app # NO_RESOLVE
nurnberg2022.org # TOO_MANY_DIGITS (4)
nus.muzlo.website # NO_RESOLVE
nus.org.ua # TLD_UA
nuvexil.org # NO_RESOLVE
nv.ua # TLD_UA
nvhai30.top # NO_RESOLVE
nvip.com.ua # TLD_UA
nvrskatletika.ru # NO_RESOLVE
nvuti.best # NO_RESOLVE
nvutigames.com # NO_RESOLVE
nvzzz.ru # NO_RESOLVE
nw-tex.ru # NO_RESOLVE
nw.com.ua # TLD_UA
nwdnghmb.com # NO_RESOLVE
nwealthapp-platform.com # NO_RESOLVE
nwlive.ru # NO_RESOLVE
nwoo.org # NO_RESOLVE
nwtomsk.ru # NO_RESOLVE
nx-c.pro # NO_RESOLVE
nx.ashoo.bid # NO_RESOLVE
nya.animespirit.ru # NO_RESOLVE
nyagan.teatr-travel.ru # NO_RESOLVE
nyandoma.best-k.online # NO_RESOLVE
nyfinance.ru # NO_RESOLVE
nygagii5.ru # NO_RESOLVE
nymph.at.ua # TLD_UA
nysqwl.com # NO_RESOLVE
o.4k-hd.cyou # NO_RESOLVE
o.seriyahd.cyou # NO_RESOLVE
o.stopfilms.info # NO_RESOLVE
o5e86k2upc.execute-api.eu-central-1.amazonaws.com # TOO_MANY_DIGITS (5)
oaiusercontent.com # NO_RESOLVE
oakfordvaltrion.com # NO_RESOLVE
oakwell-cl.net # NO_RESOLVE
oandp.ru # NO_RESOLVE
oao-tmz.ru # NO_RESOLVE
oasis-matrix.com # NO_RESOLVE
oavtomasle.ru # NO_RESOLVE
obed-2018.ru # TOO_MANY_DIGITS (4)
obelick.ru # NO_RESOLVE
oberegchastya.online # NO_RESOLVE
obezyaniys.cc # NO_RESOLVE
oblirexgetsolution.com # NO_RESOLVE
oblirexoapp.com # NO_RESOLVE
oboi-18.ru # NO_RESOLVE
oboi.i.ua # TLD_UA
oborona24.com.ua # TLD_UA
obraz-as20.online # NO_RESOLVE
obrazovanie-dlplomas3.ru # NO_RESOLVE
obrazovanie-dlplomss.ru # NO_RESOLVE
obrazovanie-univer.ru # NO_RESOLVE
obrazovanie46.ru # NO_RESOLVE
obrazovanle-dlplom.ru # NO_RESOLVE
obs.kg # NO_RESOLVE
observatorioambientaluagrm.org # NO_RESOLVE
obshestvo-snega.ru # NO_RESOLVE
obulubtc.com # NO_RESOLVE
obuvlike.ru # NO_RESOLVE
obyava.ua # TLD_UA
obzor-sol.com # NO_RESOLVE
obzor-sol.net # NO_RESOLVE
oc4426.craftum.io # TOO_MANY_DIGITS (4)
oceancoralrivieramaya.com # NO_RESOLVE
oceangatemarket.com # NO_RESOLVE
ocenkadv.ru # NO_RESOLVE
ocheretynska-gromada.gov.ua # TLD_UA
ochphilxvertex.live # NO_RESOLVE
october285.tvhub.today # NO_RESOLVE
october29.ru # NO_RESOLVE
od.vgorode.ua # TLD_UA
odarizar.com # NO_RESOLVE
odel.herrutor.site # NO_RESOLVE
odesforex.live # NO_RESOLVE
odessa-life.od.ua # TLD_UA
odincovo-grand0100.ru # TOO_MANY_DIGITS (4)
odincovo-grand0101.ru # TOO_MANY_DIGITS (4)
odl.tn # NO_RESOLVE
odmo-lab.ru # NO_RESOLVE
odnogrupniki.com.ua # TLD_UA
odnomotor.online # NO_RESOLVE
odnomotor.ru # NO_RESOLVE
odobrinoart.ru # NO_RESOLVE
odyssey-elements.ru # NO_RESOLVE
off24.klad.cc # NO_RESOLVE
officalmega.cc # NO_RESOLVE
office.curencymakrett.space # NO_RESOLVE
offinfs.site # NO_RESOLVE
offonenergy.cfd # NO_RESOLVE
offonenergy.rest # NO_RESOLVE
offshops.ru # NO_RESOLVE
offtv.one # NO_RESOLVE
ofj.top-sofosbuvir1.ru # NO_RESOLVE
oformitelu.online # NO_RESOLVE
oformiteluz.online # NO_RESOLVE
ofrosnou.online # NO_RESOLVE
ofrosnou.ru # NO_RESOLVE
ogbu-sbbzh.ru # NO_RESOLVE
ogene.pro # NO_RESOLVE
ogladanieonline.pl # NO_RESOLVE
ogo365.top # NO_RESOLVE
ogopogo.ru # NO_RESOLVE
ogorod-game.com # NO_RESOLVE
ogosex.com.ua # TLD_UA
ogotur.ru # NO_RESOLVE
ohgayfuck.cc # NO_RESOLVE
ohgayporn.cc # NO_RESOLVE
ohmaleporn.cc # NO_RESOLVE
ohmatdit.lviv.ua # TLD_UA
ohmylook.ru # NO_RESOLVE
ohota-i-ribalka.com # NO_RESOLVE
ohotanavideo.ru # NO_RESOLVE
ohotnik.kiev.ua # TLD_UA
ohpizza.ru # NO_RESOLVE
ohranadocs3.top # NO_RESOLVE
ohrannik4.top # NO_RESOLVE
ohrannikdocs3.top # NO_RESOLVE
ohrannikdocs4.top # NO_RESOLVE
ohrannikrf2.top # NO_RESOLVE
ohrannikwork3.top # NO_RESOLVE
oil-edex2-ai.com # NO_RESOLVE
oilandgashorizons.ru # NO_RESOLVE
oilfolex-360-ai.com # NO_RESOLVE
ointeres.ru # NO_RESOLVE
ojo.com.pe # NO_RESOLVE
ok-thirteen.ru # NO_RESOLVE
ok.stratogig.online # NO_RESOLVE
ok.vidak.icu # NO_RESOLVE
okisushi.ru # NO_RESOLVE
okitokili.online # NO_RESOLVE
okitokili.ru # NO_RESOLVE
okjsvip.com # NO_RESOLVE
okna-germes.ru # NO_RESOLVE
okna72tmn.ru # NO_RESOLVE
oknaetalon-34.ru # NO_RESOLVE
oknalux-21.ru # NO_RESOLVE
oknaplus-web.ru # NO_RESOLVE
okokfilms.online # NO_RESOLVE
okrorr.com # NO_RESOLVE
okrug.info # NO_RESOLVE
okseria.online # NO_RESOLVE
okshim.online # NO_RESOLVE
okwine.ua # TLD_UA
olala43.ru # NO_RESOLVE
old-films.online # NO_RESOLVE
old-tula.ru # NO_RESOLVE
oldcart.ru # NO_RESOLVE
oldidom.ru # NO_RESOLVE
oldnewcalendar.com # NO_RESOLVE
oldnews.zabor.zp.ua # TLD_UA
oldrussianhistory.ru # NO_RESOLVE
oleg.herrutor.site # NO_RESOLVE
oleksienko.com.ua # TLD_UA
olenevod-export.ru # NO_RESOLVE
olesyaberkut.ru # NO_RESOLVE
olgakamornik.ru # NO_RESOLVE
olgakochina.ru # NO_RESOLVE
olgasobachkina.ru # NO_RESOLVE
olgavasilyuk.com.ua # TLD_UA
oligarch-game.biz # NO_RESOLVE
olivemarkets282.com # NO_RESOLVE
olma-realtygroup.ru # NO_RESOLVE
olmi2000.ru # TOO_MANY_DIGITS (4)
olo.vidak.icu # NO_RESOLVE
olstore.ru # NO_RESOLVE
olviir.site # NO_RESOLVE
olx.ua # TLD_UA
olymp-a1-ru.xyz # NO_RESOLVE
olymp-a147-ru.xyz # NO_RESOLVE
olymp-rua-table-11.xyz # NO_RESOLVE
olymp-shop.top # NO_RESOLVE
olympia59.ru # NO_RESOLVE
olympo.online # NO_RESOLVE
olymposrise.xyz # NO_RESOLVE
om-f.cc # NO_RESOLVE
omaah-exchange.com # NO_RESOLVE
omanya.net # NO_RESOLVE
ombudsmanbiz40.ru # NO_RESOLVE
ombudsment.ru # NO_RESOLVE
omd24.cc # NO_RESOLVE
omegatd.top # NO_RESOLVE
omenlink.or.kr # NO_RESOLVE
omenonwaves.org # NO_RESOLVE
omenpeacemakersprogram.org # NO_RESOLVE
omenwarpeace.org # NO_RESOLVE
omeuzamb.com # NO_RESOLVE
omg-link.shop # NO_RESOLVE
omg-market-omg.cc # NO_RESOLVE
omg-marketplace.com # NO_RESOLVE
omg-omg-network.click # NO_RESOLVE
omg-omg-network.info # NO_RESOLVE
omg-omg-network.net # NO_RESOLVE
omg-omg-network.online # NO_RESOLVE
omg-omg-web.co # NO_RESOLVE
omg-omg-web.marketing # NO_RESOLVE
omg-omg.site # NO_RESOLVE
omg-omg0.cc # NO_RESOLVE
omg-omgweb.shop # NO_RESOLVE
omg-promo.cc # NO_RESOLVE
omg-vhod-omg.cc # NO_RESOLVE
omg-web.cc # NO_RESOLVE
omg0.cc # NO_RESOLVE
omg0omg.cc # NO_RESOLVE
omg3klad.cc # NO_RESOLVE
omg4klad.cc # NO_RESOLVE
omgbbest.cc # NO_RESOLVE
omgbest10.co # NO_RESOLVE
omggbest.cc # NO_RESOLVE
omggshop.cc # NO_RESOLVE
omgheroes.com # NO_RESOLVE
omghub-link.net # NO_RESOLVE
omghub-link.online # NO_RESOLVE
omghub-link.shop # NO_RESOLVE
omghub-market.xyz # NO_RESOLVE
omghublink.directory # NO_RESOLVE
omglink-link.co # NO_RESOLVE
omglinks.cc # NO_RESOLVE
omgmarket-omg.cc # NO_RESOLVE
omgmarket.market # NO_RESOLVE
omgmarket.net # NO_RESOLVE
omgmarket.network # NO_RESOLVE
omgmarketplace.cc # NO_RESOLVE
omgmbl.cc # NO_RESOLVE
omgrocket.cc # NO_RESOLVE
omgshop-shop.click # NO_RESOLVE
omgshop-shop.info # NO_RESOLVE
omgshop-shop.net # NO_RESOLVE
omgshop-shop.online # NO_RESOLVE
omgtp4.cc # NO_RESOLVE
omgwebomg.cc # NO_RESOLVE
omnistec.kz # NO_RESOLVE
omoda42.ru # NO_RESOLVE
omontecarlo.ru # NO_RESOLVE
omsk-3812.my1.ru # TOO_MANY_DIGITS (5)
omsk-alcobar.shop # NO_RESOLVE
omsk-alcobar.site # NO_RESOLVE
omsk-opros.ru # NO_RESOLVE
omsk.1000vill.ru # TOO_MANY_DIGITS (4)
omsk.vipster.net # NO_RESOLVE
omsk.xn----7sbbas7adbh1ak4hek1gg.xn--p1ai # TOO_MANY_DIGITS (6)
omsk24alkobar.shop # NO_RESOLVE
omskalcobar.site # NO_RESOLVE
omskdelivery.shop # NO_RESOLVE
omskf.vipster.net # NO_RESOLVE
omskindustry.ru # NO_RESOLVE
omtrdc.net # NO_RESOLVE
omu.org.ua # TLD_UA
omutinsk2.ru # NO_RESOLVE
omutstore.com # NO_RESOLVE
on-device.com.ua # TLD_UA
on-hit.ru # NO_RESOLVE
on-i-on.ru # NO_RESOLVE
on-line-films.at.ua # TLD_UA
on-x-0.vmusei.ru # NO_RESOLVE
on-x-17.xn--80aqfbkupk.xn--p1ai # TOO_MANY_DIGITS (5)
on-x-19.vosob.ru # NO_RESOLVE
on-x-29.lev67.online # TOO_MANY_DIGITS (4)
on-x-29.lev68.online # TOO_MANY_DIGITS (4)
on-x-gaming.ru # NO_RESOLVE
on-x.buzz # NO_RESOLVE
on-x.tppmsk.ru # NO_RESOLVE
on.millennium2.ru # NO_RESOLVE
on.od.ua # TLD_UA
on.stratogig.online # NO_RESOLVE
on.vidak.icu # NO_RESOLVE
ona.gob.ve # NO_RESOLVE
onara.ru # NO_RESOLVE
onavon.ru # NO_RESOLVE
ondazemi.com # NO_RESOLVE
onderzine.com # NO_RESOLVE
one-gms.biz # NO_RESOLVE
one-vv0193.life # TOO_MANY_DIGITS (4)
one-vv3531.life # TOO_MANY_DIGITS (4)
one-vv36.life # NO_RESOLVE
one-vv7015.life # TOO_MANY_DIGITS (4)
one-vv8092.life # TOO_MANY_DIGITS (4)
one.kr.ua # TLD_UA
onebusiness.world # NO_RESOLVE
onechoiceshop.com # NO_RESOLVE
onedayseyoum.com # NO_RESOLVE
oneearnest.com # NO_RESOLVE
onekyat.com # NO_RESOLVE
onelostlove.online # NO_RESOLVE
onemorelesbian.com # NO_RESOLVE
oneregis.online # NO_RESOLVE
oneregis.ru # NO_RESOLVE
onerepublicplatform.com # NO_RESOLVE
onewatch.club # NO_RESOLVE
ongayanal.cc # NO_RESOLVE
onibares.ru # NO_RESOLVE
onlainfilm.ucoz.ua # TLD_UA
onlainkino.online # NO_RESOLVE
onlayn-zaym.ru # NO_RESOLVE
onltabac.com # NO_RESOLVE
only4you-izre.biz99.xyz # NO_RESOLVE
onlyfake.cc # NO_RESOLVE
onlygayporn.cc # NO_RESOLVE
onlygaysex.cc # NO_RESOLVE
onlyporn.uk # NO_RESOLVE
onlyporno.fans # NO_RESOLVE
onlyspb.ru # NO_RESOLVE
onporn.com.ru # NO_RESOLVE
onrifobjetbreas.com # NO_RESOLVE
ontests.me # NO_RESOLVE
ontorrent.at.ua # TLD_UA
ontube.site # NO_RESOLVE
onu.org.ar # NO_RESOLVE
onuky.com # NO_RESOLVE
onx-buzz.ru # NO_RESOLVE
onx069.top # NO_RESOLVE
onx3366.buzz # TOO_MANY_DIGITS (4)
onxtraffic.com # NO_RESOLVE
ookaschool.ru # NO_RESOLVE
ookaz.ru # NO_RESOLVE
ooo-piramidka1.ru # NO_RESOLVE
ooo-uk-upravdom.ru # NO_RESOLVE
ooocitytex.ru # NO_RESOLVE
oookomilfo.ru # NO_RESOLVE
ooolptes.ru # NO_RESOLVE
ooopromat.ru # NO_RESOLVE
oootplus.ru # NO_RESOLVE
oops.zp.ua # TLD_UA
oopt-setun.ru # NO_RESOLVE
oosex.club # NO_RESOLVE
opalubka-most.ru # NO_RESOLVE
opalubok.ru # NO_RESOLVE
open-closed.ru # NO_RESOLVE
open-rc.com # NO_RESOLVE
open-sharing.com # NO_RESOLVE
open7000offer.com # TOO_MANY_DIGITS (4)
openaicom-api-bdcpf8c6d2e9atf6.z01.azurefd.net # TOO_MANY_DIGITS (7)
opengserwfwerg.pro # NO_RESOLVE
openkm.ru # NO_RESOLVE
openpsp.ru # NO_RESOLVE
openrussia.org # NO_RESOLVE
opensklad.club # NO_RESOLVE
opera2028.ru # TOO_MANY_DIGITS (4)
operandhook.com # NO_RESOLVE
ophthalmic-hub.com # NO_RESOLVE
oplata-zarubezh.goopti.ru # NO_RESOLVE
opreutov.ru # NO_RESOLVE
ops.sterlingandroyce.com # NO_RESOLVE
opsvpn.biz # NO_RESOLVE
opsvpn.info # NO_RESOLVE
opt-city.biz.ua # TLD_UA
opt-ion.ru # NO_RESOLVE
opt-shop24.ru # NO_RESOLVE
opt18.ru # NO_RESOLVE
optima.best # NO_RESOLVE
optimafundrelixai.com # NO_RESOLVE
optimalmint.com # NO_RESOLVE
optimaltradingplatform.org # NO_RESOLVE
optimist24.cc # NO_RESOLVE
optimizaciya-nds-8.org # NO_RESOLVE
optimizaciya-nds-9.org # NO_RESOLVE
optimizaciya-nds.site # NO_RESOLVE
optimumreturns.pro # NO_RESOLVE
optimumtradingacademy.com # NO_RESOLVE
optimusaltrd.com # NO_RESOLVE
optimusyacht.ru # NO_RESOLVE
optionclick.ru # NO_RESOLVE
optionnestpro.com # NO_RESOLVE
optionzypharel-tech.com # NO_RESOLVE
optisync-trading.com # NO_RESOLVE
optivele.com # NO_RESOLVE
optom-sim.ru # NO_RESOLVE
optom-simka.ru # NO_RESOLVE
optom-snus.ru # NO_RESOLVE
optsim-nomera.site # NO_RESOLVE
optsmaxtrd.com # NO_RESOLVE
opulatrix-solution.com # NO_RESOLVE
opulence.sbs # NO_RESOLVE
oraclefmx.com # NO_RESOLVE
orange-team56.ru # NO_RESOLVE
orb1.top # NO_RESOLVE
orb11.org # NO_RESOLVE
orb11gram.org # NO_RESOLVE
orb11gram.top # NO_RESOLVE
orb11ta.biz # NO_RESOLVE
orb11ta.com.24rc.lol # TOO_MANY_DIGITS (4)
orbexiamarkets.com # NO_RESOLVE
orbita.dn.ua # TLD_UA
orbiterge.com # NO_RESOLVE
orbitexedge-solution.com # NO_RESOLVE
orbitraai.com # NO_RESOLVE
orca88-j.ru # NO_RESOLVE
orca88.ru.com # NO_RESOLVE
orchestrate.icu # NO_RESOLVE
orchidblues.online # NO_RESOLVE
orchidblues.ru # NO_RESOLVE
ordaclub.ru # NO_RESOLVE
ordafilm.work # NO_RESOLVE
ordent.ru # NO_RESOLVE
orderflowcopytrading.com # NO_RESOLVE
orel.vipster.net # NO_RESOLVE
orenelektroset.ru # NO_RESOLVE
orenmotors.ru # NO_RESOLVE
orennti.ru # NO_RESOLVE
orensad29.ru # NO_RESOLVE
orensad8.ru # NO_RESOLVE
orenschool56.online # NO_RESOLVE
organicuncles.com # NO_RESOLVE
organika-vodka.ru # NO_RESOLVE
organonweb.com # NO_RESOLVE
orgasnette.com # NO_RESOLVE
origafik.ru # NO_RESOLVE
origin-style.ru # NO_RESOLVE
orion-ico.com # NO_RESOLVE
orionchik-fes.ru # NO_RESOLVE
orionpeakmarkets.com # NO_RESOLVE
oris33.ru # NO_RESOLVE
orisstom.ru # NO_RESOLVE
orkorostov.ru # NO_RESOLVE
orldanimalprotection.or.th # NO_RESOLVE
orldcoalition.org # NO_RESOLVE
orldjewishcongress.org # NO_RESOLVE
orldofseeds.com # NO_RESOLVE
orldpoliticsreview.com # NO_RESOLVE
orldsexarchives.com # NO_RESOLVE
orldwildlife.org # NO_RESOLVE
ormenskoe.ru # NO_RESOLVE
ornamentgroup.ru # NO_RESOLVE
orovertix-solution.com # NO_RESOLVE
orpheusandlyra.tripod.com # NO_RESOLVE
orsk-sport.ru # NO_RESOLVE
orskedu.ru # NO_RESOLVE
orskgroup.ru # NO_RESOLVE
ort-med48.org # NO_RESOLVE
ortmedi.org # NO_RESOLVE
ortmedsi.org # NO_RESOLVE
oruze.online # NO_RESOLVE
oruze.ru # NO_RESOLVE
oruzeyka.com.ua # TLD_UA
oruzhiemarket.com # NO_RESOLVE
oruzi.ru # NO_RESOLVE
orvehogar.com.ec # NO_RESOLVE
orvynlurex.net # NO_RESOLVE
oryxalogy.com # NO_RESOLVE
os.garilla.help # NO_RESOLVE
os1.i.ua # TLD_UA
osa.online-p2022.ru # TOO_MANY_DIGITS (4)
osa74.ru # NO_RESOLVE
osago1990.store # TOO_MANY_DIGITS (4)
osb19.com # NO_RESOLVE
osbm.lt.ua # TLD_UA
oscar-star.online # NO_RESOLVE
oscar-star.ru # NO_RESOLVE
oschadbank.ua # TLD_UA
oscorp-industries.ru # NO_RESOLVE
osekse.in # NO_RESOLVE
oshibkam.top # NO_RESOLVE
oskar-88.ru # NO_RESOLVE
oskoldveri.ru # NO_RESOLVE
osp.org.tr # NO_RESOLVE
oss.lozonefilms.buzz # NO_RESOLVE
ostankino24.ru # NO_RESOLVE
osteopathie2019.ru # TOO_MANY_DIGITS (4)
osthondroz.ru # NO_RESOLVE
ostonline.net # NO_RESOLVE
ostrichvpn.info # NO_RESOLVE
ostrovnoi.legofan.online # NO_RESOLVE
osvb.me # NO_RESOLVE
osz.garilla.help # NO_RESOLVE
otatturu.net # NO_RESOLVE
otc-group54.ru # NO_RESOLVE
otchetrf.ru # NO_RESOLVE
otdampreparat.ru # NO_RESOLVE
otech-mtree.org # NO_RESOLVE
otehosmotre.com # NO_RESOLVE
otel-hazbin-kadikama.ru # NO_RESOLVE
otelagat.ru # NO_RESOLVE
other-film.online # NO_RESOLVE
other-film.ru # NO_RESOLVE
otk-shop.store # NO_RESOLVE
otkidnie-nomera.pro # NO_RESOLVE
otkroem.com.ua # TLD_UA
otkrytiebb.online # NO_RESOLVE
otolar-mc.ru # NO_RESOLVE
otrisovkadocumentov.ru # NO_RESOLVE
otsosito.com # NO_RESOLVE
otvet-est.ru # NO_RESOLVE
otvets.me # NO_RESOLVE
otvets.net # NO_RESOLVE
otzovikavto.ru # NO_RESOLVE
otzyvy-gruzovichkov.ru # NO_RESOLVE
otzyvyrealnye.ru # NO_RESOLVE
ou3410.craftum.io # TOO_MANY_DIGITS (4)
our-faith.ru # NO_RESOLVE
outdoor-fit.ru # NO_RESOLVE
outdoorstyle.com.ua # TLD_UA
outlineing.digital # NO_RESOLVE
oversea-shopping.com.ua # TLD_UA
overtsignaltrading.live # NO_RESOLVE
ovrucka-gromada.gov.ua # TLD_UA
owaahh.com # NO_RESOLVE
owmedia.ru # NO_RESOLVE
owpibdmb.com # NO_RESOLVE
oxe.gepatit-stop3.ru # NO_RESOLVE
oxfordcity.ru # NO_RESOLVE
oxo.ua # TLD_UA
oxoma-volgograd.ru # NO_RESOLVE
oxtubemy1.top # NO_RESOLVE
oxytime.ru # NO_RESOLVE
oyjgdmmb.com # NO_RESOLVE
oyoutube.ru # NO_RESOLVE
oz-earners.com # NO_RESOLVE
oz.metafilm7.buzz # NO_RESOLVE
ozempik-msk.com # NO_RESOLVE
ozershkola.ru # NO_RESOLVE
oznakah.ru # NO_RESOLVE
p-box.icu # NO_RESOLVE
p-chaincap.net # NO_RESOLVE
p-efir.ru # NO_RESOLVE
p-f-t-o.online # NO_RESOLVE
p-i-x-e-l.online # NO_RESOLVE
p.krasnodarnb.info # NO_RESOLVE
p.mangamammy.com # NO_RESOLVE
p.millennium2.ru # NO_RESOLVE
p.nb-gelendzhik.net # NO_RESOLVE
p.protorrent.fun # NO_RESOLVE
p.stopfilms.info # NO_RESOLVE
p0x0p0nk4.space # TOO_MANY_DIGITS (4)
p10.rumassa.store # NO_RESOLVE
p1nupch3ck.ru # NO_RESOLVE
p2024.site # TOO_MANY_DIGITS (4)
p2p24.online # NO_RESOLVE
p4.rumassa.store # NO_RESOLVE
p5.rumassa.store # NO_RESOLVE
p6.rumassa.store # NO_RESOLVE
p7.rumassa.store # NO_RESOLVE
p8.rumassa.store # NO_RESOLVE
p9.rumassa.store # NO_RESOLVE
pa.protorrent.fun # NO_RESOLVE
pablo-shop.top # NO_RESOLVE
pacbi.org # NO_RESOLVE
pacewayhub.com # NO_RESOLVE
pacificglobaltrust.com # NO_RESOLVE
pacify.ru # NO_RESOLVE
packdove.com # NO_RESOLVE
pacom.mil # NO_RESOLVE
pafflioallians.com # NO_RESOLVE
pafilia.com.ua # TLD_UA
pagalsongs.in # NO_RESOLVE
pagandom.ru # NO_RESOLVE
paihhi.com # NO_RESOLVE
painart.online # NO_RESOLVE
paintaugmented.digital # NO_RESOLVE
paintinginteractive.click # NO_RESOLVE
paintstorm.click # NO_RESOLVE
pajowui5.ru # NO_RESOLVE
pakatanharapan.my # NO_RESOLVE
palazzo-kst.kz # NO_RESOLVE
paleos.ru # NO_RESOLVE
palma1.kz # NO_RESOLVE
palmiraplus.ru # NO_RESOLVE
palpress.co.uk # NO_RESOLVE
paltimes.net # NO_RESOLVE
paltimesps.ps # NO_RESOLVE
palto-avrora.ru # NO_RESOLVE
pam-pam.biz.24rc.lol # NO_RESOLVE
pam24-klad-bywt.biz99.xyz # TOO_MANY_DIGITS (4)
panda-detsad.ru # NO_RESOLVE
panda-financial.com # NO_RESOLVE
panda-x.pro # NO_RESOLVE
pandafilm.co # NO_RESOLVE
pandafilms.fun # NO_RESOLVE
pandemicresilience.click # NO_RESOLVE
pandemicselfhelp.click # NO_RESOLVE
panilov.ru # NO_RESOLVE
pankiv.ru # NO_RESOLVE
panorama-alcohol.site # NO_RESOLVE
panorama-cafe.site # NO_RESOLVE
panorama2025sochi.shop # TOO_MANY_DIGITS (4)
panoramalive.ru # NO_RESOLVE
pansci.tw # NO_RESOLVE
panshino.ru # NO_RESOLVE
pantera-oxrana.ru # NO_RESOLVE
panther24.biz # NO_RESOLVE
pantip.com # NO_RESOLVE
paper-vpn.com # NO_RESOLVE
paper-vpn.info # NO_RESOLVE
papervpn.tech # NO_RESOLVE
papiny-dochki-novye.org # NO_RESOLVE
pappa-paint.ru # NO_RESOLVE
paprikolu.net.ua # TLD_UA
paradis-invstmnts-ltd.com # NO_RESOLVE
paradise-19.com # NO_RESOLVE
parafia.org.ua # TLD_UA
paragonsinvt.com # NO_RESOLVE
paragonxmarkets.live # NO_RESOLVE
paratechnik.ru # NO_RESOLVE
paraworld.ru # NO_RESOLVE
parazitomed.ru # NO_RESOLVE
parazitytut.ru # NO_RESOLVE
parfum-style38.ru # NO_RESOLVE
parimtach.com # NO_RESOLVE
paritexultra.net # NO_RESOLVE
paritraff.website # NO_RESOLVE
parityofzero.com # NO_RESOLVE
park17.ru # NO_RESOLVE
parkovka.ua # TLD_UA
parlabopt.ru # NO_RESOLVE
parlament.ua # TLD_UA
parnasmusic.ru # NO_RESOLVE
parni-russ.com # NO_RESOLVE
partaihanura.or.id # NO_RESOLVE
partner-kredit.ru # NO_RESOLVE
partners-swiss.com # NO_RESOLVE
partners7k-promo-match.com # NO_RESOLVE
partners7k-promo.com # NO_RESOLVE
partners7redirect.com # NO_RESOLVE
partnerskie-programi.com # NO_RESOLVE
partnersrotator.com # NO_RESOLVE
parts-shop.ru # NO_RESOLVE
partsbt.ru # NO_RESOLVE
partsopel.online # NO_RESOLVE
partsopel.ru # NO_RESOLVE
partyhair.ru # NO_RESOLVE
partypoker.com # NO_RESOLVE
partypoker.net # NO_RESOLVE
pas-a-pasfrance.com # NO_RESOLVE
pasecka.ru # NO_RESOLVE
pasport-2025.com # TOO_MANY_DIGITS (4)
pasport-moskovskiy.com # NO_RESOLVE
pasport-rf-2025.com # TOO_MANY_DIGITS (4)
pasport-rf-2025.info # TOO_MANY_DIGITS (4)
pasport-ua.com # NO_RESOLVE
pasportrussia-online24.top # NO_RESOLVE
pasportrussia.com # NO_RESOLVE
pass-line.ru # NO_RESOLVE
pass-safe.ru # NO_RESOLVE
passiveinv.live # NO_RESOLVE
pastore.design # NO_RESOLVE
paszportkolekcjonerski.com # NO_RESOLVE
patentru.ru # NO_RESOLVE
pathgrowth.icu # NO_RESOLVE
pathoanatomical.com # NO_RESOLVE
pathsuccess.icu # NO_RESOLVE
patriot.dp.ua # TLD_UA
patriot4d.online # NO_RESOLVE
patriot4h.online # NO_RESOLVE
patriot4j.online # NO_RESOLVE
patrioty.org.ua # TLD_UA
patrons.com.ua # TLD_UA
pavelklushantsev.ru # NO_RESOLVE
pavemokan.com # NO_RESOLVE
pavlschool.ru # NO_RESOLVE
paxzit.net # NO_RESOLVE
pay.ir # NO_RESOLVE
payom.net # NO_RESOLVE
payout.by # NO_RESOLVE
paysale.one # NO_RESOLVE
paytoby.com # NO_RESOLVE
pb-akcent.ru # NO_RESOLVE
pb.xn----7sbbas7adbh1ak4hek1gg.xn--p1ai # TOO_MANY_DIGITS (6)
pbutyaldfakdaatz.g2jweym2z70h.live # TOO_MANY_DIGITS (4)
pc-kurs.ru # NO_RESOLVE
pc-torrents.net # NO_RESOLVE
pc.atx20.online # NO_RESOLVE
pc.atx44.shop # NO_RESOLVE
pc.atx45.shop # NO_RESOLVE
pc.btgrdo.org # NO_RESOLVE
pc.cornzormus.vip # NO_RESOLVE
pc.ebalka.mobi # NO_RESOLVE
pc.iwaicosmo.cc # NO_RESOLVE
pc.trivervial.com # NO_RESOLVE
pccs.space # NO_RESOLVE
pchelovodka.ru # NO_RESOLVE
pd-life.ru # NO_RESOLVE
pdakino.ru # NO_RESOLVE
pdf24.biz.24rc.lol # TOO_MANY_DIGITS (4)
pdr.pt # NO_RESOLVE
pdv.com # NO_RESOLVE
peacerra.digital # NO_RESOLVE
peakassetspro.com # NO_RESOLVE
peaknestpro.com # NO_RESOLVE
peakvolts.net # NO_RESOLVE
pectoralventure.com # NO_RESOLVE
pedang.fun # NO_RESOLVE
pediatr-belyakova.ru # NO_RESOLVE
pedolog-pro.ru # NO_RESOLVE
pegasus-ride.com # NO_RESOLVE
pegesei6.ru # NO_RESOLVE
pegrl.com # NO_RESOLVE
pejorationist.com # NO_RESOLVE
pejyxei2.ru # NO_RESOLVE
pelekator.org # NO_RESOLVE
pellebranden.com # NO_RESOLVE
pellet-burners.com.ua # TLD_UA
pellet.com.ua # TLD_UA
pelmenivrn.ru # NO_RESOLVE
peltor-3m.ru # NO_RESOLVE
pencilit.icu # NO_RESOLVE
pensiamarket.ru # NO_RESOLVE
penthousevallarta.com # NO_RESOLVE
people-coffee.ru # NO_RESOLVE
peopledaily.com.cn # NO_RESOLVE
peoplefornature.ru # NO_RESOLVE
peopleoftawhid.org # NO_RESOLVE
pepnews.com # NO_RESOLVE
peptid-all-about.ru # NO_RESOLVE
perabase.com # NO_RESOLVE
perenio.com.ua # TLD_UA
perepihg2.site # NO_RESOLVE
perepya.site # NO_RESOLVE
perepya2.site # NO_RESOLVE
perepya3.site # NO_RESOLVE
perepya4.site # NO_RESOLVE
pererabottle.ru # NO_RESOLVE
peresvetovo-dom.ru # NO_RESOLVE
peretrahg.site # NO_RESOLVE
peretrahg2.site # NO_RESOLVE
peretrahya.site # NO_RESOLVE
peretrahya2.site # NO_RESOLVE
peretrahya3.site # NO_RESOLVE
peretrahya4.site # NO_RESOLVE
perevodoff.com.ua # TLD_UA
perevozki102.ru # NO_RESOLVE
perfect-event.ru # NO_RESOLVE
perfect-privacy.com # NO_RESOLVE
perfect-select.ru # NO_RESOLVE
perfects-digital.com # NO_RESOLVE
perfmed.ru # NO_RESOLVE
perlahelsa.ua # TLD_UA
perm.komitet-school.ru # NO_RESOLVE
perm.vipster.net # NO_RESOLVE
perm.xn----7sbbas7adbh1ak4hek1gg.xn--p1ai # TOO_MANY_DIGITS (6)
permeparhia.ru # NO_RESOLVE
permskii-krai.komitet-school.ru # NO_RESOLVE
permskijkraj-prawa.top # NO_RESOLVE
perpeterburg.ru # NO_RESOLVE
persha.kr.ua # TLD_UA
pershij.com.ua # TLD_UA
persianblog.ir # NO_RESOLVE
personal-dom.info # NO_RESOLVE
personaltver.ru # NO_RESOLVE
perspectiva2005.ru # TOO_MANY_DIGITS (4)
pervayakovka.ru # NO_RESOLVE
pervomaisk.city # NO_RESOLVE
pervsosh.ru # NO_RESOLVE
pervyj-shag-shkola-baleta.ru # NO_RESOLVE
pervyjotdel.online # NO_RESOLVE
pesni.guru # NO_RESOLVE
pesnigoo.ru # NO_RESOLVE
pesnimp3.net # NO_RESOLVE
pesokpenza.ru # NO_RESOLVE
petalbeam.icu # NO_RESOLVE
peter-bike.ru # NO_RESOLVE
peter-murray.net # NO_RESOLVE
peter-s.ru # NO_RESOLVE
petrgerasev.ru # NO_RESOLVE
petrolheadbattle.ru # NO_RESOLVE
petrovith.ru # NO_RESOLVE
petrovobuda.ru # NO_RESOLVE
petrozavodsk.vipster.net # NO_RESOLVE
pets-name.ru # NO_RESOLVE
peugeot-citroen-auto.ru # NO_RESOLVE
peykeiran.com # NO_RESOLVE
pezdwood.rocks # NO_RESOLVE
phach1.name # NO_RESOLVE
phachya2.site # NO_RESOLVE
phachya4.site # NO_RESOLVE
pharaoh-49.scam33.ru # TOO_MANY_DIGITS (4)
pharaoh-60.r104.ru # TOO_MANY_DIGITS (5)
phasset.net # NO_RESOLVE
phc.org.ua # TLD_UA
phim-sexhd.biz # NO_RESOLVE
phimmoiplus.net # NO_RESOLVE
phncdn.com # NO_RESOLVE
phoenix24.biz # NO_RESOLVE
phoenixfinanceportfolio.com # NO_RESOLVE
phoenixwpqi372878.bloggadores.com # TOO_MANY_DIGITS (6)
phonove.life # NO_RESOLVE
photl.com # NO_RESOLVE
photo-lviv.in.ua # TLD_UA
photo-zona.ru # NO_RESOLVE
photo.i.ua # TLD_UA
photographers.ua # TLD_UA
photonews.mn # NO_RESOLVE
photoprokursy.ru # NO_RESOLVE
photostub.top # NO_RESOLVE
phpimprove.com # NO_RESOLVE
physiinlogic.click # NO_RESOLVE
physioradiance.ru # NO_RESOLVE
physlab.click # NO_RESOLVE
pia.su # NO_RESOLVE
pianoart.icu # NO_RESOLVE
pianojazz.ru # NO_RESOLVE
pics-tube.xyz # NO_RESOLVE
pidbirka.com.ua # TLD_UA
piedraluz-monvex.net # NO_RESOLVE
pietari-spb.ru # NO_RESOLVE
pifsin-ios.ru # NO_RESOLVE
pigp97t3v1.execute-api.eu-central-1.amazonaws.com # TOO_MANY_DIGITS (5)
pik.net.ua # TLD_UA
pikky.biz # NO_RESOLVE
pikky.cc.24rc.lol # NO_RESOLVE
piknikpro.ru # NO_RESOLVE
piko-russia.ru # NO_RESOLVE
pikobar.jabarprov.go.id # NO_RESOLVE
pikvik.com.ua # TLD_UA
pilguy.com # NO_RESOLVE
pillarno.icu # NO_RESOLVE
pimbook.su # NO_RESOLVE
pin-co-az.az # NO_RESOLVE
pin-co.fun # NO_RESOLVE
pin1-amp1-up1.ru # NO_RESOLVE
pingvi7.ru # NO_RESOLVE
pini-ini-up-amp.ru # NO_RESOLVE
pini-ini-up-amp2.ru # NO_RESOLVE
pini-ini-up-amp3.ru # NO_RESOLVE
pinnacleprobk.sbs # NO_RESOLVE
pinnaclepulsevestmnt.com # NO_RESOLVE
pintacatedraldeburgos2021.org # TOO_MANY_DIGITS (4)
pioneerdex-pro.com # NO_RESOLVE
pioneers.in.ua # TLD_UA
pioportal.ru # NO_RESOLVE
pipaxiom.com # NO_RESOLVE
pipeblog.online # NO_RESOLVE
pipesite.ru # NO_RESOLVE
pipfeatblocksteam.com # NO_RESOLVE
pipingcharts.online # NO_RESOLVE
pipsfundingsolution.com # NO_RESOLVE
pipsrun.com # NO_RESOLVE
pirlotv.ch # NO_RESOLVE
pisechki.xyz # NO_RESOLVE
pishchevik.ru # NO_RESOLVE
pishempodcast.ru # NO_RESOLVE
piski.net # NO_RESOLVE
pismoref.ru # NO_RESOLVE
pisni.org.ua # TLD_UA
pisni.ua # TLD_UA
pisullg.site # NO_RESOLVE
pisullg2.site # NO_RESOLVE
pisullya.site # NO_RESOLVE
pisullya3.site # NO_RESOLVE
pisullya4.site # NO_RESOLVE
pisullya5.site # NO_RESOLVE
pisulya2.org # NO_RESOLVE
pitbaik-moto.ru # NO_RESOLVE
pitbuh.ru # NO_RESOLVE
pitchcapion.com # NO_RESOLVE
pivdennamiska-gromada.gov.ua # TLD_UA
pivdenukraine.com.ua # TLD_UA
pivnovmsk.ru # NO_RESOLVE
pixel-platform.online # NO_RESOLVE
pixelsolutions.com.ua # TLD_UA
pixv.ws # NO_RESOLVE
pizdeishn.top # NO_RESOLVE
pizza-house-vl.ru # NO_RESOLVE
pizza-rol.ru # NO_RESOLVE
pizza-samolet.ru # NO_RESOLVE
pizza-top.ru # NO_RESOLVE
pizzache.ru # NO_RESOLVE
pizzakmv.ru # NO_RESOLVE
pizzmony.life # NO_RESOLVE
pjerish.swezhak-2025.art # TOO_MANY_DIGITS (4)
pksar.ru # NO_RESOLVE
pl.com.ua # TLD_UA
pl.films-2024.club # TOO_MANY_DIGITS (4)
pl.vgorode.ua # TLD_UA
pl4y.ru # NO_RESOLVE
pl79rnd.ru # NO_RESOLVE
placecafe.ru # NO_RESOLVE
placefound.ru # NO_RESOLVE
plainova.click # NO_RESOLVE
plammya.site # NO_RESOLVE
plandown.com # NO_RESOLVE
planeclick.pro # NO_RESOLVE
planestico.com # NO_RESOLVE
planet-vpn.org # NO_RESOLVE
planeta-meha.ru # NO_RESOLVE
planeta-rotanga.ru # NO_RESOLVE
planetarium35.ru # NO_RESOLVE
planetastar.ru # NO_RESOLVE
planetazdorovya-kya.ru # NO_RESOLVE
planetlagu.club # NO_RESOLVE
planetporn.click # NO_RESOLVE
planetporn.fans # NO_RESOLVE
planetporno.cc # NO_RESOLVE
planetporno.click # NO_RESOLVE
planetporno.fans # NO_RESOLVE
planetporno.me # NO_RESOLVE
planetporno.org # NO_RESOLVE
planetureaa.com # NO_RESOLVE
planofeminino.com.br # NO_RESOLVE
planstrat.digital # NO_RESOLVE
plastiworksinc.com # NO_RESOLVE
platform-info.xyz # NO_RESOLVE
platinum-game.com # NO_RESOLVE
platinum-games.info # NO_RESOLVE
platinum-games.org # NO_RESOLVE
platinum-markets.net # NO_RESOLVE
platinum-online.info # NO_RESOLVE
platinum-online.net # NO_RESOLVE
platinum-online.org # NO_RESOLVE
platinum-shares-solutions.com # NO_RESOLVE
platinum-vulkn.com # NO_RESOLVE
platinum.8458.uno # TOO_MANY_DIGITS (4)
platinum24online.com # NO_RESOLVE
platinum24online.info # NO_RESOLVE
platinum24online.net # NO_RESOLVE
platinum24online.org # NO_RESOLVE
platinumgame.org # NO_RESOLVE
platinumgames.info # NO_RESOLVE
platinumgames.net # NO_RESOLVE
platinumgames.org # NO_RESOLVE
platinumonline.info # NO_RESOLVE
platovpn.mom # NO_RESOLVE
plavsksosh2.ru # NO_RESOLVE
pleiotropically.com # NO_RESOLVE
plimko-rush.com # NO_RESOLVE
plitka-dk.ru # NO_RESOLVE
plitka-kukmor.ru # NO_RESOLVE
plmarketvalues.com # NO_RESOLVE
plomby01.shop # NO_RESOLVE
plove38.ru # NO_RESOLVE
plsdrctmln.com # NO_RESOLVE
plumrest.com # NO_RESOLVE
plumtide.com # NO_RESOLVE
plus-date.com # NO_RESOLVE
plus70.fun # NO_RESOLVE
pm-22711.space # TOO_MANY_DIGITS (5)
pm.com.ua # TLD_UA
pm.ua # TLD_UA
pm1.narvii.com # NO_RESOLVE
pmg.ua # TLD_UA
pml.ma # NO_RESOLVE
pmotor4.name # NO_RESOLVE
pmotorrya2.site # NO_RESOLVE
pmotorrya3.site # NO_RESOLVE
pmotorrya4.site # NO_RESOLVE
pmotorrya5.site # NO_RESOLVE
pmotorrya6.site # NO_RESOLVE
pmotors.su # NO_RESOLVE
pnarikg.site # NO_RESOLVE
pni-fck-up-amp1.ru # NO_RESOLVE
pni-fck-up-amp2.ru # NO_RESOLVE
pni-fck-up-amp4.ru # NO_RESOLVE
pni-fck-up-amp5.ru # NO_RESOLVE
pni-fck-up-amp6.ru # NO_RESOLVE
pnkids.com.vn # NO_RESOLVE
pnt.platform-info.xyz # NO_RESOLVE
po.gdzlporn.top # NO_RESOLVE
pobeda-bibl.ru # NO_RESOLVE
pobeda-pdd.ru # NO_RESOLVE
pochta35.ru # NO_RESOLVE
pocket-free.net # NO_RESOLVE
pocket-link19.co # NO_RESOLVE
pocket-link29.co # NO_RESOLVE
pocket-link31.co # NO_RESOLVE
pocket-optionl.com # NO_RESOLVE
pockete-option.com # NO_RESOLVE
pocketgps.ru # NO_RESOLVE
pocketoption-on.com # NO_RESOLVE
pocketoption.lat # NO_RESOLVE
pocketoption.llc # NO_RESOLVE
pocketoption.social # NO_RESOLVE
pocketoptionplus.com # NO_RESOLVE
pocketoptions-broker.com # NO_RESOLVE
pocketoptions.llc # NO_RESOLVE
pocketoptiontrading.com # NO_RESOLVE
pocketoptionwiki.com # NO_RESOLVE
pocoptioners.com # NO_RESOLVE
pocoptionex.com # NO_RESOLVE
pocoptionexr.com # NO_RESOLVE
pocoptionium.com # NO_RESOLVE
pocoptionum.com # NO_RESOLVE
pod-nebom-edinym.ru # NO_RESOLVE
podarimneeto.ru # NO_RESOLVE
podbor-drive.ru # NO_RESOLVE
podborkin.cc # NO_RESOLVE
podcast17.com # NO_RESOLVE
podcastrus.ru # NO_RESOLVE
podcasts.nv.ua # TLD_UA
podii.in.ua # TLD_UA
podofilia.net # NO_RESOLVE
podrobnosti.ua # TLD_UA
podslushano-v-rybinske.net # NO_RESOLVE
podslushanovrybinskesm.online # NO_RESOLVE
poebon.net # NO_RESOLVE
poebon.one # NO_RESOLVE
poebon.top # NO_RESOLVE
poebon.vip # NO_RESOLVE
poiskodnoklassnikov.online # NO_RESOLVE
poiskodnoklassnikov.ru # NO_RESOLVE
poiskvspb.ru # NO_RESOLVE
pokemonwifi.net # NO_RESOLVE
pokens.tech # NO_RESOLVE
pokerstars.eu # NO_RESOLVE
pokoiy.ru # NO_RESOLVE
pokolenie-m.online # NO_RESOLVE
pokolenie-m.ru # NO_RESOLVE
pokrovka2019.ru # TOO_MANY_DIGITS (4)
pokrschool10.ru # NO_RESOLVE
pokupkalekarstva13.ru # NO_RESOLVE
pokupkalekarstvaa.ru # NO_RESOLVE
pokupkalekarstvva.ru # NO_RESOLVE
pokupon.ua # TLD_UA
polariskyc.net # NO_RESOLVE
polden.live # NO_RESOLVE
polemika.com.ua # TLD_UA
polet-alushta.ru # NO_RESOLVE
police.ir # NO_RESOLVE
policeyskiy-s-rublevki-5.net # NO_RESOLVE
policeyskiy-s-rublevki-my-tebya-naydem.net # NO_RESOLVE
policeyskiy-s-rublevki-snova-doma.net # NO_RESOLVE
policeyskiy-s-rublevki.net # NO_RESOLVE
poligrafru19.ru # NO_RESOLVE
poliklinika-ryadom.ru # NO_RESOLVE
poliprintspb.ru # NO_RESOLVE
polishing.digital # NO_RESOLVE
polishit.icu # NO_RESOLVE
polishme.icu # NO_RESOLVE
politdumka.kiev.ua # TLD_UA
politech47.ru # NO_RESOLVE
politerm.biz # NO_RESOLVE
politica.com.ua # TLD_UA
politictoday.ru # NO_RESOLVE
politiki.net.ua # TLD_UA
politinfo.com.ua # TLD_UA
politnews.com.ua # TLD_UA
polivkom.ru # NO_RESOLVE
polivyanskoaya-adm.ru # NO_RESOLVE
polkop.ru # NO_RESOLVE
pollmax.ru # NO_RESOLVE
polomalbullish-remi.com # NO_RESOLVE
polozhenieveshej.online # NO_RESOLVE
polozhenieveshey.online # NO_RESOLVE
polrebenca.ru # NO_RESOLVE
polska-kaliningrad.ru # NO_RESOLVE
polskipapa.ru # NO_RESOLVE
poltavawave.com.ua # TLD_UA
polvos.xyz # NO_RESOLVE
polyana-chudes.ru # NO_RESOLVE
polygraphdv.ru # NO_RESOLVE
pomogala.pro # NO_RESOLVE
pomogala1.pro # NO_RESOLVE
pomogala2.pro # NO_RESOLVE
pomogi-spasti.ru # NO_RESOLVE
pontosrowbit.net # NO_RESOLVE
pony-visa.com.ua # TLD_UA
ponyri-crb.ru # NO_RESOLVE
pooldigitalmnpm.com # NO_RESOLVE
pop.feeef.online # NO_RESOLVE
pop.herrutor.site # NO_RESOLVE
pop.xn----7sbbas7adbh1ak4hek1gg.xn--p1ai # TOO_MANY_DIGITS (6)
poperlo.fun # NO_RESOLVE
poppersmag.com # NO_RESOLVE
poppingpinatas.top # NO_RESOLVE
popps.ru # NO_RESOLVE
poprostusara.pl # NO_RESOLVE
porady.org.ua # TLD_UA
porcelanowyzakatek.pl # NO_RESOLVE
porebru.ru # NO_RESOLVE
porevorusskoe112.com # NO_RESOLVE
porevorusskoe369.com # NO_RESOLVE
porfot.click # NO_RESOLVE
porfot.fans # NO_RESOLVE
porfot.link # NO_RESOLVE
porfot.org # NO_RESOLVE
porfoto.cc # NO_RESOLVE
porfoto.click # NO_RESOLVE
porfoto.org # NO_RESOLVE
porfoto.top # NO_RESOLVE
porkahd.art # NO_RESOLVE
porn--xp.com # NO_RESOLVE
porn-dojki.fans # NO_RESOLVE
porn-russia.top # NO_RESOLVE
porn-xp.com # NO_RESOLVE
porn.24videos.space # NO_RESOLVE
porn.sex-pics.ru # NO_RESOLVE
porn2018.com # TOO_MANY_DIGITS (4)
porn365.vip # NO_RESOLVE
porn666.ru # NO_RESOLVE
pornfloyd.com # NO_RESOLVE
pornfoto.top # NO_RESOLVE
pornfree.pro # NO_RESOLVE
porngay.cc # NO_RESOLVE
pornhat365.com # NO_RESOLVE
pornhat369.net # NO_RESOLVE
pornhd.pics # NO_RESOLVE
pornhdtube.tv # NO_RESOLVE
pornhubteen.com # NO_RESOLVE
pornhubthailand.com # NO_RESOLVE
pornintent.com # NO_RESOLVE
pornluxme.com # NO_RESOLVE
pornmature.nl # NO_RESOLVE
porno-art.com # NO_RESOLVE
porno-aziatka.com # NO_RESOLVE
porno-doma.net # NO_RESOLVE
porno-foto.click # NO_RESOLVE
porno-foto.fans # NO_RESOLVE
porno-foto.link # NO_RESOLVE
porno-foto.me # NO_RESOLVE
porno-foto.one # NO_RESOLVE
porno-foto.top # NO_RESOLVE
porno-graf.com # NO_RESOLVE
porno-hom.art # NO_RESOLVE
porno-me.com # NO_RESOLVE
porno-multiki.com # NO_RESOLVE
porno-public.cc # NO_RESOLVE
porno-public.net # NO_RESOLVE
porno-rasskazy.top # NO_RESOLVE
porno.sosalkino.site # NO_RESOLVE
porno.ssiskin.ru # NO_RESOLVE
porno365.1sexme.com # TOO_MANY_DIGITS (4)
porno365love1.com # TOO_MANY_DIGITS (4)
porno45.com # NO_RESOLVE
porno712.com # NO_RESOLVE
pornoafisha.art # NO_RESOLVE
pornoafisha.biz # NO_RESOLVE
pornoafisha.me # NO_RESOLVE
pornoafisha.site # NO_RESOLVE
pornoafisha.space # NO_RESOLVE
pornoafisha.tv # NO_RESOLVE
pornoall.org # NO_RESOLVE
pornoanalnoe.buzz # NO_RESOLVE
pornoanime.net # NO_RESOLVE
pornoanime.vip # NO_RESOLVE
pornoasia.net # NO_RESOLVE
pornobek.pro # NO_RESOLVE
pornobomba.best # NO_RESOLVE
pornocentr.ru # NO_RESOLVE
pornocomics.online # NO_RESOLVE
pornocomics.org # NO_RESOLVE
pornocomics365.pro # NO_RESOLVE
pornodojki.com # NO_RESOLVE
pornodojki.fans # NO_RESOLVE
pornofotki.cc # NO_RESOLVE
pornofotki.fans # NO_RESOLVE
pornofotki.me # NO_RESOLVE
pornofotki.one # NO_RESOLVE
pornofotki.org # NO_RESOLVE
pornofotki.pictures # NO_RESOLVE
pornofoto.cloud # NO_RESOLVE
pornofoto.net # NO_RESOLVE
pornofoto.one # NO_RESOLVE
pornofotos.cc # NO_RESOLVE
pornofotos.fans # NO_RESOLVE
pornofotos.link # NO_RESOLVE
pornofotos.net # NO_RESOLVE
pornofotos.one # NO_RESOLVE
pornofotos.top # NO_RESOLVE
pornogorod112.com # NO_RESOLVE
pornogorod365.com # NO_RESOLVE
pornohom.cc # NO_RESOLVE
pornoix.com # NO_RESOLVE
pornoizi.vip # NO_RESOLVE
pornokko.com # NO_RESOLVE
pornoland.net # NO_RESOLVE
pornolapka.me # NO_RESOLVE
pornolapka.xyz # NO_RESOLVE
pornomama.1000porno.net # TOO_MANY_DIGITS (4)
pornomamki.me # NO_RESOLVE
pornomoll.red # NO_RESOLVE
pornonarik.name # NO_RESOLVE
pornooblako.store # NO_RESOLVE
pornopyanie.info # NO_RESOLVE
pornorusskoe.pro # NO_RESOLVE
pornorusskoe365.com # NO_RESOLVE
pornorusskoe369.com # NO_RESOLVE
pornorusskoe369.net # NO_RESOLVE
pornoseksxxx.com # NO_RESOLVE
pornosex.vip # NO_RESOLVE
pornosiski.net # NO_RESOLVE
pornostaz.one # NO_RESOLVE
pornosveta24.com # NO_RESOLVE
pornosveta24.lol # NO_RESOLVE
pornosveta365.com # NO_RESOLVE
pornougar.net # NO_RESOLVE
pornov1080.cc # TOO_MANY_DIGITS (4)
pornov1080.club # TOO_MANY_DIGITS (4)
pornov1080.name # TOO_MANY_DIGITS (4)
pornov1080.net # TOO_MANY_DIGITS (4)
pornov1080.org # TOO_MANY_DIGITS (4)
pornovadim.com # NO_RESOLVE
pornovideohd.net # NO_RESOLVE
pornoxata.net # NO_RESOLVE
pornoxer.cc # NO_RESOLVE
pornoxp.link # NO_RESOLVE
pornozrelie.com # NO_RESOLVE
pornpic.xxx # NO_RESOLVE
pornpics.app # NO_RESOLVE
pornpics.beauty # NO_RESOLVE
pornpics.mov # NO_RESOLVE
pornpics.website # NO_RESOLVE
pornpics.zip # NO_RESOLVE
pornpixfree.com # NO_RESOLVE
pornru.top # NO_RESOLVE
pornrusskoe.cloud # NO_RESOLVE
pornrusskoe.top # NO_RESOLVE
pornsatom.com # NO_RESOLVE
pornstar-pics.com # NO_RESOLVE
porntubex.pro # NO_RESOLVE
pornvideo.autos # NO_RESOLVE
pornvideos1.com # NO_RESOLVE
pornxp.lc # NO_RESOLVE
pornxp.top # NO_RESOLVE
port-residences.ru # NO_RESOLVE
porta.gift # NO_RESOLVE
portal-nord.ru # NO_RESOLVE
portal-r.ru # NO_RESOLVE
portal-smi-by.ru # NO_RESOLVE
portal.lviv.ua # TLD_UA
portal8.info # NO_RESOLVE
portaldoeleitor.pt # NO_RESOLVE
portalinv.org # NO_RESOLVE
portalpacienta38.ru # NO_RESOLVE
portalvitrinakazgroup.live # NO_RESOLVE
portefeuillevexo-soft.com # NO_RESOLVE
portefeuillevexotech.com # NO_RESOLVE
portobol.com # NO_RESOLVE
portumag.ru # NO_RESOLVE
positive-adopt.ru # NO_RESOLVE
posle40let.ru # NO_RESOLVE
poslednee-zavtra.swezhak-2025.art # TOO_MANY_DIGITS (4)
poslednij-geroj-2001.swezhak.su # TOO_MANY_DIGITS (4)
post.kr.ua # TLD_UA
postfactum.info # NO_RESOLVE
postfinexus-app.com # NO_RESOLVE
postmarksocial.com # NO_RESOLVE
postmymedicine.com # NO_RESOLVE
postoronnye.ru # NO_RESOLVE
postupipolybvi.ru # NO_RESOLVE
postwarpandemicclick.digital # NO_RESOLVE
potok.top # NO_RESOLVE
potolki-remont27.ru # NO_RESOLVE
potolokkbr.ru # NO_RESOLVE
potradingoption.com # NO_RESOLVE
poverka-74.ru # NO_RESOLVE
povin.com.ua # TLD_UA
powderlap.com # NO_RESOLVE
power-appfolex.com # NO_RESOLVE
power-eldoz.xyz # NO_RESOLVE
power-seeds.com.ua # TLD_UA
power-space.ru # NO_RESOLVE
power.ginonet.pro # NO_RESOLVE
powsd.org # NO_RESOLVE
pozdrav-best.ru # NO_RESOLVE
pozdravulya.ru # NO_RESOLVE
pozitciya.com.ua # TLD_UA
pozitivchat.ru # NO_RESOLVE
pozitivmed.ru # NO_RESOLVE
pp1nupp-ch33.ru # NO_RESOLVE
pp2024.site # TOO_MANY_DIGITS (4)
pp90g.site # NO_RESOLVE
pp90g2.site # NO_RESOLVE
pp90ya.site # NO_RESOLVE
pp90ya2.site # NO_RESOLVE
pp90ya3.site # NO_RESOLVE
pp90ya4.site # NO_RESOLVE
pp90ya5.site # NO_RESOLVE
ppaukya.site # NO_RESOLVE
ppaukya2.site # NO_RESOLVE
ppaukya4.site # NO_RESOLVE
ppfsgkqdshmneeas.8qaj3npj5q1y.monster # TOO_MANY_DIGITS (4)
ppiedge.com # NO_RESOLVE
ppl.org.ua # TLD_UA
pplamg.site # NO_RESOLVE
pplamya.site # NO_RESOLVE
pplamya2.site # NO_RESOLVE
pplamya4.site # NO_RESOLVE
pplamya5.site # NO_RESOLVE
pplamya6.site # NO_RESOLVE
ppo.mk.ua # TLD_UA
pputlockers.com # NO_RESOLVE
pr.stratogig.online # NO_RESOLVE
pr.ua # TLD_UA
pr1.biz # NO_RESOLVE
pradoaudit.ru # NO_RESOLVE
pragmatics.ru # NO_RESOLVE
praguemuseumofmeissen.com # NO_RESOLVE
pralinecake.ru # NO_RESOLVE
pranambharat.com # NO_RESOLVE
praporec.com.ua # TLD_UA
praspec-xxizcwi.top # NO_RESOLVE
praspec-xxrkazc.top # NO_RESOLVE
praspec-xxtkqvm.top # NO_RESOLVE
praspec.com # NO_RESOLVE
praspec14.top # NO_RESOLVE
praspec15.top # NO_RESOLVE
prav-ussr.su # NO_RESOLVE
pravda.com.ua # TLD_UA
pravda.if.ua # TLD_UA
pravda.in.ua # TLD_UA
pravda.volyn.ua # TLD_UA
pravmissioner.ru # NO_RESOLVE
pravo.org.ru # NO_RESOLVE
pravo62.ru # NO_RESOLVE
pravobazis.ru # NO_RESOLVE
pravopys.kiev.ua # TLD_UA
pravoslaviesml.online # NO_RESOLVE
pravoslaviesml.ru # NO_RESOLVE
prazdnik4kids.online # NO_RESOLVE
pre.ma # NO_RESOLVE
predposlednyaya-instanciya.net # NO_RESOLVE
preffect.ru # NO_RESOLVE
prefim.com # NO_RESOLVE
premaritalsex.info # NO_RESOLVE
premier-one.avatarmovies.net # NO_RESOLVE
premifomaxplatform.com # NO_RESOLVE
present-on-don.ru # NO_RESOLVE
president.gov.ua # TLD_UA
press-cards.ru # NO_RESOLVE
press-express.com.ua # TLD_UA
pressa.rv.ua # TLD_UA
pressorg24.com # NO_RESOLVE
prestige-chain.com # NO_RESOLVE
prestige-kozha.ru # NO_RESOLVE
prestige-motor.ru # NO_RESOLVE
prestige-ru.ru # NO_RESOLVE
pret24.io # NO_RESOLVE
pret555-mbsq.biz99.xyz # TOO_MANY_DIGITS (5)
pretiluro.org # NO_RESOLVE
preview.insidertexts.com # NO_RESOLVE
prezident-pechatniki.ru # NO_RESOLVE
prft-trans.live # NO_RESOLVE
pri-capsllc.com # NO_RESOLVE
price2.ru # NO_RESOLVE
pricel.com.ua # TLD_UA
priceofword.com # NO_RESOLVE
pridevestinv.com # NO_RESOLVE
prigorodspb.ru # NO_RESOLVE
prikhodko.com.ua # TLD_UA
prikol.i.ua # TLD_UA
prikolufa.ru # NO_RESOLVE
prikolyandia.ru # NO_RESOLVE
primalbase.net # NO_RESOLVE
primivannu.ru # NO_RESOLVE
primogains.com # NO_RESOLVE
primopera.ru # NO_RESOLVE
primordialgods.top # NO_RESOLVE
primostratique.com # NO_RESOLVE
primsuccessmeg.com # NO_RESOLVE
prinarskiy-park.ru # NO_RESOLVE
printsbook.ru # NO_RESOLVE
prismledgeron-tech.com # NO_RESOLVE
pristencrb.ru # NO_RESOLVE
priut-zeya.ru # NO_RESOLVE
privatbank.ua # TLD_UA
private.curencymakrett.space # NO_RESOLVE
private.elcapgruop.net # NO_RESOLVE
private.fcds-limited.online # NO_RESOLVE
privateyoungnub.com # NO_RESOLVE
privetvinegret.ru # NO_RESOLVE
privoroter.ru # NO_RESOLVE
privos.biz # NO_RESOLVE
privoz.biz # NO_RESOLVE
prizebox.fun # NO_RESOLVE
prm.ua # TLD_UA
prn-russia.top # NO_RESOLVE
prndb.net # NO_RESOLVE
prnru.top # NO_RESOLVE
pro-authorisecryptocoin.live # NO_RESOLVE
pro-box.ink # NO_RESOLVE
pro-box.online # NO_RESOLVE
pro-box.site # NO_RESOLVE
pro-box.store # NO_RESOLVE
pro-golos-ekb.ru # NO_RESOLVE
pro-imbir.ru # NO_RESOLVE
pro-karniz.ru # NO_RESOLVE
pro-lazertag.ru # NO_RESOLVE
pro-legal.kz # NO_RESOLVE
pro-mir.ru # NO_RESOLVE
pro-porno.cc # NO_RESOLVE
pro-porno.click # NO_RESOLVE
pro-porno.org # NO_RESOLVE
pro-porno.top # NO_RESOLVE
pro-privivki.ru # NO_RESOLVE
pro-vincia.com.ua # TLD_UA
pro-wcc-school.ru # NO_RESOLVE
pro.hall-games.com # NO_RESOLVE
pro.rocketon.pw # NO_RESOLVE
pro.stratogig.online # NO_RESOLVE
pro100game.org # NO_RESOLVE
pro100kvashino.cc # NO_RESOLVE
pro100media.com.ua # TLD_UA
proaffiliatemarketingpartners.com # NO_RESOLVE
probactefort.ru # NO_RESOLVE
probarevent.ru # NO_RESOLVE
probigua.org # NO_RESOLVE
probim-hub.com # NO_RESOLVE
probiv.lol # NO_RESOLVE
probk76.ru # NO_RESOLVE
probki-kazan.ru # NO_RESOLVE
prochainmarket.com # NO_RESOLVE
procherk.info # NO_RESOLVE
procoaxistrdcapt.com # NO_RESOLVE
procoretradings.com # NO_RESOLVE
procrax.cx # NO_RESOLVE
prod.xn----7sbbas7adbh1ak4hek1gg.xn--p1ai # TOO_MANY_DIGITS (6)
prodaem-xpasport.com # NO_RESOLVE
prodaja-xpasport.com # NO_RESOLVE
prodam-yad.com # NO_RESOLVE
prodamdarom.tk # NO_RESOLVE
prodams-xpasport.com # NO_RESOLVE
prodatiilekarstva.pokupkalekarstva1.ru # NO_RESOLVE
prodatlekarstva13.ru # NO_RESOLVE
prodavekst.ru # NO_RESOLVE
proddatlekarstvaa1.ru # NO_RESOLVE
producerbocharova.ru # NO_RESOLVE
produhovku.ru # NO_RESOLVE
produktaltai.ru # NO_RESOLVE
prodvizhenie-saitow.ru # NO_RESOLVE
prodzdrav.ru # NO_RESOLVE
proearners.live # NO_RESOLVE
proeb.me # NO_RESOLVE
proedge-invhub.com # NO_RESOLVE
proektor.in.ua # TLD_UA
proelectric23.ru # NO_RESOLVE
proevrookna.ru # NO_RESOLVE
prof-k.ru # NO_RESOLVE
prof-kamin.ru # NO_RESOLVE
prof102.ru # NO_RESOLVE
profc24.ru # NO_RESOLVE
profdocs.site # NO_RESOLVE
proffpuree.ru # NO_RESOLVE
profmed-center.ru # NO_RESOLVE
profmed-nsk2.xyz # NO_RESOLVE
profmedd-nsk.online # NO_RESOLVE
profmvd18.ru # NO_RESOLVE
profootball.ua # TLD_UA
profountain.ru # NO_RESOLVE
profstile.ru # NO_RESOLVE
profuru.stron-tm.ru # NO_RESOLVE
progect.ru # NO_RESOLVE
proggressweb.ru # NO_RESOLVE
progofro.ru # NO_RESOLVE
programosy.pl # NO_RESOLVE
progress-stroy.com.ua # TLD_UA
progressiveresource.live # NO_RESOLVE
proguardianfnds.org # NO_RESOLVE
prohealthfactor.ru # NO_RESOLVE
proizo.ru # NO_RESOLVE
project57603.lastpage.me # TOO_MANY_DIGITS (5)
project59538.lastpage.me # TOO_MANY_DIGITS (5)
project59553.lastpage.me # TOO_MANY_DIGITS (5)
prolaxhd.online # NO_RESOLVE
prolific-arena.com # NO_RESOLVE
prolite.club # NO_RESOLVE
prolleccionfuturos.com # NO_RESOLVE
prom.ua # TLD_UA
promagroshina.ru # NO_RESOLVE
promalprf.ru # NO_RESOLVE
promarketavenue.com # NO_RESOLVE
prometey-smf.ru # NO_RESOLVE
prometey82.ru # NO_RESOLVE
promin.cv.ua # TLD_UA
prominentgains.com # NO_RESOLVE
promirrortd.com # NO_RESOLVE
promkama.ru # NO_RESOLVE
promo-7kpartners.com # NO_RESOLVE
promo0310.valka.click # TOO_MANY_DIGITS (4)
promo031025.valka.click # TOO_MANY_DIGITS (6)
promo7k.com # NO_RESOLVE
promocodik.com # NO_RESOLVE
promodoshik.ru # NO_RESOLVE
promokod1x1.ru # NO_RESOLVE
promokupono.ru # NO_RESOLVE
promooffer7000.com # TOO_MANY_DIGITS (4)
promopromo7k-fast.com # NO_RESOLVE
promorpggg.online # NO_RESOLVE
promozon.click # NO_RESOLVE
promstroygaz.com # NO_RESOLVE
propksi.online # NO_RESOLVE
propress-com.ru # NO_RESOLVE
proshokino.com.ua # TLD_UA
proslang.ru # NO_RESOLVE
prosofest.ru # NO_RESOLVE
prosperia-ai.com # NO_RESOLVE
prosperita-ai-engine.com # NO_RESOLVE
prosperita-aiengine.com # NO_RESOLVE
prosperity-thinkers.info # NO_RESOLVE
prosperitybastiontech.com # NO_RESOLVE
prosperopaycore-app.com # NO_RESOLVE
prostartegies.live # NO_RESOLVE
prostaty-adenoma.ru # NO_RESOLVE
prostiralki.ru # NO_RESOLVE
prostirliter.com # NO_RESOLVE
prostodivo.ru # NO_RESOLVE
prostokosmos.org # NO_RESOLVE
prostomayki.com.ua # TLD_UA
prostoporno.biz # NO_RESOLVE
prostoporno.monster # NO_RESOLVE
prostozags.com.ua # TLD_UA
prosublim.com.ua # TLD_UA
protariff.ru # NO_RESOLVE
protecomb.ru # NO_RESOLVE
protect-63.ru # NO_RESOLVE
protectdarfur.org # NO_RESOLVE
protiv-vseh.net # NO_RESOLVE
protivvsehfilmy.online # NO_RESOLVE
proton-vpn.app # NO_RESOLVE
protonvpn.blog # NO_RESOLVE
protonvpn.help # NO_RESOLVE
protonvpn.net # NO_RESOLVE
protradingoptions.com # NO_RESOLVE
protses.online # NO_RESOLVE
protses.ru # NO_RESOLVE
proukraine.news # NO_RESOLVE
provaultcopy.com # NO_RESOLVE
proversebya.xyz # NO_RESOLVE
proverspicok.xyz # NO_RESOLVE
providosiki.ru # NO_RESOLVE
providusmarket.com # NO_RESOLVE
provienceforum.com # NO_RESOLVE
provinciyka.rv.ua # TLD_UA
provitspoint.com # NO_RESOLVE
provkrf.ru # NO_RESOLVE
provokator.com.ua # TLD_UA
proxxon-russia.ru # NO_RESOLVE
proxy-anywhere.com # NO_RESOLVE
proxy-seller.info # NO_RESOLVE
proxylines.info # NO_RESOLVE
proxymal.ru # NO_RESOLVE
prozoro.net.ua # TLD_UA
prozrel.com # NO_RESOLVE
prp.org.br # NO_RESOLVE
prpartner.icu # NO_RESOLVE
prportal.com.ua # TLD_UA
prresult.icu # NO_RESOLVE
prtnrs2020.com # TOO_MANY_DIGITS (4)
prtrend.me # NO_RESOLVE
prudentinv3sthub.com # NO_RESOLVE
pruzhina73.ru # NO_RESOLVE
prv24.vip # NO_RESOLVE
prvmskavto.com # NO_RESOLVE
prymeedge.com # NO_RESOLVE
ps-if.webnode.com.ua # TLD_UA
ps.kulshe.com # NO_RESOLVE
ps2911.com # TOO_MANY_DIGITS (4)
ps5hits.ru # NO_RESOLVE
psihse.online # NO_RESOLVE
psiphon-vpn.org # NO_RESOLVE
psk-art.ru # NO_RESOLVE
psk-chim.ru # NO_RESOLVE
pskov-zoo.ru # NO_RESOLVE
pskovdp1.ru # NO_RESOLVE
pskovgb2.online # NO_RESOLVE
pskovgb2.ru # NO_RESOLVE
pskovpks.ru # NO_RESOLVE
psl24.cc # NO_RESOLVE
psmaster.top # NO_RESOLVE
psmbydet.top # NO_RESOLVE
psmkvadros.top # NO_RESOLVE
psosalkg2.site # NO_RESOLVE
psosallya.site # NO_RESOLVE
psosallya2.site # NO_RESOLVE
psosallya3.site # NO_RESOLVE
psosallya4.site # NO_RESOLVE
psosallya5.site # NO_RESOLVE
psosallya6.site # NO_RESOLVE
pstlvadcuqlwmzdu.bmeq4xku34je.live # NO_RESOLVE
psvideo.ru # NO_RESOLVE
psychologirk.ru # NO_RESOLVE
psyh-portret.ru # NO_RESOLVE
psyoffice.ru # NO_RESOLVE
ptaff.live # NO_RESOLVE
ptcxwzogkdyhiikr.8qaj3npj5q1y.monster # TOO_MANY_DIGITS (4)
ptkraduga.ru # NO_RESOLVE
ptmultitradinggroup.com # NO_RESOLVE
ptr.watchparadise1.su # NO_RESOLVE
ptron.info # NO_RESOLVE
ptti-gov-ru.ru # NO_RESOLVE
pu22.online # NO_RESOLVE
pu70altai.ru # NO_RESOLVE
pubamster.online # NO_RESOLVE
pubggru.net # NO_RESOLVE
public.kiev.ua # TLD_UA
publicverdict.ru # NO_RESOLVE
publika.uz # NO_RESOLVE
pubmaticblog.com # NO_RESOLVE
puchgorod.ru # NO_RESOLVE
pudavoff-shop.ru # NO_RESOLVE
puffzone.ru # NO_RESOLVE
pugs-school.ru # NO_RESOLVE
pugusia7.ru # NO_RESOLVE
puhas.ru # NO_RESOLVE
puketia5.ru # NO_RESOLVE
pukya.site # NO_RESOLVE
pukya2.site # NO_RESOLVE
pukya3.site # NO_RESOLVE
pukya4.site # NO_RESOLVE
pukya5.site # NO_RESOLVE
puls-msk.ru # NO_RESOLVE
pulsar-rnd.ru # NO_RESOLVE
pulsarioncoreplatform.com # NO_RESOLVE
pulsating-pussies.com # NO_RESOLVE
pulsbitronsystem.com # NO_RESOLVE
pulse-x.ru # NO_RESOLVE
pulse.charity # NO_RESOLVE
pulso-flowdex-gptplatform.com # NO_RESOLVE
pulsodes.od.ua # TLD_UA
pultikspb.ru # NO_RESOLVE
pulyavpn.info # NO_RESOLVE
pulzo.com # NO_RESOLVE
punch-12.queen-top15.ru # TOO_MANY_DIGITS (4)
punch-12.silver-mob60.ru # TOO_MANY_DIGITS (4)
punch-18.tm-artist.ru # NO_RESOLVE
punch-19.voikovoms.ru # NO_RESOLVE
punch-20.dhsh1chr.ru # NO_RESOLVE
punch-21.admcheremshanka.ru # NO_RESOLVE
punch-21.dk-krasnokrimskogosp.ru # NO_RESOLVE
punch-21.dumovochka-2.ru # NO_RESOLVE
punch-21.sch1arh.ru # NO_RESOLVE
punch-31.lev66.online # TOO_MANY_DIGITS (4)
punch-5.queen-super9.online # NO_RESOLVE
punkty-tehosmotra.ru # NO_RESOLVE
puntos.org.ni # NO_RESOLVE
purehavesters.com # NO_RESOLVE
purelenix.icu # NO_RESOLVE
purelineish.com # NO_RESOLVE
purelyfinance.org # NO_RESOLVE
purenet.ltd # NO_RESOLVE
puresexmovies.pro # NO_RESOLVE
purfinrevouxpro.com # NO_RESOLVE
purito.pro # NO_RESOLVE
purizbirkom.ru # NO_RESOLVE
puro-portdex-app.com # NO_RESOLVE
push.apple.com # NO_RESOLVE
pushanovaax.com # NO_RESOLVE
pushenovaax.com # NO_RESOLVE
pushherenow.com # NO_RESOLVE
pushino-sanatoriy.ru # NO_RESOLVE
pushistyj-forsazh-gran-pri-2025.lopdfilm.ru # TOO_MANY_DIGITS (4)
pushistyj-forsazh-gran-pri-2025.swezhak.su # TOO_MANY_DIGITS (4)
pushkinmuseum2024.ru # TOO_MANY_DIGITS (4)
pussyporn.pics # NO_RESOLVE
putin--huylo.putin-huylo2024.mywire.org # TOO_MANY_DIGITS (4)
putin-huylo.putin-huylo2024.mywire.org # TOO_MANY_DIGITS (4)
putin-huylo2024.putin-huylo2024.mywire.org # TOO_MANY_DIGITS (8)
putin4trump.com # NO_RESOLVE
putputlockers.net # NO_RESOLVE
puzgkbyqidpsfqem.zp9o7fqxfv3m.lat # NO_RESOLVE
pvrachg2.site # NO_RESOLVE
pvrya.site # NO_RESOLVE
pvsz.site # NO_RESOLVE
pvvrachya2.site # NO_RESOLVE
pvvrachya3.site # NO_RESOLVE
pvvrachya4.site # NO_RESOLVE
pvvrachya5.site # NO_RESOLVE
pxatag2.site # NO_RESOLVE
pxataya2.site # NO_RESOLVE
pxataya3.site # NO_RESOLVE
pxataya4.site # NO_RESOLVE
pxhvhomb.com # NO_RESOLVE
pxlyt.co # NO_RESOLVE
pyanie.cc # NO_RESOLVE
pyanstuff.online # NO_RESOLVE
pyatye-avtomobil-nye-pravila.info # NO_RESOLVE
pyo.org.pk # NO_RESOLVE
pyshkina-skaz.ru # NO_RESOLVE
pyt-yah.velzepuz.online # NO_RESOLVE
pythonanyway.ru # NO_RESOLVE
pythoshka.org # NO_RESOLVE
pythoshkasite.ru # NO_RESOLVE
pzftwdgeoccftfbu.x9r5lrdkfjrp.quest # NO_RESOLVE
pzh24-nrvo.biz99.xyz # TOO_MANY_DIGITS (4)
pzh24.biz # NO_RESOLVE
pzhukg.site # NO_RESOLVE
pzhukg2.site # NO_RESOLVE
pzhukya2.site # NO_RESOLVE
pzhukya3.site # NO_RESOLVE
pzhukya4.site # NO_RESOLVE
pzhukya5.site # NO_RESOLVE
q-bpm.org # NO_RESOLVE
q-drivers.ru # NO_RESOLVE
q-tech-ltd.org # NO_RESOLVE
q.levpromokod.help # NO_RESOLVE
q.protorrent.fun # NO_RESOLVE
q.stopfilms.info # NO_RESOLVE
qabaqaosayn.com # NO_RESOLVE
qaewrwrtbdfg.online # NO_RESOLVE
qanoex-monex-tech.com # NO_RESOLVE
qanoexmonex-solution.com # NO_RESOLVE
qanoexmonexsolution.com # NO_RESOLVE
qantar2022.org # TOO_MANY_DIGITS (4)
qaterglobalfunds.net # NO_RESOLVE
qaweim.com # NO_RESOLVE
qaxibyo4.ru # NO_RESOLVE
qb.nb-sochi.org # NO_RESOLVE
qb.nb-voronezh.net # NO_RESOLVE
qb.rostovnb.net # NO_RESOLVE
qb5cc3pam3y2ad0tm1zxuhho-wpengine.netdna-ssl.com # TOO_MANY_DIGITS (6)
qbu2tn9.icu # NO_RESOLVE
qdykeyhlonkqjoqt.x4oc8ceezr38.lat # TOO_MANY_DIGITS (4)
qefasua2.ru # NO_RESOLVE
qezvoroerfahrungen.com # NO_RESOLVE
qfsconcepts.com # NO_RESOLVE
qfsglobalservices.com # NO_RESOLVE
qfsledgerguard.com # NO_RESOLVE
qgepatitofs.ru # NO_RESOLVE
qha.com.ua # TLD_UA
qhfhqddfehobllri.xu1t22sft57h.online # TOO_MANY_DIGITS (5)
qidiqui6.ru # NO_RESOLVE
qips.live # NO_RESOLVE
qirusgaz.xyz # NO_RESOLVE
qkrn.to # NO_RESOLVE
qltpxlxkxyduvitu.dbminjam8b34.lol # NO_RESOLVE
qnb.group # NO_RESOLVE
qo.xhdpornos.net # NO_RESOLVE
qofygia3.ru # NO_RESOLVE
qoo10.sg # NO_RESOLVE
qp-52.ru # NO_RESOLVE
qp.md # NO_RESOLVE
qptck.co # NO_RESOLVE
qq-new.ru # NO_RESOLVE
qqlex.ru # NO_RESOLVE
qqtoon.com # NO_RESOLVE
qr-code-vaccine.com # NO_RESOLVE
qr-nail.ru # NO_RESOLVE
qrvaccode.com # NO_RESOLVE
qterium.com # NO_RESOLVE
qtmvault.com # NO_RESOLVE
qtoon.com # NO_RESOLVE
qtxbinary.fun # NO_RESOLVE
qu.myknigaa.shop # NO_RESOLVE
quakeonlan.net # NO_RESOLVE
qualifiedtrading.live # NO_RESOLVE
quanta-alrex-software.com # NO_RESOLVE
quanta-alrexsoftware.com # NO_RESOLVE
quanta-bumex-9000.com # TOO_MANY_DIGITS (4)
quantacanyoninc.com # NO_RESOLVE
quantalertspace.com # NO_RESOLVE
quantalysus-aisolution.com # NO_RESOLVE
quantax9bumexsystem.com # NO_RESOLVE
quantico.marines.mil # NO_RESOLVE
quantive-asset.com # NO_RESOLVE
quantmetricscopytd.com # NO_RESOLVE
quantrahub.com # NO_RESOLVE
quantrexstocks.com # NO_RESOLVE
quantsydetrading.com # NO_RESOLVE
quantuaccraxplatform.com # NO_RESOLVE
quantyrexelite.com # NO_RESOLVE
quantyxorelian-app.com # NO_RESOLVE
quartariata.com # NO_RESOLVE
quartzia.digital # NO_RESOLVE
quatt.ru # NO_RESOLVE
qube.24xxx.mobi # NO_RESOLVE
qube.mega-porno.online # NO_RESOLVE
qubiquant-soft.com # NO_RESOLVE
qubiquant.xyz # NO_RESOLVE
qubiquantnodetech.com # NO_RESOLVE
qubiquantstar-solution.com # NO_RESOLVE
qubiquantvisionapp.com # NO_RESOLVE
quearxelo.com # NO_RESOLVE
queboca.com # NO_RESOLVE
queenforex.net # NO_RESOLVE
queeryouthgroup.org.np # NO_RESOLVE
quelacreo.com # NO_RESOLVE
quests64.ru # NO_RESOLVE
questsomnia.ru # NO_RESOLVE
quexmarket.com # NO_RESOLVE
quick10mil.com # NO_RESOLVE
quickglobalmarkets.com # NO_RESOLVE
quipumarket.com # NO_RESOLVE
quotex-market.pro # NO_RESOLVE
quovestamarket.com # NO_RESOLVE
quran.com.ua # TLD_UA
quran2all.com # NO_RESOLVE
qurysea7.ru # NO_RESOLVE
qus.muzlo.website # NO_RESOLVE
qusehya0.ru # NO_RESOLVE
quvaxoo1.ru # NO_RESOLVE
qwatro-zum.ru # NO_RESOLVE
qyberearnz-platform.com # NO_RESOLVE
qyberearnz-system.com # NO_RESOLVE
qzzb.ru # NO_RESOLVE
r-7-top-1.ru # NO_RESOLVE
r-72025amp.top # TOO_MANY_DIGITS (5)
r-7365amp.top # TOO_MANY_DIGITS (4)
r-logistika.ru # NO_RESOLVE
r-s-news.com # NO_RESOLVE
r-vpn.info # NO_RESOLVE
r.all-xxx-videos.com # NO_RESOLVE
r.altxvideos.com # NO_RESOLVE
r.bordel-moskva.com # NO_RESOLVE
r.filmworld2.buzz # NO_RESOLVE
r.jopaonline.bike # NO_RESOLVE
r.rgepatitofs.ru # NO_RESOLVE
r.stopfilms.info # NO_RESOLVE
r0.filmworld2.buzz # NO_RESOLVE
r18.678dl.net # TOO_MANY_DIGITS (5)
r2p.org.ua # TLD_UA
r2school.online # NO_RESOLVE
r2school.ru # NO_RESOLVE
r56xfy.rateru.ru # NO_RESOLVE
ra-auto.ru # NO_RESOLVE
ra-city31.ru # NO_RESOLVE
ra-kurs76.online # NO_RESOLVE
ra-lyxo.co # NO_RESOLVE
ra-solo.ru # NO_RESOLVE
ra331.top # NO_RESOLVE
ra60.at # NO_RESOLVE
rabota.zip # NO_RESOLVE
rabota23.top # NO_RESOLVE
rabotakuzbassa.ru # NO_RESOLVE
rabotavtaxi.su # NO_RESOLVE
racketmining.fun # NO_RESOLVE
rackstackventure.com # NO_RESOLVE
racurs.ua # TLD_UA
rada.gov.ua # TLD_UA
rada2014.com.ua # TLD_UA
radha-krishna.online # NO_RESOLVE
radha-krishna.ru # NO_RESOLVE
radiaragainetra.com # NO_RESOLVE
radio-waves.ru # NO_RESOLVE
radio.dn.ua # TLD_UA
radio.nakypilo.ua # TLD_UA
radioamatorika.online # NO_RESOLVE
radiobalafon.net # NO_RESOLVE
radiocarillon.cl # NO_RESOLVE
radiocasma.com # NO_RESOLVE
radioclub.ua # TLD_UA
radioeconom.ru # NO_RESOLVE
radioera.com.ua # TLD_UA
radiojuly.ru # NO_RESOLVE
radiology-kuban.ru # NO_RESOLVE
radionic.pro # NO_RESOLVE
radiopyatnica.com.ua # TLD_UA
radiotaxi.org.ua # TLD_UA
radiotrek.rv.ua # TLD_UA
radmin-vpn.pro # NO_RESOLVE
radmin.help # NO_RESOLVE
radmirtins.ru # NO_RESOLVE
radon-pyatigorsk.ru # NO_RESOLVE
radpo.ru # NO_RESOLVE
radugadetyam.ru # NO_RESOLVE
rae-oosteroever.com # NO_RESOLVE
raff2727.biz # TOO_MANY_DIGITS (4)
rafoben.ru # NO_RESOLVE
ragmamoul.net # NO_RESOLVE
rahesabz.net # NO_RESOLVE
rahvar120.ir # NO_RESOLVE
rai.ua # TLD_UA
rai7.su # NO_RESOLVE
rai92.pw # NO_RESOLVE
rainbow-web.ru # NO_RESOLVE
rainbree.com # NO_RESOLVE
rajoqaran.com # NO_RESOLVE
rak37.at # NO_RESOLVE
rak40.at # NO_RESOLVE
rak50.at # NO_RESOLVE
rak51.at # NO_RESOLVE
rakitime.ru # NO_RESOLVE
ralegion.ru # NO_RESOLVE
rally-fortecya.com # NO_RESOLVE
ralmira.click # NO_RESOLVE
ram-avangard.ru # NO_RESOLVE
ramedea.ru # NO_RESOLVE
ranbox.club # NO_RESOLVE
rancho.kz # NO_RESOLVE
randomactfunding.com # NO_RESOLVE
randx-205.22t.buzz # TOO_MANY_DIGITS (5)
ranepaweekend.ru # NO_RESOLVE
ranlib.ru # NO_RESOLVE
rannforex4.com # NO_RESOLVE
rapedia.ru # NO_RESOLVE
rapid-markets.com # NO_RESOLVE
rapid-test.online # NO_RESOLVE
rarbg.shop # NO_RESOLVE
rarbg.unblockninja.com # NO_RESOLVE
rarbg2018.org # TOO_MANY_DIGITS (4)
ras-s.ru # NO_RESOLVE
ras5.ru # NO_RESOLVE
rasatour.ru # NO_RESOLVE
rasec.com.ua # TLD_UA
raspad-art.ru # NO_RESOLVE
rassada39.ru # NO_RESOLVE
rasskazy.online # NO_RESOLVE
rassledovanija-madam-blan.swezhak-2025.art # TOO_MANY_DIGITS (4)
rassledovanija-merdoka.swezhak-2025.art # TOO_MANY_DIGITS (4)
rassvet-school.ru # NO_RESOLVE
rastr-kadastr.ru # NO_RESOLVE
rasu-gov-ru.ru # NO_RESOLVE
rating-forum.ru # NO_RESOLVE
ratingacademy.press # NO_RESOLVE
ravencoinhashrate.space # NO_RESOLVE
ravon.kz # NO_RESOLVE
raxowuy2.ru # NO_RESOLVE
raydone.ru # NO_RESOLVE
raylisha.click # NO_RESOLVE
rayon.in.ua # TLD_UA
razborka1076.ru # TOO_MANY_DIGITS (4)
razvlekis.info # NO_RESOLVE
rbbf2019.ru # TOO_MANY_DIGITS (4)
rbc.mrfavorsite2.site # NO_RESOLVE
rbc.ua # TLD_UA
rbg24.ru # NO_RESOLVE
rbshahty.ru # NO_RESOLVE
rbt-2025amp.top # TOO_MANY_DIGITS (4)
rbt-24amp.top # NO_RESOLVE
rbt-365amp.top # NO_RESOLVE
rbt-amp2025.top # TOO_MANY_DIGITS (4)
rbt-amp365.top # NO_RESOLVE
rbt2025amp.top # TOO_MANY_DIGITS (4)
rbt365amp.top # NO_RESOLVE
rbxcdn.com # NO_RESOLVE
rc-caravan71.ru # NO_RESOLVE
rc-pegas.online # NO_RESOLVE
rc-vologda.ru # NO_RESOLVE
rcc.lodr.buzz # NO_RESOLVE
rcdom.live # NO_RESOLVE
rcdom.top # NO_RESOLVE
rcheker.ru # NO_RESOLVE
rci74.ru # NO_RESOLVE
rckrylia.ru # NO_RESOLVE
rcmbrokergroupltd.com # NO_RESOLVE
rcmini.fr # NO_RESOLVE
rcoko-rso.ru # NO_RESOLVE
rd-franshiza.ru # NO_RESOLVE
rdkbufa.online # NO_RESOLVE
rdm-printer.ru # NO_RESOLVE
rdmo-machinetools.ru # NO_RESOLVE
rdo.rs # NO_RESOLVE
rdpsellers.com # NO_RESOLVE
rdrct.ru # NO_RESOLVE
rdrmt.co # NO_RESOLVE
re-nome.com # NO_RESOLVE
reachfuture.icu # NO_RESOLVE
read-asbook.ru # NO_RESOLVE
read-book-online.com # NO_RESOLVE
read-edgarallanpoe.ru # NO_RESOLVE
read-online.in.ua # TLD_UA
read.in.ua # TLD_UA
readas-book.ru # NO_RESOLVE
readnt.com # NO_RESOLVE
readstorm.com # NO_RESOLVE
readtoto.com # NO_RESOLVE
real-ap.ru # NO_RESOLVE
real-beauty-studio.ru # NO_RESOLVE
realchecks.info # NO_RESOLVE
realchecks1.info # NO_RESOLVE
realfrank.net # NO_RESOLVE
realgazeta.com.ua # TLD_UA
realki-perm.cc # NO_RESOLVE
reallook.ru # NO_RESOLVE
realmebel24.ru # NO_RESOLVE
realnoeseo.ru # NO_RESOLVE
realtychoice.ru # NO_RESOLVE
realvpro.com # NO_RESOLVE
realwealthedge.com # NO_RESOLVE
reanime.art # NO_RESOLVE
recaro-store.ru # NO_RESOLVE
receptpost.com # NO_RESOLVE
recepty-sala.ru # NO_RESOLVE
recircle.life # NO_RESOLVE
recite.icu # NO_RESOLVE
reconsurg.ru # NO_RESOLVE
record-finans.ru # NO_RESOLVE
recoverdoc24.ru # NO_RESOLVE
recoverdoc24.shop # NO_RESOLVE
recoverdoc24.tech # NO_RESOLVE
recovertrading.com # NO_RESOLVE
recruiting.org.ua # TLD_UA
red-head-sound.online # NO_RESOLVE
redcams.net.ru # NO_RESOLVE
redcorecanada-system.com # NO_RESOLVE
redcross.org.ua # TLD_UA
redcrossdonation.su # NO_RESOLVE
redexpress.ru # NO_RESOLVE
redi-autro.ru # NO_RESOLVE
redigames.club # NO_RESOLVE
redigames.info # NO_RESOLVE
redigames.me # NO_RESOLVE
redigames.net # NO_RESOLVE
redirect-club.com # NO_RESOLVE
redirect.international # NO_RESOLVE
redirect2game.net # NO_RESOLVE
redirect2link.com # NO_RESOLVE
redirectgames.info # NO_RESOLVE
redirectpartlink.com # NO_RESOLVE
redisocial.com # NO_RESOLVE
redmontbitmark.net # NO_RESOLVE
redpepper.ug # NO_RESOLVE
redpost.com.ua # TLD_UA
redproxy.ru # NO_RESOLVE
redshield-vpn.info # NO_RESOLVE
redsocks.cc # NO_RESOLVE
redsoulcandles.ru # NO_RESOLVE
redstoneprivateestate.co.za # NO_RESOLVE
reductovpn.pro # NO_RESOLVE
reduksin-kz.com # NO_RESOLVE
redvpn.help # NO_RESOLVE
reedbase.com # NO_RESOLVE
reellog.ru # NO_RESOLVE
reem.com.ua # TLD_UA
reestr1.net # NO_RESOLVE
reestr2.net # NO_RESOLVE
reestr3.net # NO_RESOLVE
reestr4.net # NO_RESOLVE
reestr5.net # NO_RESOLVE
reestr6.net # NO_RESOLVE
referatnew.ru # NO_RESOLVE
referendum.pau.fm # NO_RESOLVE
refineart.icu # NO_RESOLVE
reformatness.com # NO_RESOLVE
refreshyourtech.ru # NO_RESOLVE
refusinggurgling.com # NO_RESOLVE
reg-school2024.ru # TOO_MANY_DIGITS (4)
reg-yalta.ru # NO_RESOLVE
reg.fm # NO_RESOLVE
reg365.online # NO_RESOLVE
regalbeasts.top # NO_RESOLVE
regard-house.ru # NO_RESOLVE
regdocve.ru # NO_RESOLVE
regenerativeresearchgroup.com # NO_RESOLVE
regenika.ru # NO_RESOLVE
regenium.icu # NO_RESOLVE
reggiostudio.ru # NO_RESOLVE
regi.elitezone.one # NO_RESOLVE
region-obramur.ru # NO_RESOLVE
region-penza.ru # NO_RESOLVE
region.dp.ua # TLD_UA
region69-gov-ru.online # NO_RESOLVE
region69-gov-ru.ru # NO_RESOLVE
regionews.ua # TLD_UA
regionnews.net.ua # TLD_UA
reglab24.net # NO_RESOLVE
reglaba24.com # NO_RESOLVE
reglaba24.net # NO_RESOLVE
regul-olev.ru # NO_RESOLVE
rehily.com # NO_RESOLVE
reichzorv-engine.com # NO_RESOLVE
reifporn.de # NO_RESOLVE
reklamnoe-agency.ru # NO_RESOLVE
rekrut26.ru # NO_RESOLVE
rekvest.ru # NO_RESOLVE
rekviem-servis.ru # NO_RESOLVE
rele-exclusive.ru # NO_RESOLVE
release-dance.com.ua # TLD_UA
releasethebisongame.top # NO_RESOLVE
reliablehomeslimited.com # NO_RESOLVE
relievedglobals.com # NO_RESOLVE
religion.in.ua # TLD_UA
rem-96.ru # NO_RESOLVE
rem-app-msk.ru # NO_RESOLVE
remix24.biz # NO_RESOLVE
remkolor.ru # NO_RESOLVE
remmax70.ru # NO_RESOLVE
remont-oshibki.ru # NO_RESOLVE
remont-tehniki-na-domy.com.ua # TLD_UA
remont12rus.ru # NO_RESOLVE
remontik-svet.ru # NO_RESOLVE
remontobuvi-korolev.ru # NO_RESOLVE
remstir.moscow # NO_RESOLVE
remstroyinfo.ru # NO_RESOLVE
remz-alex.ru # NO_RESOLVE
ren-kachestvo77.ru # NO_RESOLVE
ren55.ru # NO_RESOLVE
rena-moskva.online # NO_RESOLVE
renaissancecharity.org # NO_RESOLVE
renault-kaptur.ru # NO_RESOLVE
renault-novgorod.ru # NO_RESOLVE
renault52.ru # NO_RESOLVE
rendimientoflerpulsesystem.com # NO_RESOLVE
renevobit.com # NO_RESOLVE
renewableenergy.digital # NO_RESOLVE
renoclub.ru # NO_RESOLVE
renoqye0.ru # NO_RESOLVE
renovatsiya-moskva.ru # NO_RESOLVE
renta-estate.ru # NO_RESOLVE
rentgens.ru # NO_RESOLVE
repe-titor.ru # NO_RESOLVE
repetitorik.ru # NO_RESOLVE
repinaavhim.ru # NO_RESOLVE
replicheorologilusso.com # NO_RESOLVE
repnikov-house.ru # NO_RESOLVE
report.if.ua # TLD_UA
report2017.fbk.info # TOO_MANY_DIGITS (4)
report2019.fbk.info # TOO_MANY_DIGITS (4)
report2021.fbk.info # TOO_MANY_DIGITS (4)
repubblica.com # NO_RESOLVE
republic.com.ua # TLD_UA
republic.ru # NO_RESOLVE
republic24.biz # NO_RESOLVE
republicantrustempowerment.com # NO_RESOLVE
reserve-xelrin-system.com # NO_RESOLVE
reshaemo.club # NO_RESOLVE
reshaemvmeste.ru # NO_RESOLVE
reshebnik.moscow # NO_RESOLVE
reshetka-radiatora.ru # NO_RESOLVE
reshit-matematiku.online # NO_RESOLVE
resident-evil.fun # NO_RESOLVE
resident-game-kazakhstan.com # NO_RESOLVE
resistancy.ru # NO_RESOLVE
resonate.icu # NO_RESOLVE
resour-cusnu.info # NO_RESOLVE
resource-ehaat.life # NO_RESOLVE
resource-pop-pravilam.info # NO_RESOLVE
restartsp.com.ua # TLD_UA
restobarcapri.ru # NO_RESOLVE
restoran-faeton.ru # NO_RESOLVE
restoran-nar.ru # NO_RESOLVE
restoran2019.ru # TOO_MANY_DIGITS (4)
restorankletka.ru # NO_RESOLVE
restorantamada.ru # NO_RESOLVE
restoria-game.biz # NO_RESOLVE
retaas.hkpc.org # NO_RESOLVE
retadent.ru # NO_RESOLVE
retouchmeplease.ru # NO_RESOLVE
retro-48.77r.buzz # TOO_MANY_DIGITS (4)
retro-58.35n.top # TOO_MANY_DIGITS (4)
retro-porno.cc # NO_RESOLVE
retsirkulyatori.ru # NO_RESOLVE
returnlitehub.pro # NO_RESOLVE
revans-ami.ru # NO_RESOLVE
revdahram.ru # NO_RESOLVE
revexium-app.com # NO_RESOLVE
revo-shop.online # NO_RESOLVE
rex-sex.com # NO_RESOLVE
reznikovaes.ru # NO_RESOLVE
rezydencia.com # NO_RESOLVE
rf.a-markets.biz # NO_RESOLVE
rf.chat-s-devushkami.com # NO_RESOLVE
rf.joporn.tv # NO_RESOLVE
rf.kievrus.com # NO_RESOLVE
rf.levelsex.com # NO_RESOLVE
rf.rusudo.com # NO_RESOLVE
rfkcoupling.ru # NO_RESOLVE
rfo-cat.ru # NO_RESOLVE
rfosmotr.ru # NO_RESOLVE
rfsigareti.pro # NO_RESOLVE
rfspecdoki-xxfrspm.top # NO_RESOLVE
rfspecdoki-xxrettn.top # NO_RESOLVE
rfspecdoki6.top # NO_RESOLVE
rg-mechanics.website # NO_RESOLVE
rg-sozvezdie.ru # NO_RESOLVE
rg1.rgfootball.xyz # NO_RESOLVE
rg5.rgfootball.xyz # NO_RESOLVE
rgb-team.fr # NO_RESOLVE
rgd-online.ru # NO_RESOLVE
rgepaciniik.ru # NO_RESOLVE
rgk-info.ru # NO_RESOLVE
rgo-restoran.ru # NO_RESOLVE
rgsgruz.ru # NO_RESOLVE
rhemapeak.com # NO_RESOLVE
rhymeit.icu # NO_RESOLVE
rhymestyle.icu # NO_RESOLVE
ria-news.ru # NO_RESOLVE
ribamorie.ru # NO_RESOLVE
ribito-ru.online # NO_RESOLVE
ribito-ru.ru # NO_RESOLVE
rich-birds.lat # NO_RESOLVE
richbirds.lat # NO_RESOLVE
richbirds.store # NO_RESOLVE
richbotrevolution.live # NO_RESOLVE
richkoincop.com # NO_RESOLVE
richmedia.technology # NO_RESOLVE
richterfm.ru # NO_RESOLVE
rick19.com # NO_RESOLVE
ricochet.press # NO_RESOLVE
ridar.com.ua # TLD_UA
riddg2.site # NO_RESOLVE
riddya.site # NO_RESOLVE
riddya2.site # NO_RESOLVE
riddya3.site # NO_RESOLVE
riddya4.site # NO_RESOLVE
riddya5.site # NO_RESOLVE
ridersfamily.ru # NO_RESOLVE
ridtube.fun # NO_RESOLVE
rifond.ru # NO_RESOLVE
rifray.ru # NO_RESOLVE
rillyhome.ru # NO_RESOLVE
rilutek24.ru # NO_RESOLVE
riluzole.ru # NO_RESOLVE
ringdesign.ru # NO_RESOLVE
ringobells.ru # NO_RESOLVE
rington.biz # NO_RESOLVE
ringvpn.com # NO_RESOLVE
rinokskkur.to # NO_RESOLVE
rinujuye.top # NO_RESOLVE
rinviera.com # NO_RESOLVE
rio-1amp-1site.ru # NO_RESOLVE
rio-amp-1site.ru # NO_RESOLVE
rio-amp1-mobile.ru # NO_RESOLVE
rio-amp1-site.ru # NO_RESOLVE
rio-best.ru # NO_RESOLVE
rio-clubs.ru # NO_RESOLVE
rio-jrinasit.ru # NO_RESOLVE
rio.pics # NO_RESOLVE
riostart.ru # NO_RESOLVE
riper.online # NO_RESOLVE
riqudyu0.ru # NO_RESOLVE
risebullions.com # NO_RESOLVE
risevesthub.com # NO_RESOLVE
risquetube.com # NO_RESOLVE
risu.ua # TLD_UA
ritersincharge.com # NO_RESOLVE
ritminfo.ru # NO_RESOLVE
ritoriya.ru # NO_RESOLVE
ritter-laminat.com # NO_RESOLVE
riventrust-system.com # NO_RESOLVE
rivne.rayon.in.ua # TLD_UA
rivnepost.rv.ua # TLD_UA
rj9867.craftum.io # TOO_MANY_DIGITS (4)
rka30.at # NO_RESOLVE
rka33.at # NO_RESOLVE
rka34.at # NO_RESOLVE
rkc.org.ua # TLD_UA
rkm.kiev.ua # TLD_UA
rkra31.at # NO_RESOLVE
rkvbxwmb.com # NO_RESOLVE
rlespr.ru # NO_RESOLVE
rmcpk.ru # NO_RESOLVE
rmobili.ru # NO_RESOLVE
rmx24.biz # NO_RESOLVE
rnbee.kiev.ua # TLD_UA
rnbo.gov.ua # TLD_UA
rnd.rosdos.love # NO_RESOLVE
rnd.rosdos.top # NO_RESOLVE
rnd2.rosdos.love # NO_RESOLVE
rnd2.rosdos.top # NO_RESOLVE
rnd3.rosdos.love # NO_RESOLVE
rnd4.rosdos.love # NO_RESOLVE
rnd5.rosdos.love # NO_RESOLVE
rnkskr.to # NO_RESOLVE
rns24.biz # NO_RESOLVE
ro-bot.biz # NO_RESOLVE
roadcontrol.org.ua # TLD_UA
roamella.click # NO_RESOLVE
roamilla.click # NO_RESOLVE
robarobotvin.biz # NO_RESOLVE
robbin-hood.org # NO_RESOLVE
robinhood24.biz # NO_RESOLVE
robo02.ru # NO_RESOLVE
robo4ip.com.ua # TLD_UA
robolispro70-soft.com # NO_RESOLVE
robolispro70soft.com # NO_RESOLVE
rock.lviv.ua # TLD_UA
rockblack.info # NO_RESOLVE
rocketgram.online # NO_RESOLVE
rocketgram.ru # NO_RESOLVE
rocketman-1.vegas-go48.online # NO_RESOLVE
rocketman-10.silver-mob60.ru # TOO_MANY_DIGITS (4)
rocketman-10.star-ultra29.ru # TOO_MANY_DIGITS (4)
rocketman-15.silver-mob60.ru # TOO_MANY_DIGITS (4)
rocketman-18.gumitorf.ru # NO_RESOLVE
rocketman-2.queen-super9.online # NO_RESOLVE
rocketman-20.ahmr.ru # NO_RESOLVE
rocketman-20.rsp95.ru # TOO_MANY_DIGITS (4)
rocketman-24.lev66.online # TOO_MANY_DIGITS (4)
rocketman-24.lev67.online # TOO_MANY_DIGITS (4)
rocketman-59.r108.ru # TOO_MANY_DIGITS (5)
rocketman-61.i106.ru # TOO_MANY_DIGITS (5)
rocketman.0601.one # TOO_MANY_DIGITS (4)
rocketman.scam14.online # NO_RESOLVE
rocketman.spacejournal.ru # NO_RESOLVE
rocketman069.top # NO_RESOLVE
rocketman166.buzz # NO_RESOLVE
rocketman2.mom # NO_RESOLVE
rocketman346.buzz # NO_RESOLVE
rocketman404.buzz # NO_RESOLVE
rockfimagroup.com # NO_RESOLVE
rockflow-ai-system.com # NO_RESOLVE
rockiefinance.com # NO_RESOLVE
rocknraw.ru # NO_RESOLVE
rocksad.com.ua # TLD_UA
rodamons.org # NO_RESOLVE
roddom4-nn.ru # NO_RESOLVE
rodnichok18.ru # NO_RESOLVE
rodniy-ludi.ru # NO_RESOLVE
rogachevo-admin.ru # NO_RESOLVE
rohlya.kz # NO_RESOLVE
roianshop.ru # NO_RESOLVE
roiverxt.com # NO_RESOLVE
rojadirectatv.cc # NO_RESOLVE
rojadirectatv.run # NO_RESOLVE
rojadirectatvenvivo.me # NO_RESOLVE
rojadirectatvhd.com.es # NO_RESOLVE
rok-online.com # NO_RESOLVE
rokada.org.ua # TLD_UA
rokets-kim.ru # NO_RESOLVE
role-me.ru # NO_RESOLVE
rolex.swiss-watch.com.ua # TLD_UA
rolez1.biz # NO_RESOLVE
roll-ball.ru # NO_RESOLVE
rollwall.ru # NO_RESOLVE
rolomatix.com # NO_RESOLVE
roman.ua # TLD_UA
romanceforroe.com # NO_RESOLVE
romanovorest.ru # NO_RESOLVE
romanvega.ru # NO_RESOLVE
romasajtokozpont.hu # NO_RESOLVE
romashka-anapa.ru # NO_RESOLVE
romashka-verhnedneprovsky.ru # NO_RESOLVE
ronix21.ru # NO_RESOLVE
roofcenter.kz # NO_RESOLVE
roofiru.ru # NO_RESOLVE
room12.knopka25.icu # TOO_MANY_DIGITS (4)
roomdecor.kiev.ua # TLD_UA
roomdnd.ru # NO_RESOLVE
roomer.su # NO_RESOLVE
rootfernz.com # NO_RESOLVE
rootgrove.icu # NO_RESOLVE
rootloria.com # NO_RESOLVE
rootmira.click # NO_RESOLVE
ros-hotel.ru # NO_RESOLVE
ros.minuporno.com # NO_RESOLVE
rosagro.su # NO_RESOLVE
rose-and-musk.ru # NO_RESOLVE
roselith.icu # NO_RESOLVE
rosgordez.ru # NO_RESOLVE
rosjob.cc # NO_RESOLVE
roskart-gov-ru.ru # NO_RESOLVE
roskarta.co # NO_RESOLVE
roskarta.org # NO_RESOLVE
rosmari.ru # NO_RESOLVE
rosmuzei.ru # NO_RESOLVE
rospres.mobi # NO_RESOLVE
rosprom-gov-ru.ru # NO_RESOLVE
rosreestr-map-2022.ru # TOO_MANY_DIGITS (4)
ross-dlplom.ru # NO_RESOLVE
ross-dlplomg.ru # NO_RESOLVE
ross-dlplomg2.ru # NO_RESOLVE
ross-dlplomg3.ru # NO_RESOLVE
ross-dlplomg4.online # NO_RESOLVE
ross-dlploms.ru # NO_RESOLVE
rossal24.ru # NO_RESOLVE
rosskitway.com # NO_RESOLVE
rost.kh.ua # TLD_UA
rostabletka24.ru # NO_RESOLVE
rostestkrasnodar.ru # NO_RESOLVE
rostestkrasnoyarsk.ru # NO_RESOLVE
rostok-blagovestnik.ru # NO_RESOLVE
rostok.tatar # NO_RESOLVE
rostov-dox.com # NO_RESOLVE
rostov-dox.net # NO_RESOLVE
rostov-doxy.net # NO_RESOLVE
rostov-na-donu.vipster.net # NO_RESOLVE
rostov-rest.ru # NO_RESOLVE
rostov-server.ru # NO_RESOLVE
rostov-shop.top # NO_RESOLVE
rostov-sony.ru # NO_RESOLVE
rostovbizn.ru # NO_RESOLVE
rostovdoxy.com # NO_RESOLVE
rostovlmp.online # NO_RESOLVE
rostovnb.net # NO_RESOLVE
rota-bashkort.com # NO_RESOLVE
rotonda-proekt.ru # NO_RESOLVE
router.lviv.ua # TLD_UA
rouxcycles.ru # NO_RESOLVE
rovmetkabinet.ru # NO_RESOLVE
royalvegas-casino-kr.com # NO_RESOLVE
rozaxfin-tech.com # NO_RESOLVE
rozaxfintech.com # NO_RESOLVE
rozetka.com.ua # TLD_UA
rp3946.craftum.io # TOO_MANY_DIGITS (4)
rpc.com.py # NO_RESOLVE
rpcongress.ru # NO_RESOLVE
rpnd-rb.ru # NO_RESOLVE
rpptula.ru # NO_RESOLVE
rrlab.ru # NO_RESOLVE
rs-doc.ru # NO_RESOLVE
rs02.biz # NO_RESOLVE
rs161.com # NO_RESOLVE
rscammya.site # NO_RESOLVE
rscammya2.site # NO_RESOLVE
rscammya3.site # NO_RESOLVE
rscammya4.site # NO_RESOLVE
rscamya.site # NO_RESOLVE
rsgwjjmb.com # NO_RESOLVE
rskm.pro # NO_RESOLVE
rskstatika.ru # NO_RESOLVE
rsmu.info # NO_RESOLVE
rsoasu.ru # NO_RESOLVE
rstekb.top # NO_RESOLVE
rt.minuporno.com # NO_RESOLVE
rt.trans-devo4ki.site # NO_RESOLVE
rt.xn--80a1afkx7a.com # TOO_MANY_DIGITS (4)
rti.org.tw # NO_RESOLVE
rtonco75.ru # NO_RESOLVE
rtp96.ru # NO_RESOLVE
rts224.biz # NO_RESOLVE
rtvnews.tv # NO_RESOLVE
rtz24.biz # NO_RESOLVE
ru-chaturbate.ru # NO_RESOLVE
ru-codepage1251.shkola-35.casacam.net # TOO_MANY_DIGITS (6)
ru-porn.org # NO_RESOLVE
ru-tempus.ru # NO_RESOLVE
ru-tor.site # NO_RESOLVE
ru-turbo.buzz # NO_RESOLVE
ru.4pig.com # NO_RESOLVE
ru.all-xxx-videos.com # NO_RESOLVE
ru.alohaporno.com # NO_RESOLVE
ru.altxvideos.com # NO_RESOLVE
ru.animespirit.ru # NO_RESOLVE
ru.bazaknigg.shop # NO_RESOLVE
ru.blecksprut.de # NO_RESOLVE
ru.d-t.club # NO_RESOLVE
ru.doramatv.co # NO_RESOLVE
ru.dragonsupport.help # NO_RESOLVE
ru.ekopult-novosibirsk.ru # NO_RESOLVE
ru.fap-guru.fun # NO_RESOLVE
ru.fap-guru.meme # NO_RESOLVE
ru.fap-guru.team # NO_RESOLVE
ru.firebro.top # NO_RESOLVE
ru.gamemik.ru # NO_RESOLVE
ru.gaywebka.club # NO_RESOLVE
ru.hall-games.com # NO_RESOLVE
ru.hdseriaz.link # NO_RESOLVE
ru.herrutor.site # NO_RESOLVE
ru.hromadske.ua # TLD_UA
ru.interfax.com.ua # TLD_UA
ru.jpg4.monster # NO_RESOLVE
ru.kekporn.com # NO_RESOLVE
ru.levelsex.com # NO_RESOLVE
ru.malinaporno.com # NO_RESOLVE
ru.metafilm7.buzz # NO_RESOLVE
ru.minuporno.com # NO_RESOLVE
ru.mp3knigaa.shop # NO_RESOLVE
ru.muzlo.website # NO_RESOLVE
ru.ninemanga.com # NO_RESOLVE
ru.otk-shop.store # NO_RESOLVE
ru.paxforex.org # NO_RESOLVE
ru.porno365x.club # NO_RESOLVE
ru.pornoreka.net # NO_RESOLVE
ru.rigaslaiks.art # NO_RESOLVE
ru.shara.tv # NO_RESOLVE
ru.shufuni.tv # NO_RESOLVE
ru.slovoidilo.ua # TLD_UA
ru.tabfilm-tv.com # NO_RESOLVE
ru.tabfilm.sbs # NO_RESOLVE
ru.torrenticamuz.ru # NO_RESOLVE
ru.torrentino.website # NO_RESOLVE
ru.trahkino.tube # NO_RESOLVE
ru.traxvideos2.com # NO_RESOLVE
ru.tsn.ua # TLD_UA
ru.weekfilm.online # NO_RESOLVE
ru.wix.com # NO_RESOLVE
ru.wowxnxx.com # NO_RESOLVE
ru.xn--80abginb3ag8a.com # TOO_MANY_DIGITS (4)
ru.xn--80acbypd3c.com # NO_RESOLVE
ru.xn--80acbypdo.com # NO_RESOLVE
ru.xn--80afdphknde.cam # NO_RESOLVE
ru.xn--80afdphknde.com # NO_RESOLVE
ru.xn--80aikhbrhr.cam # NO_RESOLVE
ru.xnxx-rus.com # NO_RESOLVE
ru.xnxx-rus4.com # NO_RESOLVE
ru.xnxxhits.com # NO_RESOLVE
ru.xnxxpost.com # NO_RESOLVE
ru.zagonka-tv.com # NO_RESOLVE
ru1.homosteron.cc # NO_RESOLVE
ru1.homosteron.top # NO_RESOLVE
ru1.tabfilm-tv.com # NO_RESOLVE
ru1.tabfilm.sbs # NO_RESOLVE
ru1.trahkino.art # NO_RESOLVE
ru1.weekfilm.online # NO_RESOLVE
ru1.xn--80abginb3ag8a.com # TOO_MANY_DIGITS (5)
ru1.xn--80acbypd3c.com # TOO_MANY_DIGITS (4)
ru1.xn--80acbypdo.com # NO_RESOLVE
ru1.xn--80afdphknde.com # NO_RESOLVE
ru1.xn--80aikhbrhr.cam # NO_RESOLVE
ru1.zagonka-tv.com # NO_RESOLVE
ru2.homosteron.top # NO_RESOLVE
ru2.porno4ka.com # NO_RESOLVE
ru2.tabfilm-tv.com # NO_RESOLVE
ru2.tabfilm.sbs # NO_RESOLVE
ru2.xn--80afdphknde.com # NO_RESOLVE
ru2.xn--80aikhbrhr.cam # NO_RESOLVE
ru2.xn--d1aihcfio7a7di.top # TOO_MANY_DIGITS (4)
ru2.zagonka-tv.com # NO_RESOLVE
ru2.zenvideo.me # NO_RESOLVE
ru3.homosteron.top # NO_RESOLVE
ru3.tabfilm-tv.com # NO_RESOLVE
ru3.tabfilm.sbs # NO_RESOLVE
ru3.xn--80afdphknde.com # NO_RESOLVE
ru3.xn--80aikhbrhr.cam # NO_RESOLVE
ru3.xn--d1aihcfio7a7di.top # TOO_MANY_DIGITS (4)
ru3.zagonka-tv.com # NO_RESOLVE
ru4.homosteron.top # NO_RESOLVE
ru4.tabfilm-tv.com # NO_RESOLVE
ru4.tabfilm.sbs # NO_RESOLVE
ru4.xn--80afdphknde.com # NO_RESOLVE
ru4.xn--80aikhbrhr.cam # NO_RESOLVE
ru4.zagonka-tv.com # NO_RESOLVE
ru5.homosteron.top # NO_RESOLVE
ru5.tabfilm-tv.com # NO_RESOLVE
ru5.tabfilm.sbs # NO_RESOLVE
ru5.xn--80afdphknde.com # NO_RESOLVE
ru5.xn--80aikhbrhr.cam # NO_RESOLVE
ru5.zagonka-tv.com # NO_RESOLVE
ru6.homosteron.top # NO_RESOLVE
ru6.tabfilm-tv.com # NO_RESOLVE
ru6.tabfilm.sbs # NO_RESOLVE
ru6.xn--80afdphknde.com # NO_RESOLVE
ru6.xn--80aikhbrhr.cam # NO_RESOLVE
ru7.homosteron.top # NO_RESOLVE
ru7.tabfilm-tv.com # NO_RESOLVE
ru7.tabfilm.sbs # NO_RESOLVE
ru7.xn--80afdphknde.com # NO_RESOLVE
ru8.homosteron.top # NO_RESOLVE
ru8.tabfilm-tv.com # NO_RESOLVE
ru8.xn--80afdphknde.com # NO_RESOLVE
ru9.homosteron.top # NO_RESOLVE
ru9.tabfilm-tv.com # NO_RESOLVE
ru9.xn--80afdphknde.com # NO_RESOLVE
rubaha-nk.ru # NO_RESOLVE
rubel.net.ua # TLD_UA
rubezh-shangry-la-jut-su.ru # NO_RESOLVE
rubi-rubli.space # NO_RESOLVE
rubin-117.21n.click # TOO_MANY_DIGITS (5)
rubin-118.00z.buzz # TOO_MANY_DIGITS (5)
rubin-121.00a.buzz # TOO_MANY_DIGITS (5)
rubin-125.241z.top # TOO_MANY_DIGITS (6)
rubin-139.t18.buzz # TOO_MANY_DIGITS (5)
rubin-14.king12.online # TOO_MANY_DIGITS (4)
rubin-15.l1ve.online # NO_RESOLVE
rubin-159.59x.buzz # TOO_MANY_DIGITS (5)
rubin-180.45i.online # TOO_MANY_DIGITS (5)
rubin-188.12m.buzz # TOO_MANY_DIGITS (5)
rubin-190.39m.click # TOO_MANY_DIGITS (5)
rubin-198.347w.buzz # TOO_MANY_DIGITS (6)
rubin-200.359w.buzz # TOO_MANY_DIGITS (6)
rubin-201.362w.buzz # TOO_MANY_DIGITS (6)
rubin-21.11l.buzz # TOO_MANY_DIGITS (4)
rubin-23.04d.buzz # TOO_MANY_DIGITS (4)
rubin-26.37j.buzz # TOO_MANY_DIGITS (4)
rubin-56.07b.click # TOO_MANY_DIGITS (4)
rubin-66.20e.click # TOO_MANY_DIGITS (4)
rubin-72.40e.click # TOO_MANY_DIGITS (4)
rubin-77.29n.store # TOO_MANY_DIGITS (4)
rubin-96.33f.buzz # TOO_MANY_DIGITS (4)
rubin-online-games.ru # NO_RESOLVE
rubin.0601.buzz # TOO_MANY_DIGITS (4)
rubin.0601.christmas # TOO_MANY_DIGITS (4)
rubin.8458.uno # TOO_MANY_DIGITS (4)
rubindez.ru # NO_RESOLVE
rubinstein.org.ru # NO_RESOLVE
rubleminers.club # NO_RESOLVE
rubooks.org # NO_RESOLVE
rubovod.com.ua # TLD_UA
rubrielter.ru # NO_RESOLVE
rubrowser.com # NO_RESOLVE
rubypay.fun # NO_RESOLVE
rucelkag.site # NO_RESOLVE
rucelkag2.site # NO_RESOLVE
rucelkaya.site # NO_RESOLVE
rucellya2.site # NO_RESOLVE
rucellya3.site # NO_RESOLVE
rucheeklenina43.ru # NO_RESOLVE
rudenko.kiev.ua # TLD_UA
rudub.icu # NO_RESOLVE
rudub.pro # NO_RESOLVE
rudub.shop # NO_RESOLVE
rudub.top # NO_RESOLVE
rudub.xyz # NO_RESOLVE
rudubrovitsi.ru # NO_RESOLVE
rufootballtv.org # NO_RESOLVE
ruhornetapp.com # NO_RESOLVE
ruhzmin.org # NO_RESOLVE
rujino.online # NO_RESOLVE
rukami.top # NO_RESOLVE
rukarelia.ru # NO_RESOLVE
rukndxi.ru # NO_RESOLVE
rukovodstvo1.ru # NO_RESOLVE
rukovodstvo2.ru # NO_RESOLVE
rumvu.top # NO_RESOLVE
run-info.xyz # NO_RESOLVE
runa.org.pe # NO_RESOLVE
runanchor.com # NO_RESOLVE
runewitch-dom.wiki # NO_RESOLVE
runnersmedias.com # NO_RESOLVE
rupasport.com # NO_RESOLVE
rupor.com.ua # TLD_UA
rupor.od.ua # TLD_UA
ruporno.club # NO_RESOLVE
ruporno.name # NO_RESOLVE
ruporno365.life # NO_RESOLVE
rur.zenvideo.me # NO_RESOLVE
rus-24k12k20.suxilepbuy.ru # TOO_MANY_DIGITS (6)
rus-25k01k12.suxilepbuy.ru # TOO_MANY_DIGITS (6)
rus-25k01k13.suxilepbuy.ru # TOO_MANY_DIGITS (6)
rus-25k01k30.ospolotestop.ru # TOO_MANY_DIGITS (6)
rus-25k02k05.ospolotestop.ru # TOO_MANY_DIGITS (6)
rus-25k08k06.ospoiot-shop.ru # TOO_MANY_DIGITS (6)
rus-azot.ru # NO_RESOLVE
rus-dlploman.com # NO_RESOLVE
rus-midwives.ru # NO_RESOLVE
rus-sex.click # NO_RESOLVE
rus-space.ru # NO_RESOLVE
rus-xnxx.com # NO_RESOLVE
rus.24videoru.net # NO_RESOLVE
rus.4pig.com # NO_RESOLVE
rus.all-xxx-videos.com # NO_RESOLVE
rus.altxvideos.com # NO_RESOLVE
rus.hdvidon.store # NO_RESOLVE
rus.lb.ua # TLD_UA
rus.levelsex.com # NO_RESOLVE
rus.minuporno.com # NO_RESOLVE
rus.muzlo.website # NO_RESOLVE
rus.professional-rus.info # NO_RESOLVE
rus.suxilepbuy.ru # NO_RESOLVE
rus.trahkino.tube # NO_RESOLVE
rus.turkcinema.bar # NO_RESOLVE
rus.zenvideo.me # NO_RESOLVE
rus.zvtor.com # NO_RESOLVE
rus97.ru # NO_RESOLVE
rusalco1-247-arhangelsk.ru # TOO_MANY_DIGITS (4)
rusalco1-247-balashiha.online # TOO_MANY_DIGITS (4)
rusalco1-247-balashiha.ru # TOO_MANY_DIGITS (4)
rusalco1-247-barnaul.online # TOO_MANY_DIGITS (4)
rusalco1-247-barnaul.ru # TOO_MANY_DIGITS (4)
rusalco1-247-chelni.online # TOO_MANY_DIGITS (4)
rusalco1-247-chelni.ru # TOO_MANY_DIGITS (4)
rusalco1-247-chita.online # TOO_MANY_DIGITS (4)
rusalco1-247-chita.ru # TOO_MANY_DIGITS (4)
rusalco1-247-himki.ru # TOO_MANY_DIGITS (4)
rusalco1-247-ijevsk.ru # TOO_MANY_DIGITS (4)
rusalco1-247-ivanovo.online # TOO_MANY_DIGITS (4)
rusalco1-247-ivanovo.ru # TOO_MANY_DIGITS (4)
rusalco1-247-kirov.online # TOO_MANY_DIGITS (4)
rusalco1-247-kirov.ru # TOO_MANY_DIGITS (4)
rusalco1-247-korolev.ru # TOO_MANY_DIGITS (4)
rusalco1-247-kurgan.ru # TOO_MANY_DIGITS (4)
rusalco1-247-kursk.ru # TOO_MANY_DIGITS (4)
rusalco1-247-lipeck.online # TOO_MANY_DIGITS (4)
rusalco1-247-lipeck.ru # TOO_MANY_DIGITS (4)
rusalco1-247-lyuberci.ru # TOO_MANY_DIGITS (4)
rusalco1-247-magnitogorsk.online # TOO_MANY_DIGITS (4)
rusalco1-247-magnitogorsk.ru # TOO_MANY_DIGITS (4)
rusalco1-247-novokuznetsk.online # TOO_MANY_DIGITS (4)
rusalco1-247-novokuznetsk.ru # TOO_MANY_DIGITS (4)
rusalco1-247-orenburg.ru # TOO_MANY_DIGITS (4)
rusalco1-247-rnd.online # TOO_MANY_DIGITS (4)
rusalco1-247-rnd.ru # TOO_MANY_DIGITS (4)
rusalco1-247-ryazan.online # TOO_MANY_DIGITS (4)
rusalco1-247-ryazan.ru # TOO_MANY_DIGITS (4)
rusalco1-247-spb.online # TOO_MANY_DIGITS (4)
rusalco1-247-spb.ru # TOO_MANY_DIGITS (4)
rusalco1-247-tomsk.online # TOO_MANY_DIGITS (4)
rusalco1-247-tomsk.ru # TOO_MANY_DIGITS (4)
rusalco1-247-tula.online # TOO_MANY_DIGITS (4)
rusalco1-247-tula.ru # TOO_MANY_DIGITS (4)
rusalco1-247-tver.ru # TOO_MANY_DIGITS (4)
rusalco1-247-vladimir.ru # TOO_MANY_DIGITS (4)
rusalco1-247-yaroslavl.online # TOO_MANY_DIGITS (4)
rusalco1-247-yaroslavl.ru # TOO_MANY_DIGITS (4)
rusalco1-247-zelenograd.online # TOO_MANY_DIGITS (4)
rusalco1-247-zelenograd.ru # TOO_MANY_DIGITS (4)
rusalco247-spb.ru # NO_RESOLVE
ruschools.online # NO_RESOLVE
ruscrime.com # NO_RESOLVE
rusdoc.site # NO_RESOLVE
rusdocuments-xxgmtpz.top # NO_RESOLVE
rusfilm.club # NO_RESOLVE
rusgalsalut.ru # NO_RESOLVE
rushkino.online # NO_RESOLVE
rusivan.ru # NO_RESOLVE
rusmangal24.ru # NO_RESOLVE
rusnavgeo.ru # NO_RESOLVE
ruspodarky.ru # NO_RESOLVE
rusport.info # NO_RESOLVE
russia-attacked-ukraine.hostiq.ua # TLD_UA
russia-pasport.com # NO_RESOLVE
russia-rieberson.ru # NO_RESOLVE
russia2024.net # TOO_MANY_DIGITS (4)
russian-heritage.ru # NO_RESOLVE
russian-jiu-jitsu.ru # NO_RESOLVE
russian-rugby.ru # NO_RESOLVE
russian-translation.ru # NO_RESOLVE
russianfed.ru # NO_RESOLVE
russianfieldday.ru # NO_RESOLVE
russianjurist.ru # NO_RESOLVE
russkiiballetspb.ru # NO_RESOLVE
russkoeporevo.org # NO_RESOLVE
russkoeporevo112.com # NO_RESOLVE
russkoeporno112.com # NO_RESOLVE
russkoeporno112.net # NO_RESOLVE
russkoeporno365.click # NO_RESOLVE
russkoeporno365.club # NO_RESOLVE
russkoeporno365.fans # NO_RESOLVE
russkoeporno365.me # NO_RESOLVE
russkoeporno369.fans # NO_RESOLVE
russkoeporno369.net # NO_RESOLVE
russkoeporno369.vip # NO_RESOLVE
russkoepornovideos.fans # NO_RESOLVE
russkoepornovideos.top # NO_RESOLVE
russkohalanskoe.ru # NO_RESOLVE
rust-vzletplatform.com # NO_RESOLVE
rustagram.app # NO_RESOLVE
rustorka.club # NO_RESOLVE
rustv.club # NO_RESOLVE
rusudo-xxjodgg-xxkghnn.top # NO_RESOLVE
rusudo-xxjodgg-xxzdnep.top # NO_RESOLVE
rusudo-xxjodgg.top # NO_RESOLVE
rusudo10.top # NO_RESOLVE
rusudo9.top # NO_RESOLVE
rutlib6.com # NO_RESOLVE
rutor.market # NO_RESOLVE
rutor.re # NO_RESOLVE
rutor.site # NO_RESOLVE
rutor1.top # NO_RESOLVE
rutor2go.com # NO_RESOLVE
rutorforum24to.com # NO_RESOLVE
rutors.icu # NO_RESOLVE
rutors.top # NO_RESOLVE
ruturk.page # NO_RESOLVE
rutv.avastreamhd.online # NO_RESOLVE
rutv.gutkinoclub.online # NO_RESOLVE
rutv.hdonlineru.fun # NO_RESOLVE
rutv.hdonlineru.site # NO_RESOLVE
rutv.myvibox.site # NO_RESOLVE
rutv.novibox.fun # NO_RESOLVE
rutv.novibox.site # NO_RESOLVE
rutv.work # NO_RESOLVE
rutv1.novibox.fun # NO_RESOLVE
ruu.zenvideo.me # NO_RESOLVE
ruv.zenvideo.me # NO_RESOLVE
ruvid.nl # NO_RESOLVE
ruxvideos.com # NO_RESOLVE
ruza-gavan.ru # NO_RESOLVE
ruzainfo.online # NO_RESOLVE
ruzapret.com # NO_RESOLVE
rv-196.347w.buzz # TOO_MANY_DIGITS (6)
rv-80.77m.click # TOO_MANY_DIGITS (4)
rv-tur.ru # NO_RESOLVE
rvk.life # NO_RESOLVE
rwabit.org # NO_RESOLVE
rworking.ru # NO_RESOLVE
rxfdo.com # NO_RESOLVE
rxqu8v.online # NO_RESOLVE
ryabina.su # NO_RESOLVE
ryazancvvm.ru # NO_RESOLVE
rybachokmag.ru # NO_RESOLVE
rybalka-na-volge.ru # NO_RESOLVE
ryberiklinkappsolution.com # NO_RESOLVE
rybinsk.komitet-school.ru # NO_RESOLVE
rybinsk.online-p2022.ru # TOO_MANY_DIGITS (4)
rybka-pono-na-utese-2008.nafit.ru # TOO_MANY_DIGITS (4)
rybolov-yuga.com.ua # TLD_UA
rybsoveti.ru # NO_RESOLVE
ryccdrazntfzsbov.7vnllyl7h70g.xyz # TOO_MANY_DIGITS (4)
rylmextron.net # NO_RESOLVE
rylthorbeamai.com # NO_RESOLVE
rymevou4.ru # NO_RESOLVE
rynokshkur.com # NO_RESOLVE
rynokshkur.info # NO_RESOLVE
rynokskur.to # NO_RESOLVE
rynokskurr.to # NO_RESOLVE
rynox-stride-ai-system.com # NO_RESOLVE
ryphorixappreview.com # NO_RESOLVE
ryvartochain.com # NO_RESOLVE
ryvoheo7.ru # NO_RESOLVE
ryvygeo0.ru # NO_RESOLVE
ryzexorsurge-app.org # NO_RESOLVE
ryzexorsurgeapp.net # NO_RESOLVE
ryzhij-alfred.ru # NO_RESOLVE
ryzyloy6.ru # NO_RESOLVE
rzxws0ba.com # NO_RESOLVE
s-and-f.com # NO_RESOLVE
s-and-o.ru # NO_RESOLVE
s-krugozor.online # NO_RESOLVE
s-m.es # NO_RESOLVE
s-pyatigorsk.online # NO_RESOLVE
s-shahter.online # NO_RESOLVE
s-time.org # NO_RESOLVE
s-zpn.ru # NO_RESOLVE
s.eterna.sbs # NO_RESOLVE
s.filmqwq.online # NO_RESOLVE
s.firebro.top # NO_RESOLVE
s.sibatlet.ru # NO_RESOLVE
s.stopfilms.info # NO_RESOLVE
s.stripclub.mom # NO_RESOLVE
s.torrentfilmov.net # NO_RESOLVE
s.vibefilms.top # NO_RESOLVE
s.ysoffosttores.ru # NO_RESOLVE
s0223.a-markets.org # TOO_MANY_DIGITS (4)
s0816.a-markets.org # TOO_MANY_DIGITS (4)
s0818.a-markets.org # TOO_MANY_DIGITS (4)
s0824.a-markets.org # TOO_MANY_DIGITS (4)
s0825.a-markets.org # TOO_MANY_DIGITS (4)
s0915.a-markets.org # TOO_MANY_DIGITS (4)
s0922.a-markets.org # TOO_MANY_DIGITS (4)
s1.anifn.online # NO_RESOLVE
s1.animelost.net # NO_RESOLVE
s1.cosmo-game.biz # NO_RESOLVE
s1.cosmo-star.pro # NO_RESOLVE
s1.doodle-jumps.art # NO_RESOLVE
s1.flirt164.com # TOO_MANY_DIGITS (4)
s1.ogorod-online.store # NO_RESOLVE
s1.paper-islands.store # NO_RESOLVE
s1.sharewood.forum # NO_RESOLVE
s1.sliv-info.site # NO_RESOLVE
s1.slivup.cc # NO_RESOLVE
s1.slivysklad.co # NO_RESOLVE
s1.sosochki2.com # NO_RESOLVE
s1.torrent-games.rip # NO_RESOLVE
s1.usd-gnomes.biz # NO_RESOLVE
s1.viewlost.club # NO_RESOLVE
s1.vine-lab.ru # NO_RESOLVE
s10.sharewood.forum # NO_RESOLVE
s10.skladmk.online # NO_RESOLVE
s10.slivbiz.com # NO_RESOLVE
s10.sosochki2.com # NO_RESOLVE
s1006.a-markets.org # TOO_MANY_DIGITS (4)
s11.sosochki2.com # NO_RESOLVE
s1474690286.game-torrent.co # TOO_MANY_DIGITS (10)
s1474690286.torrent-games.rip # TOO_MANY_DIGITS (10)
s1494302537.game-torrent.co # TOO_MANY_DIGITS (10)
s1494302537.torrent-games.rip # TOO_MANY_DIGITS (10)
s1546032188.torrent-games.rip # TOO_MANY_DIGITS (10)
s1823850240.torrentor.pro # TOO_MANY_DIGITS (10)
s1845231988.game-torrent.co # TOO_MANY_DIGITS (10)
s1845231988.torrent-games.rip # TOO_MANY_DIGITS (10)
s1845232352.game-torrent.co # TOO_MANY_DIGITS (10)
s1845232352.torrent-games.rip # TOO_MANY_DIGITS (10)
s1845232381.game-torrent.co # TOO_MANY_DIGITS (10)
s1845232381.torrent-games.rip # TOO_MANY_DIGITS (10)
s19.slivof.com # NO_RESOLVE
s2.cosmo-star.pro # NO_RESOLVE
s2.infobiza.online # NO_RESOLVE
s2.paper-islands.store # NO_RESOLVE
s2.slivup.cc # NO_RESOLVE
s2.slivysklad.co # NO_RESOLVE
s2.sosochki2.com # NO_RESOLVE
s2.usd-gnomes.biz # NO_RESOLVE
s2.viewlost.club # NO_RESOLVE
s2.vine-lab.ru # NO_RESOLVE
s2012.ru # TOO_MANY_DIGITS (4)
s27.slivof.com # NO_RESOLVE
s28.slivof.com # NO_RESOLVE
s29.slivof.com # NO_RESOLVE
s2956670191.game-torrent.co # TOO_MANY_DIGITS (10)
s2956670583.game-torrent.co # TOO_MANY_DIGITS (10)
s2956670583.torrent-games.rip # TOO_MANY_DIGITS (10)
s2956671480.game-torrent.co # TOO_MANY_DIGITS (10)
s2956671480.torrent-games.rip # TOO_MANY_DIGITS (10)
s3.cosmo-star.pro # NO_RESOLVE
s3.slivup.cc # NO_RESOLVE
s3.usd-gnomes.biz # NO_RESOLVE
s3.vine-lab.ru # NO_RESOLVE
s30.slivof.com # NO_RESOLVE
s31.slivof.com # NO_RESOLVE
s3164767474.game-torrent.co # TOO_MANY_DIGITS (10)
s3164767474.torrent-games.rip # TOO_MANY_DIGITS (10)
s3165278038.torrent-games.rip # TOO_MANY_DIGITS (10)
s32.slivof.com # NO_RESOLVE
s3255792881.game-torrent.co # TOO_MANY_DIGITS (10)
s3255792881.torrent-games.rip # TOO_MANY_DIGITS (10)
s33.slivof.com # NO_RESOLVE
s34.slivof.com # NO_RESOLVE
s35.slivof.com # NO_RESOLVE
s3bvaq4k.top # NO_RESOLVE
s4.cosmo-star.pro # NO_RESOLVE
s4.slivup.cc # NO_RESOLVE
s4.usd-gnomes.biz # NO_RESOLVE
s4.viewlost.club # NO_RESOLVE
s4.vine-lab.ru # NO_RESOLVE
s5.cosmo-star.pro # NO_RESOLVE
s5.viewlost.club # NO_RESOLVE
s52.prosliv.com # NO_RESOLVE
s53.prosliv.com # NO_RESOLVE
s6.cosmo-star.pro # NO_RESOLVE
s6.sosochki2.com # NO_RESOLVE
s625831642.game-torrent.co # TOO_MANY_DIGITS (9)
s625831642.torrent-games.rip # TOO_MANY_DIGITS (9)
s7.sharewood.forum # NO_RESOLVE
s7.sosochki2.com # NO_RESOLVE
s8.sharewood.forum # NO_RESOLVE
s8.sosochki2.com # NO_RESOLVE
s9.sharewood.forum # NO_RESOLVE
sa.sahafahn.net # NO_RESOLVE
sa6ok.bazon.site # NO_RESOLVE
sabamarkets.com # NO_RESOLVE
sabril.space # NO_RESOLVE
sacividv.ru # NO_RESOLVE
sacruna.com # NO_RESOLVE
sad1221.online # TOO_MANY_DIGITS (4)
sad1221.ru # TOO_MANY_DIGITS (4)
sad14.ru # NO_RESOLVE
sad17.ru # NO_RESOLVE
sad51.ru # NO_RESOLVE
sadfreji.ru # NO_RESOLVE
sadik123.ru # NO_RESOLVE
sadorb.ru # NO_RESOLVE
sadovnik.co # NO_RESOLVE
sadovnik78.ru # NO_RESOLVE
sadulibka.ru # NO_RESOLVE
safari-park.su # NO_RESOLVE
safari-tent-uta.ru # NO_RESOLVE
safeshellvpn.info # NO_RESOLVE
safestaker.com # NO_RESOLVE
safetyalpha.com # NO_RESOLVE
safinadesign.ru # NO_RESOLVE
safir.com # NO_RESOLVE
safronov-actor.ru # NO_RESOLVE
sagewisdom.online # NO_RESOLVE
saikaaa.com # NO_RESOLVE
saintrandom.rolehub.ru # NO_RESOLVE
saitkino.online # NO_RESOLVE
sajadalicryptotrading.com # NO_RESOLVE
sakh.com # NO_RESOLVE
sakhalinmechta.ru # NO_RESOLVE
sakhalinorient.ru # NO_RESOLVE
saks.su # NO_RESOLVE
sakuralive.cam # NO_RESOLVE
salam361.com # NO_RESOLVE
salarevopark.ru # NO_RESOLVE
salatikdoma.ru # NO_RESOLVE
sale.gepatit-c-stop3.ru # NO_RESOLVE
sale.shopp-tut.ru # NO_RESOLVE
sale.sigioptom.shop # NO_RESOLVE
sale23.ru # NO_RESOLVE
sales-dlplom.ru # NO_RESOLVE
sales-dlplomg2.ru # NO_RESOLVE
sales-dlploms.ru # NO_RESOLVE
sales-g12.online # NO_RESOLVE
salesdrive.icu # NO_RESOLVE
salesvidetelstvo.ru # NO_RESOLVE
salmon.com.ua # TLD_UA
saloshpik.ru # NO_RESOLVE
saltwaves.ru # NO_RESOLVE
samapress.net # NO_RESOLVE
sambo39.ru # NO_RESOLVE
samesexmarriage.ca # NO_RESOLVE
samira-dance.ru # NO_RESOLVE
samisusami.su # NO_RESOLVE
samodelkinvn.ru # NO_RESOLVE
samodelkiny-ruki.ru # NO_RESOLVE
samokrutka.com.ua # TLD_UA
samp-info.com # NO_RESOLVE
samsebehozain.ru # NO_RESOLVE
samsungu.ru # NO_RESOLVE
samudranesia.id # NO_RESOLVE
samura-yeisk.ru # NO_RESOLVE
samvis.ru # NO_RESOLVE
san-perevozka.ru # NO_RESOLVE
san-shahtar.online # NO_RESOLVE
san-shahtar.ru # NO_RESOLVE
san-ug.online # NO_RESOLVE
san-ug.ru # NO_RESOLVE
sanatorii-kislovodska.ru # NO_RESOLVE
sanatorium-dubrava.online # NO_RESOLVE
sanatoriy-gornyy-vozduh-zheleznovodsk.ru # NO_RESOLVE
sanatoriy-otradnoye.online # NO_RESOLVE
sanatoriy-otradnoye.ru # NO_RESOLVE
sanatoriy-viktoriya.online # NO_RESOLVE
sanatoriy-viktoriya.ru # NO_RESOLVE
sanatoriy-zarya-kislovodsk.ru # NO_RESOLVE
sanatoriy-zdorove-zheleznovodsk.ru # NO_RESOLVE
sanatory-uzbekistan-kislovodsk.ru # NO_RESOLVE
sandvpn.info # NO_RESOLVE
sani-clean.ru # NO_RESOLVE
sanitum.online # NO_RESOLVE
sanitum.ru # NO_RESOLVE
sankt-peterburg.checki3-911.info # TOO_MANY_DIGITS (4)
sankt-peterburg.vipster.net # NO_RESOLVE
sankt-peterburgf.vipster.net # NO_RESOLVE
sansei-alex.ru # NO_RESOLVE
sansursuzinternet.org.tr # NO_RESOLVE
santa-kazan.online # NO_RESOLVE
santabean.ru # NO_RESOLVE
santehnika-magazin-spb.ru # NO_RESOLVE
santehpro63.ru # NO_RESOLVE
santehstroimontaj.ru # NO_RESOLVE
santekh24.ru # NO_RESOLVE
santex-tomsk.ru # NO_RESOLVE
santexnikkrasnoyrs.ru # NO_RESOLVE
santimetrid.com # NO_RESOLVE
santimetrk.com # NO_RESOLVE
santoria.cc # NO_RESOLVE
sapsan-sb.ru # NO_RESOLVE
saransk.vipster.net # NO_RESOLVE
saranskmotors-kia.ru # NO_RESOLVE
sarapulfinans.ru # NO_RESOLVE
saratov.vipster.net # NO_RESOLVE
saratovf.vipster.net # NO_RESOLVE
sarkatok.ru # NO_RESOLVE
sarmanow.ru # NO_RESOLVE
sartradingmarket.com # NO_RESOLVE
sasaki-i-miyano-2022.baka-animego.store # TOO_MANY_DIGITS (4)
sasaki-i-miyano-2022.nani-animego.ru # TOO_MANY_DIGITS (4)
sasapost.com # NO_RESOLVE
sasha-tanya.online # NO_RESOLVE
sashagapanovich.ru # NO_RESOLVE
sat-kaluga.ru # NO_RESOLVE
satbitinterests.com # NO_RESOLVE
satisfactory-compensation.ru # NO_RESOLVE
satka5.online # NO_RESOLVE
satka5.ru # NO_RESOLVE
satodom.ru # NO_RESOLVE
saturn-2001.ru # TOO_MANY_DIGITS (4)
saudiahosting.com # NO_RESOLVE
saudih.net # NO_RESOLVE
saufaus.ru # NO_RESOLVE
sauna-holidaypark.ru # NO_RESOLVE
saurex.icu # NO_RESOLVE
saurex.top # NO_RESOLVE
savarae0.ru # NO_RESOLVE
save4k.top # NO_RESOLVE
savedarfur.org # NO_RESOLVE
savelife.in.ua # TLD_UA
saverudata.net # NO_RESOLVE
savvyai.ru # NO_RESOLVE
sawtelghad.fm # NO_RESOLVE
saxenda-msk.com # NO_RESOLVE
saxenda.su # NO_RESOLVE
say36.cc # NO_RESOLVE
sayans23.ru # NO_RESOLVE
sayantuj.ru # NO_RESOLVE
sayt-s-nulya.ru # NO_RESOLVE
sb.biz.ua # TLD_UA
sbo.ua # TLD_UA
sborvtor.ru # NO_RESOLVE
sbou.com.ua # TLD_UA
sbri-fe12.com # NO_RESOLVE
sbrinvru.com # NO_RESOLVE
sbx.top-sofosbuvir1.ru # NO_RESOLVE
sc-olshanets.ru # NO_RESOLVE
sc2000345.ru # TOO_MANY_DIGITS (7)
scam13.online # NO_RESOLVE
scam2.ru # NO_RESOLVE
scam22.ru # NO_RESOLVE
scam38.ru # NO_RESOLVE
scam4.ru # NO_RESOLVE
scam42.ru # NO_RESOLVE
scanstyle.ru # NO_RESOLVE
scarry-world.ru # NO_RESOLVE
scentree.click # NO_RESOLVE
scfight.live # NO_RESOLVE
sch-6.ru # NO_RESOLVE
sch-int2.ru # NO_RESOLVE
sch1247.ru # TOO_MANY_DIGITS (4)
sch22.ru # NO_RESOLVE
sch225.org.ru # NO_RESOLVE
sch45.ru # NO_RESOLVE
sch84.ru # NO_RESOLVE
sch997.ru # NO_RESOLVE
schch.ru # NO_RESOLVE
schegol.coffee # NO_RESOLVE
schiff-vaults.pro # NO_RESOLVE
schnellstrend.com # NO_RESOLVE
school06klgd.ru # NO_RESOLVE
school10-apatity.ru # NO_RESOLVE
school100.org.ru # NO_RESOLVE
school114perm.ru # NO_RESOLVE
school11shil.ru # NO_RESOLVE
school12-viselki.ru # NO_RESOLVE
school1264.online # TOO_MANY_DIGITS (4)
school1264.ru # TOO_MANY_DIGITS (4)
school1327.ru # TOO_MANY_DIGITS (4)
school14-len.ru # NO_RESOLVE
school14angarsk.ru # NO_RESOLVE
school157ekb.ru # NO_RESOLVE
school16-sp.ru # NO_RESOLVE
school165.ru # NO_RESOLVE
school1925-rzn.ru # TOO_MANY_DIGITS (4)
school233.online # NO_RESOLVE
school233.ru # NO_RESOLVE
school26-tmn.ru # NO_RESOLVE
school31-bratsk.ru # NO_RESOLVE
school33bel.ru # NO_RESOLVE
school3vrn.ru # NO_RESOLVE
school46kld.online # NO_RESOLVE
school46kld.ru # NO_RESOLVE
school48-tver.online # NO_RESOLVE
school5-bratsk.ru # NO_RESOLVE
school5-penza.online # NO_RESOLVE
school50-prk.ru # NO_RESOLVE
school6novoch.online # NO_RESOLVE
school8-5gor.ru # NO_RESOLVE
school8-kalin.ru # NO_RESOLVE
school94tmn.ru # NO_RESOLVE
school9kholmsk.ru # NO_RESOLVE
schooldesignufa.ru # NO_RESOLVE
schoolexodus.ru # NO_RESOLVE
schoolhollywool.ru # NO_RESOLVE
schooln58.online # NO_RESOLVE
schoolpedia.ru # NO_RESOLVE
schoolpilots.ru # NO_RESOLVE
schoolramp.com # NO_RESOLVE
schule1212.online # TOO_MANY_DIGITS (4)
schule1212.ru # TOO_MANY_DIGITS (4)
schule1277.ru # TOO_MANY_DIGITS (4)
schutzartikel.com # NO_RESOLVE
sciettoolsx.digital # NO_RESOLVE
scifi100.com.supertop-100.com # TOO_MANY_DIGITS (6)
sciguidex.xyz # NO_RESOLVE
scitechinsight.com # NO_RESOLVE
scitutorials.com # NO_RESOLVE
scl6-lipetsk.ru # NO_RESOLVE
scmoscow.ru # NO_RESOLVE
scraphobbyperm.ru # NO_RESOLVE
sculpting.digital # NO_RESOLVE
sd-tkani.ru # NO_RESOLVE
sd.gov.hk # NO_RESOLVE
sd.ua # TLD_UA
sd247.biz # NO_RESOLVE
sdalpomog.ru # NO_RESOLVE
sdc-studio.ru # NO_RESOLVE
sdd.opmfilm.buzz # NO_RESOLVE
sddgroup.ru # NO_RESOLVE
sdelano-dlya-detstva.ru # NO_RESOLVE
sdelaysebiasam.online # NO_RESOLVE
sdep-dpr.ru # NO_RESOLVE
sdirekt.ru # NO_RESOLVE
sdmo-info.ru # NO_RESOLVE
sdnemvarenya.ru # NO_RESOLVE
sdushor2-kamensk.ru # NO_RESOLVE
sdzoncom.com # NO_RESOLVE
sdzonshop.com # NO_RESOLVE
sea-story.top # NO_RESOLVE
seafitzy.com # NO_RESOLVE
seamos.co # NO_RESOLVE
seanse.tv # NO_RESOLVE
seapa.org # NO_RESOLVE
searuff.ru # NO_RESOLVE
seasontop.online # NO_RESOLVE
seasonvar.at.ua # TLD_UA
seasonvar.avatarmovies.net # NO_RESOLVE
seasonvar.freecinema.info # NO_RESOLVE
seasonvar.gospelfilms.net # NO_RESOLVE
seasonvar.kz # NO_RESOLVE
seasonvar.live # NO_RESOLVE
seasonvar.luciferfilms.net # NO_RESOLVE
seasonvar.moviesrussian.net # NO_RESOLVE
seasonvar.rumovies.net # NO_RESOLVE
seasonvar.tennislive.biz # NO_RESOLVE
seasonvar.tvonline2.info # NO_RESOLVE
seasonwatch.online # NO_RESOLVE
seasurf.ru # NO_RESOLVE
sec-insturifysoftware.com # NO_RESOLVE
secret-r.net # NO_RESOLVE
secret-vape.shop # NO_RESOLVE
sector.biz.ua # TLD_UA
security-dex.ru # NO_RESOLVE
sefon.top # NO_RESOLVE
segmdou10.ru # NO_RESOLVE
segmdou17.ru # NO_RESOLVE
segmenthub.digital # NO_RESOLVE
segmentplan.digital # NO_RESOLVE
sehndvichpanelicena.ru # NO_RESOLVE
seine.pro # NO_RESOLVE
seks-do-i-posle-2023.yarcurling.ru # TOO_MANY_DIGITS (4)
selektrgg.site # NO_RESOLVE
self-kupalnik.ru # NO_RESOLVE
selgo1.fun # NO_RESOLVE
sellary.ru # NO_RESOLVE
sellector.su # NO_RESOLVE
selpisa.com.mx # NO_RESOLVE
selsovetikrinskiy.ru # NO_RESOLVE
selvacorebitplatform.com # NO_RESOLVE
selvionaxelis.com # NO_RESOLVE
semanariolaverdad.com # NO_RESOLVE
semejnyj-brak.swezhak-2025.art # TOO_MANY_DIGITS (4)
semyanych-forum.website # NO_RESOLVE
semyanych-forum.xyz # NO_RESOLVE
sendpulse.ua # TLD_UA
senegal-news.net # NO_RESOLVE
senegalpolitique.org # NO_RESOLVE
senintimo.com.ec # NO_RESOLVE
sensei.org.ua # TLD_UA
sensormedia.com.ua # TLD_UA
sensware.click # NO_RESOLVE
senyafedya.net # NO_RESOLVE
seo-buks.ru # NO_RESOLVE
seo-site39.ru # NO_RESOLVE
seo-strayk.online # NO_RESOLVE
seobuxpro.ru # NO_RESOLVE
seoinar.com.ua # TLD_UA
sepoleu4.ru # NO_RESOLVE
septic365.ru # NO_RESOLVE
seqinua0.ru # NO_RESOLVE
serbiaotdragana.ru # NO_RESOLVE
serdce-mira.ru # NO_RESOLVE
serenaesse.com # NO_RESOLVE
serendipityconclave-engine.com # NO_RESOLVE
serenityguild.ru # NO_RESOLVE
seres-icar.ru # NO_RESOLVE
serfilm.name # NO_RESOLVE
serfilm.net # NO_RESOLVE
sergeydovlatov.art # NO_RESOLVE
sergeygovorov.ru # NO_RESOLVE
sergtovar.ru # NO_RESOLVE
seria.one # NO_RESOLVE
series4watch.online # NO_RESOLVE
seriyahd.xyz # NO_RESOLVE
serkino.org # NO_RESOLVE
serkino.top # NO_RESOLVE
serkinos.org # NO_RESOLVE
serlogsa.net # NO_RESOLVE
serp-go.ru # NO_RESOLVE
serpaj.org # NO_RESOLVE
serpuhov-city.online # NO_RESOLVE
serpukvov-dolgoletie.ru # NO_RESOLVE
service-kdm.ru # NO_RESOLVE
servicecentermsi.ru # NO_RESOLVE
servicefa.ru # NO_RESOLVE
services.gearboxsoftware.com # NO_RESOLVE
servicesevenkredirect.com # NO_RESOLVE
servis-centr-samsung.ru # NO_RESOLVE
servis-rbt.ru # NO_RESOLVE
servis-siti.ru # NO_RESOLVE
serviscomfort.ru # NO_RESOLVE
servismedi.org # NO_RESOLVE
serviszamkow.ru # NO_RESOLVE
seryals.space # NO_RESOLVE
set.rostabs.org # NO_RESOLVE
setesnasti.com.ua # TLD_UA
setka-2023.ru # TOO_MANY_DIGITS (4)
setupvpn.biz # NO_RESOLVE
setwalls2.club # NO_RESOLVE
sevbyttehnika.ru # NO_RESOLVE
seven-kadr.ru # NO_RESOLVE
seven-key.buzz # NO_RESOLVE
sevenk-redirectexperience.com # NO_RESOLVE
sever-126.55e.click # TOO_MANY_DIGITS (5)
sever-127.30e.click # TOO_MANY_DIGITS (5)
sever-131.00m.click # TOO_MANY_DIGITS (5)
sever-139.21t.click # TOO_MANY_DIGITS (5)
sever-141.25t.click # TOO_MANY_DIGITS (5)
sever-142.31t.click # TOO_MANY_DIGITS (5)
sever-149.25f.click # TOO_MANY_DIGITS (5)
sever-15.l1ve.online # NO_RESOLVE
sever-16.boom-free21.ru # TOO_MANY_DIGITS (4)
sever-16.ww13.top # TOO_MANY_DIGITS (4)
sever-192.t61.online # TOO_MANY_DIGITS (5)
sever-201.t21.buzz # TOO_MANY_DIGITS (5)
sever-203.53t.click # TOO_MANY_DIGITS (5)
sever-207.59x.buzz # TOO_MANY_DIGITS (5)
sever-231.49i.online # TOO_MANY_DIGITS (5)
sever-234.31i.online # TOO_MANY_DIGITS (5)
sever-243.54m.click # TOO_MANY_DIGITS (5)
sever-244.12m.buzz # TOO_MANY_DIGITS (5)
sever-246.20m.buzz # TOO_MANY_DIGITS (5)
sever-250.335w.online # TOO_MANY_DIGITS (6)
sever-251.369w.buzz # TOO_MANY_DIGITS (6)
sever-259.369b.top # TOO_MANY_DIGITS (6)
sever-260.58v.click # TOO_MANY_DIGITS (5)
sever.0601.one # TOO_MANY_DIGITS (4)
sevkavklad-klazdae.biz99.xyz # NO_RESOLVE
sevlife.ru # NO_RESOLVE
sevsu-fizika.ru # NO_RESOLVE
sewel.ua # TLD_UA
seword.com # NO_RESOLVE
sex-100pezd.net # NO_RESOLVE
sex-cds.com # NO_RESOLVE
sex-chaturbat.su # NO_RESOLVE
sex-doma.net # NO_RESOLVE
sex-doma.zip # NO_RESOLVE
sex-foto.click # NO_RESOLVE
sex-foto.fans # NO_RESOLVE
sex-foto.me # NO_RESOLVE
sex-foto.one # NO_RESOLVE
sex-kartinki.ru # NO_RESOLVE
sex-porno-videos.click # NO_RESOLVE
sex-porno-videos.link # NO_RESOLVE
sex-porno-videos.org # NO_RESOLVE
sex-porno-videos.zip # NO_RESOLVE
sex-videochats.net # NO_RESOLVE
sex.24videos.space # NO_RESOLVE
sex.clinic.co.kr # NO_RESOLVE
sex.porno51.lol # NO_RESOLVE
sexcom.link # NO_RESOLVE
sexcomics.xxx # NO_RESOLVE
sexdom.club # NO_RESOLVE
sexdom.net # NO_RESOLVE
sexdom.one # NO_RESOLVE
sexfoto.one # NO_RESOLVE
sexgorod.fans # NO_RESOLVE
sexivi.com # NO_RESOLVE
sexkompass.com # NO_RESOLVE
sexkrd.net # NO_RESOLVE
sexlab2.me # NO_RESOLVE
sexlive.one # NO_RESOLVE
sexmom.xyz # NO_RESOLVE
sexnew.net # NO_RESOLVE
sexnov.net # NO_RESOLVE
sexnovoros.net # NO_RESOLVE
sexology.org.ua # TLD_UA
sexorenburg.ru # NO_RESOLVE
sexoufa.center # NO_RESOLVE
sexoufa.red # NO_RESOLVE
sexpics.plus # NO_RESOLVE
sexporno365.com # NO_RESOLVE
sexrasskaz.top # NO_RESOLVE
sexru.top # NO_RESOLVE
sexs-foto.vip # NO_RESOLVE
sextext.help # NO_RESOLVE
sextext.icu # NO_RESOLVE
sextext.lol # NO_RESOLVE
sextext.sbs # NO_RESOLVE
sextext.top # NO_RESOLVE
sextext.vip # NO_RESOLVE
sextext.work # NO_RESOLVE
sextop123.cam # NO_RESOLVE
sextop123.life # NO_RESOLVE
sextube.ninja # NO_RESOLVE
sexvip.pro # NO_RESOLVE
sexy-models.net # NO_RESOLVE
sexy-nvsk.top # NO_RESOLVE
sexy-tojiki.top # NO_RESOLVE
sexy-torrent.com # NO_RESOLVE
sexyadler.top # NO_RESOLVE
sexyanapa.top # NO_RESOLVE
sexybra.com.ua # TLD_UA
sexygelendzhik.top # NO_RESOLVE
sexykirov.top # NO_RESOLVE
sexykras.top # NO_RESOLVE
sexykursk.top # NO_RESOLVE
sexykzn.top # NO_RESOLVE
sexyrostov.top # NO_RESOLVE
sexysets.net # NO_RESOLVE
sexysevastopol.top # NO_RESOLVE
sexysimferopol.top # NO_RESOLVE
sexyufa.top # NO_RESOLVE
sexyvoroneg.top # NO_RESOLVE
sexyxplosion.com # NO_RESOLVE
sexyyalta.top # NO_RESOLVE
sfchronicle.com # NO_RESOLVE
sfera-motors.ru # NO_RESOLVE
sfomgtu.online # NO_RESOLVE
sfomgtu.ru # NO_RESOLVE
sfqjmonlggognyvf.zx7zijikxvj8.xyz # NO_RESOLVE
sfy.com.ua # TLD_UA
sg-charity.com # NO_RESOLVE
sg.mai.gov.pt # NO_RESOLVE
sgatlantis.rolehub.ru # NO_RESOLVE
sgkovka.ru # NO_RESOLVE
sgm-kayak.ru # NO_RESOLVE
sgrjes04.com # NO_RESOLVE
sgs-forge.ru # NO_RESOLVE
sgvape9.com # NO_RESOLVE
sh11androp.ru # NO_RESOLVE
sh3novosel.ru # NO_RESOLVE
shabashka.fun # NO_RESOLVE
shad-tchup-ling.ru # NO_RESOLVE
shaddersagent-system.com # NO_RESOLVE
shadeit.icu # NO_RESOLVE
shafa.ua # TLD_UA
shafaaq.com # NO_RESOLVE
shahvani.site # NO_RESOLVE
shakti-shop.ru # NO_RESOLVE
shale39.ru # NO_RESOLVE
shalovo-park.ru # NO_RESOLVE
shaman70.biz # NO_RESOLVE
shameles.online # NO_RESOLVE
shamlcoalition.org # NO_RESOLVE
shampanskogo-2022.maxim-levin.ru # TOO_MANY_DIGITS (4)
shampanskogo-2022.mygyrosclub.ru # TOO_MANY_DIGITS (4)
shapeart.icu # NO_RESOLVE
shapesound.click # NO_RESOLVE
shapeverse.icu # NO_RESOLVE
sharatoys.com.ua # TLD_UA
sharavoz.xyz # NO_RESOLVE
sharavozclub.online # NO_RESOLVE
shareman-tv.ru # NO_RESOLVE
sharewood.band # NO_RESOLVE
sharij.net # NO_RESOLVE
sharikiekb.ru # NO_RESOLVE
sharmclub.ru # NO_RESOLVE
sharpvine.com # NO_RESOLVE
shashki95.ru # NO_RESOLVE
shato-shale.ru # NO_RESOLVE
shatoy-mb.ru # NO_RESOLVE
shatun24.ru # NO_RESOLVE
shaurma-gril.ru # NO_RESOLVE
shaved.pics # NO_RESOLVE
shbabmisr.com # NO_RESOLVE
shcaf-kupe.ru # NO_RESOLVE
shcool67don.ru # NO_RESOLVE
shd3school.ru # NO_RESOLVE
sheben-msk.ru # NO_RESOLVE
sheerlynx.click # NO_RESOLVE
shef.pizza # NO_RESOLVE
shekanet.site # NO_RESOLVE
shelpact.com # NO_RESOLVE
shemale-xvideos.com # NO_RESOLVE
shemale.run # NO_RESOLVE
shemaleidol.net # NO_RESOLVE
shemaleist.com # NO_RESOLVE
shemales.me # NO_RESOLVE
shemaletv.net # NO_RESOLVE
shemsfm.net # NO_RESOLVE
shepelevagroup.ru # NO_RESOLVE
shepetivka.com.ua # TLD_UA
sheratonufa.ru # NO_RESOLVE
shereilam.persianblog.ir # NO_RESOLVE
sheremetev-center.com # NO_RESOLVE
sherlock-research.com # NO_RESOLVE
sherlock.tg # NO_RESOLVE
sherlockbot.help # NO_RESOLVE
shevafest.com # NO_RESOLVE
shevrons.ru # NO_RESOLVE
shevs.ru # NO_RESOLVE
shi-kovalevsk.ru # NO_RESOLVE
shiaonlinelibrary.com # NO_RESOLVE
shift-70hiprex-app.com # NO_RESOLVE
shift.services.gearbox.com # NO_RESOLVE
shift70hiprex-app.com # NO_RESOLVE
shift8xhiprexapp.com # NO_RESOLVE
shik-o-tan.ru # NO_RESOLVE
shilka.sex-pulse.top # NO_RESOLVE
shina-veresaeva.ru # NO_RESOLVE
shinavpenze.ru # NO_RESOLVE
shipovnik.ua # TLD_UA
shkaff.od.ua # TLD_UA
shkafodel.ru # NO_RESOLVE
shkafy-vavilon.ru # NO_RESOLVE
shkola2006.online # TOO_MANY_DIGITS (4)
shkola2006.ru # TOO_MANY_DIGITS (4)
shkola4-z.ru # NO_RESOLVE
shkura.com.ua # TLD_UA
shkurnik.com # NO_RESOLVE
shmotto.com.ua # TLD_UA
shock-model.com # NO_RESOLVE
shock-world.com # NO_RESOLVE
shock-world.net # NO_RESOLVE
shokunin.su # NO_RESOLVE
shoofenews.com # NO_RESOLVE
shoomiko.com # NO_RESOLVE
shoowbiz.ru # NO_RESOLVE
shop-opt.com.ua # TLD_UA
shop-paradise.com.ua # TLD_UA
shop-prav.com # NO_RESOLVE
shop-smile.ru # NO_RESOLVE
shop-szsm.ru # NO_RESOLVE
shop.glavalko.bar # NO_RESOLVE
shop.mibe-suxilep.ru # NO_RESOLVE
shop.rosal-24.shop # NO_RESOLVE
shop.vipgeneric.ru # NO_RESOLVE
shop1.biz # NO_RESOLVE
shop161-biz2.esti.city # TOO_MANY_DIGITS (4)
shopciss.ru # NO_RESOLVE
shopcongress.ru # NO_RESOLVE
shopdeplom.com # NO_RESOLVE
shopgunxr.com # NO_RESOLVE
shopkits.ru # NO_RESOLVE
shopnail.ru # NO_RESOLVE
shopogolic-outlet.com.ua # TLD_UA
shopp-tut.ru # NO_RESOLVE
shops2.ru # NO_RESOLVE
shopsprawka.info # NO_RESOLVE
shopstartup.ru # NO_RESOLVE
shopstol.ru # NO_RESOLVE
shopventa.ru # NO_RESOLVE
shot3366.buzz # TOO_MANY_DIGITS (4)
showbiz.dialog.ua # TLD_UA
showbiz.today.ua # TLD_UA
showhome-property.com # NO_RESOLVE
shpion.com.ua # TLD_UA
shram.kiev.ua # TLD_UA
shrewdvent.com # NO_RESOLVE
shristmas.store # NO_RESOLVE
shron1.chtyvo.org.ua # TLD_UA
shrot-rf.ru # NO_RESOLVE
shtolnya.com.ua # TLD_UA
shtoru-ot-loru.ru # NO_RESOLVE
shubhbella.com # NO_RESOLVE
shuffle-1000.top # TOO_MANY_DIGITS (4)
shuffle1200.top # TOO_MANY_DIGITS (4)
shulhan.tripod.com # NO_RESOLVE
shumpitera.ru # NO_RESOLVE
shushkovo.online # NO_RESOLVE
shushkovo.ru # NO_RESOLVE
shymkentbike.kz # NO_RESOLVE
si-center.ru # NO_RESOLVE
si.poroshenko.org # NO_RESOLVE
sialis-shop.in.ua # TLD_UA
sib-nasledie.ru # NO_RESOLVE
sibir-opt.ru # NO_RESOLVE
sibirki.club # NO_RESOLVE
sibirki.org # NO_RESOLVE
sibrtk55.ru # NO_RESOLVE
sibsk24.ru # NO_RESOLVE
sibstech.ru # NO_RESOLVE
sibtruba.ru # NO_RESOLVE
sibvaleogroup.ru # NO_RESOLVE
sich.zp.ua # TLD_UA
sieg-krefex-solution.com # NO_RESOLVE
sigarcartel.ru # NO_RESOLVE
sigarety-mira.shop # NO_RESOLVE
sigarety-optom.com # NO_RESOLVE
sigarofopt.com # NO_RESOLVE
sight.veselyaschiy-gaz-mck.com # NO_RESOLVE
sigioptom.com # NO_RESOLVE
sigmatv.net.ua # TLD_UA
sign-ore.online # NO_RESOLVE
signalusers.org # NO_RESOLVE
signon.goliath.prod.deadorbit.net # NO_RESOLVE
signon.goliath.prod.gravityshavings.net # NO_RESOLVE
signon2.deadorbit.net # NO_RESOLVE
signon2.gravityshavings.net # NO_RESOLVE
sigoptom.info # NO_RESOLVE
sigorig.ru # NO_RESOLVE
sigroup.top # NO_RESOLVE
sikiree9.ru # NO_RESOLVE
sileck.ru # NO_RESOLVE
silo-bevco.world # NO_RESOLVE
siluet-foto.ru # NO_RESOLVE
silver-super13.online # NO_RESOLVE
silver-water.ru # NO_RESOLVE
silvertradingfirms.com # NO_RESOLVE
sim-bez-bezlimit.ru # NO_RESOLVE
sim-kart.ru # NO_RESOLVE
simbapt.ru # NO_RESOLVE
simbez-kupit.ru # NO_RESOLVE
simbirsk-service.ru # NO_RESOLVE
simcard-bez.ru # NO_RESOLVE
simf-chess-school.ru # NO_RESOLVE
simka-bez-optovik2.ru # NO_RESOLVE
simka-bez-pas77.ru # NO_RESOLVE
simka-bez1.ru # NO_RESOLVE
simki-bezmnogo.site # NO_RESOLVE
simki-sale-bez.site # NO_RESOLVE
simkino.online # NO_RESOLVE
simkioptom-mnogo.site # NO_RESOLVE
simnomer-bez1.ru # NO_RESOLVE
simonaland.ru # NO_RESOLVE
simonline.su # NO_RESOLVE
simopt-bez123.online # NO_RESOLVE
simopt-mnogo7.online # NO_RESOLVE
simoptomtut.online # NO_RESOLVE
simron.pro # NO_RESOLVE
simya.com.ua # TLD_UA
sin5.org # NO_RESOLVE
sinai6000.net # TOO_MANY_DIGITS (4)
sindicateone.biz # NO_RESOLVE
sindor.ru # NO_RESOLVE
sinegery-kd.ru # NO_RESOLVE
sinergia.org.ve # NO_RESOLVE
sinergia70.ru # NO_RESOLVE
sinfulsirens.in # NO_RESOLVE
singart.digital # NO_RESOLVE
singersusa.com # NO_RESOLVE
singit.icu # NO_RESOLVE
singmore.icu # NO_RESOLVE
singvision.click # NO_RESOLVE
sinopechedge.com # NO_RESOLVE
sinoth.net # NO_RESOLVE
sinzukars.online # NO_RESOLVE
sirensong.ru # NO_RESOLVE
sirius-vpn.info # NO_RESOLVE
siriusvexbit.net # NO_RESOLVE
sirylnik.ru # NO_RESOLVE
sisauri.tripod.com # NO_RESOLVE
siski-porno.ru # NO_RESOLVE
sissyschool.me # NO_RESOLVE
sistemy-ventilyacii.ru # NO_RESOLVE
sisterstolmachevy.ru # NO_RESOLVE
sisyastye.top # NO_RESOLVE
site-gratuit-6350.webself.net # TOO_MANY_DIGITS (4)
site-kent.icu # NO_RESOLVE
site.d-t.club # NO_RESOLVE
site.rocketon.pw # NO_RESOLVE
site.ua # TLD_UA
site23.su # NO_RESOLVE
sitedaddy.icu # NO_RESOLVE
sitekent.icu # NO_RESOLVE
sitekent.shop # NO_RESOLVE
sitekent.xyz # NO_RESOLVE
sitemaps.xn----7sbbas7adbh1ak4hek1gg.xn--p1ai # TOO_MANY_DIGITS (6)
siteone.site # NO_RESOLVE
sitereferatov.ru # NO_RESOLVE
sitexmailer.ru # NO_RESOLVE
siver.com.ua # TLD_UA
siza.ru # NO_RESOLVE
sizzg.site # NO_RESOLVE
sizzgo2.site # NO_RESOLVE
sizzling-hot.ru # NO_RESOLVE
sizzlinghotgame.com # NO_RESOLVE
sizzya.site # NO_RESOLVE
sizzya2.site # NO_RESOLVE
sizzya3.site # NO_RESOLVE
sizzya4.site # NO_RESOLVE
sizzya5.site # NO_RESOLVE
sizzya6.site # NO_RESOLVE
sizzya7.site # NO_RESOLVE
sk-karkasstroy.ru # NO_RESOLVE
sk-renaissance.ru # NO_RESOLVE
ska4atfilmi.lafa-tor.ru # NO_RESOLVE
skachat-na-telefon.top # NO_RESOLVE
skachat.torrentino.website # NO_RESOLVE
skalacity.ru # NO_RESOLVE
skandyclub.ru # NO_RESOLVE
skat.media # NO_RESOLVE
skata.info # NO_RESOLVE
skazaniya-zemnomorya-2006.avtoshkola-ivanteevka.ru # TOO_MANY_DIGITS (4)
skdspb.ru # NO_RESOLVE
skeptik.com.ua # TLD_UA
sketchform.digital # NO_RESOLVE
sketchify.icu # NO_RESOLVE
skifagros.ru # NO_RESOLVE
skill-drive.top # NO_RESOLVE
skillsambo.ru # NO_RESOLVE
skillssystems.ru # NO_RESOLVE
skillup-hack.ru # NO_RESOLVE
skindrop.net # NO_RESOLVE
skinewschool.ru # NO_RESOLVE
skinsdle.ru # NO_RESOLVE
skittlesdv.biz # NO_RESOLVE
sklad-moskwa.ru # NO_RESOLVE
sklassomklassno.ru # NO_RESOLVE
skmig.ru # NO_RESOLVE
sko-vils.online # NO_RESOLVE
skoda-kamiq.ru # NO_RESOLVE
skomnia.ru # NO_RESOLVE
skoraya-pomosch.top # NO_RESOLVE
skra.cc # NO_RESOLVE
skrasa.ru # NO_RESOLVE
skt24.cc # NO_RESOLVE
skviva.ru # NO_RESOLVE
skvst.ru # NO_RESOLVE
sky-cloud.ru # NO_RESOLVE
sky.zp.ua # TLD_UA
skyblenta.com # NO_RESOLVE
skydreams.space # NO_RESOLVE
skyegolf.net # NO_RESOLVE
skyflow.live # NO_RESOLVE
skylab24.biz # NO_RESOLVE
skylab24.cc # NO_RESOLVE
skyladigitaloption.com # NO_RESOLVE
skyragnarok.online # NO_RESOLVE
sla2024.ru # TOO_MANY_DIGITS (4)
slamik.ru # NO_RESOLVE
slastenacoffee.ru # NO_RESOLVE
slastivers.ru # NO_RESOLVE
slavarest.ru # NO_RESOLVE
slavinfo.dn.ua # TLD_UA
slavnoe-rk.ru # NO_RESOLVE
slb.market # NO_RESOLVE
slilp.ru # NO_RESOLVE
slim-peptide.ru # NO_RESOLVE
slimpeptide.online # NO_RESOLVE
slishu-ponimay-govory.ru # NO_RESOLVE
slivhb.com # NO_RESOLVE
slivshkur.club # NO_RESOLVE
slivteam.com # NO_RESOLVE
slivup.cc # NO_RESOLVE
slivysklad.com # NO_RESOLVE
sliw.su # NO_RESOLVE
slk.kh.ua # TLD_UA
slonam.ru # NO_RESOLVE
slotscity.ua # TLD_UA
slovo.te.ua # TLD_UA
slovo.ws # NO_RESOLVE
slovoidilo.ua # TLD_UA
slovonevorobey.art # NO_RESOLVE
slovonevorobey.biz # NO_RESOLVE
slovonevorobey.today # NO_RESOLVE
slovoshop.cc # NO_RESOLVE
slushamkniga.com # NO_RESOLVE
slushkina.ru # NO_RESOLVE
slyber.icu # NO_RESOLVE
sm-club.sk # NO_RESOLVE
sm-ru.to # NO_RESOLVE
sm.luna-raduga.ru # NO_RESOLVE
smacos.click # NO_RESOLVE
smaction.ru # NO_RESOLVE
smads.ru # NO_RESOLVE
smaria.org # NO_RESOLVE
smart-bufet.ru # NO_RESOLVE
smart-proxy.online # NO_RESOLVE
smartarh.ru # NO_RESOLVE
smartbitboost-solution.com # NO_RESOLVE
smartcopypro.com # NO_RESOLVE
smartips.ru # NO_RESOLVE
smartjoinbot.com # NO_RESOLVE
smartmaket24.pro # NO_RESOLVE
smartmarkirovka.ru # NO_RESOLVE
smartmedico.ru # NO_RESOLVE
smartminner.com # NO_RESOLVE
smartpathequity.com # NO_RESOLVE
smarttrendsmarket.org # NO_RESOLVE
smbase.ru # NO_RESOLVE
smbiznes.ru # NO_RESOLVE
smc-almet.ru # NO_RESOLVE
smcavangard.ru # NO_RESOLVE
smclub.biz # NO_RESOLVE
smclub.click # NO_RESOLVE
smclub.guru # NO_RESOLVE
smclub.info # NO_RESOLVE
smclub.pl # NO_RESOLVE
smclub.shop # NO_RESOLVE
smclub.sk # NO_RESOLVE
smclub.tech # NO_RESOLVE
smclub.uk # NO_RESOLVE
smclub.work # NO_RESOLVE
smdopt.ru # NO_RESOLVE
smela-info.biz # NO_RESOLVE
smena-pola-i-gay-sex--eto-kruto.putin-huylo2024.mywire.org # TOO_MANY_DIGITS (4)
smena-pola-i-gay-sex-eto-kruto.putin-huylo2024.mywire.org # TOO_MANY_DIGITS (4)
smert-edinoroga.swezhak-2025.art # TOO_MANY_DIGITS (4)
smforum.to # NO_RESOLVE
smi.pp.ua # TLD_UA
smir-spb.ru # NO_RESOLVE
smirnovva.ru # NO_RESOLVE
smiya.ru # NO_RESOLVE
smk-cinema.ru # NO_RESOLVE
smok-games.pro # NO_RESOLVE
smokingmix.online # NO_RESOLVE
smokingmix.ru # NO_RESOLVE
smokstar.com.ua # TLD_UA
smoky.shop # NO_RESOLVE
smol-ikea.ru # NO_RESOLVE
smol.net.ua # TLD_UA
smolensk.vipster.net # NO_RESOLVE
smolenskymost.ru # NO_RESOLVE
smoot.apple.com # NO_RESOLVE
smorrebrod.com.ua # TLD_UA
smotri-films.at.ua # TLD_UA
smotri1080.online # TOO_MANY_DIGITS (4)
smotrifilmhd.bazon.site # NO_RESOLVE
smotrim1080.biz # TOO_MANY_DIGITS (4)
smotrimkino.online # NO_RESOLVE
smotrivse.online # NO_RESOLVE
smpchallenge.com # NO_RESOLVE
smrservice.ru # NO_RESOLVE
sms.online # NO_RESOLVE
smtcooperations.top # NO_RESOLVE
smtp.tvbox-baraholka.ru # NO_RESOLVE
smtrx.ru # NO_RESOLVE
smu36.ru # NO_RESOLVE
smutboy.com # NO_RESOLVE
smutpunk.com # NO_RESOLVE
snabzhenie-2024.ru # TOO_MANY_DIGITS (4)
snanews.de # NO_RESOLVE
snap-storage-cdn.l.google.com # NO_RESOLVE
snappy.collaction.hk # NO_RESOLVE
snaptube.su # NO_RESOLVE
sngopt.ru # NO_RESOLVE
sngoptom.ru # NO_RESOLVE
snojhrmb.com # NO_RESOLVE
snowflake.fiff.de # NO_RESOLVE
snowvine.com # NO_RESOLVE
snslavka.shop # NO_RESOLVE
snssmartpowder.ru # NO_RESOLVE
snus-go.com.ua # TLD_UA
snusme.com # NO_RESOLVE
snustop.com.ua # TLD_UA
snyatie-lomki-v-stacionare.online # NO_RESOLVE
so-rt.ru # NO_RESOLVE
so.ecoacademiya.ru # NO_RESOLVE
sobakamarket.ru # NO_RESOLVE
sober-way-of-life.org.ua # TLD_UA
sobitie.com.ua # TLD_UA
sobor.com.ua # TLD_UA
sobranie-ys.ru # NO_RESOLVE
soccerhd.online # NO_RESOLVE
soccerstreams2.com # NO_RESOLVE
sochynenie.ru # NO_RESOLVE
socialcamp.od.ua # TLD_UA
socialimpactaward.com.ua # TLD_UA
society.comments.ua # TLD_UA
socinfo.net.ua # TLD_UA
soclift.online # NO_RESOLVE
soclift1.online # NO_RESOLVE
soczashitarf.ru # NO_RESOLVE
sodas.sa # NO_RESOLVE
soelta.com # NO_RESOLVE
sof-dak.com.ua # TLD_UA
sof.india-express.su # NO_RESOLVE
soft-ok.net # NO_RESOLVE
softether-vpn.info # NO_RESOLVE
softglass39.ru # NO_RESOLVE
softglen.digital # NO_RESOLVE
softmicroglobalasset.com # NO_RESOLVE
softportal.com.ua # TLD_UA
softrelli.click # NO_RESOLVE
softzakon.org.ua # TLD_UA
sogayfuck.cc # NO_RESOLVE
sogayporn.cc # NO_RESOLVE
sogixia7.ru # NO_RESOLVE
soh14-pomeshik.ru # NO_RESOLVE
sohds15.ru # NO_RESOLVE
sohovofoto.ru # NO_RESOLVE
sokalov.ru # NO_RESOLVE
sokolcenter.ru # NO_RESOLVE
sokolinoe.crimea.ua # TLD_UA
sokolovainc.com # NO_RESOLVE
sokolovka-adm.ru # NO_RESOLVE
sokrovischa-imperatora.net # NO_RESOLVE
sol.3112.games # TOO_MANY_DIGITS (4)
sol.rv.ua # TLD_UA
sol1200.top # TOO_MANY_DIGITS (4)
solaragainetra.com # NO_RESOLVE
solarrecords.net # NO_RESOLVE
solartecna.com # NO_RESOLVE
solclub2.top # NO_RESOLVE
solidarna.org # NO_RESOLVE
solidioyglobal.com # NO_RESOLVE
solira-mistsoftware.com # NO_RESOLVE
solisindex.com # NO_RESOLVE
solkasin-osh101.ru # NO_RESOLVE
solkz30.com # NO_RESOLVE
solncesan.ru # NO_RESOLVE
solnyschko15.ru # NO_RESOLVE
solnyshko-ds.ru # NO_RESOLVE
solobzor2.top # NO_RESOLVE
solobzor3.top # NO_RESOLVE
solomale.net # NO_RESOLVE
solonline2.top # NO_RESOLVE
solonline3.top # NO_RESOLVE
solsticerisklerengine.com # NO_RESOLVE
soltrafundis.com # NO_RESOLVE
solution360.site # NO_RESOLVE
som.herrutor.site # NO_RESOLVE
somalibidders.com # NO_RESOLVE
somewords.ru # NO_RESOLVE
somm.cc # NO_RESOLVE
sonceprom.com # NO_RESOLVE
sonea.com.ua # TLD_UA
songize.com # NO_RESOLVE
songunpoliticsstudygroup.org # NO_RESOLVE
sonimo.ru # NO_RESOLVE
sonnen-afinitor.net # NO_RESOLVE
sonnerfun.ru # NO_RESOLVE
sonnik-tolkovatel.ru # NO_RESOLVE
sorbkuz.ru # NO_RESOLVE
soroka.kz # NO_RESOLVE
sortirovke.ru # NO_RESOLVE
sosalkino.porno666.top # NO_RESOLVE
sosalkino.sbs # NO_RESOLVE
sosinobu-app.com # NO_RESOLVE
soska.vip # NO_RESOLVE
sosn-bor.online # NO_RESOLVE
sosochki2.com # NO_RESOLVE
sostur.ru # NO_RESOLVE
sotremont.ru # NO_RESOLVE
sotsdoma.ru # NO_RESOLVE
soulonlineschool.ru # NO_RESOLVE
southcom.mil # NO_RESOLVE
southsudantoday.net # NO_RESOLVE
sov-tokar.ru # NO_RESOLVE
sovat.com.ua # TLD_UA
sovenok24.ru # NO_RESOLVE
sovereigninthecity.com # NO_RESOLVE
sovereignpremium.com # NO_RESOLVE
sovet-directorov-volgograda.ru # NO_RESOLVE
sovet.kidstaff.com.ua # TLD_UA
sovetam.ru # NO_RESOLVE
sovtehsvet.ru # NO_RESOLVE
sovye.ru # NO_RESOLVE
soyledexeris.com # NO_RESOLVE
soyuztec.ru # NO_RESOLVE
sp.or.kr # NO_RESOLVE
sp1350.craftum.io # TOO_MANY_DIGITS (4)
sp1nw1n.com # NO_RESOLVE
sp25.klad.cc # NO_RESOLVE
sp61msk.ru # NO_RESOLVE
spa-prestige.ru # NO_RESOLVE
spa61.ru # NO_RESOLVE
space-group-med.ru # NO_RESOLVE
space-project.ru # NO_RESOLVE
space-vpn.info # NO_RESOLVE
spacesxtesla.com # NO_RESOLVE
spacexpioneerportfolio.com # NO_RESOLVE
spanish-food.ru # NO_RESOLVE
sparklx.org # NO_RESOLVE
sparta-nsk.ru # NO_RESOLVE
sparta75.ru # NO_RESOLVE
spasaemyj.swezhak-2025.art # TOO_MANY_DIGITS (4)
spasunrise.ru # NO_RESOLVE
spaxace.com # NO_RESOLVE
spb-dent.ru # NO_RESOLVE
spb-dpln.ru # NO_RESOLVE
spb-dpln1.ru # NO_RESOLVE
spb-dpln2.ru # NO_RESOLVE
spb-fmk.online # NO_RESOLVE
spb-lakomka.ru # NO_RESOLVE
spb-planshet.ru # NO_RESOLVE
spb.4pig.com # NO_RESOLVE
spb.minuporno.com # NO_RESOLVE
spb.rosal-24.shop # NO_RESOLVE
spb.rosall-24.ru # NO_RESOLVE
spb.xn----7sbbas7adbh1ak4hek1gg.xn--p1ai # TOO_MANY_DIGITS (6)
spb1.rosall-24.ru # NO_RESOLVE
spb3.rosall-24.ru # NO_RESOLVE
spbbalkon.ru # NO_RESOLVE
spbinfo-pro.com # NO_RESOLVE
spbinfo-reg.com # NO_RESOLVE
spborig.ru # NO_RESOLVE
spbrcom.ru # NO_RESOLVE
spbrh.ru # NO_RESOLVE
spbu.cokchs08.ru # NO_RESOLVE
spcs.network # NO_RESOLVE
speakforfluency.com # NO_RESOLVE
spearfish.ru # NO_RESOLVE
spec51.online # NO_RESOLVE
spec51.ru # NO_RESOLVE
specialist-udo-3.org # NO_RESOLVE
specialistudo-xxmfveg.top # NO_RESOLVE
specialistudo-xxrfzbl.top # NO_RESOLVE
specialistudo9.top # NO_RESOLVE
specnku.ru # NO_RESOLVE
spectrakrus77.top # NO_RESOLVE
spectrasokol.com # NO_RESOLVE
specznak.ua # TLD_UA
speed24.club # NO_RESOLVE
speedcar.online # NO_RESOLVE
speedcubing.com.ua # TLD_UA
speedifyvpn.info # NO_RESOLVE
spektr-rt.ru # NO_RESOLVE
spektrax-aisoft.com # NO_RESOLVE
spektrnews.in.ua # TLD_UA
spenoctex-app.com # NO_RESOLVE
spenoctexappsolution.com # NO_RESOLVE
spets-4357.okis.ru # TOO_MANY_DIGITS (4)
spets-542689.okis.ru # TOO_MANY_DIGITS (6)
spets-6789.okis.ru # TOO_MANY_DIGITS (4)
spetsmacht.ru # NO_RESOLVE
spgherable.com # NO_RESOLVE
sphere.org.ua # TLD_UA
spi.animespirit.ru # NO_RESOLVE
spiceworksstatic.com # NO_RESOLVE
spidernet-bi.com # NO_RESOLVE
spikeupriseshares.com # NO_RESOLVE
spion-market.com.ua # TLD_UA
spk-postavshik.ru # NO_RESOLVE
spklqoxwptpylmvi.8qaj3npj5q1y.monster # TOO_MANY_DIGITS (4)
spl43.ru # NO_RESOLVE
spletnicafe.ru # NO_RESOLVE
spnovoaul.ru # NO_RESOLVE
spod.kz # NO_RESOLVE
spon.es # NO_RESOLVE
sport-bilet.ru # NO_RESOLVE
sport-dopusk.ru # NO_RESOLVE
sport24.ua # TLD_UA
sportcity.in.ua # TLD_UA
sportclub.kharkov.ua # TLD_UA
sportdopusk.ru # NO_RESOLVE
sportkompleksbk.ru # NO_RESOLVE
sportlifetoday.ru # NO_RESOLVE
sportline-club.ru # NO_RESOLVE
sportlive.at.ua # TLD_UA
sportmission.ru # NO_RESOLVE
sportnews.to # NO_RESOLVE
sportschool22.ru # NO_RESOLVE
sportsh2.ru # NO_RESOLVE
sportslider.ru # NO_RESOLVE
sportstream.pw # NO_RESOLVE
sportufa59.ru # NO_RESOLVE
sportyou.online # NO_RESOLVE
sposoby-pohudet.ru # NO_RESOLVE
spot-9b-menab.net # NO_RESOLVE
spot-lasix7-app.com # NO_RESOLVE
spot-sanorex-1000.com # TOO_MANY_DIGITS (4)
spot.ua # TLD_UA
spot360.ru # NO_RESOLVE
spot8atenvio.com # NO_RESOLVE
spotlightevocorex-app.com # NO_RESOLVE
spotrelpaxaisystem.com # NO_RESOLVE
spran.ru # NO_RESOLVE
spraw4ka.ru # NO_RESOLVE
sprawkaonline.info # NO_RESOLVE
sprawkionline.info # NO_RESOLVE
spread-markets.com # NO_RESOLVE
spring-land.ru # NO_RESOLVE
springaceoptions.com # NO_RESOLVE
sprintwm.ru # NO_RESOLVE
sprotyv.in.ua # TLD_UA
sprut.black # NO_RESOLVE
sps63.ru # NO_RESOLVE
spstmash.ru # NO_RESOLVE
spubl.az # NO_RESOLVE
spubl.kg # NO_RESOLVE
sputnicc.biz # NO_RESOLVE
sputnik.az # NO_RESOLVE
sputnikipogrom.com # NO_RESOLVE
sputniknews.lt # NO_RESOLVE
sputniknewsbrasil.com.br # NO_RESOLVE
sputnikv.online # NO_RESOLVE
spv.roskarta.org # NO_RESOLVE
spy007.su # NO_RESOLVE
spyd3r.ru # NO_RESOLVE
spygadget.ru # NO_RESOLVE
spyking.my # NO_RESOLVE
spypiss.pro # NO_RESOLVE
spzab.ru # NO_RESOLVE
sq.com.ua # TLD_UA
sqinpro.ru # NO_RESOLVE
squadbustersgame.com # NO_RESOLVE
srbroker.ru # NO_RESOLVE
srbs-fe18.com # NO_RESOLVE
src-chertkovo.ru # NO_RESOLVE
srcn-doverie.ru # NO_RESOLVE
sredakino.net # NO_RESOLVE
sredstvopro.ru # NO_RESOLVE
sredyakuhska.ru # NO_RESOLVE
sri.gob.ec # NO_RESOLVE
srl-1.gutkinotv.fun # NO_RESOLVE
srochnyye-zaymy.ru # NO_RESOLVE
sronseo.ru # NO_RESOLVE
srubizbrevna.com # NO_RESOLVE
ss.ceaconvor.cc # NO_RESOLVE
ss.shopgunxr.com # NO_RESOLVE
ssb-saransk.ru # NO_RESOLVE
sseeddbaza.lat # NO_RESOLVE
sseeddbaza.lol # NO_RESOLVE
sseeddbaza.makeup # NO_RESOLVE
sseeddbaza.mom # NO_RESOLVE
ssff24.biz # NO_RESOLVE
ssh1-mkala.ru # NO_RESOLVE
ssihplc.ru # NO_RESOLVE
sss.pics # NO_RESOLVE
sss.snus-optom-1.com # NO_RESOLVE
sss2.snus-optom-1.com # NO_RESOLVE
ssu.gov.ua # TLD_UA
sszeerspxx.xyz # NO_RESOLVE
st-ruza.online # NO_RESOLVE
st-ruza.ru # NO_RESOLVE
st-sobor.ru # NO_RESOLVE
st-tver.ru # NO_RESOLVE
st.kinovod.net # NO_RESOLVE
st5454.biz # TOO_MANY_DIGITS (4)
staatrixgen-platform.com # NO_RESOLVE
stable-bitcap-system.com # NO_RESOLVE
stabledividends.online # NO_RESOLVE
stackertrends.xyz # NO_RESOLVE
stackinves-tment.live # NO_RESOLVE
stackxrp.net # NO_RESOLVE
stakanopt.com.ua # TLD_UA
stake-127.25e.click # TOO_MANY_DIGITS (5)
stake-128.15e.click # TOO_MANY_DIGITS (5)
stake-129.30e.click # TOO_MANY_DIGITS (5)
stake-130.20e.click # TOO_MANY_DIGITS (5)
stake-138.29m.click # TOO_MANY_DIGITS (5)
stake-145.30t.click # TOO_MANY_DIGITS (5)
stake-168.15n.click # TOO_MANY_DIGITS (5)
stake-177.12a.buzz # TOO_MANY_DIGITS (5)
stake-193.t61.online # TOO_MANY_DIGITS (5)
stake-200.53t.click # TOO_MANY_DIGITS (5)
stake-263.51v.click # TOO_MANY_DIGITS (5)
stake-264.27v.click # TOO_MANY_DIGITS (5)
stake-28.tops77.buzz # TOO_MANY_DIGITS (4)
stake-30.top99.buzz # TOO_MANY_DIGITS (4)
stake-54.99cas.click # TOO_MANY_DIGITS (4)
stake-site.buzz # NO_RESOLVE
stake.best # NO_RESOLVE
stake.blue # NO_RESOLVE
stake.icu # NO_RESOLVE
stake.org.nz # NO_RESOLVE
stake07.com # NO_RESOLVE
stake1.buzz # NO_RESOLVE
stake1000.buzz # TOO_MANY_DIGITS (4)
stake1001.com # TOO_MANY_DIGITS (4)
stake1002.com # TOO_MANY_DIGITS (4)
stake1005.com # TOO_MANY_DIGITS (4)
stake1017.com # TOO_MANY_DIGITS (4)
stake1019.com # TOO_MANY_DIGITS (4)
stake1020.com # TOO_MANY_DIGITS (4)
stake1021.com # TOO_MANY_DIGITS (4)
stake1022.com # TOO_MANY_DIGITS (4)
stake1033.com # TOO_MANY_DIGITS (4)
stake1034.com # TOO_MANY_DIGITS (4)
stake1035.com # TOO_MANY_DIGITS (4)
stake1036.com # TOO_MANY_DIGITS (4)
stake1037.com # TOO_MANY_DIGITS (4)
stake1038.com # TOO_MANY_DIGITS (4)
stake1039.com # TOO_MANY_DIGITS (4)
stake1043.com # TOO_MANY_DIGITS (4)
stake1048.com # TOO_MANY_DIGITS (4)
stake1052.com # TOO_MANY_DIGITS (4)
stake1057.com # TOO_MANY_DIGITS (4)
stake1061.com # TOO_MANY_DIGITS (4)
stake1066.com # TOO_MANY_DIGITS (4)
stake1068.com # TOO_MANY_DIGITS (4)
stake1069.com # TOO_MANY_DIGITS (4)
stake1070.com # TOO_MANY_DIGITS (4)
stake1071.com # TOO_MANY_DIGITS (4)
stake1072.com # TOO_MANY_DIGITS (4)
stake1073.com # TOO_MANY_DIGITS (4)
stake1074.com # TOO_MANY_DIGITS (4)
stake1075.com # TOO_MANY_DIGITS (4)
stake1076.com # TOO_MANY_DIGITS (4)
stake1077.com # TOO_MANY_DIGITS (4)
stake1078.com # TOO_MANY_DIGITS (4)
stake1079.com # TOO_MANY_DIGITS (4)
stake1080.com # TOO_MANY_DIGITS (4)
stake1081.com # TOO_MANY_DIGITS (4)
stake1082.com # TOO_MANY_DIGITS (4)
stake1083.com # TOO_MANY_DIGITS (4)
stake1084.com # TOO_MANY_DIGITS (4)
stake1085.com # TOO_MANY_DIGITS (4)
stake1086.com # TOO_MANY_DIGITS (4)
stake1087.com # TOO_MANY_DIGITS (4)
stake1088.com # TOO_MANY_DIGITS (4)
stake1089.com # TOO_MANY_DIGITS (4)
stake1090.com # TOO_MANY_DIGITS (4)
stake1091.com # TOO_MANY_DIGITS (4)
stake1092.com # TOO_MANY_DIGITS (4)
stake1093.com # TOO_MANY_DIGITS (4)
stake1094.com # TOO_MANY_DIGITS (4)
stake1095.com # TOO_MANY_DIGITS (4)
stake1096.com # TOO_MANY_DIGITS (4)
stake1097.com # TOO_MANY_DIGITS (4)
stake1098.com # TOO_MANY_DIGITS (4)
stake1099.com # TOO_MANY_DIGITS (4)
stake226.buzz # NO_RESOLVE
stake2596.buzz # TOO_MANY_DIGITS (4)
stake280.buzz # NO_RESOLVE
stake281.buzz # NO_RESOLVE
stake3000.com # TOO_MANY_DIGITS (4)
stake3001.com # TOO_MANY_DIGITS (4)
stake3002.com # TOO_MANY_DIGITS (4)
stake3003.com # TOO_MANY_DIGITS (4)
stake3004.com # TOO_MANY_DIGITS (4)
stake3005.com # TOO_MANY_DIGITS (4)
stake3006.com # TOO_MANY_DIGITS (4)
stake3007.com # TOO_MANY_DIGITS (4)
stake3008.com # TOO_MANY_DIGITS (4)
stake3009.com # TOO_MANY_DIGITS (4)
stake3010.com # TOO_MANY_DIGITS (4)
stake3011.com # TOO_MANY_DIGITS (4)
stake3012.com # TOO_MANY_DIGITS (4)
stake3013.com # TOO_MANY_DIGITS (4)
stake3014.com # TOO_MANY_DIGITS (4)
stake3015.com # TOO_MANY_DIGITS (4)
stake307.buzz # NO_RESOLVE
stake3366.buzz # TOO_MANY_DIGITS (4)
stake3624.buzz # TOO_MANY_DIGITS (4)
stake364.buzz # NO_RESOLVE
stake707.com # NO_RESOLVE
stake987c.top # NO_RESOLVE
stakeacess.pro # NO_RESOLVE
stakeallcoins.com # NO_RESOLVE
stakecasic.top # NO_RESOLVE
stakeclr3.buzz # NO_RESOLVE
stakeforton.com # NO_RESOLVE
stakeru1.ru # NO_RESOLVE
stakeruss.ru # NO_RESOLVE
stakerussia.ru # NO_RESOLVE
stakesc.ru # NO_RESOLVE
stakesu.ru # NO_RESOLVE
stakezid.com # NO_RESOLVE
stalenergo.com.ua # TLD_UA
stalinshop.biz # NO_RESOLVE
stand-with-ukraine.pp.ua # TLD_UA
standardapex.com # NO_RESOLVE
standardcryptominers.com # NO_RESOLVE
standardgenerousoptions.live # NO_RESOLVE
standardprotd.com # NO_RESOLVE
standupoffice.ru # NO_RESOLVE
standwithukraine.com.ua # TLD_UA
stanir.ru # NO_RESOLVE
stanki-asl.ru # NO_RESOLVE
stapardent.online # NO_RESOLVE
stapardent.ru # NO_RESOLVE
star33.ru # NO_RESOLVE
starbucksusd.com # NO_RESOLVE
starburis.ru # NO_RESOLVE
starfintex.com # NO_RESOLVE
starling-inv.com # NO_RESOLVE
starorogov.ru # NO_RESOLVE
starpexltd.org # NO_RESOLVE
starsd.ru # NO_RESOLVE
starserv.ru # NO_RESOLVE
starsessions.forumgo.net # NO_RESOLVE
starvex.network # NO_RESOLVE
starvex.site # NO_RESOLVE
starvpn.biz # NO_RESOLVE
starwars-game.space # NO_RESOLVE
statewatch.org.ua # TLD_UA
static1.e621.net # TOO_MANY_DIGITS (4)
static2.gazeta.ua # TLD_UA
static2.mangapoisk.io # NO_RESOLVE
statinformation.ru # NO_RESOLVE
status-davi-na-gasulku.top # NO_RESOLVE
status-ehaat.life # NO_RESOLVE
status-mb.ru # NO_RESOLVE
status-resource-nomer-1.info # NO_RESOLVE
stavropol.vipster.net # NO_RESOLVE
stavsad18.ru # NO_RESOLVE
stavsad23.ru # NO_RESOLVE
stavsad35.ru # NO_RESOLVE
stayersaratov.ru # NO_RESOLVE
stbselsovet.ru # NO_RESOLVE
stds.ir # NO_RESOLVE
steadyearn.org # NO_RESOLVE
steadygrant.com # NO_RESOLVE
steadygrowthinsight.com # NO_RESOLVE
steam-windows.ru # NO_RESOLVE
steam.com # NO_RESOLVE
steering.com.ua # TLD_UA
steklopos.ru # NO_RESOLVE
stenagrafika.ru # NO_RESOLVE
stend-art58.ru # NO_RESOLVE
stepanov2021.org # TOO_MANY_DIGITS (4)
stepearnapp.net # NO_RESOLVE
stephenking-knigi.info # NO_RESOLVE
stepn-wiki.ru # NO_RESOLVE
steppsonline.com # NO_RESOLVE
stepvision.org # NO_RESOLVE
sterfinance.com # NO_RESOLVE
sterlingandroyce.net # NO_RESOLVE
sterlingcapartners.com # NO_RESOLVE
stexion-finance.io # NO_RESOLVE
stgimn12.ru # NO_RESOLVE
stickeryouwant.com.ua # TLD_UA
stihivir.ru # NO_RESOLVE
stihmarket.ru # NO_RESOLVE
stil-och.ru # NO_RESOLVE
stillporno.com # NO_RESOLVE
stimule1.site # NO_RESOLVE
stjohnsettlement.com # NO_RESOLVE
stkrb.ru # NO_RESOLVE
stl-tsl.org # NO_RESOLVE
stm24-atcr.biz99.xyz # TOO_MANY_DIGITS (4)
sto-sim-bez.ru # NO_RESOLVE
stock-bit.org # NO_RESOLVE
stock-finance.ltd # NO_RESOLVE
stockflowventures.com # NO_RESOLVE
stockings.pics # NO_RESOLVE
stockinsured.org # NO_RESOLVE
stockmetal.net # NO_RESOLVE
stockoptionsai.org # NO_RESOLVE
stocksforextradings.vip # NO_RESOLVE
stocksminersglobal.com # NO_RESOLVE
stok1.ru # NO_RESOLVE
stokpic.com # NO_RESOLVE
stolberi-klin.ru # NO_RESOLVE
stolbik.ua # TLD_UA
stolica2024.ru # TOO_MANY_DIGITS (4)
stolitomsonvpn.info # NO_RESOLVE
stollo.ru # NO_RESOLVE
stolyca.com.ua # TLD_UA
stomatologiya-edelveis.ru # NO_RESOLVE
stomtb.ru # NO_RESOLVE
stonegatebitflow.com # NO_RESOLVE
stoniver.click # NO_RESOLVE
stop-war-crime.net # NO_RESOLVE
stop-war-crime.org # NO_RESOLVE
stoprofavtodor.ru # NO_RESOLVE
storeproxy.info # NO_RESOLVE
storkhodl.com # NO_RESOLVE
storm-print.ru # NO_RESOLVE
storupolux-software.com # NO_RESOLVE
story-coin.space # NO_RESOLVE
stoyaki.ru # NO_RESOLVE
stq876v.com # NO_RESOLVE
strainslist.ru # NO_RESOLVE
stramerus.online # NO_RESOLVE
stramerus.ru # NO_RESOLVE
strana-chudes-smertnikov.jut-su.to # NO_RESOLVE
strana.kz # NO_RESOLVE
stranabumbatourism.ru # NO_RESOLVE
strapsner.ru # NO_RESOLVE
stratcom.mil # NO_RESOLVE
stratedge.click # NO_RESOLVE
strategicft.com # NO_RESOLVE
strategymove.digital # NO_RESOLVE
strategywealthexperts.com # NO_RESOLVE
stratgenius.xyz # NO_RESOLVE
stratifyvault.com # NO_RESOLVE
stratmove.xyz # NO_RESOLVE
stratogig.online # NO_RESOLVE
stratosynvault-ai.com # NO_RESOLVE
stratpoint.digital # NO_RESOLVE
stratversity.com # NO_RESOLVE
stratweb.digital # NO_RESOLVE
stratwise.digital # NO_RESOLVE
strava.nu # NO_RESOLVE
streamingfilm.it # NO_RESOLVE
streetcoffee1907.ru # TOO_MANY_DIGITS (4)
streetsterbike.com # NO_RESOLVE
streisandvpn.info # NO_RESOLVE
stroi-base.ru # NO_RESOLVE
stroimvipoteku.ru # NO_RESOLVE
stroit.top # NO_RESOLVE
stroitelstvodomoff.ru # NO_RESOLVE
strojka-veka.info # NO_RESOLVE
strombitnova.com # NO_RESOLVE
strongholdproducts.biz # NO_RESOLVE
stropalshchik-obuchenie.ru # NO_RESOLVE
stroydom-m.ru # NO_RESOLVE
stroyka-ip.ru # NO_RESOLVE
stroymonolit2010.ru # TOO_MANY_DIGITS (4)
stroypk.ru # NO_RESOLVE
stroysegodnya.ru # NO_RESOLVE
stroytehservys.ru # NO_RESOLVE
sts112.top # NO_RESOLVE
sts2.top # NO_RESOLVE
sts2030.top # TOO_MANY_DIGITS (4)
stsbest.top # NO_RESOLVE
stsbro.top # NO_RESOLVE
stsbru.top # NO_RESOLVE
stser.top # NO_RESOLVE
stsgo.top # NO_RESOLVE
stsload.top # NO_RESOLVE
stsmasters.top # NO_RESOLVE
stsor.top # NO_RESOLVE
stsorig.top # NO_RESOLVE
stsorigin.top # NO_RESOLVE
stster.top # NO_RESOLVE
stsv2025.top # TOO_MANY_DIGITS (4)
stszdes.top # NO_RESOLVE
sttexpo.ru # NO_RESOLVE
sttonelove.biz # NO_RESOLVE
stud-medic.ru # NO_RESOLVE
studio-avanscena.ru # NO_RESOLVE
studio110.ru # NO_RESOLVE
studio220.ca # NO_RESOLVE
studiobanda.online # NO_RESOLVE
studiomel.ru # NO_RESOLVE
studiylepky-moskva.ru # NO_RESOLVE
studorg39.ru # NO_RESOLVE
study2019.com # TOO_MANY_DIGITS (4)
studyhardschool.ru # NO_RESOLVE
studyinfrance.ru # NO_RESOLVE
studyup.club # NO_RESOLVE
stulchik.help # NO_RESOLVE
stulchik.info # NO_RESOLVE
stulchik.lol # NO_RESOLVE
stulchik.sbs # NO_RESOLVE
sturkish.ru # NO_RESOLVE
stvol.ua # TLD_UA
style-veb.ru # NO_RESOLVE
stylebody.ru # NO_RESOLVE
styler.rbc.ua # TLD_UA
stylize.icu # NO_RESOLVE
styrkevaltaris.com # NO_RESOLVE
su-141.ru # NO_RESOLVE
subbota.ua # TLD_UA
sublimetext3.ru # NO_RESOLVE
subline-su.moviesrussian.net # NO_RESOLVE
subvertize.com # NO_RESOLVE
successhistory.com.ua # TLD_UA
successkey.top # NO_RESOLVE
successnetworks.online # NO_RESOLVE
successvault.org # NO_RESOLVE
sud-expert58.ru # NO_RESOLVE
sud.ua # TLD_UA
suda-gims.top # NO_RESOLVE
sudanas.com # NO_RESOLVE
sudania24.tv # NO_RESOLVE
sudanprotests.com # NO_RESOLVE
sudanshadow.org # NO_RESOLVE
sudapedia.sd # NO_RESOLVE
sudimost.online # NO_RESOLVE
sudoku.org.ua # TLD_UA
sugarworld.org # NO_RESOLVE
sugdak.ru # NO_RESOLVE
suhoytuman.kz # NO_RESOLVE
suk.vaginke.love # NO_RESOLVE
suka24.top # NO_RESOLVE
sukaaa906.buzz # NO_RESOLVE
sultangames-kz.kz # NO_RESOLVE
sultry-sluts.info # NO_RESOLVE
sumix-prowess-engine.com # NO_RESOLVE
sumkuter.ru # NO_RESOLVE
summitsphere.net # NO_RESOLVE
summonerswarchronicles.ru # NO_RESOLVE
sumo4ki-yulia.site # NO_RESOLVE
sumodesign.ru # NO_RESOLVE
sumschool.ru # NO_RESOLVE
sun.yaporn.tube # NO_RESOLVE
sunacrb.ru # NO_RESOLVE
sunandmooncleaningservices.com # NO_RESOLVE
sunbluster.com # NO_RESOLVE
sunduk-forum.ru # NO_RESOLVE
sundukg.org # NO_RESOLVE
sundukkg2.site # NO_RESOLVE
sundukkya.site # NO_RESOLVE
sundukkya2.site # NO_RESOLVE
sundukkya3.site # NO_RESOLVE
sundukkya4.site # NO_RESOLVE
sunfloraa.com # NO_RESOLVE
sunmistora.com # NO_RESOLVE
sunnydaymediaz.com # NO_RESOLVE
sunofegypt2.top # NO_RESOLVE
sunpetalz.com # NO_RESOLVE
sunshinetruthondo.com.ng # NO_RESOLVE
sunstekusa.ru # NO_RESOLVE
sunway-taxi.ru # NO_RESOLVE
sunway.today # NO_RESOLVE
sup-fest62.ru # NO_RESOLVE
supboard-store.ru # NO_RESOLVE
supergra.ua # TLD_UA
supervpn.net # NO_RESOLVE
supma.cc # NO_RESOLVE
supportazov.com # NO_RESOLVE
sureftc.com # NO_RESOLVE
sureitc.com # NO_RESOLVE
surete-valbit.com # NO_RESOLVE
surforever.com # NO_RESOLVE
surfychinaz.com # NO_RESOLVE
surgedeuce.top # NO_RESOLVE
surgefinansoerlerplatform.com # NO_RESOLVE
surovkafit.ru # NO_RESOLVE
suschkola.ru # NO_RESOLVE
sushi-house24.ru # NO_RESOLVE
sushi-inari.ru # NO_RESOLVE
sushi-salavat.ru # NO_RESOLVE
sushiazbuka.ru # NO_RESOLVE
sushikurkino.ru # NO_RESOLVE
sushimafio-pivo.shop # NO_RESOLVE
sushioke65.ru # NO_RESOLVE
sushiostrov163.ru # NO_RESOLVE
sustavy-info.ru # NO_RESOLVE
suucceessfulsaftety.shop # NO_RESOLVE
suzuki-ugra.ru # NO_RESOLVE
sv-sergiy.ks.ua # TLD_UA
svabaneg.ru # NO_RESOLVE
svad-gdi.site # NO_RESOLVE
svad-gi.co # NO_RESOLVE
svadba-na-kipre.ru # NO_RESOLVE
svadgdi.com # NO_RESOLVE
svagor.com.ua # TLD_UA
svaimontag-msk.ru # NO_RESOLVE
svarkaargonom.ru # NO_RESOLVE
svd-market.ru # NO_RESOLVE
svetliachok.ru # NO_RESOLVE
svetnik.ru # NO_RESOLVE
svetoch-znaniya.ru # NO_RESOLVE
svetonoff.ru # NO_RESOLVE
svetskii-les.ru # NO_RESOLVE
svetuben.online # NO_RESOLVE
svetuben.ru # NO_RESOLVE
svidanie.org.ua # TLD_UA
svidetelstva.top # NO_RESOLVE
svidetelstva1.top # NO_RESOLVE
svidetilstvo-o-razvode.com # NO_RESOLVE
svidomi.in.ua # TLD_UA
svis.rateru.ru # NO_RESOLVE
svoboda.org.ua # TLD_UA
svoboda.ua # TLD_UA
svobodnoe-sp.ru # NO_RESOLVE
svoi.kr.ua # TLD_UA
svpressa-yug.ru # NO_RESOLVE
svsofia.ru # NO_RESOLVE
svtled.ru # NO_RESOLVE
svv-auto.ru # NO_RESOLVE
svyatoshino.org.ua # TLD_UA
sw.gamesprout.ru # NO_RESOLVE
swap-17x-exalgo.com # NO_RESOLVE
swap-4xlasix.com # NO_RESOLVE
swap-70-exalgo.com # NO_RESOLVE
swap13xexalgo.com # NO_RESOLVE
swap4000adipextech.com # TOO_MANY_DIGITS (4)
swap70-exalgo.com # NO_RESOLVE
swap8v-adipex-soft.com # NO_RESOLVE
swaplevoraopt-app.com # NO_RESOLVE
swaplotemax-soft.com # NO_RESOLVE
swaposago.ru # NO_RESOLVE
sweetring.com # NO_RESOLVE
swezhaki-2025.ru # TOO_MANY_DIGITS (4)
swezhakl-2025.ru # TOO_MANY_DIGITS (4)
swift-arc.com # NO_RESOLVE
swift-techfinancetradingplatform.live # NO_RESOLVE
swiftaccess.live # NO_RESOLVE
swiftcrestrd.com # NO_RESOLVE
swiftedgefinvexor.net # NO_RESOLVE
swiftedgemrkt.sbs # NO_RESOLVE
swiftexpertsdex.online # NO_RESOLVE
swifthubpro.com # NO_RESOLVE
swiftkripto.top # NO_RESOLVE
swiftnexevolux.com # NO_RESOLVE
swifttokenwave.com # NO_RESOLVE
swimtour.ru # NO_RESOLVE
swiss-market.net # NO_RESOLVE
swiss-watch.com.ua # TLD_UA
swisscoinx.com # NO_RESOLVE
swissglobalcompany.com # NO_RESOLVE
swisslegaldarkmarket.com # NO_RESOLVE
swissnewsquant.com # NO_RESOLVE
swisswealthai.com # NO_RESOLVE
switch-evexcrypto.com # NO_RESOLVE
switch-evexsys-soft.com # NO_RESOLVE
switch-hiprex-800x.com # NO_RESOLVE
switch-lidex-2u.com # NO_RESOLVE
switch-lidex2u.com # NO_RESOLVE
switch-spot-platform.net # NO_RESOLVE
switel-russia.ru # NO_RESOLVE
swks.ru # NO_RESOLVE
sx-education.org # NO_RESOLVE
sxmarket.live # NO_RESOLVE
sybt.ru # NO_RESOLVE
sydamia0.ru # NO_RESOLVE
syjzt.com # NO_RESOLVE
syka-1.top # NO_RESOLVE
syka-bcf.ru # NO_RESOLVE
syka-fgs.ru # NO_RESOLVE
syka-online.ru # NO_RESOLVE
syka-ru.ru # NO_RESOLVE
syka-trj.ru # NO_RESOLVE
syka-zer.ru # NO_RESOLVE
syka.pw # NO_RESOLVE
syka.space # NO_RESOLVE
syka.su # NO_RESOLVE
syka1.online # NO_RESOLVE
syka1.ru # NO_RESOLVE
sykaacasic.top # NO_RESOLVE
syktyvkar.vipster.net # NO_RESOLVE
sylnaukraina.com.ua # TLD_UA
sylvaflexi.com # NO_RESOLVE
symvolika.com.ua # TLD_UA
synccopy.net # NO_RESOLVE
syndi-call.cc # NO_RESOLVE
syndi.biz # NO_RESOLVE
syndicate-one.to # NO_RESOLVE
syndicate24-4.biz # NO_RESOLVE
synergy.group # NO_RESOLVE
syntek-ai.org # NO_RESOLVE
syntheticearnings.com # NO_RESOLVE
syscheck.icu # NO_RESOLVE
systemrhizoma.com # NO_RESOLVE
syzran-tricolor.ru # NO_RESOLVE
syzran.vipster.net # NO_RESOLVE
sz2554.craftum.io # TOO_MANY_DIGITS (4)
szao-info.online # NO_RESOLVE
szczyt-xenthorplatform.com # NO_RESOLVE
szczytostfinora.net # NO_RESOLVE
szgeodez.ru # NO_RESOLVE
szk321.ru # NO_RESOLVE
szru.gov.ua # TLD_UA
t-d-b-o.ru # NO_RESOLVE
t-figer.online # NO_RESOLVE
t-gd.ru # NO_RESOLVE
t-girls.cc # NO_RESOLVE
t-motors-city.ru # NO_RESOLVE
t-no.ru # NO_RESOLVE
t-o.org.ua # TLD_UA
t-r-i.ru # NO_RESOLVE
t-rent.ru # NO_RESOLVE
t-vest.ru # NO_RESOLVE
t.ks.ua # TLD_UA
t.rgepatitofs.ru # NO_RESOLVE
t.stopfilms.info # NO_RESOLVE
t.uggepaneta.ru # NO_RESOLVE
t.waplog.top # NO_RESOLVE
t.ysoffosttores.ru # NO_RESOLVE
t.zvtor.com # NO_RESOLVE
t00l.ru # NO_RESOLVE
t0r-mega.cc # NO_RESOLVE
t1.ua # TLD_UA
t29.online # NO_RESOLVE
t39.online # NO_RESOLVE
t50.online # NO_RESOLVE
t69.online # NO_RESOLVE
t73.online # NO_RESOLVE
ta-rus.ru # NO_RESOLVE
ta.wolfwedding2018.com # TOO_MANY_DIGITS (4)
tabachka-ryadom.shop # NO_RESOLVE
tabachka-shop.shop # NO_RESOLVE
tabachka76.com # NO_RESOLVE
tabachnaya.shop # NO_RESOLVE
tabfilm.at.ua # TLD_UA
tabfilm.video # NO_RESOLVE
tabfilmsbs.tabfilm.sbs # NO_RESOLVE
tabfilmsbs1.tabfilm.sbs # NO_RESOLVE
tabloid.one # NO_RESOLVE
tabloid.pravda.com.ua # TLD_UA
tacit-index.com # NO_RESOLVE
tadadel.ru # NO_RESOLVE
taimyr-crb.ru # NO_RESOLVE
tajori.pk # NO_RESOLVE
takeboysex.cc # NO_RESOLVE
takedrive.ru # NO_RESOLVE
takegayfuck.cc # NO_RESOLVE
taker.casa # NO_RESOLVE
taker.city # NO_RESOLVE
taker.coupons # NO_RESOLVE
taker.guru # NO_RESOLVE
taker.icu # NO_RESOLVE
taker.life # NO_RESOLVE
takingyouforward.biz # NO_RESOLVE
taksopark-59.ru # NO_RESOLVE
talgarwarez.online # NO_RESOLVE
taliban61.cc # NO_RESOLVE
talk.alaev.info # NO_RESOLVE
talonixsphere-tech.com # NO_RESOLVE
talovka-school.ru # NO_RESOLVE
tamboranminings.com # NO_RESOLVE
tambov.tabacoroom.com # NO_RESOLVE
tambov.vipster.net # NO_RESOLVE
tandem72.ru # NO_RESOLVE
tandiriya.ru # NO_RESOLVE
tangemki.com # NO_RESOLVE
tangerine-taiyaki-b659d8.netlify.app # TOO_MANY_DIGITS (4)
tangible-horizons.com # NO_RESOLVE
tapasmarbella.ru # NO_RESOLVE
tapiera.ru # NO_RESOLVE
target-training.ru # NO_RESOLVE
targetmatch.click # NO_RESOLVE
targetplan.click # NO_RESOLVE
targetplus.click # NO_RESOLVE
targetrun.digital # NO_RESOLVE
tarific.ru # NO_RESOLVE
taromasters.ru # NO_RESOLVE
tarosreda.ru # NO_RESOLVE
tarvets-omi.ru # NO_RESOLVE
tas-ix.tv # NO_RESOLVE
tasgep.org.tw # NO_RESOLVE
tasizar.com # NO_RESOLVE
taslimanasrin.com # NO_RESOLVE
tasmanasset.org # NO_RESOLVE
tasna.ir # NO_RESOLVE
tasnimnews.com # NO_RESOLVE
tasx.offinfs.site # NO_RESOLVE
tatar-alga.date # NO_RESOLVE
tataralga.date # NO_RESOLVE
tataurova-design.ru # NO_RESOLVE
tatk.org.ru # NO_RESOLVE
tatneko.ru # NO_RESOLVE
tatuaggio.ru # NO_RESOLVE
tatyankinlen.ru # NO_RESOLVE
taudioknigi-mp3.org # NO_RESOLVE
tauker-lomi.ru # NO_RESOLVE
taurus-toys.ru # NO_RESOLVE
tavria.org.ua # TLD_UA
tax-refund.com.ua # TLD_UA
taxc.com.ua # TLD_UA
taxelioxplatform.com # NO_RESOLVE
taxer.ua # TLD_UA
taxi-ex.site # NO_RESOLVE
taxi-games.site # NO_RESOLVE
taxi-yago.ru # NO_RESOLVE
taxifavorite.ru # NO_RESOLVE
taximania.cc # NO_RESOLVE
taypalest.ru # NO_RESOLVE
tbj.com.tw # NO_RESOLVE
tbkmarket.org # NO_RESOLVE
tbs-doma.ru # NO_RESOLVE
tbshelp.ru # NO_RESOLVE
tbvuvqzeukxbahch.x4oc8ceezr38.lat # TOO_MANY_DIGITS (4)
tci2016.org # TOO_MANY_DIGITS (4)
tcons.ru # NO_RESOLVE
tcpghana.gov.gh # NO_RESOLVE
td-ananas.ru # NO_RESOLVE
td-optovik.ru # NO_RESOLVE
td-renome.ru # NO_RESOLVE
tdizo.ru # NO_RESOLVE
tdk-lambda.ru # NO_RESOLVE
tdpadvertkuk.ru # NO_RESOLVE
tds2.red-to-me.com # NO_RESOLVE
tdsclick.org # NO_RESOLVE
tdsnova.com # NO_RESOLVE
tdssvc.com # NO_RESOLVE
te-studio.ru # NO_RESOLVE
te.20minut.ua # TLD_UA
teacher05.ru # NO_RESOLVE
teachgun.com # NO_RESOLVE
teahouse-group.ru # NO_RESOLVE
tealcourse.ru # NO_RESOLVE
team-russia2014.ru # TOO_MANY_DIGITS (4)
teatr-reverance.online # NO_RESOLVE
teatr-reverance.ru # NO_RESOLVE
teatr-sad.ru # NO_RESOLVE
teatr-travel.online # NO_RESOLVE
teatr-travel.ru # NO_RESOLVE
tebe-ne-ubezhat-2024.swezhak.su # TOO_MANY_DIGITS (4)
tebezakaz.ru # NO_RESOLVE
techadvances.digital # NO_RESOLVE
techcircuit.ru # NO_RESOLVE
techforceknives.ru # NO_RESOLVE
technetusc.net # NO_RESOLVE
techno-police.ru # NO_RESOLVE
technobioen.ru # NO_RESOLVE
technodom.fun # NO_RESOLVE
technology31.ru # NO_RESOLVE
technologycampaign.space # NO_RESOLVE
technosilaplus.com.ua # TLD_UA
techtoolslab.net # NO_RESOLVE
ted-lasso.online # NO_RESOLVE
ted-lasso.top # NO_RESOLVE
ted.herrutor.site # NO_RESOLVE
tedexen.com # NO_RESOLVE
tedlasso.online # NO_RESOLVE
teen-sex.tv # NO_RESOLVE
teenbay.ru # NO_RESOLVE
teencum.tv # NO_RESOLVE
teengay.pro # NO_RESOLVE
teenpornface.com # NO_RESOLVE
tehnadzor-21.ru # NO_RESOLVE
tehnodom29.ru # NO_RESOLVE
tehnopolis.com.ua # TLD_UA
tehosmoter24.info # NO_RESOLVE
tehosmotr-rsa.ru # NO_RESOLVE
tehosmotrss.pro # NO_RESOLVE
tehrekon.ru # NO_RESOLVE
tek-company-td.ru # NO_RESOLVE
tekengineers.ru # NO_RESOLVE
tekhnika-v-arendu.ru # NO_RESOLVE
tekhosmotronline.com # NO_RESOLVE
tekiller.biz # NO_RESOLVE
telecards.ru # NO_RESOLVE
telecine7.ru # NO_RESOLVE
telecom-summit.com.ua # TLD_UA
teledidar.tv # NO_RESOLVE
telefonu.top # NO_RESOLVE
telegraf.com.ua # TLD_UA
telegram-cdn.org # NO_RESOLVE
telegram.dev # NO_RESOLVE
telegrum.ru # NO_RESOLVE
telehub.org # NO_RESOLVE
telekanalyonlain.ru # NO_RESOLVE
telekritika.ua # TLD_UA
teleportal.ua # TLD_UA
teleprogramma-film.site # NO_RESOLVE
teleskopu.com.ua # TLD_UA
telespec.ru # NO_RESOLVE
telhermes.com # NO_RESOLVE
telinksla.com # NO_RESOLVE
telio.kz # NO_RESOLVE
telsaspace-x.com # NO_RESOLVE
tema.in.ua # TLD_UA
temon-gter.cfd # NO_RESOLVE
templatezone.ru # NO_RESOLVE
tempotimor.com # NO_RESOLVE
temza.site # NO_RESOLVE
tenaro.icu # NO_RESOLVE
tenboost.ru # NO_RESOLVE
tenec.bz # NO_RESOLVE
tenec.es # NO_RESOLVE
tenec.group # NO_RESOLVE
tenec.guru # NO_RESOLVE
tenec.li # NO_RESOLVE
tenec.life # NO_RESOLVE
tenec.link # NO_RESOLVE
tenec.name # NO_RESOLVE
tenec.news # NO_RESOLVE
tenec.one # NO_RESOLVE
tenec.pro # NO_RESOLVE
tenec.team # NO_RESOLVE
tenec.top # NO_RESOLVE
tenec.uk # NO_RESOLVE
tenec.vip # NO_RESOLVE
tenec.work # NO_RESOLVE
tengcrb.ru # NO_RESOLVE
tennis-burg.ru # NO_RESOLVE
tenora.ru # NO_RESOLVE
tensorhold.com # NO_RESOLVE
tentacleporn.net # NO_RESOLVE
tenti.in.ua # TLD_UA
teologusnok.hu # NO_RESOLVE
teotor.ru # NO_RESOLVE
teplicy-ekaterinburg.su # NO_RESOLVE
teplohouse24.ru # NO_RESOLVE
teplydom-23.ru # NO_RESOLVE
teracoin.cc # NO_RESOLVE
terapevtik.online # NO_RESOLVE
terapevtik.ru # NO_RESOLVE
terapija.swezhak-2025.art # TOO_MANY_DIGITS (4)
terem174.ru # NO_RESOLVE
teremok-nt.ru # NO_RESOLVE
terenkollibrary.kz # NO_RESOLVE
terexholdings.com # NO_RESOLVE
teriberka51.ru # NO_RESOLVE
terinanelson.ca # NO_RESOLVE
termalstar.com.ua # TLD_UA
terman-s.ru # NO_RESOLVE
termech.ru # NO_RESOLVE
terminator-3.online # NO_RESOLVE
terminator-3.ru # NO_RESOLVE
terminator43.ru # NO_RESOLVE
terminatorgenisys.ru # NO_RESOLVE
termo-ng.ru # NO_RESOLVE
ternopoliany.te.ua # TLD_UA
terracrestholdings.com # NO_RESOLVE
territoria75.ru # NO_RESOLVE
territorydrive.ru # NO_RESOLVE
tervin-axorium-app.com # NO_RESOLVE
tes-invsments.com # NO_RESOLVE
tesemka.com # NO_RESOLVE
teslacexstockgroup.net # NO_RESOLVE
teslafuturisticstocks.com # NO_RESOLVE
teslaminingprogram.com # NO_RESOLVE
teslapathfinder.com # NO_RESOLVE
teslatradingplatform.com # NO_RESOLVE
teslavaultx.com # NO_RESOLVE
teslavestinc.org # NO_RESOLVE
teslaxstocks.com # NO_RESOLVE
teslivetrd.com # NO_RESOLVE
tesovo4adm.ru # NO_RESOLVE
tessotoint.ru # NO_RESOLVE
test-help.ru # NO_RESOLVE
test.jaff.site # NO_RESOLVE
test.xn----7sbbas7adbh1ak4hek1gg.xn--p1ai # TOO_MANY_DIGITS (6)
testlib.meta.ua # TLD_UA
tesx.offinfs.site # NO_RESOLVE
tevascam.tabfilm.sbs # NO_RESOLVE
tevasclick.tabfilm.sbs # NO_RESOLVE
tevasone.tabfilm.sbs # NO_RESOLVE
tevasz.tabfilm.sbs # NO_RESOLVE
tevos-multfilms.ru # NO_RESOLVE
tevyrou7.ru # NO_RESOLVE
texocmotpa.net # NO_RESOLVE
texosmotronlinedv.ru # NO_RESOLVE
texstar-nsk.ru # NO_RESOLVE
textbooks1-11.ru # NO_RESOLVE
textsecure-service-ca.whispersystems.org # NO_RESOLVE
textsecure-service.whispersystems.org # NO_RESOLVE
texty.org.ua # TLD_UA
tezosepicor-soft.com # NO_RESOLVE
tfbzaim.ru # NO_RESOLVE
tfile1.cc # NO_RESOLVE
tg-adult.com # NO_RESOLVE
tgchatbot.shop # NO_RESOLVE
tggepaneta.ru # NO_RESOLVE
tgmssg.ru # NO_RESOLVE
tgsport.ru # NO_RESOLVE
tgunoptics.ru # NO_RESOLVE
thaicounsel.com # NO_RESOLVE
thailandhome.ru # NO_RESOLVE
thaipattaraspa.ru # NO_RESOLVE
thaiway13.ru # NO_RESOLVE
thalivancesoftware.com # NO_RESOLVE
thames-ai.net # NO_RESOLVE
thatmate.com # NO_RESOLVE
the-battle.club # NO_RESOLVE
the-boys.org # NO_RESOLVE
the-cinema.blog # NO_RESOLVE
the-cinema.net # NO_RESOLVE
the-cinema4.online # NO_RESOLVE
the-cult.com.ua # TLD_UA
the-dog-collection.ru # NO_RESOLVE
the-dog-house.org # NO_RESOLVE
the-lichi.online # NO_RESOLVE
the-lichi.ru # NO_RESOLVE
the-minecraft.ru # NO_RESOLVE
the-pasport.com # NO_RESOLVE
the-pasportist.com # NO_RESOLVE
the-village-kz.com # NO_RESOLVE
theadverland.com # NO_RESOLVE
theatreyalta.com.ua # TLD_UA
thebeatlesfest.ru # NO_RESOLVE
thebouldergardens.com # NO_RESOLVE
thebuchacity.com.ua # TLD_UA
thedaddy.top # NO_RESOLVE
thedigitalsuccesspartner.com # NO_RESOLVE
thedowjonesindustrialaverage.org # NO_RESOLVE
theelitegainers.com # NO_RESOLVE
thefinivex.com # NO_RESOLVE
thefirst-crew.ru # NO_RESOLVE
thefortross.ru # NO_RESOLVE
thefuturehealthsolutions.com # NO_RESOLVE
thegreenkart.com # NO_RESOLVE
thegserwfwerg.pro # NO_RESOLVE
thegutuproject.com # NO_RESOLVE
thehiddenbay.com # NO_RESOLVE
thehomesport.com # NO_RESOLVE
thehousenewsbloggers.net # NO_RESOLVE
theibcexplained.com # NO_RESOLVE
theins.club # NO_RESOLVE
theinsider.digital # NO_RESOLVE
theinsider.life # NO_RESOLVE
thekingofdomains1.com # NO_RESOLVE
thekingofdomains10.com # NO_RESOLVE
thekingofdomains12.com # NO_RESOLVE
thekingofdomains13.com # NO_RESOLVE
thekingofdomains2.com # NO_RESOLVE
thekingofdomains3.com # NO_RESOLVE
thekingofdomains5.com # NO_RESOLVE
thekingofdomains6.com # NO_RESOLVE
thekingofdomains7.com # NO_RESOLVE
thekingofdomains8.com # NO_RESOLVE
thekingofdomains9.com # NO_RESOLVE
thekokiris.net # NO_RESOLVE
thelocalorb.com # NO_RESOLVE
themestudio.support # NO_RESOLVE
themilfmovies.pro # NO_RESOLVE
thenaturism.xyz # NO_RESOLVE
thenewrisingsun.net # NO_RESOLVE
thenude.cc # NO_RESOLVE
theopennet.ru # NO_RESOLVE
thepage.ua # TLD_UA
thephoto.bar # NO_RESOLVE
thepiratebay.help # NO_RESOLVE
thepiratebay.unblockninja.com # NO_RESOLVE
thepiratebay0.org # NO_RESOLVE
thepragmatictech.com # NO_RESOLVE
theproductcool.com # NO_RESOLVE
therealworldelites.com # NO_RESOLVE
thetanexaflow-system.com # NO_RESOLVE
thetanexaflowsystem.com # NO_RESOLVE
thetoro-global.com # NO_RESOLVE
thetsarapinoff.ru # NO_RESOLVE
theveyltronpulseapp.com # NO_RESOLVE
thevideoporn.pro # NO_RESOLVE
thezenmarket.com # NO_RESOLVE
thies.city # NO_RESOLVE
thinkandplan.com # NO_RESOLVE
thinkell.com # NO_RESOLVE
thompsonbd.com # NO_RESOLVE
thothd.to # NO_RESOLVE
thothub.ch # NO_RESOLVE
thrones-tv.su # NO_RESOLVE
thrybeam.com # NO_RESOLVE
thunder-vpn.info # NO_RESOLVE
tiea.info # NO_RESOLVE
tiger-team.ru # NO_RESOLVE
tight-twats.com # NO_RESOLVE
tigre-de-cristal.ru # NO_RESOLVE
tigredecristall.ru # NO_RESOLVE
tigytey4.ru # NO_RESOLVE
tih24.biz # NO_RESOLVE
tihaya-pristan31.ru # NO_RESOLVE
tihoe-mesto-film.ru # NO_RESOLVE
tihvin.teatr-travel.ru # NO_RESOLVE
tihvinskiyhram.ru # NO_RESOLVE
tik-tokapi.com # NO_RESOLVE
tikkuo5.com # NO_RESOLVE
tiktokcdn-eu.com # NO_RESOLVE
tiktokcdn-us.com # NO_RESOLVE
tiktokcdn.com # NO_RESOLVE
tiktokd.net # NO_RESOLVE
tiktokd.org # NO_RESOLVE
tiktokeu-cdn.com # NO_RESOLVE
tiktokrow-cdn.com # NO_RESOLVE
tiktokv.eu # NO_RESOLVE
tiktokv.us # NO_RESOLVE
tiktokw.eu # NO_RESOLVE
tiktokw.us # NO_RESOLVE
time-nk.ru # NO_RESOLVE
time-nord.ru # NO_RESOLVE
time-to-live.online # NO_RESOLVE
time-to-live.ru # NO_RESOLVE
time.apple.com # NO_RESOLVE
timeatapp.com # NO_RESOLVE
times.kharkiv.ua # TLD_UA
timezaim.ru # NO_RESOLVE
timokhov.ru # NO_RESOLVE
timora.info # NO_RESOLVE
tingasof.com # NO_RESOLVE
tingered.ru # NO_RESOLVE
tinkantrust.com # NO_RESOLVE
tins-western.ru # NO_RESOLVE
tinycuti.top # NO_RESOLVE
tionseltes.ru # NO_RESOLVE
tip-top-127.58e.top # TOO_MANY_DIGITS (5)
tip-top-139.18t.click # TOO_MANY_DIGITS (5)
tip-top-190.t21.buzz # TOO_MANY_DIGITS (5)
tip-top-191.t30.buzz # TOO_MANY_DIGITS (5)
tip-top-192.t18.buzz # TOO_MANY_DIGITS (5)
tip-top-21.nv-school.ru # NO_RESOLVE
tip-top-23.admshodroda.ru # NO_RESOLVE
tip-top-257.321w.buzz # TOO_MANY_DIGITS (6)
tip.herrutor.site # NO_RESOLVE
tippy-51.91cas.buzz # TOO_MANY_DIGITS (4)
tippy.a105.ru # NO_RESOLVE
tippy.q107.ru # NO_RESOLVE
tiptop-vpn.net # NO_RESOLVE
tirscope-in.com # NO_RESOLVE
tisap.ru # NO_RESOLVE
tisyacha-rubley.fun # NO_RESOLVE
titoarcanum.kz # NO_RESOLVE
titren-oly.ru # NO_RESOLVE
tittan.io # NO_RESOLVE
tiuto-volf.online # NO_RESOLVE
tiuto-volf.ru # NO_RESOLVE
tiveil.com # NO_RESOLVE
tivoraboostai.com # NO_RESOLVE
tivoraboostai.org # NO_RESOLVE
tjqhnxavoqiurgsj.g2jweym2z70h.live # TOO_MANY_DIGITS (4)
tjseks.ru # NO_RESOLVE
tk-avtoglobal.ru # NO_RESOLVE
tk-chernozem.ru # NO_RESOLVE
tk-gd.ru # NO_RESOLVE
tk-mtk.ru # NO_RESOLVE
tk-online.ru # NO_RESOLVE
tk-pir.ru # NO_RESOLVE
tk-tender.ru # NO_RESOLVE
tk.stratogig.online # NO_RESOLVE
tkec.com.tw # NO_RESOLVE
tkkursk.ru # NO_RESOLVE
tkra1.co # NO_RESOLVE
tkra27.at # NO_RESOLVE
tkra32.cc # NO_RESOLVE
tkrm.me # NO_RESOLVE
tkrn1.at # NO_RESOLVE
tkrn2.at # NO_RESOLVE
tkssfg.ru # NO_RESOLVE
tktube.com # NO_RESOLVE
tlkmost.ru # NO_RESOLVE
tlookup.ru # NO_RESOLVE
tm-til.world # NO_RESOLVE
tmarketsglobal.com # NO_RESOLVE
tmatchup.com # NO_RESOLVE
tmcinfo.com.ua # TLD_UA
tmg-training.org.ua # TLD_UA
tmg110.tripod.com # NO_RESOLVE
tmgvpn.info # NO_RESOLVE
tmi-vrn.ru # NO_RESOLVE
tmo-sizdnr.ru # NO_RESOLVE
tmt-vpn.shop # NO_RESOLVE
to.hd-1080.online # TOO_MANY_DIGITS (4)
to.hd-videobox.online # NO_RESOLVE
tobacco.net.ua # TLD_UA
tobaccos247.com # NO_RESOLVE
tobitacco.net # NO_RESOLVE
tobtab.ru # NO_RESOLVE
tochka24.io # NO_RESOLVE
today-litvin.uaeaid.agency # NO_RESOLVE
today.ua # TLD_UA
togisklub.ru # NO_RESOLVE
togozine.com # NO_RESOLVE
toibiznes.kz # NO_RESOLVE
tok-ukv.ru # NO_RESOLVE
tokapoke56.ru # NO_RESOLVE
tokeitnow.com # NO_RESOLVE
tokentact-software.com # NO_RESOLVE
toktv.ru # NO_RESOLVE
tokyo-magnitude-madoka-jut-su.ru # NO_RESOLVE
tolfexsoftware.com # NO_RESOLVE
toltec.me # NO_RESOLVE
tolviadaocoin.com # NO_RESOLVE
tolyatti.teatr-travel.ru # NO_RESOLVE
tomas-school.ru # NO_RESOLVE
tomato.ua # TLD_UA
tomatych.ru # NO_RESOLVE
tomi100.com # NO_RESOLVE
tomitin.ru # NO_RESOLVE
tomper16.net # NO_RESOLVE
tomscot.org # NO_RESOLVE
tomsk-rogwu.ru # NO_RESOLVE
tomskf.vipster.net # NO_RESOLVE
tomskiyjerry24.biz # NO_RESOLVE
tomvsjerry.world # NO_RESOLVE
toneit.icu # NO_RESOLVE
toneplaza.com # NO_RESOLVE
tonile.ru # NO_RESOLVE
tonnestreamz.xyz # NO_RESOLVE
tonus38.ru # NO_RESOLVE
tonuz.net # NO_RESOLVE
toonclash.com # NO_RESOLVE
top.baletmoskva.ru # NO_RESOLVE
top.filmshd.top # NO_RESOLVE
top.hd-1080.online # TOO_MANY_DIGITS (4)
top.sigioptom.shop # NO_RESOLVE
topassetholdings.com # NO_RESOLVE
topbest.work # NO_RESOLVE
topchik.site # NO_RESOLVE
topcryptomade.com # NO_RESOLVE
topdiski.ru # NO_RESOLVE
topdoramy.online # NO_RESOLVE
topfilmonline.ru # NO_RESOLVE
topfilms.org # NO_RESOLVE
topfinhold.com # NO_RESOLVE
topfotoprikol.ru # NO_RESOLVE
topfreepornvideos.com # NO_RESOLVE
topgameess.ru # NO_RESOLVE
topgol1.live # NO_RESOLVE
topgreen.space # NO_RESOLVE
topketamine.shop # NO_RESOLVE
topkpd.ru # NO_RESOLVE
toples.click # NO_RESOLVE
topmanhwa.me # NO_RESOLVE
topmarket-ltd.top # NO_RESOLVE
topnews.cn.ua # TLD_UA
topnews.kiev.ua # TLD_UA
topnews.odessa.ua # TLD_UA
topnews.pl.ua # TLD_UA
topnews.vn.ua # TLD_UA
topnews.zp.ua # TLD_UA
topnlp.ru # NO_RESOLVE
toponymic-dictionary.in.ua # TLD_UA
topor.od.ua # TLD_UA
toppertrading.org # NO_RESOLVE
topporno.top # NO_RESOLVE
toppornofotki.com # NO_RESOLVE
toppornovideos.link # NO_RESOLVE
toppornovideos.net # NO_RESOLVE
toprekord.cc # NO_RESOLVE
toprekord.com # NO_RESOLVE
toprupornovideos.top # NO_RESOLVE
topshop-1311.top # TOO_MANY_DIGITS (4)
topshop1255.top # TOO_MANY_DIGITS (4)
topsonline.top # NO_RESOLVE
topturk.fun # NO_RESOLVE
tor-lafa.ru # NO_RESOLVE
tor-mega.cc # NO_RESOLVE
tor-omg.cc # NO_RESOLVE
tor.hd-1080.online # TOO_MANY_DIGITS (4)
tor.hdtorrent.ru # NO_RESOLVE
tor.megasbmarketdark.net # NO_RESOLVE
tor.sigioptom.shop # NO_RESOLVE
torbaza.cc # NO_RESOLVE
torchspirit.icu # NO_RESOLVE
torflix.ru # NO_RESOLVE
torgoviy-dvor.ru # NO_RESOLVE
torgtrailers.ru # NO_RESOLVE
torivnori.ru # NO_RESOLVE
toriyami.ru # NO_RESOLVE
torkency.icu # NO_RESOLVE
torkrn.cc # NO_RESOLVE
torque-min.co # NO_RESOLVE
torrent-3vyk.site # NO_RESOLVE
torrent-best.net # NO_RESOLVE
torrent-games.rip # NO_RESOLVE
torrent-igri.club # NO_RESOLVE
torrent-mechanics.net # NO_RESOLVE
torrent-track.net # NO_RESOLVE
torrent-windows.club # NO_RESOLVE
torrentbox.xyz # NO_RESOLVE
torrentfilm.club # NO_RESOLVE
torrentfunk.piracyproxy.net # NO_RESOLVE
torrenticamuz.ru # NO_RESOLVE
torrentino.website # NO_RESOLVE
torrentradar.at.ua # TLD_UA
torrents-club.info # NO_RESOLVE
torrentsland.com.ua # TLD_UA
torrentvhd.biz # NO_RESOLVE
torrifilms.top # NO_RESOLVE
torrifilms1.online # NO_RESOLVE
tortures.org.ua # TLD_UA
torusyapi.ru # NO_RESOLVE
torvimo.xyz # NO_RESOLVE
toshkanews.net # NO_RESOLVE
tosvet.ru # NO_RESOLVE
totalsexy.top # NO_RESOLVE
totalwars.net # NO_RESOLVE
totalwars.online # NO_RESOLVE
totalwars.pro # NO_RESOLVE
totblack.biz # NO_RESOLVE
totelesti.com # NO_RESOLVE
totem-steak.online # NO_RESOLVE
totem.kherson.ua # TLD_UA
totsamy.ru # NO_RESOLVE
touchvpn.info # NO_RESOLVE
tour-bulgary.ru # NO_RESOLVE
tour-start.ru # NO_RESOLVE
tour.sebastopol.ua # TLD_UA
tourism-kuzbass.online # NO_RESOLVE
tourism-kuzbass.ru # NO_RESOLVE
tourrs.ru # NO_RESOLVE
tourtoisiemusic.com # NO_RESOLVE
tovaro-obzor.ru # NO_RESOLVE
toy-zone.online # NO_RESOLVE
toyo-mm.ru # NO_RESOLVE
toysstoreshop.click # NO_RESOLVE
tpb-visit.me # NO_RESOLVE
tpbs.website # NO_RESOLVE
tpelafcrcvitwmjf.l9ne2zvsqm5v.monster # NO_RESOLVE
tpk-agroportal.ru # NO_RESOLVE
tpmp3.org # NO_RESOLVE
tpt-zverevo.ru # NO_RESOLVE
tpylixmb.com # NO_RESOLVE
tr15.vide365.com # TOO_MANY_DIGITS (5)
traceform.digital # NO_RESOLVE
track-kionex-xp.com # NO_RESOLVE
trackavapronx-platform.com # NO_RESOLVE
trackavapronxplatform.com # NO_RESOLVE
trackeroc.site # NO_RESOLVE
trackwebsync.xyz # NO_RESOLVE
tractor-driver.ru # NO_RESOLVE
tradenet.com.tn # NO_RESOLVE
tradifix.com # NO_RESOLVE
trading.ww-brokers.com # NO_RESOLVE
trading212brokerage.com # NO_RESOLVE
tradingcopystock.org # NO_RESOLVE
tradingia.net # NO_RESOLVE
tradingmask.com # NO_RESOLVE
tradingmaxedge.com # NO_RESOLVE
tradingplatform.live # NO_RESOLVE
tradingrepublicltd.com # NO_RESOLVE
tradingsahamvip.com # NO_RESOLVE
tradingsmarketday.com # NO_RESOLVE
tradingstakes-explorer.com # NO_RESOLVE
tradingvector.online # NO_RESOLVE
tradingxminds.net # NO_RESOLVE
tradinorixsolution.com # NO_RESOLVE
tradixis.net # NO_RESOLVE
tradnances.com # NO_RESOLVE
tradvaultinc.com # NO_RESOLVE
tradxvault.com # NO_RESOLVE
traffic-dxn.com # NO_RESOLVE
traffic-fft.com # NO_RESOLVE
traffic-mpp.com # NO_RESOLVE
traffic-tci.com # NO_RESOLVE
traffic-vnc.com # NO_RESOLVE
trafficpro.io # NO_RESOLVE
trahnul.info # NO_RESOLVE
trahnul.xyz # NO_RESOLVE
trailers15.vide365.com # TOO_MANY_DIGITS (5)
traktor-orel.ru # NO_RESOLVE
traktorypsm.top # NO_RESOLVE
traktorzz.top # NO_RESOLVE
trancevich.ru # NO_RESOLVE
trand24.biz # NO_RESOLVE
trannypornvideos.cc # NO_RESOLVE
trans-clips.com # NO_RESOLVE
transbeme.com # NO_RESOLVE
transcom.gov.zw # NO_RESOLVE
transendglobaltrading.com # NO_RESOLVE
transiki.im # NO_RESOLVE
transiki.in # NO_RESOLVE
transliftregion.ru # NO_RESOLVE
transport.in.ua # TLD_UA
transushka.art # NO_RESOLVE
transushka.cc # NO_RESOLVE
transych.cc # NO_RESOLVE
transymoskvy2.ru # NO_RESOLVE
transymoskvy555.com # NO_RESOLVE
transymoskvy5555.com # TOO_MANY_DIGITS (4)
travel-russian.ru # NO_RESOLVE
travelbusiness.school # NO_RESOLVE
travelerscoffee75.ru # NO_RESOLVE
travynex-soft.com # NO_RESOLVE
travynex-solution.com # NO_RESOLVE
travynexsolution.com # NO_RESOLVE
traxmine.net # NO_RESOLVE
traxvideos.com # NO_RESOLVE
traxvideos2.com # NO_RESOLVE
traxxasru.online # NO_RESOLVE
traybreeze.com # NO_RESOLVE
traycover.com # NO_RESOLVE
trayvent.com # NO_RESOLVE
trb.in.ua # TLD_UA
trbtsysystem.com # NO_RESOLVE
trd.ai2-coins.com # NO_RESOLVE
trdxinsight.click # NO_RESOLVE
treal-avto.ru # NO_RESOLVE
treariva.click # NO_RESOLVE
treasuredigi.com # NO_RESOLVE
treblenta.com # NO_RESOLVE
trebloom.com # NO_RESOLVE
treblossia.com # NO_RESOLVE
trebree.com # NO_RESOLVE
trebreez.com # NO_RESOLVE
trebreeza.com # NO_RESOLVE
trebreezy.com # NO_RESOLVE
tredenex-vision-ai.com # NO_RESOLVE
trel-kion.world # NO_RESOLVE
trelenta.com # NO_RESOLVE
trelighte.com # NO_RESOLVE
trelivia.com # NO_RESOLVE
trelkion.pro # NO_RESOLVE
treloriae.com # NO_RESOLVE
trelumen.com # NO_RESOLVE
trelumeny.com # NO_RESOLVE
trend.lwinpyin.com # NO_RESOLVE
trendeloraa.com # NO_RESOLVE
trendi.live # NO_RESOLVE
trending.network # NO_RESOLVE
trendinvesst.nov.ru # NO_RESOLVE
trendinvesst.nov.su # NO_RESOLVE
trendinvesst.pp.ru # NO_RESOLVE
trends247options.org # NO_RESOLVE
trendzxyz.xyz # NO_RESOLVE
trenmaster.ru # NO_RESOLVE
treobliss.click # NO_RESOLVE
treoglow.click # NO_RESOLVE
trest-5.ru # NO_RESOLVE
tretment.ru # NO_RESOLVE
trezioncoregpt.org # NO_RESOLVE
triada-centr.online # NO_RESOLVE
triada-centr.ru # NO_RESOLVE
tribalsp.ru # NO_RESOLVE
tribun.com.ua # TLD_UA
tributa.ru # NO_RESOLVE
triconfinance.com # NO_RESOLVE
trikota-opt.ru # NO_RESOLVE
trikotag-lv.ru # NO_RESOLVE
trillionsexpertsignals.top # NO_RESOLVE
trinity-dao.com # NO_RESOLVE
trinity-ekb.ru # NO_RESOLVE
trinz.ru # NO_RESOLVE
triomeat.ru # NO_RESOLVE
trip-by-click.com # NO_RESOLVE
tripmaster.biz # NO_RESOLVE
trips1.co # NO_RESOLVE
trips13.co # NO_RESOLVE
trips16.co # NO_RESOLVE
trips2.co # NO_RESOLVE
trips23.co # NO_RESOLVE
trips28.co # NO_RESOLVE
trips59.cc # NO_RESOLVE
trips61.cc # NO_RESOLVE
trips61.co # NO_RESOLVE
trips63.co # NO_RESOLVE
tripscan17.com # NO_RESOLVE
tripscan33.top # NO_RESOLVE
tripscancc30.top # NO_RESOLVE
tritentexchange.com # NO_RESOLVE
triumphglobalassets.com # NO_RESOLVE
triveavip.com # NO_RESOLVE
triverdom.com # NO_RESOLVE
triverdon.com # NO_RESOLVE
trivevip.com # NO_RESOLVE
trivixfin-pro.com # NO_RESOLVE
trivo-nar.info # NO_RESOLVE
trkgo.co # NO_RESOLVE
trodat.kiev.ua # TLD_UA
tron-cap.cc # NO_RESOLVE
tron-new.cc # NO_RESOLVE
tron-pay.website # NO_RESOLVE
tron24.pw # NO_RESOLVE
tronexbeam-app.com # NO_RESOLVE
troneza.icu # NO_RESOLVE
troneza.top # NO_RESOLVE
tronlegendary.tech # NO_RESOLVE
tronminer.pro # NO_RESOLVE
tronstars.site # NO_RESOLVE
troykats.ru # NO_RESOLVE
trt456.ru # NO_RESOLVE
trubochist-1.ru # NO_RESOLVE
truckerschool.ru # NO_RESOLVE
trudovayaknigka.ru # NO_RESOLVE
true-detective.xyz # NO_RESOLVE
true-motor.ru # NO_RESOLVE
true-naturists.com # NO_RESOLVE
true-psy.ru # NO_RESOLVE
true-tech-hack.ru # NO_RESOLVE
truebluetradingapp.com # NO_RESOLVE
trustcard.top # NO_RESOLVE
trustedgetds.live # NO_RESOLVE
trusteeelitelimited.com # NO_RESOLVE
trustfex.com # NO_RESOLVE
trustkernai-soft.com # NO_RESOLVE
trustoruzhie.net # NO_RESOLVE
trustpathinc.com # NO_RESOLVE
truststonewealth.org # NO_RESOLVE
trustsynmarkets.com # NO_RESOLVE
trustyieldusdt.com # NO_RESOLVE
trx-max.cc # NO_RESOLVE
trybestredirect.com # NO_RESOLVE
trybuna.sumy.ua # TLD_UA
tryd-6345.okis.ru # TOO_MANY_DIGITS (4)
tryggbitrow.net # NO_RESOLVE
trygserwfwerg.pro # NO_RESOLVE
trypok.ru # NO_RESOLVE
tryxnxx.com # NO_RESOLVE
tsax.offinfs.site # NO_RESOLVE
tsc17.ru # NO_RESOLVE
tscake.chat # NO_RESOLVE
tse.grandd.xyz # NO_RESOLVE
tsharepro.com # NO_RESOLVE
tsi-company.top # NO_RESOLVE
tsip1974.com # TOO_MANY_DIGITS (4)
tsipulina.online # NO_RESOLVE
tsipulina.ru # NO_RESOLVE
tsk-rost.ru # NO_RESOLVE
tsk23.ru # NO_RESOLVE
tslastockmarket.com # NO_RESOLVE
tslworldprogram.com # NO_RESOLVE
tsn.ua # TLD_UA
tsor76.ru # NO_RESOLVE
tss-gk.ru # NO_RESOLVE
tsscake24.biz # NO_RESOLVE
tssdnews.com.tw # NO_RESOLVE
tsu.fund # NO_RESOLVE
tsuvani.ru # NO_RESOLVE
tsvetnov.ru # NO_RESOLVE
tt-dance.ru # NO_RESOLVE
ttlivecdn.com # NO_RESOLVE
ttoverseaus.net # NO_RESOLVE
ttwstatic.com # NO_RESOLVE
tualetkabina.ru # NO_RESOLVE
tubaskan.ru # NO_RESOLVE
tube2.me # NO_RESOLVE
tube2000.com # TOO_MANY_DIGITS (4)
tube4cum.com # NO_RESOLVE
tubeanalporn.net # NO_RESOLVE
tubemilf.me # NO_RESOLVE
tubepleasure.top # NO_RESOLVE
tubfund.ru # NO_RESOLVE
tubsan.ru # NO_RESOLVE
tuchimars.ru # NO_RESOLVE
tuffo.ru # NO_RESOLVE
tugorsan.ru # NO_RESOLVE
tula.vipster.net # NO_RESOLVE
tulskaya-shahmatnaya-gostinaya.ru # NO_RESOLVE
tultarbon.ru # NO_RESOLVE
tuman-bist.ru # NO_RESOLVE
tumastery.online # NO_RESOLVE
tumastery.ru # NO_RESOLVE
tumin-savo.ru # NO_RESOLVE
tumologsy.online # NO_RESOLVE
tumologsy.ru # NO_RESOLVE
tuneup.icu # NO_RESOLVE
tunivisions.net # NO_RESOLVE
tunnelguru.com # NO_RESOLVE
tunovault.com # NO_RESOLVE
tuns-long.ru # NO_RESOLVE
tupolis-mir.ru # NO_RESOLVE
tupperware54.ru # NO_RESOLVE
tur-info1.ru # NO_RESOLVE
turakademia.ru # NO_RESOLVE
turbaza123.ru # NO_RESOLVE
turclub-pinagor.ru # NO_RESOLVE
turcomfort.ru # NO_RESOLVE
tureckie-avialinii.ru # NO_RESOLVE
turin.kz # NO_RESOLVE
turk1tv.site # NO_RESOLVE
turka-lounge.ru # NO_RESOLVE
turkbaza.lol # NO_RESOLVE
turkcinema.bar # NO_RESOLVE
turkcinema.link # NO_RESOLVE
turkcinema.site # NO_RESOLVE
turkdom.lol # NO_RESOLVE
turkey-gt.ru # NO_RESOLVE
turkeycinema.ru # NO_RESOLVE
turkfilm.mom # NO_RESOLVE
turkhan.my # NO_RESOLVE
turkiry.net # NO_RESOLVE
turkishdirect.com # NO_RESOLVE
turkishtv.mobi # NO_RESOLVE
turkline.my # NO_RESOLVE
turklive.my # NO_RESOLVE
turkmax.my # NO_RESOLVE
turkmonstr.my # NO_RESOLVE
turkmor.my # NO_RESOLVE
turknova.my # NO_RESOLVE
turkovfans.online # NO_RESOLVE
turkru.click # NO_RESOLVE
turkru.sbs # NO_RESOLVE
turkser.top # NO_RESOLVE
turkshowtime.my # NO_RESOLVE
turksun.org # NO_RESOLVE
turktop.my # NO_RESOLVE
turkvideo.lat # NO_RESOLVE
turkworld.my # NO_RESOLVE
turnir999.sbs # NO_RESOLVE
turok-tv.live # NO_RESOLVE
turok-tv4.club # NO_RESOLVE
turok-tv5.club # NO_RESOLVE
turok-tv6x.club # NO_RESOLVE
turok.club # NO_RESOLVE
turok1990.net # TOO_MANY_DIGITS (4)
turokiru.top # NO_RESOLVE
turokone.my # NO_RESOLVE
turoktv.sbs # NO_RESOLVE
turoktv1.ru # NO_RESOLVE
turoktvx13.online # NO_RESOLVE
turoktvx14.online # NO_RESOLVE
turoktvx15.online # NO_RESOLVE
turoktvx16.online # NO_RESOLVE
turokvsem.online # NO_RESOLVE
turoseldy.ru # NO_RESOLVE
tursova.ru # NO_RESOLVE
tursportrg.ru # NO_RESOLVE
turyvmurmansk.ru # NO_RESOLVE
turzem.ru # NO_RESOLVE
tusaykt.ru # NO_RESOLVE
tut.kupit-mef.online # NO_RESOLVE
tut.kupit-mef.ru # NO_RESOLVE
tut.sigioptom.shop # NO_RESOLVE
tut.weekfilm.online # NO_RESOLVE
tutankhamun.site # NO_RESOLVE
tutdobro.ru # NO_RESOLVE
tutfilmov.com # NO_RESOLVE
tuvapak.ru # NO_RESOLVE
tuvels.ru # NO_RESOLVE
tuxautostock.com # NO_RESOLVE
tuxy.com.ru # NO_RESOLVE
tuxy.spb.ru # NO_RESOLVE
tuyana.ru # NO_RESOLVE
tuzdes.cc # NO_RESOLVE
tuzinfm.by # NO_RESOLVE
tv-99.com # NO_RESOLVE
tv-hub.top # NO_RESOLVE
tv-nastroy.com # NO_RESOLVE
tv-nastroyka.ru # NO_RESOLVE
tv-prost.ru # NO_RESOLVE
tv-region.ru # NO_RESOLVE
tv-russians.online # NO_RESOLVE
tv-show-online.ru # NO_RESOLVE
tv-turkru.ru # NO_RESOLVE
tv-vybor.ru # NO_RESOLVE
tv.films2022.club # TOO_MANY_DIGITS (4)
tv.filmshd.top # NO_RESOLVE
tv.hdkinolife.store # NO_RESOLVE
tv.hdseria.cfd # NO_RESOLVE
tv.hdvidon.store # NO_RESOLVE
tv.kinkinkin.help # NO_RESOLVE
tv.novibox.fun # NO_RESOLVE
tv.series4watch.online # NO_RESOLVE
tv.seriesclub.sbs # NO_RESOLVE
tv.seriyahd.cyou # NO_RESOLVE
tv.turks-hd.online # NO_RESOLVE
tv.turkserkino.online # NO_RESOLVE
tv.ua # TLD_UA
tv.zona1.mom # NO_RESOLVE
tv1.sh385.cc # TOO_MANY_DIGITS (4)
tv1.zona1.mom # NO_RESOLVE
tv2.ditonton.dev # NO_RESOLVE
tv2.sh385.cc # TOO_MANY_DIGITS (4)
tv2.tv-online.icu # NO_RESOLVE
tv2.zona1.mom # NO_RESOLVE
tv3.doramalive.co # NO_RESOLVE
tv3.sh385.cc # TOO_MANY_DIGITS (4)
tv3.zona1.mom # NO_RESOLVE
tv4.zona1.mom # NO_RESOLVE
tv5.zp.ua # TLD_UA
tv500.ru # NO_RESOLVE
tv6.zona1.mom # NO_RESOLVE
tv7.ua # TLD_UA
tv8.zona1.mom # NO_RESOLVE
tv9.zona1.mom # NO_RESOLVE
tva.in.ua # TLD_UA
tva.org.ua # TLD_UA
tvarina.ru # NO_RESOLVE
tverhtk.ru # NO_RESOLVE
tvhcd.com # NO_RESOLVE
tvhol.ru # NO_RESOLVE
tvhub.icu # NO_RESOLVE
tvhub.today # NO_RESOLVE
tvhub.world # NO_RESOLVE
tvm-mena.com # NO_RESOLVE
tvodoc.ru # NO_RESOLVE
tvojforex.ru # NO_RESOLVE
tvoyastudio.ru # NO_RESOLVE
tvoydom62.ru # NO_RESOLVE
tvoyobzor.ru # NO_RESOLVE
tvpot.daum.net # NO_RESOLVE
tvshow2025.ru # TOO_MANY_DIGITS (4)
tvsport1.com # NO_RESOLVE
tvt.tg # NO_RESOLVE
tvturkru.my # NO_RESOLVE
tvturkru.online # NO_RESOLVE
tvxmedia.ru # NO_RESOLVE
twaves-edge.org # NO_RESOLVE
twimg.com # NO_RESOLVE
twnews.com.ua # TLD_UA
twowportal-news.ru # NO_RESOLVE
tws-shop.ru # NO_RESOLVE
txfs.offinfs.site # NO_RESOLVE
txs.offinfs.site # NO_RESOLVE
txwmnryldjwamtqb.zx7zijikxvj8.xyz # NO_RESOLVE
txxx.me # NO_RESOLVE
txxx.xyz # NO_RESOLVE
txzz.offinfs.site # NO_RESOLVE
tym30yeardome.com # NO_RESOLVE
tymovsk-kums.ru # NO_RESOLVE
tynavocore-system.com # NO_RESOLVE
typosedaxappsolution.com # NO_RESOLVE
tyronyxtrd.live # NO_RESOLVE
tysunyy2.ru # NO_RESOLVE
tytecyu1.ru # NO_RESOLVE
tyumen-metaverse.ru # NO_RESOLVE
tyumen-psy.ru # NO_RESOLVE
tyumen.eilerschool.ru # NO_RESOLVE
tyumen.vipster.net # NO_RESOLVE
tyuremnyy-dnevnik.net # NO_RESOLVE
tyzhden.ua # TLD_UA
u-dacha.com.ua # TLD_UA
u-education.ru # NO_RESOLVE
u-moo.com # NO_RESOLVE
u-news.com.ua # TLD_UA
u-pasport.to # NO_RESOLVE
u-pasports.to # NO_RESOLVE
u-planeta.ru # NO_RESOLVE
u.kompzona.ru # NO_RESOLVE
u.uggepaneta.ru # NO_RESOLVE
u24.gov.ua # TLD_UA
u24.ua # TLD_UA
u2667105.social-lift.pro # TOO_MANY_DIGITS (7)
u6977.ru # TOO_MANY_DIGITS (4)
ua-news.in.ua # TLD_UA
ua-story.com.ua # TLD_UA
ua-zone.biz # NO_RESOLVE
ua.at.ua # TLD_UA
ua.firebro.top # NO_RESOLVE
ua.interfax.com.ua # TLD_UA
ua.pornodom.org # NO_RESOLVE
ua007.com.ua # TLD_UA
ua1.com.ua # TLD_UA
uaebusiness.com # NO_RESOLVE
uaf.ua # TLD_UA
uaheroes.com # NO_RESOLVE
uahosting.com.ua # TLD_UA
ual.ua # TLD_UA
uamusic.com.ua # TLD_UA
uanews.co.ua # TLD_UA
uanews.dp.ua # TLD_UA
uanews.kharkiv.ua # TLD_UA
uanews.net # NO_RESOLVE
uanews.odessa.ua # TLD_UA
uanews.zp.ua # TLD_UA
uarmy-help.com # NO_RESOLVE
uaspeedfilms.club # NO_RESOLVE
uatv.ua # TLD_UA
uaz-kaluga.ru # NO_RESOLVE
uaz-novotekh.ru # NO_RESOLVE
ub.edu.bi # NO_RESOLVE
ub.sochinb.net # NO_RESOLVE
ubop.net.ua # TLD_UA
uborka18.ru # NO_RESOLVE
ubs-2024.ru # TOO_MANY_DIGITS (4)
uc.od.ua # TLD_UA
uc3734.craftum.io # TOO_MANY_DIGITS (4)
uccmma.com # NO_RESOLVE
uchebnik-skachatj-besplatno.com # NO_RESOLVE
uchetunet2.buzz # NO_RESOLVE
uchetunet3.sbs # NO_RESOLVE
uchim63.ru # NO_RESOLVE
uck-l.ru # NO_RESOLVE
ucris.ru # NO_RESOLVE
uctp.ru # NO_RESOLVE
uculture.com.ua # TLD_UA
udametyn.online # NO_RESOLVE
udametyn.ru # NO_RESOLVE
udo-dpo.shop # NO_RESOLVE
udo-sudno.top # NO_RESOLVE
udobeez.online # NO_RESOLVE
udogimsru-xxqjork.top # NO_RESOLVE
udpprof.ru # NO_RESOLVE
uez-mytischi.ru # NO_RESOLVE
ufa-shashlyk.ru # NO_RESOLVE
ufa-ssserena.xyz # NO_RESOLVE
ufa.vipster.net # NO_RESOLVE
ufakonkurs450.ru # NO_RESOLVE
ufaznak.ru # NO_RESOLVE
ufbakupa.ru # NO_RESOLVE
ufc-rpl.online # NO_RESOLVE
ufmgutu.ru # NO_RESOLVE
ugc.ac.in # NO_RESOLVE
ugcc.ua # TLD_UA
ugd2.ru # NO_RESOLVE
ugfwgimb.com # NO_RESOLVE
ugiuseppe.ru # NO_RESOLVE
ugledar.info # NO_RESOLVE
uglichanin-smi.ru # NO_RESOLVE
uglovknife.ru # NO_RESOLVE
ugms14.ru # NO_RESOLVE
ugolok-durova.ru # NO_RESOLVE
ugorod.crimea.ua # TLD_UA
ugorod.dn.ua # TLD_UA
ugorod.kiev.ua # TLD_UA
ugorod.od.ua # TLD_UA
ugsel-pl.fr # NO_RESOLVE
uhd.4kfilm.cyou # NO_RESOLVE
uhrc.org.ua # TLD_UA
uhty.com.ua # TLD_UA
uhvaaimb.com # NO_RESOLVE
uinguirqjwjyynqy.8qaj3npj5q1y.monster # TOO_MANY_DIGITS (4)
uinp.gov.ua # TLD_UA
uip.me # NO_RESOLVE
uipp.org.ua # TLD_UA
uiutnyidom.online # NO_RESOLVE
uiutnyidom.ru # NO_RESOLVE
ujptrbvursmcsnxo.x9r5lrdkfjrp.quest # NO_RESOLVE
ujut-absolut.ru # NO_RESOLVE
uk-chaahol.ru # NO_RESOLVE
uk-dubna.ru # NO_RESOLVE
uk-gorodpark.ru # NO_RESOLVE
uk-status-sp.ru # NO_RESOLVE
ukauk.ru # NO_RESOLVE
ukdmv.ru # NO_RESOLVE
uken.in.ua # TLD_UA
ukirm.net # NO_RESOLVE
ukk.org.ru # NO_RESOLVE
ukladkatrotuarnojplitki.ru # NO_RESOLVE
ukpt-38.ru # NO_RESOLVE
ukqssyoasycrkyim.odb656jnuek8.live # TOO_MANY_DIGITS (4)
ukr-life.com.ua # TLD_UA
ukr.mirfilm.net # NO_RESOLVE
ukr.net # NO_RESOLVE
ukrain.com.ua # TLD_UA
ukrainatoday.com.ua # TLD_UA
ukraine-alpbach.org # NO_RESOLVE
ukraine-elections.com.ua # TLD_UA
ukraine-pulse.com # NO_RESOLVE
ukraine-today.com.ua # TLD_UA
ukraine.com.ua # TLD_UA
ukraine.today.ua # TLD_UA
ukraine.ua # TLD_UA
ukraineconsulting.com.ua # TLD_UA
ukrfashion.com.ua # TLD_UA
ukrgo.com.ua # TLD_UA
ukrinform.ua # TLD_UA
ukrms.com.ua # TLD_UA
ukrn.cc # NO_RESOLVE
ukrnovosti.com.ua # TLD_UA
ukrposhta.ua # TLD_UA
ukrreporter.com.ua # TLD_UA
ukrrudprom.ua # TLD_UA
ukrstag.com.ua # TLD_UA
ul-csvmp.ru # NO_RESOLVE
ulitka-ahatina.ru # NO_RESOLVE
ulitkino.ru # NO_RESOLVE
ulk24.com # NO_RESOLVE
ultiheights.com # NO_RESOLVE
ultimaglobal.co # NO_RESOLVE
ultimate-fund-1000.com # TOO_MANY_DIGITS (4)
ultimateaccuratemarkets.click # NO_RESOLVE
ultimavpn.help # NO_RESOLVE
ultimexpayflux.xyz # NO_RESOLVE
ultracoin-exchange.com # NO_RESOLVE
ultracoinexchangex.com # NO_RESOLVE
ultradox.be # NO_RESOLVE
ultradox.top # NO_RESOLVE
ultraiso-info.ru # NO_RESOLVE
ultrareproduction.com # NO_RESOLVE
ultrcorp.com # NO_RESOLVE
ulyanovsk.tabacoroom.com # NO_RESOLVE
ulyanovsk.vipster.net # NO_RESOLVE
umanfest.in.ua # TLD_UA
umarkets.biz # NO_RESOLVE
umarkets.site # NO_RESOLVE
umblinagltd.com # NO_RESOLVE
umcgochs-kaluga.ru # NO_RESOLVE
umekana.ru # NO_RESOLVE
umeus.ru # NO_RESOLVE
umiya-ledger-system.com # NO_RESOLVE
umkasarov.ru # NO_RESOLVE
umma.in.ua # TLD_UA
umoloda.kiev.ua # TLD_UA
umoloda.kyiv.ua # TLD_UA
ums22.ru # NO_RESOLVE
un4991.craftum.io # TOO_MANY_DIGITS (4)
una-unso.in.ua # TLD_UA
unahunt.com # NO_RESOLVE
unastut.ru # NO_RESOLVE
unblocker.online # NO_RESOLVE
unc.cd # NO_RESOLVE
unc.ua # TLD_UA
undp.org.my # NO_RESOLVE
unesco.mfa.gov.ua # TLD_UA
uni-co.io # NO_RESOLVE
unian.ua # TLD_UA
uniar.com.ua # TLD_UA
unicef.com # NO_RESOLVE
unineuro.ru # NO_RESOLVE
union-mc.ru # NO_RESOLVE
unioncivica.org.uy # NO_RESOLVE
unionporlaesperanza.com # NO_RESOLVE
uniormed-spb.ru # NO_RESOLVE
unitedcapvex.com # NO_RESOLVE
unity-stroy.ru # NO_RESOLVE
univer-2014.ru # TOO_MANY_DIGITS (4)
univer-molodye.com # NO_RESOLVE
univerdesign.ru # NO_RESOLVE
univermolodyenewsm.online # NO_RESOLVE
univermolodyesm.online # NO_RESOLVE
universalcryptooption.com # NO_RESOLVE
universalstockhub.com # NO_RESOLVE
universalvaltrix.live # NO_RESOLVE
universalwealthgroup.com # NO_RESOLVE
unixobeq.xn----7sbbas7adbh1ak4hek1gg.xn--p1ai # TOO_MANY_DIGITS (6)
uniz-coinz.ltd # NO_RESOLVE
unl.ua # TLD_UA
unlim-121.35e.click # TOO_MANY_DIGITS (5)
unlim-83.d27.buzz # TOO_MANY_DIGITS (4)
unlim.1812.games # TOO_MANY_DIGITS (4)
unlim.fun # NO_RESOLVE
unlim20.buzz # NO_RESOLVE
unlim30.buzz # NO_RESOLVE
unlim40.buzz # NO_RESOLVE
unlimitedsigs.top # NO_RESOLVE
unminuto.io # NO_RESOLVE
unn.com.ua # TLD_UA
unn.ua # TLD_UA
uno.godomidsdev.autos # NO_RESOLVE
unrpp.school # NO_RESOLVE
unso.org.ua # TLD_UA
unstudy.ru # NO_RESOLVE
unt.ua # TLD_UA
uo-baltiec.ru # NO_RESOLVE
uooptd.ru # NO_RESOLVE
uoor.com.ua # TLD_UA
uoprim.ru # NO_RESOLVE
up.menhj.com # NO_RESOLVE
up.mk.ua # TLD_UA
update.com.ua # TLD_UA
upmovetrading.com # NO_RESOLVE
upn24.com # NO_RESOLVE
upornosite.com # NO_RESOLVE
upper-festival.com # NO_RESOLVE
upsihologa.com.ua # TLD_UA
upstockgroup.com # NO_RESOLVE
upsurgelive.net # NO_RESOLVE
upx-giggletrail.site # NO_RESOLVE
upx-rusite10.top # NO_RESOLVE
upx-rusite11.top # NO_RESOLVE
upx-rusite12.top # NO_RESOLVE
upx-rusite13.top # NO_RESOLVE
upx-rusite14.top # NO_RESOLVE
upx-rusite15.top # NO_RESOLVE
upx-rusite16.top # NO_RESOLVE
upx-rusite17.top # NO_RESOLVE
upx-rusite18.top # NO_RESOLVE
upx-rusite19.top # NO_RESOLVE
upx-rusite20.top # NO_RESOLVE
upx-rusite21.top # NO_RESOLVE
upx-rusite22.top # NO_RESOLVE
upx.golf # NO_RESOLVE
upx056.online # NO_RESOLVE
upx1.fun # NO_RESOLVE
upx1200.top # TOO_MANY_DIGITS (4)
upx1998s.top # TOO_MANY_DIGITS (4)
upx1999s.top # TOO_MANY_DIGITS (4)
upx2000.top # TOO_MANY_DIGITS (4)
upx2025.top # TOO_MANY_DIGITS (4)
upx2999.top # TOO_MANY_DIGITS (4)
upxupxupxupx-23r32.ru # TOO_MANY_DIGITS (4)
ur-adres-ifns13.ru # NO_RESOLVE
ural-gubaha.ru # NO_RESOLVE
ural-kosmos.ru # NO_RESOLVE
ural-prommetiz.ru # NO_RESOLVE
uralavtosteklo.ru # NO_RESOLVE
uralfemida.ru # NO_RESOLVE
uralkaif.biz # NO_RESOLVE
uralskatemash.ru # NO_RESOLVE
urban-vpn.pro # NO_RESOLVE
urbanculture.live # NO_RESOLVE
urbanems.ru # NO_RESOLVE
urbanmarketsignals.com # NO_RESOLVE
urbanresearch.ru # NO_RESOLVE
urbanvpn.blog # NO_RESOLVE
urbanvpn.info # NO_RESOLVE
urccyl.com.ua # TLD_UA
uruknews.net # NO_RESOLVE
uruto.ru # NO_RESOLVE
usd-gnomes.biz # NO_RESOLVE
usdtminer.lol # NO_RESOLVE
usdtpay-25.site # NO_RESOLVE
usebesttraffic.com # NO_RESOLVE
usegserwfwerg.pro # NO_RESOLVE
usemyvpn.com # NO_RESOLVE
user.asset-ace.net # NO_RESOLVE
user.chollian.net # NO_RESOLVE
user.gainground.pro # NO_RESOLVE
user.leverus.pro # NO_RESOLVE
userbox.link # NO_RESOLVE
usersbox.co # NO_RESOLVE
usersbox.link # NO_RESOLVE
usersbox.top # NO_RESOLVE
uservice.sbs # NO_RESOLVE
usetv.pp.ua # TLD_UA
useu-nt.online # NO_RESOLVE
useu-nt.ru # NO_RESOLVE
ushop.in.ua # TLD_UA
usif.ua # TLD_UA
uskzgcxruwgmwwwc.zx7zijikxvj8.xyz # NO_RESOLVE
uslada-candles.ru # NO_RESOLVE
uslu.ru # NO_RESOLVE
usport.online # NO_RESOLVE
ussd.org.ua # TLD_UA
ussurijsk.vipster.net # NO_RESOLVE
ussurmc.ru # NO_RESOLVE
ust-kut24.blog # NO_RESOLVE
ust-kut24.info # NO_RESOLVE
ust-kut24.live # NO_RESOLVE
ust-kut24.today # NO_RESOLVE
ust-kut24.website # NO_RESOLVE
ust-kut24.world # NO_RESOLVE
ust-kut24.xyz # NO_RESOLVE
ustakut24.com # NO_RESOLVE
usuarios.lycos.es # NO_RESOLVE
uta-logistic.com # NO_RESOLVE
utfrussia.com # NO_RESOLVE
utilshow.ru # NO_RESOLVE
utmnprobusiness.ru # NO_RESOLVE
utome.ru # NO_RESOLVE
utro2023.ru # TOO_MANY_DIGITS (4)
utrokavkaz.info # NO_RESOLVE
uu.theanime.ru # NO_RESOLVE
uuav16.top # NO_RESOLVE
uuo-vilyuisk.ru # NO_RESOLVE
uvaoservis.ru # NO_RESOLVE
uvfund.org # NO_RESOLVE
uvicemart.net # NO_RESOLVE
uvmeste.ru # NO_RESOLVE
uvp.com.ua # TLD_UA
uwf.org.ua # TLD_UA
uy11cans24.com # TOO_MANY_DIGITS (4)
uy11ccans24.com # TOO_MANY_DIGITS (4)
uy11ckany24.com # TOO_MANY_DIGITS (4)
uyghurpress.com # NO_RESOLVE
uz.spon.es # NO_RESOLVE
uzb-porn.top # NO_RESOLVE
uzbek-sex.click # NO_RESOLVE
uzhgorod.net.ua # TLD_UA
uzi-uzi.ru # NO_RESOLVE
uznpffmb.com # NO_RESOLVE
uztm174.ru # NO_RESOLVE
uzvideo.site # NO_RESOLVE
v-c-h-k.com # NO_RESOLVE
v-c.bar # NO_RESOLVE
v-c.digital # NO_RESOLVE
v-c.life # NO_RESOLVE
v-multivarke.ru # NO_RESOLVE
v-olschan.online # NO_RESOLVE
v-olschan.ru # NO_RESOLVE
v-ruke-dante-2025.filmroll.digital # TOO_MANY_DIGITS (4)
v-u-z.ru # NO_RESOLVE
v-variant.com.ua # TLD_UA
v.nsaem.news # NO_RESOLVE
v.protorrent.fun # NO_RESOLVE
v1.bednye-smejutsja-bogatye-plachut.online # NO_RESOLVE
v1.mangahub.one # NO_RESOLVE
v1.nighthub.org # NO_RESOLVE
v1.pervyj-otdel.online # NO_RESOLVE
v1.univer-molodye.com # NO_RESOLVE
v1.via-tab.ru # NO_RESOLVE
v2.bednye-smejutsja-bogatye-plachut.online # NO_RESOLVE
v2.crystaltor.org # NO_RESOLVE
v2.mangahub.one # NO_RESOLVE
v2.pervyj-otdel.online # NO_RESOLVE
v2.skladchik.to # NO_RESOLVE
v2003.ru # TOO_MANY_DIGITS (4)
v2raytun-install.ru # NO_RESOLVE
v2raytun.hair # NO_RESOLVE
v2web.at # NO_RESOLVE
v3.hentai-hub.net # NO_RESOLVE
v57016395.5-film.site # TOO_MANY_DIGITS (9)
v57042064.5-film.site # TOO_MANY_DIGITS (9)
v58230780.dvhab-film.site # TOO_MANY_DIGITS (8)
v59416221.ru-film.site # TOO_MANY_DIGITS (8)
v64438104.dvhab-film.site # TOO_MANY_DIGITS (8)
v67384944.illuzion-cinema-film.site # TOO_MANY_DIGITS (8)
v68155412.ru-film.site # TOO_MANY_DIGITS (8)
v69796537.secretmag-film.site # TOO_MANY_DIGITS (8)
v70576683.illuzion-cinema-film.site # TOO_MANY_DIGITS (8)
v70593349.illuzion-cinema-film.site # TOO_MANY_DIGITS (8)
v74798278.tretyakovgallery-film.site # TOO_MANY_DIGITS (8)
v78350018.mhp-film.site # TOO_MANY_DIGITS (8)
vagonchiki.su # NO_RESOLVE
vagonkavbane-spb.ru # NO_RESOLVE
vaislamah.com # NO_RESOLVE
vak2024.ru # TOO_MANY_DIGITS (4)
vakhtangova.ru # NO_RESOLVE
vakrossiya.ru # NO_RESOLVE
val.ua # TLD_UA
valid-check.bar # NO_RESOLVE
valid-check.store # NO_RESOLVE
valid-check.website # NO_RESOLVE
validenterprise.com # NO_RESOLVE
valitnelziaostatsia.com # NO_RESOLVE
valoriumdexeris.net # NO_RESOLVE
valtrinoxamax-app.com # NO_RESOLVE
valtrixnexusai-app.com # NO_RESOLVE
valuace.com # NO_RESOLVE
valya.org # NO_RESOLVE
valyevo.online # NO_RESOLVE
vam-blank-4.org # NO_RESOLVE
vampexbit-app.com # NO_RESOLVE
vanguardinnovation.net # NO_RESOLVE
vanlegar.ru # NO_RESOLVE
vanotexusappsolution.com # NO_RESOLVE
vantunews.com # NO_RESOLVE
vanyavpnbot.biz # NO_RESOLVE
vape-hub.store # NO_RESOLVE
vape-portal.ru # NO_RESOLVE
vapeflax.ru # NO_RESOLVE
vapemix.com.ua # TLD_UA
vapes.guru # NO_RESOLVE
vapet.ru # NO_RESOLVE
var-tolin.info # NO_RESOLVE
varlamov.bike # NO_RESOLVE
varmontexapptech.com # NO_RESOLVE
varosh.com.ua # TLD_UA
varpl.online # NO_RESOLVE
varshavka97.ru # NO_RESOLVE
varsuntex-appsolution.com # NO_RESOLVE
varta.kharkov.ua # TLD_UA
varta1.com.ua # TLD_UA
vases.com.ua # TLD_UA
vash-dom-byta.ru # NO_RESOLVE
vasylkivrada.gov.ua # TLD_UA
vatkaritealzzzfq.zx7zijikxvj8.xyz # NO_RESOLVE
vaultedfintech.com # NO_RESOLVE
vaultfitrust.com # NO_RESOLVE
vaultixgridsystem.com # NO_RESOLVE
vaultora.icu # NO_RESOLVE
vaultpips.com # NO_RESOLVE
vaultsiq.com # NO_RESOLVE
vaulttap.icu # NO_RESOLVE
vaunaturals.com # NO_RESOLVE
vautrax.com # NO_RESOLVE
vava-da.top # NO_RESOLVE
vavaada13.com # NO_RESOLVE
vavaadaxxx7.com # NO_RESOLVE
vavado.org # NO_RESOLVE
vavado17.top # NO_RESOLVE
vavado18.top # NO_RESOLVE
vavet.ru # NO_RESOLVE
vavilon.cc # NO_RESOLVE
vavilova69.ru # NO_RESOLVE
vavvadaa.ru # NO_RESOLVE
vazelin-tattoo.ru # NO_RESOLVE
vb-kitchen.ru # NO_RESOLVE
vb21.1orbceria1.icu # TOO_MANY_DIGITS (4)
vbet.ua # TLD_UA
vc-company677.ru # NO_RESOLVE
vc.ecoacademiya.ru # NO_RESOLVE
vchain.live # NO_RESOLVE
vchaspik.ua # TLD_UA
vdi3805.org # TOO_MANY_DIGITS (4)
vebmining.cloud # NO_RESOLVE
vechershow.online # NO_RESOLVE
vechi.com.ua # TLD_UA
vechirniy.kyiv.ua # TLD_UA
vechnost-2025.lopdfilm.ru # TOO_MANY_DIGITS (4)
vedalife.com.ua # TLD_UA
vedmak.info # NO_RESOLVE
veepn.ru # NO_RESOLVE
vefagas.com # NO_RESOLVE
vegas.ua # TLD_UA
vegexpo.ru # NO_RESOLVE
vel-dorna.co # NO_RESOLVE
vel-kitha.co # NO_RESOLVE
velanexas.com # NO_RESOLVE
velbraynexus-app.com # NO_RESOLVE
velesans.ru # NO_RESOLVE
velgencoreapp.net # NO_RESOLVE
velikvoy.ru # NO_RESOLVE
veliraquantel.net # NO_RESOLVE
velmorix-ultra-7-4.com # NO_RESOLVE
velmotriaxsolution.com # NO_RESOLVE
velona.icu # NO_RESOLVE
veloray.ru # NO_RESOLVE
veloxiplus.com # NO_RESOLVE
velsk.sch997.online # NO_RESOLVE
velthornpeakapp.com # NO_RESOLVE
veltnel.com # NO_RESOLVE
veltovex.com # NO_RESOLVE
veltriolucrotech.com # NO_RESOLVE
velykden.org.ua # TLD_UA
velzomerinex-app.com # NO_RESOLVE
vencon.ua # TLD_UA
vent-service-s.ru # NO_RESOLVE
venturextremelimited.com # NO_RESOLVE
ventvdom.ru # NO_RESOLVE
veranda-sochi.ru # NO_RESOLVE
verbotech.net # NO_RESOLVE
verdantfinance.com # NO_RESOLVE
vereschagino.eilerschool.ru # NO_RESOLVE
vereya.ddt86.online # NO_RESOLVE
vereya.s-shahter.online # NO_RESOLVE
verhneuralsk.ddt86.online # NO_RESOLVE
verhneuralsk.s-shahter.online # NO_RESOLVE
verhnii-tagil.ddt86.online # NO_RESOLVE
veritashaven.com # NO_RESOLVE
verixtrusts.com # NO_RESOLVE
versailes.ru # NO_RESOLVE
versal-m.ru # NO_RESOLVE
verseit.icu # NO_RESOLVE
vershina-auto.ru # NO_RESOLVE
versia.com.ua # TLD_UA
versii.if.ua # TLD_UA
versten.online # NO_RESOLVE
vertex-industrial.ru # NO_RESOLVE
vertexcapltd.com # NO_RESOLVE
vertexmidas.com # NO_RESOLVE
vertexoption-global.com # NO_RESOLVE
vertrauenfunds.com # NO_RESOLVE
ves-gims.top # NO_RESOLVE
ves24.cc # NO_RESOLVE
veskr.com.ua # TLD_UA
vesma.today # NO_RESOLVE
vesna.ua # TLD_UA
vesnakids.ru # NO_RESOLVE
vesschool9.ru # NO_RESOLVE
vestacore.ltd # NO_RESOLVE
vestapexx.com # NO_RESOLVE
vestassetsltd.com # NO_RESOLVE
vesti.in.ua # TLD_UA
vestiua.com # NO_RESOLVE
vestversal.com # NO_RESOLVE
vet24h.ru # NO_RESOLVE
vet4lapi.ru # NO_RESOLVE
vetcourse.ru # NO_RESOLVE
vetement.ma # NO_RESOLVE
veteranedu.com # NO_RESOLVE
veteranhub.com.ua # TLD_UA
veterok-rest.ru # NO_RESOLVE
vetka-museum.ru # NO_RESOLVE
vetrenyj.ru # NO_RESOLVE
vetryachok.ru # NO_RESOLVE
vexarion-apex-ai.org # NO_RESOLVE
vexarionapexai.org # NO_RESOLVE
vexarissummit-tech.com # NO_RESOLVE
vexarissummittech.com # NO_RESOLVE
vexloyield-software.com # NO_RESOLVE
vexomloot-software.com # NO_RESOLVE
veyltronpulseapp.com # NO_RESOLVE
vezha.ua # TLD_UA
vezukiy.online # NO_RESOLVE
vezukiy.ru # NO_RESOLVE
vf9183.craftum.io # TOO_MANY_DIGITS (4)
vftfbzlmzsqdzhql.x4oc8ceezr38.lat # TOO_MANY_DIGITS (4)
vgolos.ua # TLD_UA
vgorode.ua # TLD_UA
vi.hd-1080.online # TOO_MANY_DIGITS (4)
vi8906.craftum.io # TOO_MANY_DIGITS (4)
via-tab.ru # NO_RESOLVE
via.hd-1080.online # TOO_MANY_DIGITS (4)
viagra-shop.in.ua # TLD_UA
viagragenups.com # NO_RESOLVE
viagratut.ru # NO_RESOLVE
viar.tvbox-baraholka.ru # NO_RESOLVE
viastudio.com.ua # TLD_UA
viax-impact-solution.com # NO_RESOLVE
vib.hd-1080.online # TOO_MANY_DIGITS (4)
vibefilms.info # NO_RESOLVE
vibefilms.net # NO_RESOLVE
viborpodarkov.ru # NO_RESOLVE
vibory-rf.ru # NO_RESOLVE
vicaas.com # NO_RESOLVE
vicap.maxer.top # NO_RESOLVE
victoriya-kislovodsk.ru # NO_RESOLVE
vid-18.ru # NO_RESOLVE
vid1741955966.fotpro135alto.com # TOO_MANY_DIGITS (13)
vidbudova.zp.ua # TLD_UA
video-don.ru # NO_RESOLVE
video-edge-234aaa.mad02.abs.hls.ttvnw.net # TOO_MANY_DIGITS (5)
video-iznasilovanie.1000porno.net # TOO_MANY_DIGITS (4)
video-points.ru # NO_RESOLVE
video-repair.info # NO_RESOLVE
video.animespirit.ru # NO_RESOLVE
video.i.ua # TLD_UA
video.meta.ua # TLD_UA
videoara.org # NO_RESOLVE
videocombinat.ru # NO_RESOLVE
videofoots.com # NO_RESOLVE
videolaba.net # NO_RESOLVE
videos.tube # NO_RESOLVE
videos.tube2.me # NO_RESOLVE
videosample.ru # NO_RESOLVE
videouchilka.ru # NO_RESOLVE
vidhab.ru # NO_RESOLVE
vidniy-gorod.ru # NO_RESOLVE
vido.novibox.fun # NO_RESOLVE
vidos.cc # NO_RESOLVE
vidrio.ru # NO_RESOLVE
vidsmen.com # NO_RESOLVE
vidstadium.ru # NO_RESOLVE
vidvaga.com.ua # TLD_UA
vidwhore.com # NO_RESOLVE
viennixpro-solution.com # NO_RESOLVE
viewanalysis.digital # NO_RESOLVE
viewlost.club # NO_RESOLVE
viewmarket.click # NO_RESOLVE
viewtarget.click # NO_RESOLVE
vigand.ru # NO_RESOLVE
vigyqye8.ru # NO_RESOLVE
viitorulbitpulse.com # NO_RESOLVE
vikingi-online.ru # NO_RESOLVE
vikocps.ru # NO_RESOLVE
vikuplekarstva.ru # NO_RESOLVE
vikuplekarstva1.ru # NO_RESOLVE
vilargamer.com # NO_RESOLVE
vilka-hc.ru # NO_RESOLVE
vilon-myna-tech.com # NO_RESOLVE
vilyuchinsk.registratsia-zakonno.ru # NO_RESOLVE
vimeg-zum.ru # NO_RESOLVE
vinateria.online # NO_RESOLVE
vinateria.ru # NO_RESOLVE
vinopub.shop # NO_RESOLVE
vinosoren.ru # NO_RESOLVE
vinovino.com.ua # TLD_UA
vintagebbs.org # NO_RESOLVE
vinthanglong.com # NO_RESOLVE
vinvachain.com # NO_RESOLVE
violinmaster.ru # NO_RESOLVE
viomakets.online # NO_RESOLVE
viomakets.ru # NO_RESOLVE
virello-nexa-platform.com # NO_RESOLVE
virellonexa-platform.com # NO_RESOLVE
vireonsolvar-software.com # NO_RESOLVE
viro.org.ru # NO_RESOLVE
virtpilot.org # NO_RESOLVE
virtue-gainlux.net # NO_RESOLVE
virusok.ru # NO_RESOLVE
virwox.net # NO_RESOLVE
visavasha.ru # NO_RESOLVE
visdayzz.com # NO_RESOLVE
vise-matrix.com # NO_RESOLVE
vision-avonex-lab.com # NO_RESOLVE
visionavapro300.net # NO_RESOLVE
visioncraft.icu # NO_RESOLVE
visiondrive.icu # NO_RESOLVE
visionpath.icu # NO_RESOLVE
vislanet.ru # NO_RESOLVE
visnyk-irpin.com.ua # TLD_UA
visrozdil.lviv.ua # TLD_UA
vistatrd.click # NO_RESOLVE
vistened.ru # NO_RESOLVE
vistor.su # NO_RESOLVE
vistrel.com.ua # TLD_UA
visualcenter.org # NO_RESOLVE
vitaliypopov.ru # NO_RESOLVE
vitamin-life.online # NO_RESOLVE
vitaminka-klinika.online # NO_RESOLVE
vitaminka-klinika.ru # NO_RESOLVE
vitaminki4u.ru # NO_RESOLVE
vitasept.ru # NO_RESOLVE
viteg-arma.ru # NO_RESOLVE
vitex-digital.com # NO_RESOLVE
vitezbits.com # NO_RESOLVE
vitk.com.ua # TLD_UA
vitrinari.ru # NO_RESOLVE
vitro-stal.kz # NO_RESOLVE
vitrostockplus.online # NO_RESOLVE
viva101.ru # NO_RESOLVE
vivabit.biz # NO_RESOLVE
vivaldium.online # NO_RESOLVE
vivarius.pro # NO_RESOLVE
viviennetradingklass.com # NO_RESOLVE
vivxpert.com # NO_RESOLVE
vixspacehub.com # NO_RESOLVE
vizi-logix.info # NO_RESOLVE
vjbook.com # NO_RESOLVE
vk-c.ru # NO_RESOLVE
vk-save.com # NO_RESOLVE
vk.garilla.qpon # NO_RESOLVE
vk.stardapromokod.help # NO_RESOLVE
vk69shop69.com # TOO_MANY_DIGITS (4)
vk6tor.at # NO_RESOLVE
vk7tor.at # NO_RESOLVE
vkabare.com # NO_RESOLVE
vkantakti.ru # NO_RESOLVE
vkdiz.ru # NO_RESOLVE
vkfaces.xyz # NO_RESOLVE
vkfilm.online # NO_RESOLVE
vkino.my # NO_RESOLVE
vkinopoiskah.ru # NO_RESOLVE
vklasse.work # NO_RESOLVE
vklook.online # NO_RESOLVE
vkm55.ru # NO_RESOLVE
vknigah.com # NO_RESOLVE
vkra31.cx # NO_RESOLVE
vkrn.at # NO_RESOLVE
vkrn30.at # NO_RESOLVE
vkrugudruzey2021.ru # TOO_MANY_DIGITS (4)
vksave.com # NO_RESOLVE
vksaver.pro # NO_RESOLVE
vksr-sos.ru # NO_RESOLVE
vkucnee.ru # NO_RESOLVE
vkusnoexpert.ru # NO_RESOLVE
vkusnoserver.ru # NO_RESOLVE
vkusnovarov.ru # NO_RESOLVE
vkusnyierecepty.ru # NO_RESOLVE
vkusopediya.ru # NO_RESOLVE
vkuznecke.ru # NO_RESOLVE
vladfort.ru # NO_RESOLVE
vladimir-girls.online # NO_RESOLVE
vladimir-otel.ru # NO_RESOLVE
vladimirf.vipster.net # NO_RESOLVE
vladivostok.vipster.net # NO_RESOLVE
vlasnaazs.com.ua # TLD_UA
vlasty24.com # NO_RESOLVE
vld-soft.ru # NO_RESOLVE
vlessvpn.su # NO_RESOLVE
vlg-medocc2.xyz # NO_RESOLVE
vlotpaycorex-app.com # NO_RESOLVE
vltamincandy.com # NO_RESOLVE
vm3724805.1nvme.had.wf # TOO_MANY_DIGITS (8)
vmeca.ru # NO_RESOLVE
vmeste.site # NO_RESOLVE
vml-vologda.ru # NO_RESOLVE
vmstar.ru # NO_RESOLVE
vmstarstopvip.ru # NO_RESOLVE
vmuzike.online # NO_RESOLVE
vn.20minut.ua # TLD_UA
vn.mk.ua # TLD_UA
vn.onmyojigame.com # NO_RESOLVE
vniidmash.ru # NO_RESOLVE
vnmgloballinks.com # NO_RESOLVE
vnokaut.ru # NO_RESOLVE
vo-tme.swezhak-2025.art # TOO_MANY_DIGITS (4)
voaafrique.com # NO_RESOLVE
voacantonese.com # NO_RESOLVE
vobenur.ru # NO_RESOLVE
vocalart.icu # NO_RESOLVE
vocalfamily.ru # NO_RESOLVE
vocalisty.online # NO_RESOLVE
vocalisty.ru # NO_RESOLVE
vodavend.ru # NO_RESOLVE
vodiavto-penza.ru # NO_RESOLVE
vodomir.top # NO_RESOLVE
vodoteplomontazh.ru # NO_RESOLVE
voen-xxuoger.top # NO_RESOLVE
voen.top # NO_RESOLVE
voen10.top # NO_RESOLVE
voen11.top # NO_RESOLVE
voen9.top # NO_RESOLVE
voenbilet-xxeuzti.top # NO_RESOLVE
voenbilet.narod.ru # NO_RESOLVE
voenbilet2.top # NO_RESOLVE
voenbilet4.top # NO_RESOLVE
voendoc-xxqkxzm.top # NO_RESOLVE
voenka.kiev.ua # TLD_UA
voennik.top # NO_RESOLVE
voennik3.top # NO_RESOLVE
voennik7.top # NO_RESOLVE
voennikcc-xxgowqm-xxsifrs.top # NO_RESOLVE
voennikcc-xxgowqm.top # NO_RESOLVE
voennikcc10.top # NO_RESOLVE
voennikcc3.top # NO_RESOLVE
voennikcc9.top # NO_RESOLVE
voennikcom-xxfctrm-xxfjwwl.top # NO_RESOLVE
voennikcom-xxfctrm-xxyzyzp.top # NO_RESOLVE
voennikcom-xxfctrm.top # NO_RESOLVE
voennikcom.top # NO_RESOLVE
voennikcom7.top # NO_RESOLVE
voennikcom8.top # NO_RESOLVE
voennikrf-xxanzpj.top # NO_RESOLVE
voennikrf3.top # NO_RESOLVE
voennikrf7.top # NO_RESOLVE
voennikrf8.top # NO_RESOLVE
voennikrus-xxphpis-xxlbmmt.top # NO_RESOLVE
voennikrus-xxphpis.top # NO_RESOLVE
voennikrus8.top # NO_RESOLVE
voennuy-bilet2.top # NO_RESOLVE
voennuy-bilet4.top # NO_RESOLVE
voennuy-bilet5.top # NO_RESOLVE
voenpereezd.ru # NO_RESOLVE
voenprok.net # NO_RESOLVE
voenprok.org # NO_RESOLVE
voenrf1.top # NO_RESOLVE
voenrus-xxpffsi.top # NO_RESOLVE
voenrus-xxukotr.top # NO_RESOLVE
voenrus7.top # NO_RESOLVE
voenrus8.top # NO_RESOLVE
voenrus9.top # NO_RESOLVE
vogfilm.online # NO_RESOLVE
vohrane3.top # NO_RESOLVE
voice-yemen.com # NO_RESOLVE
voicecrimea.com.ua # TLD_UA
voicerra.icu # NO_RESOLVE
voices.org.ua # TLD_UA
voilokcafe.ru # NO_RESOLVE
voina-v-evrope.online # NO_RESOLVE
voina-v-evrope.ru # NO_RESOLVE
voirdesfilms.net # NO_RESOLVE
vois-lubren.ru # NO_RESOLVE
vokalizm.ru # NO_RESOLVE
volchitsa-i-pryanosti-animego.ru # NO_RESOLVE
volchitsa-i-pryanosty-animego.ru # NO_RESOLVE
volga-hc.ru # NO_RESOLVE
volga24.vip # NO_RESOLVE
volgaangels.com # NO_RESOLVE
volgguvd.ru # NO_RESOLVE
volgkraeved.ru # NO_RESOLVE
volgograd-advokat.ru # NO_RESOLVE
volgograd.vipster.net # NO_RESOLVE
volgograd.xn----7sbbas7adbh1ak4hek1gg.xn--p1ai # TOO_MANY_DIGITS (6)
volgogradaikido.ru # NO_RESOLVE
volks-planet.ru # NO_RESOLVE
volkswagen-p.online # NO_RESOLVE
volkswagen-p.ru # NO_RESOLVE
volna.1812.games # TOO_MANY_DIGITS (4)
volna.club # NO_RESOLVE
volna1994.top # TOO_MANY_DIGITS (4)
volna1998s.top # TOO_MANY_DIGITS (4)
volna20kama.ru # NO_RESOLVE
volnahack1.top # NO_RESOLVE
volnahack13.top # NO_RESOLVE
volnainterface14.top # NO_RESOLVE
volnainterface15.top # NO_RESOLVE
volnainterface16.top # NO_RESOLVE
volnajamova.online # NO_RESOLVE
volnakasinay1.ru # NO_RESOLVE
volnenski.ru # NO_RESOLVE
volnorez.com.ua # TLD_UA
volnovakha.ru # NO_RESOLVE
vologda.vipster.net # NO_RESOLVE
volossya2.site # NO_RESOLVE
volossya3.site # NO_RESOLVE
volossya4.site # NO_RESOLVE
volosya.site # NO_RESOLVE
volozg2.site # NO_RESOLVE
volsingume.ru # NO_RESOLVE
volsticefundpro.com # NO_RESOLVE
voltanova-tech.com # NO_RESOLVE
voltawage.com # NO_RESOLVE
voltexwave.com # NO_RESOLVE
voltinv.com # NO_RESOLVE
volunteers2012.org.ua # TLD_UA
volvo-forum.cz # NO_RESOLVE
volzhsk.schule1212.ru # TOO_MANY_DIGITS (4)
volzhskij.vipster.net # NO_RESOLVE
vondratex-app.com # NO_RESOLVE
voolkano.online # NO_RESOLVE
vorkutamerlen.ru # NO_RESOLVE
voronegh.dymim.ru # NO_RESOLVE
vorota-1996.ru # TOO_MANY_DIGITS (4)
vorota-new.ru # NO_RESOLVE
vortexhookah.ru # NO_RESOLVE
vortiqsync-ai-soft.com # NO_RESOLVE
vortiqsync-ai-solution.com # NO_RESOLVE
vosibirsk.xn----7sbbas7adbh1ak4hek1gg.xn--p1ai # TOO_MANY_DIGITS (6)
voskandgo.ru # NO_RESOLVE
vospk.ru # NO_RESOLVE
vostok-dv.to # NO_RESOLVE
vostok24y4.xyz # NO_RESOLVE
vostokproy4.xyz # NO_RESOLVE
vostorgmed.ru # NO_RESOLVE
votolgbt.com # NO_RESOLVE
vovado.online # NO_RESOLVE
vovvangjh1.buzz # NO_RESOLVE
voxukraine.org # NO_RESOLVE
voxy-russia.ru # NO_RESOLVE
voyazh-avtoshkola.com # NO_RESOLVE
voyeur-russian.org # NO_RESOLVE
vozrojdenie.crimea.ua # TLD_UA
vozrojdenie.org # NO_RESOLVE
vp-igray.com # NO_RESOLVE
vp-top-games.com # NO_RESOLVE
vpk-gov-ru.ru # NO_RESOLVE
vpn-star.info # NO_RESOLVE
vpn1.io # NO_RESOLVE
vpnavira.info # NO_RESOLVE
vpnbear.biz # NO_RESOLVE
vpnbeaver.info # NO_RESOLVE
vpnlite.info # NO_RESOLVE
vpnon.pro # NO_RESOLVE
vpnon.tech # NO_RESOLVE
vpnopen.info # NO_RESOLVE
vpnredcat.info # NO_RESOLVE
vpnroblox.help # NO_RESOLVE
vpodsake.com # NO_RESOLVE
vpornomire.ru # NO_RESOLVE
vpplatinum-games.com # NO_RESOLVE
vpraktikum.ru # NO_RESOLVE
vpresnjakov.ru # NO_RESOLVE
vps.ua # TLD_UA
vps401.strip2.club # TOO_MANY_DIGITS (4)
vps402.strip2.club # TOO_MANY_DIGITS (4)
vps403.strip2.club # TOO_MANY_DIGITS (4)
vps406.strip2.club # TOO_MANY_DIGITS (4)
vpxon.ru # NO_RESOLVE
vr-igray.com # NO_RESOLVE
vr-top-games.com # NO_RESOLVE
vrazno.ru # NO_RESOLVE
vrciro.org.ua # TLD_UA
vrgly.com # NO_RESOLVE
vrit.me # NO_RESOLVE
vritme.org # NO_RESOLVE
vrymnex-platform.com # NO_RESOLVE
vs-club.ru # NO_RESOLVE
vs-permi.ru # NO_RESOLVE
vs64.ru # NO_RESOLVE
vshoping.ru # NO_RESOLVE
vsim.ua # TLD_UA
vsirazom.ua # TLD_UA
vsk-group.com.ua # TLD_UA
vsm-mebel.ru # NO_RESOLVE
vsm-pnz.ru # NO_RESOLVE
vsn.ua # TLD_UA
vsoson.com # NO_RESOLVE
vsplit.ru # NO_RESOLVE
vstars.click # NO_RESOLVE
vstour16.ru # NO_RESOLVE
vsviti.com.ua # TLD_UA
vsyochtonado.ru # NO_RESOLVE
vszd.ru # NO_RESOLVE
vtk.kz # NO_RESOLVE
vtk142.ru # NO_RESOLVE
vtkmarket.ru # NO_RESOLVE
vtoroj-brak.online # NO_RESOLVE
vtorrente.info # NO_RESOLVE
vtrahe.buzz # NO_RESOLVE
vufemaster.ru # NO_RESOLVE
vukoz.info # NO_RESOLVE
vulewiu0.ru # NO_RESOLVE
vulh373fa.xyz # NO_RESOLVE
vull-online.com # NO_RESOLVE
vum.in.ua # TLD_UA
vurobukarpat.com.ua # TLD_UA
vuxkuwmb.com # NO_RESOLVE
vuz-c0.info # NO_RESOLVE
vuz-info6.ru # NO_RESOLVE
vuz-wp.info # NO_RESOLVE
vuz4.ru # NO_RESOLVE
vuz5.ru # NO_RESOLVE
vv-ltd.ru # NO_RESOLVE
vvard.ru # NO_RESOLVE
vvd-100amp.top # NO_RESOLVE
vvd-21amp.top # NO_RESOLVE
vvd-365amp.top # NO_RESOLVE
vvd-amp2025.top # TOO_MANY_DIGITS (4)
vvd100amp.top # NO_RESOLVE
vvd24amp.org.ru # NO_RESOLVE
vvd8amp.ru # NO_RESOLVE
vvlc24.com # NO_RESOLVE
vvodkaamp-17.ru # NO_RESOLVE
vvolcc24.com # NO_RESOLVE
vvolgoroo.ru # NO_RESOLVE
vvvvv.mistress-xxx.net # NO_RESOLVE
vvw.yaporn.blog # NO_RESOLVE
vw-kerg-ufa.ru # NO_RESOLVE
vx-keep.com # NO_RESOLVE
vxodgims.top # NO_RESOLVE
vyatskie-polyany.bunin-yur.online # NO_RESOLVE
vyberi-dizain.ru # NO_RESOLVE
vyborgregionsovet.ru # NO_RESOLVE
vychegda11.ru # NO_RESOLVE
vyezzhai-segodnya.online # NO_RESOLVE
vyezzhai-segodnya.ru # NO_RESOLVE
vyezzhaj-segodnya-zhe.online # NO_RESOLVE
vyezzhaj-segodnya-zhe.ru # NO_RESOLVE
vyezzhaj-segodnya.ru # NO_RESOLVE
vyezzhajsegodnya.online # NO_RESOLVE
vyezzhajsegodnya.ru # NO_RESOLVE
vyezzhay-segodnya.ru # NO_RESOLVE
vyezzhayte-segodnya.ru # NO_RESOLVE
vyezzhayu-segodnya.ru # NO_RESOLVE
vyhifaa1.ru # NO_RESOLVE
vyigralkent.ru # NO_RESOLVE
vykroykisew.ru # NO_RESOLVE
vykupavto74.ru # NO_RESOLVE
vysheneba.kz # NO_RESOLVE
vyzhivshij-2025.filmroll.digital # TOO_MANY_DIGITS (4)
vz-9.online # NO_RESOLVE
vz-9.ru # NO_RESOLVE
vz.ua # TLD_UA
vzryvguns.net # NO_RESOLVE
vzti-irk.ru # NO_RESOLVE
vzyal-vsyo-s-pinko.ru # NO_RESOLVE
w.megapesnya.one # NO_RESOLVE
w.mixporn.day # NO_RESOLVE
w.protorrent.fun # NO_RESOLVE
w0802.a-markets.org # TOO_MANY_DIGITS (4)
w0808.a-markets.org # TOO_MANY_DIGITS (4)
w0810.a-markets.biz # TOO_MANY_DIGITS (4)
w0814.amarkets.one # TOO_MANY_DIGITS (4)
w0819.a-markets.org # TOO_MANY_DIGITS (4)
wa6574.craftum.io # TOO_MANY_DIGITS (4)
waad.me # NO_RESOLVE
wabby.ru # NO_RESOLVE
waet.online # NO_RESOLVE
waet.ru # NO_RESOLVE
wahlclub.ru # NO_RESOLVE
wakadya9.ru # NO_RESOLVE
wandavision.online # NO_RESOLVE
wankyjob.com # NO_RESOLVE
wanlav.ru # NO_RESOLVE
waplog.top # NO_RESOLVE
war.znaj.ua # TLD_UA
war2022.wordpress.com # TOO_MANY_DIGITS (4)
warface.in.ua # TLD_UA
warfare.com.ua # TLD_UA
warmhome74.ru # NO_RESOLVE
warp.llimonix.dev # NO_RESOLVE
warreflectionsjourney.digital # NO_RESOLVE
warriorrtrading.com # NO_RESOLVE
warriorscats1.rolehub.ru # NO_RESOLVE
warszawa19115.pl # TOO_MANY_DIGITS (5)
wartani.com # NO_RESOLVE
wash-car.tech # NO_RESOLVE
waste-business.ru # NO_RESOLVE
watch.kambohstream.online # NO_RESOLVE
watchanime.biz # NO_RESOLVE
watchmywatch.ru # NO_RESOLVE
watchserieson.net # NO_RESOLVE
watchsoccer.info # NO_RESOLVE
watchwrestling.show # NO_RESOLVE
watchwrestling.su # NO_RESOLVE
watech.ir # NO_RESOLVE
waterguide.com.ua # TLD_UA
waterpolo2012.ru # TOO_MANY_DIGITS (4)
wayaway.biz # NO_RESOLVE
wayaway.lol # NO_RESOLVE
wayaway.store # NO_RESOLVE
waygogo.cool # NO_RESOLVE
waygogo.top # NO_RESOLVE
wbsme.cc # NO_RESOLVE
wch-crossbow2019.com # TOO_MANY_DIGITS (4)
wcu-network.org.ua # TLD_UA
wdhipsb1066qt-k-a-s-s-a-1-911.info # TOO_MANY_DIGITS (8)
we.vaginke.love # NO_RESOLVE
wealth-conn.com # NO_RESOLVE
wealth-earners.org # NO_RESOLVE
wealth-forge-ai-tech.com # NO_RESOLVE
wealth-growth.org # NO_RESOLVE
wealthbuilderfi.com # NO_RESOLVE
wealthbuilderspro.com # NO_RESOLVE
wealthcraft-partners.com # NO_RESOLVE
wealthcrescent.com # NO_RESOLVE
wealthexchange.org # NO_RESOLVE
wealthflakes.com # NO_RESOLVE
wealthforge-share.ltd # NO_RESOLVE
wealthholdingsltd.live # NO_RESOLVE
wealthhscope.com # NO_RESOLVE
wealthshaven.org # NO_RESOLVE
wealthsimplelive.net # NO_RESOLVE
wealthsnode.com # NO_RESOLVE
wealthspecs.com # NO_RESOLVE
wealthtokenify.com # NO_RESOLVE
wealthweavexchange.com # NO_RESOLVE
wealtris.com # NO_RESOLVE
weathgain-limited.com # NO_RESOLVE
web-gorod.net # NO_RESOLVE
web-obuchenie.ru # NO_RESOLVE
web-omgomg.cc # NO_RESOLVE
web-sakh.online # NO_RESOLVE
web-sakh.ru # NO_RESOLVE
web-volna.ru # NO_RESOLVE
web.e-community.website # NO_RESOLVE
web.pizdoliz.net # NO_RESOLVE
web.quik.trading # NO_RESOLVE
webcammedellin.co # NO_RESOLVE
webdiz.com.ua # TLD_UA
weberasset.net # NO_RESOLVE
webjtglow.top # NO_RESOLVE
webjtrain.top # NO_RESOLVE
weblance.com.ua # TLD_UA
webmail.meta.ua # TLD_UA
weboxford.ru # NO_RESOLVE
webrussia.net # NO_RESOLVE
webskype.ru # NO_RESOLVE
webtoonraw.com # NO_RESOLVE
webtrnd.xyz # NO_RESOLVE
webway-s.online # NO_RESOLVE
wedding-planet.ru # NO_RESOLVE
weddinggreece.ru # NO_RESOLVE
weightloss.inf.ua # TLD_UA
weinberglauf.com # NO_RESOLVE
welcomebooi.net # NO_RESOLVE
welcomebooi7.com # NO_RESOLVE
welcomebooi7.org # NO_RESOLVE
welcomemother.ru # NO_RESOLVE
welicanclub.com # NO_RESOLVE
well-be.ru # NO_RESOLVE
welv.link # NO_RESOLVE
welva1.link # NO_RESOLVE
welva2.link # NO_RESOLVE
welvura.art # NO_RESOLVE
welvura.city # NO_RESOLVE
welvura.cool # NO_RESOLVE
welvura.email # NO_RESOLVE
welvura.kim # NO_RESOLVE
welvura.link # NO_RESOLVE
welvura.ltd # NO_RESOLVE
welvura.makeup # NO_RESOLVE
welvura.media # NO_RESOLVE
welvura.ru # NO_RESOLVE
welvura.run # NO_RESOLVE
welvura.space # NO_RESOLVE
welvura.works # NO_RESOLVE
welvura1.link # NO_RESOLVE
welvura10.link # NO_RESOLVE
welvura2.link # NO_RESOLVE
wendigo.herrutor.site # NO_RESOLVE
wendogo.herrutor.site # NO_RESOLVE
wertolety.ru # NO_RESOLVE
wertonioxengine.com # NO_RESOLVE
west-residence.ru # NO_RESOLVE
westernfinancemarket.com # NO_RESOLVE
westmark.cc # NO_RESOLVE
westproekt.com.ua # TLD_UA
westweavelimited.com # NO_RESOLVE
weswagner.com # NO_RESOLVE
wetalgingk12.net # NO_RESOLVE
wetclient.ru # NO_RESOLVE
wetgaysex.cc # NO_RESOLVE
wextoninv.com # NO_RESOLVE
wextrionfin.net # NO_RESOLVE
wfh3monthsopportunityprogram.com # NO_RESOLVE
wforex.digital # NO_RESOLVE
wforex.me # NO_RESOLVE
wforex.online # NO_RESOLVE
wforex.site # NO_RESOLVE
wforex.xyz # NO_RESOLVE
whale-58.x107.ru # TOO_MANY_DIGITS (5)
whale-61.b103.ru # TOO_MANY_DIGITS (5)
whale-61.y104.ru # TOO_MANY_DIGITS (5)
whale-74.scam49.ru # TOO_MANY_DIGITS (4)
whale-75.q107.ru # TOO_MANY_DIGITS (5)
whale.na-dengi-hot5.online # NO_RESOLVE
whale.queen-super9.online # NO_RESOLVE
whale.silver-super13.online # NO_RESOLVE
whale.vegas-go48.online # NO_RESOLVE
whaleoptions.pro # NO_RESOLVE
whaleshub.org # NO_RESOLVE
whatisryphorixapp.com # NO_RESOLVE
whatsapp.org # NO_RESOLVE
wheather.com # NO_RESOLVE
wherelove.ru # NO_RESOLVE
whfilm.online # NO_RESOLVE
whiskytalk.ru # NO_RESOLVE
white-ang.ru # NO_RESOLVE
white-group.com.ua # TLD_UA
white-travel.ru # NO_RESOLVE
white.instagram.com # NO_RESOLVE
whitecube.kz # NO_RESOLVE
whitedevil.biz.24rc.lol # NO_RESOLVE
whiteflowerfest.ru # NO_RESOLVE
whitelegend.online # NO_RESOLVE
whitelegend.vip # NO_RESOLVE
whitepridehomeschool.com # NO_RESOLVE
whitestory.ua # TLD_UA
whitewaterofsiberia.ru # NO_RESOLVE
wholesalenflfootballjerseysshop.com # NO_RESOLVE
whs24.klad.cc # NO_RESOLVE
whyarmadillo.com.ua # TLD_UA
wialon-autotracker.ru # NO_RESOLVE
widegayanal.cc # NO_RESOLVE
wiifitu.com # NO_RESOLVE
wiisportsresort.com # NO_RESOLVE
wiiugamepad.com # NO_RESOLVE
wiji-cbd.ru # NO_RESOLVE
wikatie4.ru # NO_RESOLVE
wiki-games.org # NO_RESOLVE
wiki-games.xyz # NO_RESOLVE
wiki.deflink.net # NO_RESOLVE
wikigams.online # NO_RESOLVE
wilddrop.org # NO_RESOLVE
wildrome.ru # NO_RESOLVE
wildseller.ru # NO_RESOLVE
wildspartans.top # NO_RESOLVE
williamhill.com # NO_RESOLVE
wimdi.online # NO_RESOLVE
winboss.ua # TLD_UA
winewine.ua # TLD_UA
wisdomweb.site # NO_RESOLVE
wisewealthforge.com # NO_RESOLVE
witch-watch-jut.su # NO_RESOLVE
witiger.ru # NO_RESOLVE
wixis.ru # NO_RESOLVE
wizardvpn.info # NO_RESOLVE
wk1yb-333.com # TOO_MANY_DIGITS (4)
wkdjornbimqwvjyl.1tvv.live # NO_RESOLVE
wkfpxnhxifawyrew.1tvv.live # NO_RESOLVE
wkra.to # NO_RESOLVE
wlfsystems.com # NO_RESOLVE
wlk24sgamer.com # NO_RESOLVE
wlog.herrutor.site # NO_RESOLVE
wogewua7.ru # NO_RESOLVE
wokupey9.ru # NO_RESOLVE
wol.isa4310.com # TOO_MANY_DIGITS (4)
wol.ps8318.com # TOO_MANY_DIGITS (4)
wolixs.at.ua # TLD_UA
wom3d.com # NO_RESOLVE
womanconf2020.com # TOO_MANY_DIGITS (4)
womansland.ru # NO_RESOLVE
women-union.org.ua # TLD_UA
womo.ua # TLD_UA
womparadise.ru # NO_RESOLVE
wondmatex-soft.com # NO_RESOLVE
wood-bro.ru # NO_RESOLVE
wood-press.ru # NO_RESOLVE
wood-top.ru # NO_RESOLVE
woodsons1488.com # TOO_MANY_DIGITS (4)
woqimuy6.ru # NO_RESOLVE
wording.ru # NO_RESOLVE
wordtrans.ru # NO_RESOLVE
workfromhome.com.ua # TLD_UA
working-pro-x.cfd # NO_RESOLVE
working-pro.cfd # NO_RESOLVE
workingtaxi.ru # NO_RESOLVE
workround.ru # NO_RESOLVE
worksofe.com # NO_RESOLVE
workspace.elcapgruop.org # NO_RESOLVE
workspace.fcds-limited.online # NO_RESOLVE
workspace2.fcds-limited.online # NO_RESOLVE
world-s-pravilam.info # NO_RESOLVE
world.comments.ua # TLD_UA
world.fakty.ua # TLD_UA
worldbook.info # NO_RESOLVE
worldcupperm2013.com # TOO_MANY_DIGITS (4)
worldofuture.org # NO_RESOLVE
worldpastaday2016.org # TOO_MANY_DIGITS (4)
worldsystemapp.xyz # NO_RESOLVE
worldtradingdynasty.org # NO_RESOLVE
wortevpartner.com # NO_RESOLVE
wosecey1.ru # NO_RESOLVE
wow-xxx-videos.com # NO_RESOLVE
wow.filmshd.top # NO_RESOLVE
wowasuy8.ru # NO_RESOLVE
wowgeeks.ru # NO_RESOLVE
wowka.su # NO_RESOLVE
wowmagickes.online # NO_RESOLVE
wowowow.online # NO_RESOLVE
wowrushopping.ru # NO_RESOLVE
wowxnxx.com # NO_RESOLVE
wozojoa1.ru # NO_RESOLVE
wpc2017.ru # TOO_MANY_DIGITS (4)
wqa.mp3-tut.online # NO_RESOLVE
wqc.mp3-tut.online # NO_RESOLVE
wqe.mp3-tut.online # NO_RESOLVE
wqf.mp3-tut.online # NO_RESOLVE
wqg.mp3-tut.online # NO_RESOLVE
wqh.mp3-tut.online # NO_RESOLVE
wqi.mp3-tut.online # NO_RESOLVE
wqk.mp3-tut.online # NO_RESOLVE
wqm.mp3-tut.online # NO_RESOLVE
wqn.mp3-tut.online # NO_RESOLVE
wqo.mp3-tut.online # NO_RESOLVE
wqp.mp3-tut.online # NO_RESOLVE
wqq.mp3-tut.online # NO_RESOLVE
wqr.mp3-tut.online # NO_RESOLVE
wqs.mp3-tut.online # NO_RESOLVE
wqt.mp3-tut.online # NO_RESOLVE
wqu.mp3-tut.online # NO_RESOLVE
wqw.mp3-tut.online # NO_RESOLVE
wqx.mp3-tut.online # NO_RESOLVE
wrewards.com # NO_RESOLVE
writeart.icu # NO_RESOLVE
writeonpath.com # NO_RESOLVE
writerhythm.digital # NO_RESOLVE
writerro.com # NO_RESOLVE
wrldrels.org # NO_RESOLVE
wrs24.shop # NO_RESOLVE
wrzuta.pl # NO_RESOLVE
wscatalog.ru # NO_RESOLVE
wseznanie.ru # NO_RESOLVE
wt.asset-ace.net # NO_RESOLVE
wt.gainground.pro # NO_RESOLVE
wt.mato-tech.com # NO_RESOLVE
wunden.tech # NO_RESOLVE
wushu-tribe.ru # NO_RESOLVE
wuwuzai9.ru # NO_RESOLVE
wv.mixporn.day # NO_RESOLVE
wvv.yaporn.blog # NO_RESOLVE
wvw.gaybomba.com # NO_RESOLVE
wvw.russkoe21.net # NO_RESOLVE
wvw.yaporn.blog # NO_RESOLVE
ww-brokers.com # NO_RESOLVE
ww1.the-cinema4.online # NO_RESOLVE
wwe.mp3-tut.online # NO_RESOLVE
wwf.org # NO_RESOLVE
wwi.mp3-tut.online # NO_RESOLVE
wwitv.com # NO_RESOLVE
wwp.mp3-tut.biz # NO_RESOLVE
wwr.mp3-tut.online # NO_RESOLVE
wwt.mp3-tut.online # NO_RESOLVE
wwv.yaporn.blog # NO_RESOLVE
www-binarium.com # NO_RESOLVE
www-bs2best.cc # NO_RESOLVE
www-bs2bestat.com # NO_RESOLVE
www-bs2bestat.ru # NO_RESOLVE
www-bs2bestat.top # NO_RESOLVE
www-icegay-tv.transextube.com # NO_RESOLVE
www-loadfb2.online # NO_RESOLVE
www-xnxx-com.guru # NO_RESOLVE
www-xnxx-com.online # NO_RESOLVE
www.032.ua # TLD_UA
www.0342.ua # TLD_UA
www.0352.ua # TLD_UA
www.0372.ua # TLD_UA
www.0382.ua # TLD_UA
www.0412.ua # TLD_UA
www.04141.com.ua # TLD_UA
www.04563.com.ua # TLD_UA
www.048.ua # TLD_UA
www.04868.com.ua # TLD_UA
www.0512.com.ua # TLD_UA
www.0532.ua # TLD_UA
www.05366.com.ua # TLD_UA
www.0542.ua # TLD_UA
www.0552.ua # TLD_UA
www.0566.com.ua # TLD_UA
www.0569.com.ua # TLD_UA
www.057.ua # TLD_UA
www.05745.com.ua # TLD_UA
www.061.ua # TLD_UA
www.06239.com.ua # TLD_UA
www.06242.ua # TLD_UA
www.06267.com.ua # TLD_UA
www.06272.com.ua # TLD_UA
www.0629.com.ua # TLD_UA
www.06452.com.ua # TLD_UA
www.1000facials.com # TOO_MANY_DIGITS (4)
www.1000mo.net # TOO_MANY_DIGITS (4)
www.1001recept.com # TOO_MANY_DIGITS (4)
www.1377x.to # TOO_MANY_DIGITS (4)
www.18-21yo.com # TOO_MANY_DIGITS (4)
www.18asiangirls.com # NO_RESOLVE
www.18daixiao.com # NO_RESOLVE
www.1926.xn--p1ai # TOO_MANY_DIGITS (5)
www.1944militaria.com # TOO_MANY_DIGITS (4)
www.1944shop.com # TOO_MANY_DIGITS (4)
www.1997tteokbokki.com # TOO_MANY_DIGITS (4)
www.1ki174.com # TOO_MANY_DIGITS (4)
www.2017hd.ru # TOO_MANY_DIGITS (4)
www.2020alton.com # TOO_MANY_DIGITS (4)
www.21vekmebel.ru # NO_RESOLVE
www.365sport365.com # TOO_MANY_DIGITS (6)
www.3761.com # TOO_MANY_DIGITS (4)
www.420dispensaryonline.com # NO_RESOLVE
www.44.ua # TLD_UA
www.4594.com.ua # TLD_UA
www.4595.com.ua # TLD_UA
www.5.ua # TLD_UA
www.5632.com.ua # TLD_UA
www.56ouo39.ru # TOO_MANY_DIGITS (4)
www.62.ua # TLD_UA
www.6262.com.ua # TLD_UA
www.6264.com.ua # TLD_UA
www.7160707.ru # TOO_MANY_DIGITS (7)
www.8692.ru # TOO_MANY_DIGITS (4)
www.9e-maya.com # NO_RESOLVE
www.abarussia.ru # NO_RESOLVE
www.abdwap.website # NO_RESOLVE
www.abookz.net # NO_RESOLVE
www.action4.life # NO_RESOLVE
www.adameltenso.ro # NO_RESOLVE
www.adv-arena.online # NO_RESOLVE
www.afmnsp.ru # NO_RESOLVE
www.agncorp.ru # NO_RESOLVE
www.aknig.net # NO_RESOLVE
www.alite.com.ua # TLD_UA
www.alko-shop3.ru # NO_RESOLVE
www.all-xxx-videos.com # NO_RESOLVE
www.allcourses.club # NO_RESOLVE
www.altxnxx.com # NO_RESOLVE
www.altxvideos.com # NO_RESOLVE
www.amistom.ru # NO_RESOLVE
www.amrita.ua # TLD_UA
www.amron-laser.ru # NO_RESOLVE
www.angelfire.com # NO_RESOLVE
www.antifriz-hometv.net # NO_RESOLVE
www.asianpussies.me # NO_RESOLVE
www.astana-almaty2011.kz # TOO_MANY_DIGITS (4)
www.atschool.com.ua # TLD_UA
www.atx44.shop # NO_RESOLVE
www.audioknigi.com.ua # TLD_UA
www.autocentre.ua # TLD_UA
www.avalon-technologies.pro # NO_RESOLVE
www.b-m-g.ru # NO_RESOLVE
www.babyoblachko.ru # NO_RESOLVE
www.baksis.website # NO_RESOLVE
www.bardenuit.fr # NO_RESOLVE
www.bashgimn9.ru # NO_RESOLVE
www.baybak.net # NO_RESOLVE
www.bazarok.ua # TLD_UA
www.besthotmature.com # NO_RESOLVE
www.bestpussypics.net # NO_RESOLVE
www.bh.id.lv # NO_RESOLVE
www.bichik.ru # NO_RESOLVE
www.biennale2019.ru # TOO_MANY_DIGITS (4)
www.bio60.ru # NO_RESOLVE
www.bir.bakumovmed.uz # NO_RESOLVE
www.bitercoin.fun # NO_RESOLVE
www.bizbond.fun # NO_RESOLVE
www.biznesclub.site # NO_RESOLVE
www.blotterz.com # NO_RESOLVE
www.bmportal.ru # NO_RESOLVE
www.board.od.ua # TLD_UA
www.bookmp3.ru # NO_RESOLVE
www.booksonline.com.ua # TLD_UA
www.bordistone.it # NO_RESOLVE
www.boyfriendstube.com # NO_RESOLVE
www.brokenteens.org # NO_RESOLVE
www.broxnxx.com # NO_RESOLVE
www.bs2web.ac # NO_RESOLVE
www.bureauveritas.com.ua # TLD_UA
www.burte.ru # NO_RESOLVE
www.buryatia.org # NO_RESOLVE
www.buta-tobacco.ru # NO_RESOLVE
www.byoc.space # NO_RESOLVE
www.cactuszno.com.ua # TLD_UA
www.cafe-chekhov.ru # NO_RESOLVE
www.cam4000.com # TOO_MANY_DIGITS (4)
www.caperc.org # NO_RESOLVE
www.cartoonporno.pro # NO_RESOLVE
www.ccksauna.ru # NO_RESOLVE
www.centr-orlenok.ru # NO_RESOLVE
www.chemi696.biz # NO_RESOLVE
www.chmcl696.biz # NO_RESOLVE
www.chubbymoms.net # NO_RESOLVE
www.cinema.in.ua # TLD_UA
www.cino.website # NO_RESOLVE
www.city.kharkov.ua # TLD_UA
www.cixmarkets.com # NO_RESOLVE
www.colibry-istra.ru # NO_RESOLVE
www.com3456.com # TOO_MANY_DIGITS (4)
www.comebackalive.in.ua # TLD_UA
www.conducordoba.com # NO_RESOLVE
www.corntv.ru # NO_RESOLVE
www.cracksofshah.com # NO_RESOLVE
www.crazyxnxx.com # NO_RESOLVE
www.crown24.biz # NO_RESOLVE
www.cryptoalgoritm.com # NO_RESOLVE
www.cumclip.com # NO_RESOLVE
www.danilgrigorev.ru # NO_RESOLVE
www.darim.info # NO_RESOLVE
www.dc-marvel.org # NO_RESOLVE
www.ddfuck.com # NO_RESOLVE
www.dedmoroz-na-zakaz.ru # NO_RESOLVE
www.deneckelaw.com # NO_RESOLVE
www.depo.ua # TLD_UA
www.detdom4-kras.ru # NO_RESOLVE
www.detpol5.ru # NO_RESOLVE
www.dexa.ru # NO_RESOLVE
www.dharamraz.com # NO_RESOLVE
www.diagram.com.ua # TLD_UA
www.dialog.ua # TLD_UA
www.digital-ecoin.online # NO_RESOLVE
www.dinomc47.ru # NO_RESOLVE
www.diskoteka-yulia.site # NO_RESOLVE
www.divo35.ru # NO_RESOLVE
www.dixxi.ru # NO_RESOLVE
www.dndnha.site # NO_RESOLVE
www.dndnha.website # NO_RESOLVE
www.dobrepole.com.ua # TLD_UA
www.dolcemodels.bz # NO_RESOLVE
www.dom-2-efiri.ru # NO_RESOLVE
www.domovodstvo.kiev.ua # TLD_UA
www.doramasite.ru # NO_RESOLVE
www.ds22.biz # NO_RESOLVE
www.dsau.dp.ua # TLD_UA
www.dsnews.ua # TLD_UA
www.dwh.su # NO_RESOLVE
www.e-reading.by # NO_RESOLVE
www.e16833.com # TOO_MANY_DIGITS (5)
www.e16899.com # TOO_MANY_DIGITS (5)
www.earthandivydispensary.org # NO_RESOLVE
www.econom-ia.com.ua # TLD_UA
www.edmschool.ru # NO_RESOLVE
www.eemusic.ru # NO_RESOLVE
www.elegantmatures.net # NO_RESOLVE
www.elemetrix.ru # NO_RESOLVE
www.epravda.com.ua # TLD_UA
www.erotica-film.net # NO_RESOLVE
www.eurointegration.com.ua # TLD_UA
www.euroki.net # NO_RESOLVE
www.evelogics.com # NO_RESOLVE
www.explicitgalore.com # NO_RESOLVE
www.express-service.com.ua # TLD_UA
www.extraspel.com # NO_RESOLVE
www.eyegodsbot.com # NO_RESOLVE
www.ezcfds.com # NO_RESOLVE
www.faber.ua # TLD_UA
www.facenews.ua # TLD_UA
www.faphits.com # NO_RESOLVE
www.fast-coin.site # NO_RESOLVE
www.fatline.com.ua # TLD_UA
www.fatmatures.net # NO_RESOLVE
www.fh-fund.org.ua # TLD_UA
www.fiery-mining.space # NO_RESOLVE
www.filmv.org # NO_RESOLVE
www.finance-aup2001.online # TOO_MANY_DIGITS (4)
www.fintechmarket.pro # NO_RESOLVE
www.fishing-carp.ru # NO_RESOLVE
www.flyfighterjet.org # NO_RESOLVE
www.fmag.cc # NO_RESOLVE
www.forum-ru-steroid.ru # NO_RESOLVE
www.foyda.net # NO_RESOLVE
www.free-tor.org # NO_RESOLVE
www.frm48.biz # NO_RESOLVE
www.fskn-gov-ru.online # NO_RESOLVE
www.fuckedgay1cn.com # NO_RESOLVE
www.fudffund.ca # NO_RESOLVE
www.fusker.xxx # NO_RESOLVE
www.fustlearn.com # NO_RESOLVE
www.galka.if.ua # TLD_UA
www.gay2019.com # TOO_MANY_DIGITS (4)
www.gayatrijobs.com # NO_RESOLVE
www.gayfucktube.pro # NO_RESOLVE
www.gaypornhd.pro # NO_RESOLVE
www.gaypornvideos.pro # NO_RESOLVE
www.gaysonic.eu # NO_RESOLVE
www.gaywebcam.online # NO_RESOLVE
www.gazeta-mayak.ru # NO_RESOLVE
www.gcourts.ru # NO_RESOLVE
www.gdekino.me # NO_RESOLVE
www.geishi-belgoroda.com # NO_RESOLVE
www.geodema.net # NO_RESOLVE
www.gig-games.net # NO_RESOLVE
www.gigaxnxx.com # NO_RESOLVE
www.girlsway.fr # NO_RESOLVE
www.gohiai.com # NO_RESOLVE
www.golos-ameriki.ru # NO_RESOLVE
www.gomgal.lviv.ua # TLD_UA
www.goodporn.xxx # NO_RESOLVE
www.goooool.org # NO_RESOLVE
www.gorod.dp.ua # TLD_UA
www.gosliv.net # NO_RESOLVE
www.gostreams.info # NO_RESOLVE
www.gotxnxx.com # NO_RESOLVE
www.grp-help.com # NO_RESOLVE
www.gtkleasing.ru # NO_RESOLVE
www.guardians.in.ua # TLD_UA
www.harlforum.com # NO_RESOLVE
www.hd-1080.online # TOO_MANY_DIGITS (4)
www.hdrip.link # NO_RESOLVE
www.hdseriaz.link # NO_RESOLVE
www.hentai-imperia.net # NO_RESOLVE
www.hentai-imperia.org # NO_RESOLVE
www.herculesbier.ru # NO_RESOLVE
www.hewbis.com # NO_RESOLVE
www.hizb.org.ua # TLD_UA
www.holostyakfan.top # NO_RESOLVE
www.honda-news.ru # NO_RESOLVE
www.horizont2014.cz # TOO_MANY_DIGITS (4)
www.hr-venue.ru # NO_RESOLVE
www.hugexnxx.com # NO_RESOLVE
www.hulk.in.ua # TLD_UA
www.hunterscream.com.ua # TLD_UA
www.hz-hentai.com # NO_RESOLVE
www.i-o-h.net # NO_RESOLVE
www.i-o-h.xyz # NO_RESOLVE
www.icexnxx.com # NO_RESOLVE
www.iciporno.com # NO_RESOLVE
www.icpr2022.com # TOO_MANY_DIGITS (4)
www.immoland.ru # NO_RESOLVE
www.imovies.cc # NO_RESOLVE
www.imperia-of-hentai.biz # NO_RESOLVE
www.infobiza.net # NO_RESOLVE
www.infomozaika.net # NO_RESOLVE
www.inform.zp.ua # TLD_UA
www.infostock.net # NO_RESOLVE
www.interrasibir.com # NO_RESOLVE
www.ipay.ua # TLD_UA
www.ipics.click # NO_RESOLVE
www.ipo-markets.com # NO_RESOLVE
www.isa5417.com # TOO_MANY_DIGITS (4)
www.isabelsfreefrom.co.uk # NO_RESOLVE
www.isgalaxy.com # NO_RESOLVE
www.ivannik.ru # NO_RESOLVE
www.izvuti.top # NO_RESOLVE
www.jewvl.ru # NO_RESOLVE
www.jobseeker.my # NO_RESOLVE
www.jonfaruk.com # NO_RESOLVE
www.juicyxnxx.com # NO_RESOLVE
www.kadetschool1721.ru # TOO_MANY_DIGITS (4)
www.kambohstream.online # NO_RESOLVE
www.kazedros.ru # NO_RESOLVE
www.kekporn.com # NO_RESOLVE
www.keramik-holl.ru # NO_RESOLVE
www.kidstaff.com.ua # TLD_UA
www.klad.life # NO_RESOLVE
www.knigazvuk.com # NO_RESOLVE
www.knigoman.net # NO_RESOLVE
www.knigosklad.com.ua # TLD_UA
www.knizhkin.org # NO_RESOLVE
www.kogdata.ru # NO_RESOLVE
www.krasnyyporno.com # NO_RESOLVE
www.kriptkasta.com # NO_RESOLVE
www.krylia.ru # NO_RESOLVE
www.kubel1943.it # TOO_MANY_DIGITS (4)
www.kuhni-idea.ru # NO_RESOLVE
www.lafa-tor.ru # NO_RESOLVE
www.lakeandhomemagonline.com # NO_RESOLVE
www.laki.world # NO_RESOLVE
www.laminatpraktik.ru # NO_RESOLVE
www.leningradskaja.ru # NO_RESOLVE
www.lesbianact.com # NO_RESOLVE
www.lesbianpornhere.net # NO_RESOLVE
www.letajicitapir.cz # NO_RESOLVE
www.letsxnxx.com # NO_RESOLVE
www.liqpay.ua # TLD_UA
www.litoshop.cc # NO_RESOLVE
www.litway.net # NO_RESOLVE
www.love-vs-fear.lgbt # NO_RESOLVE
www.loysci.com # NO_RESOLVE
www.lqd.international # NO_RESOLVE
www.ls23.biz # NO_RESOLVE
www.ls24.biz # NO_RESOLVE
www.m88.com # NO_RESOLVE
www.mail-pm12.com # NO_RESOLVE
www.mail-pm5.com # NO_RESOLVE
www.maina-admin.ru # NO_RESOLVE
www.maloobaby.ru # NO_RESOLVE
www.malyn-rada.gov.ua # TLD_UA
www.mama.mk.ua # TLD_UA
www.maritimemarket.ru # NO_RESOLVE
www.masterskaya-washing.ru # NO_RESOLVE
www.matureones.com # NO_RESOLVE
www.mclub.com.ua # TLD_UA
www.mdou20-smol.ru # NO_RESOLVE
www.mega-market-dark.net # NO_RESOLVE
www.mega-sb.net # NO_RESOLVE
www.mega555-sb.com # NO_RESOLVE
www.mega555cleartoweb1.com # TOO_MANY_DIGITS (4)
www.megadmsb.net # NO_RESOLVE
www.megasb-24-7.com # NO_RESOLVE
www.megaxnxx.com # NO_RESOLVE
www.melinabingo.com # NO_RESOLVE
www.mes-market.ru # NO_RESOLVE
www.michtheatre.ru # NO_RESOLVE
www.migalki.plus # NO_RESOLVE
www.miheevo-adm.ru # NO_RESOLVE
www.milogiya2007.ru # TOO_MANY_DIGITS (4)
www.minus.lviv.ua # TLD_UA
www.mir-knigi.com.ua # TLD_UA
www.miraton.ua # TLD_UA
www.misanthropic.info # NO_RESOLVE
www.mobilityweek.org.ua # TLD_UA
www.moda-dic.ru # NO_RESOLVE
www.mollynl.com # NO_RESOLVE
www.monopolist-surf.site # NO_RESOLVE
www.moretv.live # NO_RESOLVE
www.mou.asia # NO_RESOLVE
www.movie-lib.top # NO_RESOLVE
www.movielab.work # NO_RESOLVE
www.movielibs.top # NO_RESOLVE
www.moyo.ua # TLD_UA
www.mp3bit.cc # NO_RESOLVE
www.mp3cleo.com # NO_RESOLVE
www.mp3hq.co # NO_RESOLVE
www.mp3only.ru # NO_RESOLVE
www.mp3poisk.online # NO_RESOLVE
www.mt1016.com # TOO_MANY_DIGITS (4)
www.mt2414.com # TOO_MANY_DIGITS (4)
www.mtdimo.ru # NO_RESOLVE
www.mtsrkbr.org.ru # NO_RESOLVE
www.murfish.ru # NO_RESOLVE
www.murmancongress.ru # NO_RESOLVE
www.musasbrasil.com # NO_RESOLVE
www.muscomplexpavl.kz # NO_RESOLVE
www.music-2021.ru # TOO_MANY_DIGITS (4)
www.muz-monster.ru # NO_RESOLVE
www.muzav.com # NO_RESOLVE
www.muzmania.org.ua # TLD_UA
www.myklad.net # NO_RESOLVE
www.myslenedrevo.com.ua # TLD_UA
www.nadogovorit.com # NO_RESOLVE
www.narco24.biz # NO_RESOLVE
www.necsomaliland.net # NO_RESOLVE
www.neostatis.net # NO_RESOLVE
www.neputin.top # NO_RESOLVE
www.netputleru.top # NO_RESOLVE
www.netvoine.top # NO_RESOLVE
www.neva1240.info # TOO_MANY_DIGITS (4)
www.newfilms.online # NO_RESOLVE
www.newfreedomrussia.com # NO_RESOLVE
www.newsroom.kh.ua # TLD_UA
www.nexus.ua # TLD_UA
www.nice-books.ru # NO_RESOLVE
www.niknews.mk.ua # TLD_UA
www.nomerok.info # NO_RESOLVE
www.noobland.ru # NO_RESOLVE
www.nowgoal.com # NO_RESOLVE
www.nt2005.ru # TOO_MANY_DIGITS (4)
www.nta.ua # TLD_UA
www.ntktv.ua # TLD_UA
www.oberon2005.ru # TOO_MANY_DIGITS (4)
www.obhod-kontrol.ru # NO_RESOLVE
www.okino.ua # TLD_UA
www.okonplenki.ru # NO_RESOLVE
www.oldcart.ru # NO_RESOLVE
www.omg-omg.site # NO_RESOLVE
www.on-device.com.ua # TLD_UA
www.on-hit.ru # NO_RESOLVE
www.online.ua # TLD_UA
www.openforest.org.ua # TLD_UA
www.opir.org.ua # TLD_UA
www.ordafilm.top # NO_RESOLVE
www.orzhevskii.top # NO_RESOLVE
www.ostonline.net # NO_RESOLVE
www.ozppou.ru # NO_RESOLVE
www.papachemist.com # NO_RESOLVE
www.pav-loc.com # NO_RESOLVE
www.paxnxx.com # NO_RESOLVE
www.pesnimp3.net # NO_RESOLVE
www.pin1111.com # TOO_MANY_DIGITS (4)
www.pin9988.com # TOO_MANY_DIGITS (4)
www.pirlotv1.com # NO_RESOLVE
www.pisni.org.ua # TLD_UA
www.pm.ua # TLD_UA
www.pmvipclub.com # NO_RESOLVE
www.poetryclub.com.ua # TLD_UA
www.pokupkalekarstva13.ru # NO_RESOLVE
www.pomnim.com.ua # TLD_UA
www.porcelanowyzakatek.pl # NO_RESOLVE
www.pornclipsw.com # NO_RESOLVE
www.porncnn.com # NO_RESOLVE
www.pornfloyd.com # NO_RESOLVE
www.pornintent.com # NO_RESOLVE
www.pornivi.com # NO_RESOLVE
www.pornmaturepics.com # NO_RESOLVE
www.pornnits.com # NO_RESOLVE
www.pornodanke.com # NO_RESOLVE
www.pornokko.com # NO_RESOLVE
www.pornxxxpictures.net # NO_RESOLVE
www.portal.lg.ua # TLD_UA
www.pravda.com.ua # TLD_UA
www.pravda.rv.ua # TLD_UA
www.presentnews.biz.ua # TLD_UA
www.prichernomorie.com.ua # TLD_UA
www.printsalon.ua # TLD_UA
www.privoz.biz # NO_RESOLVE
www.projectpunk.ru # NO_RESOLVE
www.prostir.ua # TLD_UA
www.ps2911.com # TOO_MANY_DIGITS (4)
www.publika.ua # TLD_UA
www.qingdao.kz # NO_RESOLVE
www.qtoon.com # NO_RESOLVE
www.radiobayraktar.ua # TLD_UA
www.radiodetector.xyz # NO_RESOLVE
www.rafresh.ru # NO_RESOLVE
www.rai.in.ua # TLD_UA
www.ratatype.ua # TLD_UA
www.rawfuckclub.com # NO_RESOLVE
www.razvlekis.info # NO_RESOLVE
www.rbc.ua # TLD_UA
www.rckrylia.ru # NO_RESOLVE
www.read.in.ua # TLD_UA
www.readbooks.me # NO_RESOLVE
www.reallook.ru # NO_RESOLVE
www.redsquareprotest.org # NO_RESOLVE
www.refreshyourtech.ru # NO_RESOLVE
www.rinkskur.to # NO_RESOLVE
www.rinokshkkur.to # NO_RESOLVE
www.rinokskkur.to # NO_RESOLVE
www.rinokskuur.to # NO_RESOLVE
www.rinoksskur.to # NO_RESOLVE
www.robot76.ru # NO_RESOLVE
www.rocketasian.com # NO_RESOLVE
www.rockyxxx.com # NO_RESOLVE
www.rojadirecta.com.pe # NO_RESOLVE
www.rojadirectahd.site # NO_RESOLVE
www.rojadirectaonline.club # NO_RESOLVE
www.rojadirectatv.global # NO_RESOLVE
www.rojadirectatv.run # NO_RESOLVE
www.rojadirectatvenvivo.net # NO_RESOLVE
www.role-me.ru # NO_RESOLVE
www.rortasok.space # NO_RESOLVE
www.roscontract.ru # NO_RESOLVE
www.rospofilm.ru # NO_RESOLVE
www.rossi-potok.ru # NO_RESOLVE
www.rostabletka24.ru # NO_RESOLVE
www.rpskill.com # NO_RESOLVE
www.rubi-rubli.space # NO_RESOLVE
www.rubooks.org # NO_RESOLVE
www.rufootballtv.org # NO_RESOLVE
www.rus-xnxx.com # NO_RESOLVE
www.russkoepornotube.com # NO_RESOLVE
www.rustporn.com # NO_RESOLVE
www.rutor.site # NO_RESOLVE
www.rutors.top # NO_RESOLVE
www.ruxvideos.com # NO_RESOLVE
www.ruzapret.com # NO_RESOLVE
www.rybachokmag.ru # NO_RESOLVE
www.rynokskur.to # NO_RESOLVE
www.saboteur.com.ua # TLD_UA
www.saveukrainenow.if.ua # TLD_UA
www.say36.cc # NO_RESOLVE
www.sboasia9.com # NO_RESOLVE
www.sch26.ru # NO_RESOLVE
www.schmeisser-service.com.ua # TLD_UA
www.schoollife.org.ua # TLD_UA
www.schoolmodels.bz # NO_RESOLVE
www.scomfort.ru # NO_RESOLVE
www.sdc-studio.ru # NO_RESOLVE
www.seedboss.co.za # NO_RESOLVE
www.seedoff.cc # NO_RESOLVE
www.serkino.org # NO_RESOLVE
www.seven-key-7k.buzz # NO_RESOLVE
www.sex-pic.net # NO_RESOLVE
www.sexivi.com # NO_RESOLVE
www.sexogolic.org # NO_RESOLVE
www.shadam.net # NO_RESOLVE
www.shemalecandys.com # NO_RESOLVE
www.shock-world.com # NO_RESOLVE
www.shoowbiz.ru # NO_RESOLVE
www.shop1.biz # NO_RESOLVE
www.shpion.com.ua # TLD_UA
www.shram.kiev.ua # TLD_UA
www.sibiryachka-kras.ru # NO_RESOLVE
www.sifumachupa.com # NO_RESOLVE
www.simka-bez1.ru # NO_RESOLVE
www.skybit.org # NO_RESOLVE
www.slavfond.ru # NO_RESOLVE
www.slivysklad.com # NO_RESOLVE
www.slovo.ws # NO_RESOLVE
www.snus-market.com.ua # TLD_UA
www.sochi-night.xyz # NO_RESOLVE
www.sparrowjob.com # NO_RESOLVE
www.sparta2014.su # TOO_MANY_DIGITS (4)
www.spirithausgallery.com # NO_RESOLVE
www.sportarena.live # NO_RESOLVE
www.sportekz.com # NO_RESOLVE
www.sportnews.to # NO_RESOLVE
www.sputnikipogrom.com # NO_RESOLVE
www.spygadget.ru # NO_RESOLVE
www.ss.ua # TLD_UA
www.stacross-synhros.ru # NO_RESOLVE
www.statinformation.ru # NO_RESOLVE
www.stihi.in.ua # TLD_UA
www.story.tvoisex.ru # NO_RESOLVE
www.streamforex.com.ua # TLD_UA
www.streamonsport360.top # NO_RESOLVE
www.streetdevil.ru # NO_RESOLVE
www.sun-zb.ru # NO_RESOLVE
www.supermagnit.com.ua # TLD_UA
www.sushifries.ru # NO_RESOLVE
www.suxilepbuy.ru # NO_RESOLVE
www.switchmarkets.com.au # NO_RESOLVE
www.tabfilm.work # NO_RESOLVE
www.tabfilmz.link # NO_RESOLVE
www.taekwondo-pskov.ru # NO_RESOLVE
www.tas-ix.tv # NO_RESOLVE
www.technobioen.ru # NO_RESOLVE
www.technodom.fun # NO_RESOLVE
www.technosural.ru # NO_RESOLVE
www.teenageporn.pro # NO_RESOLVE
www.teenporno.biz # NO_RESOLVE
www.teledidar.tv # NO_RESOLVE
www.telegraf.in.ua # TLD_UA
www.tenews.org.ua # TLD_UA
www.tesla24.vip # NO_RESOLVE
www.tevas.top # NO_RESOLVE
www.the-village.com.ua # TLD_UA
www.thelotterservice.com # NO_RESOLVE
www.thothub.ch # NO_RESOLVE
www.tianchengroup.ru # NO_RESOLVE
www.timezaim.ru # NO_RESOLVE
www.titfap.com # NO_RESOLVE
www.tolkay.com.ua # TLD_UA
www.top-2015.com # TOO_MANY_DIGITS (4)
www.toplaserpro-krasnodar.ru # NO_RESOLVE
www.torrent-track.net # NO_RESOLVE
www.torrentsland.com.ua # TLD_UA
www.torrentvhd.biz # NO_RESOLVE
www.totalsportek.soccer # NO_RESOLVE
www.tovar.cc # NO_RESOLVE
www.tpmp3.org # NO_RESOLVE
www.transport-77.ru # NO_RESOLVE
www.travoltafan.ru # NO_RESOLVE
www.traxvideos.com # NO_RESOLVE
www.traxvideos2.com # NO_RESOLVE
www.trendi.live # NO_RESOLVE
www.trending.network # NO_RESOLVE
www.trippipsilocybin.com # NO_RESOLVE
www.tron-pay.website # NO_RESOLVE
www.trud-sayansk.ru # NO_RESOLVE
www.tryxnxx.com # NO_RESOLVE
www.tube2021.pro # TOO_MANY_DIGITS (4)
www.tushkan.tv # NO_RESOLVE
www.tv-russians.online # NO_RESOLVE
www.tva.in.ua # TLD_UA
www.tvarina.ru # NO_RESOLVE
www.u16822.com # TOO_MANY_DIGITS (5)
www.u16844.com # TOO_MANY_DIGITS (5)
www.u16866.com # TOO_MANY_DIGITS (5)
www.uaiato.com.ua # TLD_UA
www.uchebnik-skachatj-besplatno.com # NO_RESOLVE
www.ucsmr.ru # NO_RESOLVE
www.udmrbs.ru # NO_RESOLVE
www.ufainfo.ru # NO_RESOLVE
www.ugorod.kr.ua # TLD_UA
www.ukrfa.org.ua # TLD_UA
www.ukrrudprom.ua # TLD_UA
www.ulruo.info # NO_RESOLVE
www.unian.ua # TLD_UA
www.unn.com.ua # TLD_UA
www.v2raytun-install.ru # NO_RESOLVE
www.vairalnews.com # NO_RESOLVE
www.vargashicrb.ru # NO_RESOLVE
www.vavilon.cc # NO_RESOLVE
www.ves247.biz # NO_RESOLVE
www.vestapros.com # NO_RESOLVE
www.victoralexeev.com # NO_RESOLVE
www.victoria.lviv.ua # TLD_UA
www.vidhuk.ua # TLD_UA
www.vidwhore.com # NO_RESOLVE
www.vip-tv.org.ua # TLD_UA
www.viprow.nu # NO_RESOLVE
www.viro.org.ru # NO_RESOLVE
www.visitxnxx.com # NO_RESOLVE
www.visti.rovno.ua # TLD_UA
www.vk-save.com # NO_RESOLVE
www.vksave.com # NO_RESOLVE
www.vladonline.ru # NO_RESOLVE
www.vodka8181.top # TOO_MANY_DIGITS (4)
www.vodokanal-uk.ru # NO_RESOLVE
www.voicesinkorea.kr # NO_RESOLVE
www.volgonline.ru # NO_RESOLVE
www.volunteer.org.ua # TLD_UA
www.volyn.com.ua # TLD_UA
www.vorkin.com.ua # TLD_UA
www.vosgoradmin.ru # NO_RESOLVE
www.voyeurstyle.com # NO_RESOLVE
www.vse-torrent.net # NO_RESOLVE
www.vsport-tv.ru # NO_RESOLVE
www.wikiporn.tv # NO_RESOLVE
www.wol.ps8318.com # TOO_MANY_DIGITS (4)
www.wow-xxx-videos.com # NO_RESOLVE
www.wowxnxx.com # NO_RESOLVE
www.wpwork24.ru # NO_RESOLVE
www.wunu.edu.ua # TLD_UA
www.wwwxxx.club # NO_RESOLVE
www.wyszukiwarkamp3.com.pl # NO_RESOLVE
www.xalyava.club # NO_RESOLVE
www.xemtop.com # NO_RESOLVE
www.xhamster.red # NO_RESOLVE
www.xlesbiru.info # NO_RESOLVE
www.xn-----7kcagabcx1bboelivelc9a1ae5h2keg.xn--p1ai # TOO_MANY_DIGITS (7)
www.xn-----7kcbaheof0d0bvqhh7cyb2ce.xn--p1ai # TOO_MANY_DIGITS (6)
www.xn----7sbaabaqef0fq8d.xn--p1ai # TOO_MANY_DIGITS (4)
www.xn----7sbb4afccxgjthx0d2a.xn--p1ai # TOO_MANY_DIGITS (5)
www.xn----7sbgbncpjkih2ac6aiu4b6j.xn--p1ai # TOO_MANY_DIGITS (6)
www.xn----7sbhbhgasc1dicpx0b6d4f.xn--p1ai # TOO_MANY_DIGITS (6)
www.xn----7sbwmbi5akhec6c4bj.xn--p1ai # TOO_MANY_DIGITS (5)
www.xn---2003-swe8fis.xn--p1ai # TOO_MANY_DIGITS (6)
www.xn---7-6kcfrcbk2albzjdw1aq.xyz # TOO_MANY_DIGITS (4)
www.xn--115-5cd3cgu2f.xn--p1ai # TOO_MANY_DIGITS (7)
www.xn--16-dlcie0bgasbq1e0d6b.xn--p1ai # TOO_MANY_DIGITS (7)
www.xn--24-9kc7bgfb2b9b.xn--p1ai # TOO_MANY_DIGITS (7)
www.xn--38-glciakc4atffs4e.xn--p1ai # TOO_MANY_DIGITS (5)
www.xn--69--5cddao1dj3ahwlr2f.xn--p1ai # TOO_MANY_DIGITS (7)
www.xn--72c9aa5escud2b.com # TOO_MANY_DIGITS (5)
www.xn--80aaaar8aldkh1a9a.xn--p1ai # TOO_MANY_DIGITS (6)
www.xn--80aaak1a0adwu5k.xn--p1ai # TOO_MANY_DIGITS (6)
www.xn--80aae9bahgi.xn--p1ai # TOO_MANY_DIGITS (4)
www.xn--80aaiunencbcyiedh9r.xn--p1ai # TOO_MANY_DIGITS (4)
www.xn--80aaleqhbkbz7ak6l.xn--p1ai # TOO_MANY_DIGITS (5)
www.xn--80abans8c7d.xn--p1ai # TOO_MANY_DIGITS (5)
www.xn--80acgedj4bpqtal2n.xn--p1ai # TOO_MANY_DIGITS (5)
www.xn--80afoazq8c.xn--p1ai # TOO_MANY_DIGITS (4)
www.xn--80aidrd5bg.xn--p1ai # TOO_MANY_DIGITS (4)
www.xn--80akocmfqjhc2b.xn--p1ai # TOO_MANY_DIGITS (4)
www.xn--9-7sbatz2av.xn--p1ai # TOO_MANY_DIGITS (4)
www.xn--90aau9bec.xn--p1ai # TOO_MANY_DIGITS (4)
www.xn--blackspru-e4b.com # NO_RESOLVE
www.xn--cck1a7gsd645rnx7b.com # TOO_MANY_DIGITS (6)
www.xn--d1abg3alef4d.xn--p1ai # TOO_MANY_DIGITS (4)
www.xnxx-ru2.com # NO_RESOLVE
www.xnxx-ru3.com # NO_RESOLVE
www.xnxx-ru4.com # NO_RESOLVE
www.xnxx-ru5.com # NO_RESOLVE
www.xnxx-rus.com # NO_RESOLVE
www.xnxx-rus1.com # NO_RESOLVE
www.xnxx-rus2.com # NO_RESOLVE
www.xnxx-rus3.com # NO_RESOLVE
www.xnxx-rus4.com # NO_RESOLVE
www.xnxx-rus5.com # NO_RESOLVE
www.xnxxhits.com # NO_RESOLVE
www.xnxxhole.com # NO_RESOLVE
www.xnxxmirror.com # NO_RESOLVE
www.xnxxpost.com # NO_RESOLVE
www.xv-ru2.com # NO_RESOLVE
www.xv-rus.com # NO_RESOLVE
www.xvideos.in # NO_RESOLVE
www.xxxcargo.com # NO_RESOLVE
www.xxxokko.com # NO_RESOLVE
www.xxxteenage.net # NO_RESOLVE
www.y2mate.com # NO_RESOLVE
www.yiflix.com # NO_RESOLVE
www.zagonka.link # NO_RESOLVE
www.zatraha.com # NO_RESOLVE
www.zavialovo.ru # NO_RESOLVE
www.zaycev.online # NO_RESOLVE
www.zolotojdrakon.ru # NO_RESOLVE
www.zonafilm.baby # NO_RESOLVE
www.zonafilm.beer # NO_RESOLVE
www.zvuk.me # NO_RESOLVE
www.zzzz2.live # NO_RESOLVE
www0212.a-markets.org # TOO_MANY_DIGITS (4)
www0326.a-markets.biz # TOO_MANY_DIGITS (4)
www0329.a-markets.org # TOO_MANY_DIGITS (4)
www0729.a-markets.org # TOO_MANY_DIGITS (4)
www0804.a-markets.biz # TOO_MANY_DIGITS (4)
www0805.a-markets.org # TOO_MANY_DIGITS (4)
www0907.a-markets.org # TOO_MANY_DIGITS (4)
www1.123moviesme.online # TOO_MANY_DIGITS (4)
www1.alparigroup.com # NO_RESOLVE
www1.antiprizyv.ru # NO_RESOLVE
www1.cineb.app # NO_RESOLVE
www1.mega555nel9.com # TOO_MANY_DIGITS (5)
www1.mega555netl.com # TOO_MANY_DIGITS (4)
www1.movielab.work # NO_RESOLVE
www1.porno666.city # TOO_MANY_DIGITS (4)
www1.porno666.cloud # TOO_MANY_DIGITS (4)
www1.putlockers.me # NO_RESOLVE
www1.zonafilm.baby # NO_RESOLVE
www1003.a-markets.biz # TOO_MANY_DIGITS (4)
www1112.a-markets.org # TOO_MANY_DIGITS (4)
www2.movielab.work # NO_RESOLVE
www2.porno666.city # TOO_MANY_DIGITS (4)
www2.porno666.cloud # TOO_MANY_DIGITS (4)
www2.turkish123.org # TOO_MANY_DIGITS (4)
www3.antiprizyv.ru # NO_RESOLVE
www3.movielab.work # NO_RESOLVE
www3.porno666.city # TOO_MANY_DIGITS (4)
www3.porno666.cloud # TOO_MANY_DIGITS (4)
www4.antiprizyv.ru # NO_RESOLVE
www4.movielab.work # NO_RESOLVE
www4.porno666.city # TOO_MANY_DIGITS (4)
www4.porno666.cloud # TOO_MANY_DIGITS (4)
www5.antiprizyv.ru # NO_RESOLVE
www5.movielab.work # NO_RESOLVE
www5.porno666.cloud # TOO_MANY_DIGITS (4)
www6.movielab.work # NO_RESOLVE
www7.movielab.work # NO_RESOLVE
wwwdata.xn----7sbbas7adbh1ak4hek1gg.xn--p1ai # TOO_MANY_DIGITS (6)
wwww.kambohstream.online # NO_RESOLVE
wwwzagon.tabfilm.sbs # NO_RESOLVE
wx-lotha.info # NO_RESOLVE
wysokoesad.ru # NO_RESOLVE
wz.lviv.ua # TLD_UA
x-age.ru # NO_RESOLVE
x-chel.com # NO_RESOLVE
x-film.net # NO_RESOLVE
x-film.org # NO_RESOLVE
x-film.wtf # NO_RESOLVE
x-manga.lat # NO_RESOLVE
x-minus.cc # NO_RESOLVE
x-pilot4group-bn.xyz # NO_RESOLVE
x-ploid.net # NO_RESOLVE
x-ploid.org # NO_RESOLVE
x-race.info # NO_RESOLVE
x-shop.cc # NO_RESOLVE
x-spress.pw # NO_RESOLVE
x-tubz.com # NO_RESOLVE
x-vpn.info # NO_RESOLVE
x-wave.com.ua # TLD_UA
x.angara.day # NO_RESOLVE
x.fap-guru.team # NO_RESOLVE
x.golyedevki.com # NO_RESOLVE
x.huyalkino.com # NO_RESOLVE
x.poimelka.xyz # NO_RESOLVE
x.protorrent.fun # NO_RESOLVE
x.rocketon.pw # NO_RESOLVE
x.seriyahd.cyou # NO_RESOLVE
x.stopfilms.info # NO_RESOLVE
x.trahkino.tube # NO_RESOLVE
x.trahland.com # NO_RESOLVE
x100000.com # TOO_MANY_DIGITS (6)
x1080hd.com # TOO_MANY_DIGITS (4)
x4.anmemedia.online # NO_RESOLVE
x5.rostabs.net # NO_RESOLVE
x7.anmemedia.online # NO_RESOLVE
x7npwp4e37mst.com # TOO_MANY_DIGITS (4)
x94kw958mf.com # TOO_MANY_DIGITS (5)
xaasvik.site # NO_RESOLVE
xaitradingplatform-tech.com # NO_RESOLVE
xak.guru # NO_RESOLVE
xakac.info # NO_RESOLVE
xalyava.club # NO_RESOLVE
xaxino-pro.com # NO_RESOLVE
xazynio8.ru # NO_RESOLVE
xboxelite.online # NO_RESOLVE
xboxelite.ru # NO_RESOLVE
xbrotp.com # NO_RESOLVE
xbsme.cc # NO_RESOLVE
xbt-360ai.com # NO_RESOLVE
xbt-lexiprosoftware.com # NO_RESOLVE
xbt-lexiprosystem.com # NO_RESOLVE
xc.onporn.fun # NO_RESOLVE
xc247.biz # NO_RESOLVE
xcazz2.fun # NO_RESOLVE
xchangetd.com # NO_RESOLVE
xdiff.su # NO_RESOLVE
xdirect.ua # TLD_UA
xe.ashoo.blue # NO_RESOLVE
xelegia4.ru # NO_RESOLVE
xemtop.com # NO_RESOLVE
xen.top-sofosbuvir1.ru # NO_RESOLVE
xenaibot.com # NO_RESOLVE
xenovacap.net # NO_RESOLVE
xetrd.com # NO_RESOLVE
xfire.com # NO_RESOLVE
xfrenchies.com # NO_RESOLVE
xgainforex.org # NO_RESOLVE
xh.hdx.lol # NO_RESOLVE
xh.zorox.sex # NO_RESOLVE
xh0.hdx.lol # NO_RESOLVE
xhamster-gay.pro # NO_RESOLVE
xhamster.ceo # NO_RESOLVE
xhproltd.com # NO_RESOLVE
xiceryi6.ru # NO_RESOLVE
ximki.vipster.net # NO_RESOLVE
ximlab-shop.online # NO_RESOLVE
xin1.top-sofosbuvir1.ru # NO_RESOLVE
xixiporn.fans # NO_RESOLVE
xixiporn.net # NO_RESOLVE
xixiporn.pro # NO_RESOLVE
xizecaa3.ru # NO_RESOLVE
xjatiojx.info # NO_RESOLVE
xlab.rolehub.ru # NO_RESOLVE
xlauhk.com # NO_RESOLVE
xlebcol.biz # NO_RESOLVE
xlesbiru.info # NO_RESOLVE
xmilfs.tv # NO_RESOLVE
xmirporeva.run # NO_RESOLVE
xmns.me # NO_RESOLVE
xmstatic.org # NO_RESOLVE
xmuz.net # NO_RESOLVE
xmuz4ik.com # NO_RESOLVE
xn-------53dbar2aoc8af1aeomx7adcm.xn--p1ai # TOO_MANY_DIGITS (7)
xn-------f6fc1balcaeul3f3f2ay6bj4be34jo3a3yraf.apk.cafe # TOO_MANY_DIGITS (11)
xn------5cdadanqjschpsi8c8o.xn--p1ai # TOO_MANY_DIGITS (4)
xn------5cdb2azjg0bacmqpajyhx.xn--p1ai # TOO_MANY_DIGITS (4)
xn------5cdbbabdndnmr1ajbquj6ahm0ad6bjjra8bxe9jqe.xn--p1ai # TOO_MANY_DIGITS (8)
xn------6cdbbgsch0ahnmkm4cb4bgeqn3ttd.xn--p1ai # TOO_MANY_DIGITS (6)
xn------6cdbbwb1ckndzced6a2a2d8czc.xn--p1ai # TOO_MANY_DIGITS (7)
xn------6cdhbbc6cqb2dijbtll4m.xn--p1ai # TOO_MANY_DIGITS (5)
xn------6cdljejubr3bgkad2apepf5z.xn--p1ai # TOO_MANY_DIGITS (5)
xn-----000-3nfb7dffv9ahpfe.xn--p1ai # TOO_MANY_DIGITS (7)
xn-----10-4vebbd3bbbdxsavjmie5anjjbf8bzaslw8c1d0l.xyz # TOO_MANY_DIGITS (9)
xn-----2-63dbac1bbv2aefkg2arh0b0ay.xyz # TOO_MANY_DIGITS (8)
xn-----3-63dabc1bdbx5aefgfg0afohh8b2b0a9v.xyz # TOO_MANY_DIGITS (10)
xn-----5-43dabj6abes9afdhge0anhhg1b4b0a9v.xyz # TOO_MANY_DIGITS (10)
xn-----6-43dabj6abes9afdhge0anhhg1b4b0a9v.xyz # TOO_MANY_DIGITS (10)
xn-----6-53dbabaj0bbiat0bnng8auhh0bjv3ag8rtf.xyz # TOO_MANY_DIGITS (9)
xn-----6kca3bkkcro0ait3o.xn--p1ai # TOO_MANY_DIGITS (5)
xn-----6kcaabnmpe0av5aqoldcjbde9a1u.xn--p1ai # TOO_MANY_DIGITS (6)
xn-----6kcaac7alcojg8b4algy5gwdo.xn--p1ai # TOO_MANY_DIGITS (6)
xn-----6kcab5bjzljfqhpa2bzn.xn--p1ai # TOO_MANY_DIGITS (4)
xn-----6kcababn1dlbgkrqnkik2d0hrepahdi.xn--p1ai # TOO_MANY_DIGITS (5)
xn-----6kcabhgds3adadbrdccgdh7amejbpb0bzampe5p8k.xn--p1ai # TOO_MANY_DIGITS (7)
xn-----6kcabj6aoqedpoliii6c1cwdtfvadi.xn--p1ai # TOO_MANY_DIGITS (5)
xn-----6kcablj9abdfng4aqffpjficugn15a.xn--p1ai # TOO_MANY_DIGITS (6)
xn-----6kcaby3ajmrodhjqj7h4a3dwc.xn--p1ai # TOO_MANY_DIGITS (6)
xn-----6kcac1awclcdpjihjeti82a.xn--p1ai # TOO_MANY_DIGITS (5)
xn-----6kcal1bulnxrcae7lzb.xn--p1ai # TOO_MANY_DIGITS (4)
xn-----6kcb0azcfolcdz6a9eyd4a.xn--p1ai # TOO_MANY_DIGITS (6)
xn-----6kcb1baeecmeygcnm4au1a5bzhua.xn--p1ai # TOO_MANY_DIGITS (6)
xn-----6kcbabb8emoddlnkr7uhe.xn--p1ai # TOO_MANY_DIGITS (4)
xn-----6kcbabid0aaa2ddizqn9amd7oqem.xn--p1ai # TOO_MANY_DIGITS (6)
xn-----6kcbannhltb4bihw9anbr4ryb.xn--p1ai # TOO_MANY_DIGITS (5)
xn-----6kcbba1af7aosjiozcfcfgig9hqe.xn--p1ai # TOO_MANY_DIGITS (5)
xn-----6kcbbaa7a0aeujqegfhhujscqhd6x1ci.xn--p1ai # TOO_MANY_DIGITS (6)
xn-----6kcbbgip5asdmqgh4b7a.xn--p1ai # TOO_MANY_DIGITS (5)
xn-----6kcbcec0a1au5ah5cewz8gqd.xn--p1ai # TOO_MANY_DIGITS (7)
xn-----6kcbckhbq2dsibgw7a.xn--p1ai # TOO_MANY_DIGITS (4)
xn-----6kcbeacb5fuajfqks0og3c.xn--p1ai # TOO_MANY_DIGITS (5)
xn-----6kcblb7a6bb0ayr.xn--p1ai # TOO_MANY_DIGITS (5)
xn-----6kcbodgb2acbazcygk1cnov4a5cxiqd.xn--p1ai # TOO_MANY_DIGITS (6)
xn-----6kcbtifrlk6admfji6a7g.xn--p1ai # TOO_MANY_DIGITS (5)
xn-----6kccad2amecpru7a1dzh.xn--p1ai # TOO_MANY_DIGITS (5)
xn-----6kcceef4aqgkp7aacc0aqdcikm.xn--p1ai # TOO_MANY_DIGITS (5)
xn-----6kccepbg1afqfjxvxsh8x.xn--p1ai # TOO_MANY_DIGITS (4)
xn-----6kccfgbp2ab1cvaaesdrti1ftk.xn--p1ai # TOO_MANY_DIGITS (5)
xn-----6kccgc6bbalvqdfk0h9a2gra.xn--p1ai # TOO_MANY_DIGITS (6)
xn-----6kccicvcusmceoldf9ayj10a.xn--p1ai # TOO_MANY_DIGITS (5)
xn-----6kcdczrcrweih3dxdte4a.xn--p1ai # TOO_MANY_DIGITS (4)
xn-----6kcfcsdqkn3bcmrwr4tc.xn--p1ai # TOO_MANY_DIGITS (4)
xn-----6kcfljbz1ad2abjudf3e.xn--p1ai # TOO_MANY_DIGITS (5)
xn-----6kcgctbboogrdbhmomacrdrvz7rubup.xn--p1ai # NO_RESOLVE
xn-----6kchnffoncf4bjdkkbyk6p.xn--p1ai # TOO_MANY_DIGITS (4)
xn-----6kciletcjeefnljvhqqj5auc7qva.xn--p1ai # TOO_MANY_DIGITS (4)
xn-----6kcj5ahllhg7bca2lwb.xn--p1ai # TOO_MANY_DIGITS (5)
xn-----6kckhdypg4ahc3d4dwb.xn--p1ai # TOO_MANY_DIGITS (5)
xn-----6kcklee4bpgcwcieq1p8a.xn--p1ai # TOO_MANY_DIGITS (5)
xn-----6kcrb6askcdgunl4d.xn--p1ai # TOO_MANY_DIGITS (4)
xn-----6kcrbgsmjrn3bno1exe6a.xn--p1ai # TOO_MANY_DIGITS (5)
xn-----6kcswkkcbdggbcju5m4b3c.xn--p1ai # TOO_MANY_DIGITS (5)
xn-----7kcabkbsb4cbdfmfegrfccd1ai0akjei13a.xn--p1ai # TOO_MANY_DIGITS (7)
xn-----7kcadhcqbxnbzdmvgmdib1ad8afe9h1m.xn--p1ai # TOO_MANY_DIGITS (6)
xn-----7kcagabcx1bboelivelc9a1ae5h2keg.xn--p1ai # TOO_MANY_DIGITS (7)
xn-----7kcb9abfnxhlbe.xn--80acvaamejcuh0a.xn--p1ai # TOO_MANY_DIGITS (6)
xn-----7kcbaa4ag0bvpz7aze.xn--p1ai # TOO_MANY_DIGITS (5)
xn-----7kcbahpecbg4aagxdzmeagmd3f6ftki.xn--p1ai # TOO_MANY_DIGITS (5)
xn-----7kcbaxj6ad1abdgh1afml9a9k.xn--p1ai # TOO_MANY_DIGITS (7)
xn-----7kcbddccz3amfikmg0abhg0dks4q.xn--p1ai # TOO_MANY_DIGITS (6)
xn-----7kcbgsb3caagfrhbwarqi3aw9lza.xn--p1ai # TOO_MANY_DIGITS (5)
xn-----7kcbj2agaufigbjjlefn8a8r.xn--p1ai # TOO_MANY_DIGITS (5)
xn-----7kcbof6cjgbfadx2f9bxc.xn--p1ai # TOO_MANY_DIGITS (5)
xn-----7kcbvdmbhpcgorfqg6a1a.xn--p1ai # TOO_MANY_DIGITS (4)
xn-----7kcchbniweojd5abqga8adl4ah0a6a9m.xn--p1ai # TOO_MANY_DIGITS (8)
xn-----7kcebb3chmlfmfflulx4m4a.xn--p1ai # TOO_MANY_DIGITS (5)
xn-----7kcgjhacbdvcdadnq0clndpjp3agod0m.xn--p1ai # TOO_MANY_DIGITS (5)
xn-----7kciaiggvke6bijblrj1b7eve.xn--p1ai # TOO_MANY_DIGITS (5)
xn-----7kcjg1aihhfdchlgdc1cf8c9j.xn--80adxhks # TOO_MANY_DIGITS (7)
xn-----7kcwgiaklcxgb0d5lf.xn--p1ai # TOO_MANY_DIGITS (4)
xn-----7kczrdknailccjp0md.xn--p1ai # NO_RESOLVE
xn-----8kcaaiug0bblqua3ain.xn--p1ai # TOO_MANY_DIGITS (4)
xn-----8kcabokbb7as7ahin7aw4gxa8d.xn--p1ai # TOO_MANY_DIGITS (7)
xn-----8kcaddflhc4aaca1aifkzfdreib7b2b4hh9mnec.xn--p1ai # TOO_MANY_DIGITS (8)
xn-----8kcagqynk2avt1b4g4b.xn--p1ai # TOO_MANY_DIGITS (6)
xn-----8kcaje0bckyapebfhcnfcei8bznqd.xn--p1ai # TOO_MANY_DIGITS (4)
xn-----8kcfbhntw0bi6f.xn--p1ai # TOO_MANY_DIGITS (4)
xn-----8kcfbqe3bqam7aqft4b2f.xn--p1ai # TOO_MANY_DIGITS (6)
xn-----8kcfckh1afgfi2blzb6af4m.xn--p1ai # TOO_MANY_DIGITS (6)
xn-----8kcfqndfdhbj7adel3almnfc4f0cyj7a.xn--p1ai # TOO_MANY_DIGITS (7)
xn-----8kcgejcbxd3eledmbjg8t.xn--p1ai # TOO_MANY_DIGITS (4)
xn-----8kch1abamcdvyfeovhp9fre.xn--p1ai # TOO_MANY_DIGITS (4)
xn-----8kchajjlibamidov7ad2bjmrf1jxe.xn--p1ai # TOO_MANY_DIGITS (5)
xn-----8kcjfnn3bceaxi1ap3qa.xn--p1ai # TOO_MANY_DIGITS (5)
xn-----8kcjzlddplffghk3b8f7b.xn--p1ai # TOO_MANY_DIGITS (5)
xn-----8kcr1asfm3as.xn--p1ai # TOO_MANY_DIGITS (4)
xn-----8kcracabwftfhc7cji4b7ftg.xn--p1ai # TOO_MANY_DIGITS (5)
xn-----9kckic6cjd6e.xn--p1ai # TOO_MANY_DIGITS (4)
xn-----blcbsmjxcth1an.xn--p1ai # NO_RESOLVE
xn-----blcocckfchj6adhr6afj5br.xn--p1ai # TOO_MANY_DIGITS (4)
xn-----clcblh1bdxb3au1oe.xn--p1ai # TOO_MANY_DIGITS (4)
xn-----clccekq1bjjeqgzsf5a1itb.xn--p1ai # TOO_MANY_DIGITS (4)
xn-----clcclcaxd3ddbbufcuce4i5d.xn--p1ai # TOO_MANY_DIGITS (4)
xn-----clcqkbbaodv6a2amm1m.xn--p1ai # TOO_MANY_DIGITS (4)
xn-----dlcacqlhl6bg3az7c4d.xn--p1ai # TOO_MANY_DIGITS (5)
xn-----dlcbbok6abutc1bgt4b2f.xn--p1ai # TOO_MANY_DIGITS (5)
xn-----dlchhbisknhqdaerjj0b0h7coo2c.xn--p1ai # TOO_MANY_DIGITS (5)
xn-----dlcnpdkb0adosegk.xn--p1ai # NO_RESOLVE
xn-----elcbp3afqefqtdcs8jwa8c.xn--p1ai # TOO_MANY_DIGITS (4)
xn-----elcgfran1adeace6azg7d.xn--p1ai # TOO_MANY_DIGITS (4)
xn-----elckartrfaban4b.xn--p1ai # NO_RESOLVE
xn-----flcbjcc1ebysb8axg1g.xn--p1ai # TOO_MANY_DIGITS (4)
xn-----jlc1aeejbbdwhnp7k5b.xn--p1ai # TOO_MANY_DIGITS (4)
xn-----mlccieabpfl9ae0ar9e.xn--p1ai # TOO_MANY_DIGITS (4)
xn----01-43dabaz0aqjcc5b0aeksxy2juima.xn--p1ai # TOO_MANY_DIGITS (9)
xn----017-4ve8czbqe.xn--p1ai # TOO_MANY_DIGITS (6)
xn----07-53d0c9aoe.xn--p1ai # TOO_MANY_DIGITS (7)
xn----0705-3nf0dgdsb0bgjgg.xn--p1ai # TOO_MANY_DIGITS (8)
xn----1-6cdbgxbeap1bigyphd4af4m.xyz # TOO_MANY_DIGITS (5)
xn----1-6cdsceyji0feh.xn--p1ai # TOO_MANY_DIGITS (4)
xn----11-53dwcf1akj7fei.xn--p1ai # TOO_MANY_DIGITS (7)
xn----117-4ve8czbqe.xn--p1ai # TOO_MANY_DIGITS (6)
xn----1233-2nf0djbrf0bcmen.xn--p1ai # TOO_MANY_DIGITS (8)
xn----1234-2nf0djbrf0bcmen.xn--p1ai # TOO_MANY_DIGITS (8)
xn----1235-2nf0djbrf0bcmen.xn--p1ai # TOO_MANY_DIGITS (8)
xn----1323-2nf0djbrf0bcmen.xn--p1ai # TOO_MANY_DIGITS (8)
xn----1344-2nf0djbrf0bcmen.xn--p1ai # TOO_MANY_DIGITS (8)
xn----1456-2nf0djbrf0bcmen.xn--p1ai # TOO_MANY_DIGITS (8)
xn----1564-2nf0djbrf0bcmen.xn--p1ai # TOO_MANY_DIGITS (8)
xn----1567-2nf0djbrf0bcmen.xn--p1ai # TOO_MANY_DIGITS (8)
xn----157-4ve8czbqe.xn--p1ai # TOO_MANY_DIGITS (6)
xn----179-4ve8czbqe.xn--p1ai # TOO_MANY_DIGITS (6)
xn----19-53d6bedob4aghge.com # TOO_MANY_DIGITS (6)
xn----2-7cddwcbr5adjrnk2anr.xyz # TOO_MANY_DIGITS (4)
xn----24-f4dbmcfdse4vta.xn--p1ai # TOO_MANY_DIGITS (5)
xn----27-53d0c9aoe.xn--p1ai # TOO_MANY_DIGITS (7)
xn----29-53d6bedob4aghge.com # TOO_MANY_DIGITS (6)
xn----3-6cdbag1abfaq4bjg0aqhd6af1c6kxe.xyz # TOO_MANY_DIGITS (8)
xn----3-7cdcb1abbt1ahgiwpj6a8a.xyz # TOO_MANY_DIGITS (6)
xn----301-4ve8czbqe.xn--p1ai # TOO_MANY_DIGITS (6)
xn----311-4ve8czbqe.xn--p1ai # TOO_MANY_DIGITS (6)
xn----327-4ve8czbqe.xn--p1ai # TOO_MANY_DIGITS (6)
xn----37-53d0c9aoe.xn--p1ai # TOO_MANY_DIGITS (7)
xn----378-4ve8czbqe.xn--p1ai # TOO_MANY_DIGITS (6)
xn----381-4ve8czbqe.xn--p1ai # TOO_MANY_DIGITS (6)
xn----385-4ve8czbqe.xn--p1ai # TOO_MANY_DIGITS (6)
xn----387-4ve8czbqe.xn--p1ai # TOO_MANY_DIGITS (6)
xn----39-53d6bedob4aghge.com # TOO_MANY_DIGITS (6)
xn----408-4ve8czbqe.xn--p1ai # TOO_MANY_DIGITS (6)
xn----5-5cdfztilj2adckiy0h.xn--p1ai # TOO_MANY_DIGITS (5)
xn----5-6cdbag1abfaq4bjg0aqhd6af1c6kxe.xyz # TOO_MANY_DIGITS (8)
xn----508-4ve8czbqe.xn--p1ai # TOO_MANY_DIGITS (6)
xn----509-4ve8czbqe.xn--p1ai # TOO_MANY_DIGITS (6)
xn----510-4ve8czbqe.xn--p1ai # TOO_MANY_DIGITS (6)
xn----511-4ve8czbqe.xn--p1ai # TOO_MANY_DIGITS (6)
xn----512-4ve8czbqe.xn--p1ai # TOO_MANY_DIGITS (6)
xn----513-4ve8czbqe.xn--p1ai # TOO_MANY_DIGITS (6)
xn----514-4ve8czbqe.xn--p1ai # TOO_MANY_DIGITS (6)
xn----515-4ve8czbqe.xn--p1ai # TOO_MANY_DIGITS (6)
xn----516-4ve8czbqe.xn--p1ai # TOO_MANY_DIGITS (6)
xn----517-4ve8czbqe.xn--p1ai # TOO_MANY_DIGITS (6)
xn----518-4ve8czbqe.xn--p1ai # TOO_MANY_DIGITS (6)
xn----519-4ve8czbqe.xn--p1ai # TOO_MANY_DIGITS (6)
xn----520-4ve8czbqe.xn--p1ai # TOO_MANY_DIGITS (6)
xn----521-4ve8czbqe.xn--p1ai # TOO_MANY_DIGITS (6)
xn----522-4ve8czbqe.xn--p1ai # TOO_MANY_DIGITS (6)
xn----523-4ve8czbqe.xn--p1ai # TOO_MANY_DIGITS (6)
xn----524-4ve8czbqe.xn--p1ai # TOO_MANY_DIGITS (6)
xn----525-4ve8czbqe.xn--p1ai # TOO_MANY_DIGITS (6)
xn----526-4ve8czbqe.xn--p1ai # TOO_MANY_DIGITS (6)
xn----528-4ve8czbqe.xn--p1ai # TOO_MANY_DIGITS (6)
xn----530-4ve8czbqe.xn--p1ai # TOO_MANY_DIGITS (6)
xn----581-4ve8czbqe.xn--p1ai # TOO_MANY_DIGITS (6)
xn----695-4ve8czbqe.xn--p1ai # TOO_MANY_DIGITS (6)
xn----707-4ve8czbqe.xn--p1ai # TOO_MANY_DIGITS (6)
xn----708-4ve8czbqe.xn--p1ai # TOO_MANY_DIGITS (6)
xn----711-4ve8czbqe.xn--p1ai # TOO_MANY_DIGITS (6)
xn----717-4ve8czbqe.xn--p1ai # TOO_MANY_DIGITS (6)
xn----727-4ve8czbqe.xn--p1ai # TOO_MANY_DIGITS (6)
xn----728-4ve8czbqe.xn--p1ai # TOO_MANY_DIGITS (6)
xn----73-53d0c1asiidjq.xn--p1ai # TOO_MANY_DIGITS (7)
xn----73-93dnh3ajrn1aa1a4nub.xn--p1ai # TOO_MANY_DIGITS (9)
xn----737-4ve8czbqe.xn--p1ai # TOO_MANY_DIGITS (6)
xn----738-4ve8czbqe.xn--p1ai # TOO_MANY_DIGITS (6)
xn----747-4ve8czbqe.xn--p1ai # TOO_MANY_DIGITS (6)
xn----748-4ve8czbqe.xn--p1ai # TOO_MANY_DIGITS (6)
xn----757-4ve8czbqe.xn--p1ai # TOO_MANY_DIGITS (6)
xn----767-4ve8czbqe.xn--p1ai # TOO_MANY_DIGITS (6)
xn----77-53d0c9aoe.xn--p1ai # TOO_MANY_DIGITS (7)
xn----778-4ve8czbqe.xn--p1ai # TOO_MANY_DIGITS (6)
xn----782-4ve8czbqe.xn--p1ai # TOO_MANY_DIGITS (6)
xn----787-4ve8czbqe.xn--p1ai # TOO_MANY_DIGITS (6)
xn----790-4ve8czbqe.xn--p1ai # TOO_MANY_DIGITS (6)
xn----792-4ve8czbqe.xn--p1ai # TOO_MANY_DIGITS (6)
xn----797-4ve8czbqe.xn--p1ai # TOO_MANY_DIGITS (6)
xn----7sb3acac9aleeece3j2b.xn--p1ai # TOO_MANY_DIGITS (6)
xn----7sba1dhrew.xn--p1ai # NO_RESOLVE
xn----7sba5bc4ce7d.xn--p1ai # TOO_MANY_DIGITS (5)
xn----7sba5bgb5cbg.xn--p1ai # TOO_MANY_DIGITS (4)
xn----7sba6aameopjlt.xn--p1ai # NO_RESOLVE
xn----7sba7aark4aqdo.xn--p1ai # TOO_MANY_DIGITS (4)
xn----7sba7agpnbgra6h.xn--p1ai # TOO_MANY_DIGITS (4)
xn----7sbaa3bkkbb7aezde9p.xn--p1ai # TOO_MANY_DIGITS (5)
xn----7sbaa5ahbog0atizg.xn--p1ai # TOO_MANY_DIGITS (4)
xn----7sbaaah1ab4bphi0bnel7czi1b.xn--p1ai # TOO_MANY_DIGITS (7)
xn----7sbaabakxwweigw9a2a3h3g.xn--p1ai # TOO_MANY_DIGITS (6)
xn----7sbaabib1a1arghukmqlj5yh.xn--p1ai # TOO_MANY_DIGITS (5)
xn----7sbaabjfr0cyatxj1jud.xn--p1ai # TOO_MANY_DIGITS (4)
xn----7sbaaby2bkezjije0k2b3b.xn--p1ai # TOO_MANY_DIGITS (6)
xn----7sbaabzwdphtfjni2ao4fa9o.xn--p1ai # TOO_MANY_DIGITS (5)
xn----7sbab2bwgeerdkgd8azb8k.xn--p1ai # TOO_MANY_DIGITS (5)
xn----7sbab4bkhmdj2aggin5cc6h3bm.xn--p1ai # TOO_MANY_DIGITS (7)
xn----7sbab6ajicclx1b.xn--p1ai # TOO_MANY_DIGITS (4)
xn----7sbaba2cfwdd6bza.xn--p1ai # TOO_MANY_DIGITS (4)
xn----7sbaba3a1c3ahhdi3cyh.xn--p1ai # TOO_MANY_DIGITS (6)
xn----7sbaba4apcyjnesxqhf1etj.xn--p1ai # TOO_MANY_DIGITS (4)
xn----7sbaba9bhsmlwhqf2r.xn--p1ai # TOO_MANY_DIGITS (4)
xn----7sbabaacm3f0atfx2ge.xn--p1ai # TOO_MANY_DIGITS (5)
xn----7sbabab7be8ak0bxn.xn--p1ai # TOO_MANY_DIGITS (5)
xn----7sbababex1fa0cxa4job.xn--p1ai # TOO_MANY_DIGITS (5)
xn----7sbabacrbn4epeiqlxe.xn--p1ai # NO_RESOLVE
xn----7sbabafu0bj1dndz3kqb.xn--p1ai # TOO_MANY_DIGITS (5)
xn----7sbabahitv0a7ci4a.xn--p1ai # TOO_MANY_DIGITS (5)
xn----7sbabahuydcsdbg4a7cgsmnl7p.xn--p1ai # TOO_MANY_DIGITS (5)
xn----7sbabaicbmp4cgk0b3cj4u.xn--p1ai # TOO_MANY_DIGITS (6)
xn----7sbabaifv1axfkkg1dye4g.xn--p1ai # TOO_MANY_DIGITS (5)
xn----7sbabain3cmzzwo4i.xn--p1ai # TOO_MANY_DIGITS (4)
xn----7sbabaod2dehfhg9fh.xn--p1ai # TOO_MANY_DIGITS (4)
xn----7sbabaug7bby5a5a.xn--80adxhks # TOO_MANY_DIGITS (6)
xn----7sbabbfpid3asbnxbhbdbh2cdi7ae7l1h.xn--p1ai # TOO_MANY_DIGITS (7)
xn----7sbabcc1cadre7afb2ac6ay.xn--p1ai # TOO_MANY_DIGITS (6)
xn----7sbabed9cm9ck.xn--p1ai # TOO_MANY_DIGITS (4)
xn----7sbabejafihwhgv5cgicco7bcx.xn--p1ai # TOO_MANY_DIGITS (4)
xn----7sbabeysadtkrogxidv3a6b.xn--p1ai # TOO_MANY_DIGITS (4)
xn----7sbabgdomsq1bp3a.xn--p1acf # TOO_MANY_DIGITS (4)
xn----7sbabgdu1bozeamiqdjii9qb.xn--p1ai # TOO_MANY_DIGITS (4)
xn----7sbabhcf3dieohfb4ase1a8o.xn--p1ai # TOO_MANY_DIGITS (6)
xn----7sbabhdjma9b4b1bk.xn--p1ai # TOO_MANY_DIGITS (5)
xn----7sbabhidna2d1a5ac5rh.xn--p1ai # TOO_MANY_DIGITS (6)
xn----7sbabhph9ach5ab3ck4f.xn--p1ai # TOO_MANY_DIGITS (6)
xn----7sbabkajh7at0ars9a0g1b.su # TOO_MANY_DIGITS (6)
xn----7sbabkcl2aji2acwkkfl4b.xn--p1ai # TOO_MANY_DIGITS (5)
xn----7sbabm0cq1ahq.xn--p1ai # TOO_MANY_DIGITS (4)
xn----7sbabmfk3fdpsd3a.xn--p1ai # TOO_MANY_DIGITS (4)
xn----7sbabol7c0aesdp.xn--p1ai # TOO_MANY_DIGITS (4)
xn----7sbabrfdzpvfiiv1e7ctc.xn--80adxhks # TOO_MANY_DIGITS (5)
xn----7sbabsezlhpif8adh2b8au8g.xn--p1ai # TOO_MANY_DIGITS (6)
xn----7sbabtbf0bh5a6aggg3e.xn--p1ai # TOO_MANY_DIGITS (6)
xn----7sbabvdnuopfoncq0ug7a.xn--p1ai # TOO_MANY_DIGITS (4)
xn----7sbabw2cte.xn--p1ai # NO_RESOLVE
xn----7sbabwa9acdgrq8a3gg4i.xn--p1ai # TOO_MANY_DIGITS (6)
xn----7sbabwag7ackrq8ai3h4e.xn--p1ai # TOO_MANY_DIGITS (6)
xn----7sbabym1beq1g.xn--p1ai # TOO_MANY_DIGITS (4)
xn----7sbach1blg3ab9bxc.xn--p1ai # TOO_MANY_DIGITS (5)
xn----7sbacibouqs0br7aza3ib.xn--p1ai # TOO_MANY_DIGITS (5)
xn----7sbacvcduqezae8c1mg.xn--p1ai # TOO_MANY_DIGITS (4)
xn----7sbade5cmje3b.xn--p1ai # TOO_MANY_DIGITS (4)
xn----7sbadhqc5bvibwcth1mf.xn--p1ai # TOO_MANY_DIGITS (4)
xn----7sbafbde2bfbw5anbyjne.xn--p1ai # TOO_MANY_DIGITS (4)
xn----7sbafcq0bbowsij7ezg.xn--p1ai # TOO_MANY_DIGITS (4)
xn----7sbagddrs8eet7j.xn--p1ai # TOO_MANY_DIGITS (4)
xn----7sbah3bpoaski.xn--p1ai # NO_RESOLVE
xn----7sbah4bcb4aqj4i.xn--p1ai # TOO_MANY_DIGITS (5)
xn----7sbahcxo5bicl6a3b9e.xn--p1ai # TOO_MANY_DIGITS (6)
xn----7sbahjd2amd5aed4c3b1f.xn--p1ai # TOO_MANY_DIGITS (7)
xn----7sbahjdha0apg7acfk8bl.xn--p1ai # TOO_MANY_DIGITS (5)
xn----7sbahme6altjs5c6f.xn--p1ai # TOO_MANY_DIGITS (5)
xn----7sbahmvv0acge7aza.xn--p1ai # TOO_MANY_DIGITS (4)
xn----7sbahnce1ajxja3a.xn--p1ai # TOO_MANY_DIGITS (4)
xn----7sbahokjddimfdsw5alhalm2a9mexl1g.xn--p1ai # TOO_MANY_DIGITS (6)
xn----7sbajcfkpiadmlx7ciukp2w.xn--p1ai # TOO_MANY_DIGITS (4)
xn----7sbajo8ccjgn0bw.xn--p1ai # TOO_MANY_DIGITS (4)
xn----7sbakbnuq0alnfpe.xn--p1ai # NO_RESOLVE
xn----7sbakdm9aulcoijakh.xn--p1ai # NO_RESOLVE
xn----7sbaldyccaarc8ao0bjr0j.xn--p1ai # TOO_MANY_DIGITS (5)
xn----7sbale3ebno.xn--p1ai # NO_RESOLVE
xn----7sbalh5aeee3ab7c6b5d.xn--p1ai # TOO_MANY_DIGITS (7)
xn----7sbalvgbplpb0b0b6d.xn--p1ai # TOO_MANY_DIGITS (5)
xn----7sbamgfbh2abej3bd7cha.xn--p1ai # TOO_MANY_DIGITS (5)
xn----7sbapcf1bvzt.xn--p1ai # NO_RESOLVE
xn----7sbapuabba3aenhowpr8e2f8b.xn--p1ai # TOO_MANY_DIGITS (6)
xn----7sbara2aufmcxb1a5j.xn--p1ai # TOO_MANY_DIGITS (5)
xn----7sbarcc6anfg3j2b.xn--p1ai # TOO_MANY_DIGITS (5)
xn----7sbario5ddbegf2n.xn--p1ai # TOO_MANY_DIGITS (4)
xn----7sbavaamtsggcgdezf1e0c1fc.xn--p1ai # TOO_MANY_DIGITS (5)
xn----7sbb4aandjwsmn3a8g6b.xn--p1ai # TOO_MANY_DIGITS (6)
xn----7sbb4ahn2allc1d.xn--p1ai # TOO_MANY_DIGITS (5)
xn----7sbb5abaicbfoanhe6frcva.xn--p1ai # TOO_MANY_DIGITS (4)
xn----7sbb5ahsgbscmfh8n.xn--p1ai # TOO_MANY_DIGITS (4)
xn----7sbb5asjafn3c.xn--p1acf # TOO_MANY_DIGITS (4)
xn----7sbb5axcb6aw9e.xn--p1ai # TOO_MANY_DIGITS (5)
xn----7sbb7bhdcdigu0a7lce.xn--p1ai # TOO_MANY_DIGITS (5)
xn----7sbb8aggkdcg2aggicl1d5d1a.xn--p1ai # TOO_MANY_DIGITS (7)
xn----7sbba0baelndt4bdk4bkz.xn--p1ai # TOO_MANY_DIGITS (5)
xn----7sbba0baomc0bjhdkxs0b.xn--p1ai # TOO_MANY_DIGITS (5)
xn----7sbba7apwtdrl1dxd.xn--p1ai # TOO_MANY_DIGITS (4)
xn----7sbba8acpje8aho.xn--p1ai # TOO_MANY_DIGITS (4)
xn----7sbbaaboruh5as0cdtfn0b3o.xn--p1ai # TOO_MANY_DIGITS (6)
xn----7sbbaah6bormeebwr1g.xn--p1ai # TOO_MANY_DIGITS (4)
xn----7sbbaawdht9ahibe7o.xn--p1ai # TOO_MANY_DIGITS (4)
xn----7sbbabfv1celgiw1jve.xn--p1ai # TOO_MANY_DIGITS (4)
xn----7sbbaddb9bcueltar8a7o.xn--p1ai # TOO_MANY_DIGITS (5)
xn----7sbbadt3afeh9alnjx.xn--p1acf # TOO_MANY_DIGITS (4)
xn----7sbbaeep5h8a5e.xn--p1ai # TOO_MANY_DIGITS (5)
xn----7sbbaev7add3b9c0b.xn--p1ai # TOO_MANY_DIGITS (6)
xn----7sbbagfd5bmpxdb0a4j.xn--p1ai # TOO_MANY_DIGITS (5)
xn----7sbbagg3bilyfh0ajs.xn--p1ai # TOO_MANY_DIGITS (4)
xn----7sbbagimseec4afa5adr9avbhw4r.xn--p1ai # TOO_MANY_DIGITS (6)
xn----7sbbahsbyuecos6anlfe2cyb1f.xn--p1ai # TOO_MANY_DIGITS (5)
xn----7sbbaj0bj2ck.xn--p1ai # TOO_MANY_DIGITS (4)
xn----7sbbakozkqf3bcce.xn--p1ai # NO_RESOLVE
xn----7sbbal1at1abaxvyg0k.xn--p1ai # TOO_MANY_DIGITS (5)
xn----7sbbal8aurb7au1a.xn--p1ai # TOO_MANY_DIGITS (5)
xn----7sbbalgfb6avshg0e.xn--p1ai # TOO_MANY_DIGITS (4)
xn----7sbbaoj7abfzc3ajo.xn--p1ai # TOO_MANY_DIGITS (4)
xn----7sbbaqfaukq0bhhfk9a1nnc.xn--p1ai # TOO_MANY_DIGITS (5)
xn----7sbbas7adbh1ak4hek1gg.xn--p1ai # TOO_MANY_DIGITS (6)
xn----7sbbava2aknm3bja5q.xn--p1ai # TOO_MANY_DIGITS (5)
xn----7sbbaxpelcdct4avy.xn--p1ai # NO_RESOLVE
xn----7sbbb9aoceg6a8gwchk.xn--p1ai # TOO_MANY_DIGITS (5)
xn----7sbbbhbne5aohhvxa1cij5n.xn--p1ai # TOO_MANY_DIGITS (5)
xn----7sbbbr5adz7ct.xn--p1ai # TOO_MANY_DIGITS (4)
xn----7sbbbuaoctf1a3b.xn--p1ai # TOO_MANY_DIGITS (4)
xn----7sbbbvy2a3aayl.xn--p1ai # TOO_MANY_DIGITS (4)
xn----7sbbbwq8ad3f.xn--p1ai # TOO_MANY_DIGITS (4)
xn----7sbbc2a2aoeso3job.xn--p1ai # TOO_MANY_DIGITS (5)
xn----7sbbcubaudn0bdbnlwmn.xn--p1ai # NO_RESOLVE
xn----7sbbcuuqodcge2a6c6f.xn--p1ai # TOO_MANY_DIGITS (5)
xn----7sbbd.xn--p1ai # NO_RESOLVE
xn----7sbbdasdmncbt0bbkk7aiv5d.xn--p1ai # TOO_MANY_DIGITS (5)
xn----7sbbdc4aymm3am9jpbhe.xn--p1ai # TOO_MANY_DIGITS (5)
xn----7sbbdcs9alzqlhbm4mqb.xn--p1ai # TOO_MANY_DIGITS (4)
xn----7sbbdddra2a2ciiupibdh0cu.xn--p1ai # TOO_MANY_DIGITS (5)
xn----7sbbdpcao1bvoaz0s.xn--p1ai # TOO_MANY_DIGITS (4)
xn----7sbbdvnan0bm1aa3e8c.xn--p1ai # TOO_MANY_DIGITS (6)
xn----7sbbegelboot7agg0bd2ax5l.xn--p1ai # TOO_MANY_DIGITS (6)
xn----7sbbf5ajeydfaqhx.xn--p1ai # NO_RESOLVE
xn----7sbbfcpvtx2arx2d.xn--p1ai # TOO_MANY_DIGITS (4)
xn----7sbbfosrbf7aufif1a9k.xn--p1ai # TOO_MANY_DIGITS (5)
xn----7sbbg0aehdnpftn3nna.xn--p1ai # TOO_MANY_DIGITS (4)
xn----7sbbg4agccb9abchzgem3i.xn--p1ai # TOO_MANY_DIGITS (5)
xn----7sbbg4agcdi0adahfnifhl1s.xn--p1ai # TOO_MANY_DIGITS (5)
xn----7sbbgr1ceume4a.xn--p1ai # TOO_MANY_DIGITS (4)
xn----7sbbh1asokvff6jtb.xn--p1ai # TOO_MANY_DIGITS (4)
xn----7sbbh3aci0adcdczue0fxh.xn--p1ai # TOO_MANY_DIGITS (5)
xn----7sbbh4aillh0b.xn--p1ai # TOO_MANY_DIGITS (4)
xn----7sbbh5a0a0aqd9aep3as6c.xn--p1ai # TOO_MANY_DIGITS (8)
xn----7sbbhh2axp9g.xn--p1ai # TOO_MANY_DIGITS (4)
xn----7sbbhmolgccf8aj2e.xn--p1ai # TOO_MANY_DIGITS (4)
xn----7sbbhn6ada2dt2k.xn--p1ai # TOO_MANY_DIGITS (5)
xn----7sbbhqgjflg1cr0h.xn--p1ai # TOO_MANY_DIGITS (4)
xn----7sbbi3aiedmped1czeya.xn--p1ai # TOO_MANY_DIGITS (4)
xn----7sbbi6bqfbeget.xn--p1ai # NO_RESOLVE
xn----7sbbi9aebmgpc8a9n.xn--p1ai # TOO_MANY_DIGITS (5)
xn----7sbbigsgffmb5aql3d.xn--p1ai # TOO_MANY_DIGITS (4)
xn----7sbbildrasc1colkgef0a8d.xn--p1ai # TOO_MANY_DIGITS (5)
xn----7sbbilrcixjcsqejqehh.xn--p1ai # NO_RESOLVE
xn----7sbbj4bpcbuhcm4j.xn--p1ai # TOO_MANY_DIGITS (4)
xn----7sbbjbghkd5bomhf1a0b4l.xn--p1ai # TOO_MANY_DIGITS (6)
xn----7sbbjmp5ae4aevr5l.xn--p1ai # TOO_MANY_DIGITS (5)
xn----7sbbkb2atgrcb1adod2rpa.xn--p1ai # TOO_MANY_DIGITS (5)
xn----7sbbklsjofbwy6a7c.xn--p1ai # TOO_MANY_DIGITS (4)
xn----7sbbkzqjosvcl6hxb.xn--p1ai # NO_RESOLVE
xn----7sbbndvhvkh3b5e.xn--p1ai # TOO_MANY_DIGITS (4)
xn----7sbbnknhce3aglxfe1a.xn--p1ai # TOO_MANY_DIGITS (4)
xn----7sbbp1addcx7ax6c.xn--p1ai # TOO_MANY_DIGITS (5)
xn----7sbbpfb2abap1bwuh.xn--p1ai # TOO_MANY_DIGITS (4)
xn----7sbbq0agu1a1d.xn--p1ai # TOO_MANY_DIGITS (5)
xn----7sbbqbg6bet.xn--p1ai # NO_RESOLVE
xn----7sbbqk5a2aww.xn--p1ai # TOO_MANY_DIGITS (4)
xn----7sbbr9a3aepqe.xn--p1ai # TOO_MANY_DIGITS (4)
xn----7sbbrm8afocfdm1p.xn--p1ai # TOO_MANY_DIGITS (4)
xn----7sbbsodje2ceg1d.xn--p1ai # TOO_MANY_DIGITS (4)
xn----7sbbswkdowil.xn--p1ai # NO_RESOLVE
xn----7sbbuwkd8aedl.xn--p1ai # NO_RESOLVE
xn----7sbbvubm3dj0i.xn--p1ai # TOO_MANY_DIGITS (4)
xn----7sbcfeelwji1bf7ahvd5d.xn--p1ai # TOO_MANY_DIGITS (5)
xn----7sbcga8bdxegbp0bi.xn--p1ai # TOO_MANY_DIGITS (4)
xn----7sbcilstd9ahpfj2a9lma.xn--p1ai # TOO_MANY_DIGITS (5)
xn----7sbcqcpkdiewbfe0at3a2b7b3e.xn--p1ai # TOO_MANY_DIGITS (7)
xn----7sbd1a3bjcdi.xn--p1ai # TOO_MANY_DIGITS (4)
xn----7sbdckcedaxgc7azafjk9aua7x7a.xn--p1ai # TOO_MANY_DIGITS (6)
xn----7sbebfaijb6ciitc5a4r.xn--p1ai # TOO_MANY_DIGITS (5)
xn----7sbebrb4a3a2bzetb0a.xn--p1ai # TOO_MANY_DIGITS (6)
xn----7sbecb7abcbog5aifbxmoecbw.xn--p1ai # TOO_MANY_DIGITS (4)
xn----7sbed4abosbkb1ajec0e8d.xn--p1ai # TOO_MANY_DIGITS (6)
xn----7sbeiiq1agfiwd2ak7a.xn--p1ai # TOO_MANY_DIGITS (5)
xn----7sbejwba3deg2i.xn--p1ai # TOO_MANY_DIGITS (4)
xn----7sbeqotbaklr5ae1l.xn--p1ai # TOO_MANY_DIGITS (4)
xn----7sbeyfqe4a5ao.xn--p1ai # TOO_MANY_DIGITS (4)
xn----7sbf6aar1amadg9c4e.xn--p1ai # TOO_MANY_DIGITS (6)
xn----7sbfefdb4bg1aade2j.xn--p1ai # TOO_MANY_DIGITS (5)
xn----7sbfgxj8bbq6g8a.xn--p1ai # TOO_MANY_DIGITS (5)
xn----7sbfsiblzj0ah8j.xn--p1ai # TOO_MANY_DIGITS (4)
xn----7sbgabli7b1abbccht6q.xn--p1ai # TOO_MANY_DIGITS (5)
xn----7sbgg5aczmqm.xn--p1ai # NO_RESOLVE
xn----7sbgjfran1adece4as5e.xn--p1ai # TOO_MANY_DIGITS (5)
xn----7sbgjrl5a2ae5a9d.xn--p1ai # TOO_MANY_DIGITS (6)
xn----7sbgm1bea3a.xn--p1ai # TOO_MANY_DIGITS (4)
xn----7sbhbgbcaglu1a1ao5ag.xn--p1ai # TOO_MANY_DIGITS (5)
xn----7sbhbxn1ar1ae3g.xn--p1ai # TOO_MANY_DIGITS (5)
xn----7sbhf2bnebbktg7jh.su # NO_RESOLVE
xn----7sbhggqdj2a8adge.xn--p1ai # TOO_MANY_DIGITS (4)
xn----7sbhhcer4cdotco3c2d.xn--p1ai # TOO_MANY_DIGITS (5)
xn----7sbhhg6de5b4cf.xn--p1ai # TOO_MANY_DIGITS (5)
xn----7sbhkri7aoo7a3dr.xn--p1ai # TOO_MANY_DIGITS (5)
xn----7sbhla6bdaiftt4a.xn--p1ai # TOO_MANY_DIGITS (4)
xn----7sbhlbohfboqmgsdndecx9r4b.xn--p1ai # TOO_MANY_DIGITS (4)
xn----7sbhwca6agcbadohqafd5o.xn--p1ai # TOO_MANY_DIGITS (4)
xn----7sbhxhc3aco8e6a.xn--p1ai # TOO_MANY_DIGITS (5)
xn----7sbic8awge1af.xn--p1ai # TOO_MANY_DIGITS (4)
xn----7sbihd1be7ar.xn--p1ai # TOO_MANY_DIGITS (4)
xn----7sbitdnlpbh7i.xn--p1ai # NO_RESOLVE
xn----7sbjemp1agat1al5hzb.xn--p1ai # TOO_MANY_DIGITS (5)
xn----7sbjubodcrcb4andi7o6a.xn--p1ai # TOO_MANY_DIGITS (5)
xn----7sbkcohbbob3aero.xn--p1ai # NO_RESOLVE
xn----7sbkdcvsabeti1c7b.xn--p1ai # TOO_MANY_DIGITS (4)
xn----7sbkofb0ac2aajtmgz.xn--p1ai # TOO_MANY_DIGITS (4)
xn----7sbksfedtnvevk9b2a.xn--p1ai # TOO_MANY_DIGITS (4)
xn----7sblijaumh4b.xn--p1ai # NO_RESOLVE
xn----7sbm1bdjkbhd0i.xn--p1ai # TOO_MANY_DIGITS (4)
xn----7sbmcds0a2afhfbi8k.xn--p1ai # TOO_MANY_DIGITS (5)
xn----7sbmrammihisr.xn--p1ai # NO_RESOLVE
xn----7sbnadbhkauu3alydm0c3aj9g.xn--p1ai # TOO_MANY_DIGITS (6)
xn----7sbnbcb3cjchjdcugj.xn--p1ai # NO_RESOLVE
xn----7sbnqbfeezfzr4k.com.ua # TLD_UA
xn----7sbocbdl8afbo4c0e.xn--p1ai # TOO_MANY_DIGITS (5)
xn----7sbomjbdwayv2k.xn--p1ai # NO_RESOLVE
xn----7sbpj6behf0b7bf9b.xn--p1ai # TOO_MANY_DIGITS (6)
xn----7sbq2acz3fya.xn--p1ai # TOO_MANY_DIGITS (4)
xn----7sbqf7apc8c7bya.xn--p1ai # TOO_MANY_DIGITS (5)
xn----7sbqickwmncdqi.xn--p1ai # NO_RESOLVE
xn----7sbqkbjr7adcf6a.xn--p1ai # TOO_MANY_DIGITS (4)
xn----7sbqyaikagc1ab.xn--p1ai # NO_RESOLVE
xn----7sbrffndlr5a1l.xn--p1ai # TOO_MANY_DIGITS (4)
xn----7sbteebiixd2i.xn--p1ai # NO_RESOLVE
xn----7sbufblaxfd3bc7dyde.xn--p1ai # TOO_MANY_DIGITS (4)
xn----7sbvebhfvchei.xn--p1ai # NO_RESOLVE
xn----7sbveu0bbf.xn--p1ai # NO_RESOLVE
xn----7sbwibgdteba1c3d.xn--p1ai # TOO_MANY_DIGITS (4)
xn----7sbxbbew7al2cza3d.xn--p1ai # TOO_MANY_DIGITS (5)
xn----7sbxhdec0awgq5i.xn--p1ai # TOO_MANY_DIGITS (4)
xn----7sbybkedbk6d1b.xn--p1ai # TOO_MANY_DIGITS (4)
xn----7sbyh7bwd.xn--p1ai # NO_RESOLVE
xn----7sbz6akusx.xn--p1ai # NO_RESOLVE
xn----7sbzgiggdb3a1e.xn--p1ai # TOO_MANY_DIGITS (4)
xn----7sbzibdmfdqeo2a6j.xn--p1ai # TOO_MANY_DIGITS (4)
xn----7sbznikfcdnf.xn--p1ai # NO_RESOLVE
xn----7sbzsgliae1a3j.xn--p1ai # TOO_MANY_DIGITS (4)
xn----8-6cdbag1abfaq4bjg0aqhd6af1c6kxe.xyz # TOO_MANY_DIGITS (8)
xn----818-4ve8czbqe.xn--p1ai # TOO_MANY_DIGITS (6)
xn----828-4ve8czbqe.xn--p1ai # TOO_MANY_DIGITS (6)
xn----838-4ve8czbqe.xn--p1ai # TOO_MANY_DIGITS (6)
xn----848-4ve8czbqe.xn--p1ai # TOO_MANY_DIGITS (6)
xn----858-4ve8czbqe.xn--p1ai # TOO_MANY_DIGITS (6)
xn----868-4ve8czbqe.xn--p1ai # TOO_MANY_DIGITS (6)
xn----878-4ve8czbqe.xn--p1ai # TOO_MANY_DIGITS (6)
xn----887-4ve8czbqe.xn--p1ai # TOO_MANY_DIGITS (6)
xn----897-4ve8czbqe.xn--p1ai # TOO_MANY_DIGITS (6)
xn----898-4ve8czbqe.xn--p1ai # TOO_MANY_DIGITS (6)
xn----8sb1azagi2f.xn--p1ai # TOO_MANY_DIGITS (4)
xn----8sb2a1acbfbj.xn--p1ai # TOO_MANY_DIGITS (4)
xn----8sb2agdfhqw2h.xn--p1ai # TOO_MANY_DIGITS (4)
xn----8sb2apbomj4g.xn--p1ai # TOO_MANY_DIGITS (4)
xn----8sb3abeunv.xn--p1ai # NO_RESOLVE
xn----8sb3aefgeb4ba8c.xn--p1ai # TOO_MANY_DIGITS (5)
xn----8sb4ancefocn8b.xn--p1ai # TOO_MANY_DIGITS (4)
xn----8sb8abinu.xn--p1ai # NO_RESOLVE
xn----8sba1askahl0a3iya.xn--p1ai # TOO_MANY_DIGITS (5)
xn----8sbaa7adobyhei9ao7b.com # TOO_MANY_DIGITS (4)
xn----8sbaabbzb5azde1ksb4c.xn--p1ai # TOO_MANY_DIGITS (5)
xn----8sbaabl9a9a5agh2j.xn--p1ai # TOO_MANY_DIGITS (6)
xn----8sbaac8bte6eqe3a.xn--p1ai # TOO_MANY_DIGITS (5)
xn----8sbaack2aiaeqq1d1b1bwz.xn--p1ai # TOO_MANY_DIGITS (6)
xn----8sbaadjh3cdrrazi.xn--p1ai # NO_RESOLVE
xn----8sbaaqfaas7czanik2m.xn--p1ai # TOO_MANY_DIGITS (4)
xn----8sbabgn3b1ct6a.xn--p1ai # TOO_MANY_DIGITS (5)
xn----8sbabi7bdiq9a.xn--p1ai # TOO_MANY_DIGITS (4)
xn----8sbabod6arvcx6k.xn--p1ai # TOO_MANY_DIGITS (4)
xn----8sbacgofnlmwteddjsd6a6pra8b.xn--p1ai # TOO_MANY_DIGITS (5)
xn----8sbadcepxzd4aeerkefjddd3eti.xn--p1ai # TOO_MANY_DIGITS (4)
xn----8sbadg2cphabedvgkfq5b8a.xn--p1ai # TOO_MANY_DIGITS (5)
xn----8sbae6bdeeshr.xn--p1ai # NO_RESOLVE
xn----8sbaf1adapl1anjy.xn--p1ai # TOO_MANY_DIGITS (4)
xn----8sbaf6bkiudl1cwevbe.xn--p1ai # TOO_MANY_DIGITS (4)
xn----8sbafclzu9af4b.xn--p1ai # TOO_MANY_DIGITS (4)
xn----8sbafdhia0a1dhsems.xn--p1ai # TOO_MANY_DIGITS (4)
xn----8sbafhj0bj3doz7d.xn--p1ai # TOO_MANY_DIGITS (5)
xn----8sbafpo0a5aqk.xn--p1ai # TOO_MANY_DIGITS (4)
xn----8sbagighymzrqi0agh4kpb.xn--p1ai # TOO_MANY_DIGITS (4)
xn----8sbah2akjnktmbli4a5n.xn--p1ai # TOO_MANY_DIGITS (5)
xn----8sbahbnupjgrfkcb7bmd1o.xn--p1ai # TOO_MANY_DIGITS (4)
xn----8sbahh0bb7aqvi3c.xn--p1ai # TOO_MANY_DIGITS (5)
xn----8sbai0aa9bldedbqh.xn--p1ai # TOO_MANY_DIGITS (4)
xn----8sbaila5b2alfefhj8c.xn--p1ai # TOO_MANY_DIGITS (5)
xn----8sbajfbhc4aj2ancacuikk3ae.xn--p1ai # TOO_MANY_DIGITS (5)
xn----8sbalwni7bsf3c.xn--p1ai # TOO_MANY_DIGITS (4)
xn----8sbanfandz2af4az7c4f.xn--p1ai # TOO_MANY_DIGITS (6)
xn----8sbanhthcdb4bxcgdhaj2h.xn--p1ai # TOO_MANY_DIGITS (4)
xn----8sbaonibqlfj4s.xn--p1ai # NO_RESOLVE
xn----8sbaq0b3adft8e.xn--p1ai # TOO_MANY_DIGITS (5)
xn----8sbaqmeo7bn.xn--p1ai # NO_RESOLVE
xn----8sbb2algu2a0dubw.xn--p1ai # TOO_MANY_DIGITS (5)
xn----8sbb4afdd1bodd4c.xn--p1ai # TOO_MANY_DIGITS (5)
xn----8sbb4aitdqfbim.xn--p1ai # NO_RESOLVE
xn----8sbb4aywh3af5g.xn--p1ai # TOO_MANY_DIGITS (5)
xn----8sbb5baqgmj6b.xn--p1ai # TOO_MANY_DIGITS (4)
xn----8sbb6ackra0aex2c6b.xn--p1ai # TOO_MANY_DIGITS (6)
xn----8sbbdc1bl4asebw2i.xn--p1ai # TOO_MANY_DIGITS (5)
xn----8sbbdncrjepc0afevq3k9b.xn--p1ai # TOO_MANY_DIGITS (5)
xn----8sbbf8cfbwy.xn--p1ai # NO_RESOLVE
xn----8sbbg4alyjgdgdj8j.xn--p1ai # TOO_MANY_DIGITS (4)
xn----8sbbg4asoh0e.xn--p1ai # TOO_MANY_DIGITS (4)
xn----8sbbgghaa4atqndfjvzoes9n.xn--p1ai # TOO_MANY_DIGITS (4)
xn----8sbbiwclnpf6apv8i7a.xn--p1ai # TOO_MANY_DIGITS (5)
xn----8sbbqbjgubkp0aybs7n.xn--p1ai # TOO_MANY_DIGITS (4)
xn----8sbbrmv0am2d.xn--p1ai # TOO_MANY_DIGITS (4)
xn----8sbbrpabke7bpkp3a7a9k.xn--p1ai # TOO_MANY_DIGITS (6)
xn----8sbcbn5acyide0a8d.xn--p1ai # TOO_MANY_DIGITS (5)
xn----8sbcc0apc3atpat5h.xn--p1ai # TOO_MANY_DIGITS (5)
xn----8sbcceanbb1aceu1ce6av.xn--p1ai # TOO_MANY_DIGITS (5)
xn----8sbcgny2akvar9b.xn--p1ai # TOO_MANY_DIGITS (4)
xn----8sbcocaoy5cfm4j.xn--p1ai # TOO_MANY_DIGITS (4)
xn----8sbcpqmjmy1bw1b.xn--p1ai # TOO_MANY_DIGITS (4)
xn----8sbdqmceigiof6bnm5e9c.xn--p1ai # TOO_MANY_DIGITS (5)
xn----8sbe7aeqbhx6k.xn--p1ai # TOO_MANY_DIGITS (4)
xn----8sbeajeeq4azfbcgj2ar6f.xn--p1ai # TOO_MANY_DIGITS (5)
xn----8sbebnaaxufpiruml.xn--p1ai # NO_RESOLVE
xn----8sbeckebljavc8azc9o.xn--p1ai # TOO_MANY_DIGITS (4)
xn----8sbecmnepftxqlq8k.xn--80adxhks # TOO_MANY_DIGITS (4)
xn----8sbedicbesdvj4fev3l.xn--p1ai # TOO_MANY_DIGITS (4)
xn----8sbefiua3bdbdruo7d8g.xn--p1ai # TOO_MANY_DIGITS (5)
xn----8sbehdcbewkj3agi3audo.xn--p1ai # TOO_MANY_DIGITS (4)
xn----8sbek0aqjbh4k6b.xn--p1ai # TOO_MANY_DIGITS (5)
xn----8sbekc3asjaachoqi.xn--p1ai # NO_RESOLVE
xn----8sbekcdvpihw5ac.xn--p1ai # NO_RESOLVE
xn----8sbekqlbucjdbu5b0e.xn--p1ai # TOO_MANY_DIGITS (4)
xn----8sbekrahgxblba1a3a1e.xn--p1ai # TOO_MANY_DIGITS (5)
xn----8sbelnglezk.xn--p1ai # NO_RESOLVE
xn----8sbfcblsyeybfd2a5dvd.xn--p1ai # TOO_MANY_DIGITS (4)
xn----8sbfdefa7b3abccaecbclcdlzn2b.xn--p1ai # TOO_MANY_DIGITS (5)
xn----8sbfeahi6al3acz.xn--p1ai # TOO_MANY_DIGITS (4)
xn----8sbfeghqn4akx6j.xn--p1ai # TOO_MANY_DIGITS (4)
xn----8sbfgfbbs0a7cei2k.xn--p1ai # TOO_MANY_DIGITS (5)
xn----8sbfkaadblo0a0accjcb6c.xn--p1ai # TOO_MANY_DIGITS (5)
xn----8sbfkauo0anebcjdfk0n.xn--p1acf # TOO_MANY_DIGITS (4)
xn----8sbfldbnof3e.xn--p1ai # NO_RESOLVE
xn----8sbflro0ap3e.xn--p1ai # TOO_MANY_DIGITS (4)
xn----8sbg8acbobpcm0ld4a.xn--p1ai # TOO_MANY_DIGITS (5)
xn----8sbghfacwjcg5a4br.xn--p1ai # TOO_MANY_DIGITS (4)
xn----8sbgidbxjy7a3i8a.xn--p1ai # TOO_MANY_DIGITS (5)
xn----8sbgjmcin7a4e.xn--p1ai # TOO_MANY_DIGITS (4)
xn----8sbgvtplc4e.xn--p1ai # NO_RESOLVE
xn----8sbh9bayt2e.xn--p1ai # TOO_MANY_DIGITS (4)
xn----8sbhhxkndeik.xn--p1ai # NO_RESOLVE
xn----8sbignc1asekp0o.xn--p1ai # TOO_MANY_DIGITS (4)
xn----8sbk1avgcgjc.xn--p1ai # NO_RESOLVE
xn----8sbkcrd4bgkejckd6p.xn--p1ai # TOO_MANY_DIGITS (4)
xn----8sbkdd5bfksy.xn--p1ai # NO_RESOLVE
xn----8sbkdqcnc4dh.xn--p1ai # NO_RESOLVE
xn----8sbkeepmbwiax7a7i.xn--80adxhks # TOO_MANY_DIGITS (5)
xn----8sbkendq0bh7da.xn--p1ai # TOO_MANY_DIGITS (4)
xn----8sbkrhgubvjl8b0d.xn--p1ai # TOO_MANY_DIGITS (4)
xn----8sbkwik2a2a8e.xn--p1ai # TOO_MANY_DIGITS (5)
xn----8sblezcadvd3bfg3a7k.xn--p1ai # TOO_MANY_DIGITS (5)
xn----8sbmboaogpem8a4k.xn--p1ai # TOO_MANY_DIGITS (4)
xn----8sbn0akybz0e4a.xn--p1ai # TOO_MANY_DIGITS (5)
xn----8sbnb2bgqale3a.xn--p1ai # TOO_MANY_DIGITS (4)
xn----8sbnbkpfuglix3l.xn--p1ai # NO_RESOLVE
xn----8sbnclbhgexdalss9f1cza.xn--p1ai # TOO_MANY_DIGITS (4)
xn----8sbncnb8alcqq8b.xn--p1ai # TOO_MANY_DIGITS (4)
xn----8sbp0cbcaed7b6c.xn--p1ai # TOO_MANY_DIGITS (5)
xn----8sbpjdwicreha7ph.xn--p1ai # NO_RESOLVE
xn----8sbpjlcmefe3b2a.xn--p1ai # TOO_MANY_DIGITS (4)
xn----8sbwehbemg4b5cpb1bg.xn--p1ai # TOO_MANY_DIGITS (5)
xn----8sbwhkblq5ak.xn--p1ai # NO_RESOLVE
xn----8sbxubbnjfz.xn--p1ai # NO_RESOLVE
xn----8sbynwhbec.xn--p1ai # NO_RESOLVE
xn----91-53d6bedob4aghge.com # TOO_MANY_DIGITS (6)
xn----913-4ve8czbqe.xn--p1ai # TOO_MANY_DIGITS (6)
xn----918-4ve8czbqe.xn--p1ai # TOO_MANY_DIGITS (6)
xn----942-3ve3cibpf7aclem.xn--p1ai # TOO_MANY_DIGITS (7)
xn----965-4ve8czbqe.xn--p1ai # TOO_MANY_DIGITS (6)
xn----97-53d0c9aoe.xn--p1ai # TOO_MANY_DIGITS (7)
xn----988-4ve8czbqe.xn--p1ai # TOO_MANY_DIGITS (6)
xn----9sbb0acid5e5e.xn--p1ai # TOO_MANY_DIGITS (5)
xn----9sbb2afg0bn2b.xn--p1ai # TOO_MANY_DIGITS (5)
xn----9sbb6bc2bd.xn--p1ai # TOO_MANY_DIGITS (4)
xn----9sbbiidp6bhud9a.xn--p1ai # TOO_MANY_DIGITS (4)
xn----9sbbzbahge3akabtle2i.xn--p1ai # TOO_MANY_DIGITS (4)
xn----9sbebc2cogcb1c2grb.xn--p1ai # TOO_MANY_DIGITS (5)
xn----9sbebkcb2ainzeedrsecw9q.xn--p1ai # TOO_MANY_DIGITS (4)
xn----9sbel8agjl1a1af0i.xn--p1ai # TOO_MANY_DIGITS (6)
xn----9sbhfb6anf1b0etb.xn--p1ai # TOO_MANY_DIGITS (5)
xn----9sbicetdjyi1a1ab0j.xn--p1ai # TOO_MANY_DIGITS (5)
xn----9sbigsnrrn9g.xn--p1ai # NO_RESOLVE
xn----9sbkedkcbr7ab.xn--p1ai # NO_RESOLVE
xn----9sbkoagiem1dl5b.xn--p1ai # TOO_MANY_DIGITS (4)
xn----9sbkxargcs7c.xn--p1ai # NO_RESOLVE
xn----9sblbqlfep3dwa4f.xn--p1ai # TOO_MANY_DIGITS (4)
xn----9sbmaabtbhdfjgxm6au0hj.xn--p1ai # TOO_MANY_DIGITS (4)
xn----9sbmj2afc2a7h.xn--p1ai # TOO_MANY_DIGITS (5)
xn----9sbndqa1aes4a3a2e.xn--p1ai # TOO_MANY_DIGITS (6)
xn----9sbnhdagbdez9c5a.xn--p1ai # TOO_MANY_DIGITS (4)
xn----9sbu4abjj.xn--p1ai # NO_RESOLVE
xn----btbbhhiql0aeagse6n3d.xn--p1ai # TOO_MANY_DIGITS (4)
xn----btbbmashgajlipgtmk9dxg.xn--p1ai # NO_RESOLVE
xn----btbebgabydf9b6a2a.xn--p1ai # TOO_MANY_DIGITS (4)
xn----btbekzedijbcb2cno8c.xn--p1ai # NO_RESOLVE
xn----btblkadobewcl0b0dr0ke.xn--p1ai # TOO_MANY_DIGITS (4)
xn----btbtcgccndpedw5a.xn--p1ai # NO_RESOLVE
xn----ctbabmbcse9bfi9bo2f.xn--p1ai # TOO_MANY_DIGITS (4)
xn----ctbajsgf1adavgdfy.xn--p1ai # NO_RESOLVE
xn----ctbampl4ahjf1i.xn--p1ai # NO_RESOLVE
xn----ctbbmm9a0ag7a5c.xn--p1ai # TOO_MANY_DIGITS (5)
xn----ctbbmmgicdscdhfeepowof7pva.xn--p1ai # NO_RESOLVE
xn----ctbero9al4e.xn--p1ai # NO_RESOLVE
xn----ctbfcqcygney2f.xn--p1ai # NO_RESOLVE
xn----ctbgadbmm0alrcq0f.xn--p1ai # NO_RESOLVE
xn----ctbhccv1ae7akdi0c5c.xn--p1ai # TOO_MANY_DIGITS (5)
xn----ctbhoagfaeesblbd3c6l.xn--p1ai # NO_RESOLVE
xn----ctbhochb4a5akl0m.xn--p1ai # TOO_MANY_DIGITS (4)
xn----ctbigii1athe7i7a.xn--p1ai # TOO_MANY_DIGITS (4)
xn----ctbirblokk8a7b4bg.xn--p1ai # TOO_MANY_DIGITS (4)
xn----ctbjnfemrofuc0j2b.xn--p1ai # NO_RESOLVE
xn----dtbbe0cdadn7cxf.xn--p1ai # NO_RESOLVE
xn----dtbebfb2abn7d3b9dj.xn--p1ai # TOO_MANY_DIGITS (5)
xn----dtbebgjz2aat5d5d.xn--p1ai # TOO_MANY_DIGITS (4)
xn----dtbeebpanfcydiedbodnc1a9guf5a.xn--p1ai # TOO_MANY_DIGITS (4)
xn----dtbfcabjpba7bfuqcplgm.xn--p1ai # NO_RESOLVE
xn----dtbi0amkphfu.xn--p1ai # NO_RESOLVE
xn----dtbikdiu1agbed7l.xn--p1ai # NO_RESOLVE
xn----dtbjrxpef0c.xn--p1ai # NO_RESOLVE
xn----dtbq0aafcfege9i1a.xn--p1ai # TOO_MANY_DIGITS (4)
xn----dtbq4aah6c.xn--p1ai # NO_RESOLVE
xn----dtbwbnigiwdsi0b6bzcf.xn--p1ai # NO_RESOLVE
xn----etbgbmadpwbh0bn7ed5d.xn--p1ai # TOO_MANY_DIGITS (4)
xn----etbhjblrwff1a4d1c.xn--p1ai # TOO_MANY_DIGITS (4)
xn----etbhkczedvlg9c9c.xn--p1ai # NO_RESOLVE
xn----etbnczgbev5k.xn--p1ai # NO_RESOLVE
xn----etbobhsliz.xn--p1ai # NO_RESOLVE
xn----ftbbdraevle7cwa2g.xn--p1ai # NO_RESOLVE
xn----ftbbpgokgfbbmbx7l.xn--p1ai # NO_RESOLVE
xn----ftbd6all8e.xn--p1ai # NO_RESOLVE
xn----ftbdbjithwahmd7r.xn--p1ai # NO_RESOLVE
xn----ftbfngwgm8as.xn--p1ai # NO_RESOLVE
xn----ftbkijrba9a9i.xn--p1ai # NO_RESOLVE
xn----ftboahbhfnbdb0a2a1a.xn--p1ai # TOO_MANY_DIGITS (4)
xn----ftbqpin5e3a.xn--p1ai # NO_RESOLVE
xn----gtbbb8aen.xn--p1ai # NO_RESOLVE
xn----gtbbezyig.xn--p1ai # NO_RESOLVE
xn----gtbekaltfbtjx3c.xn--p1ai # NO_RESOLVE
xn----gtberfihed.xn--p1ai # NO_RESOLVE
xn----gtbevigbber0az.xn--p1ai # NO_RESOLVE
xn----gtbnaicer.xn--p1ai # NO_RESOLVE
xn----gtbtldud.xn--p1ai # NO_RESOLVE
xn----htbb6amdn3ag.xn--p1ai # NO_RESOLVE
xn----htbbclei1cya6j.xn--p1ai # NO_RESOLVE
xn----htbbcpjjllrbvq9a1l.xn--p1ai # NO_RESOLVE
xn----htbbmagfev2alckm1d.xn--p1ai # NO_RESOLVE
xn----htbcnneq1a0bzg.xn--p1ai # NO_RESOLVE
xn----htbkede0abgfgfa0a3q.xn--p1ai # TOO_MANY_DIGITS (4)
xn----itbaaojfdtnbdlzme.xn--p1ai # NO_RESOLVE
xn----itbbalepd1avug6co.xn--p1ai # NO_RESOLVE
xn----itbjbaxxs2a0a0c3a.xn--p1ai # TOO_MANY_DIGITS (5)
xn----itbjhbbbf5bpe2kwa.xn--p1ai # NO_RESOLVE
xn----itbkcijdbf2ab0f9b.xn--p1ai # TOO_MANY_DIGITS (4)
xn----itbmiqhn.xn--p1ai # NO_RESOLVE
xn----jtbbhwhyj7gqa.xn--p1ai # NO_RESOLVE
xn----jtbhede0biaeco.click # NO_RESOLVE
xn----ktbedgcyghkd7k3c.xn--p1ai # NO_RESOLVE
xn----ktbeefcc5as9a.xn--p1ai # NO_RESOLVE
xn----ltbdbaacbtvg.xn--p1ai # NO_RESOLVE
xn----mtbvabg5d.xn--p1ai # NO_RESOLVE
xn----ntbhldwfgbc.xn--p1ai # NO_RESOLVE
xn----otbbaceaflflkliqw8l.xn--p1ai # NO_RESOLVE
xn----otbfmhgvcs.xn--p1ai # NO_RESOLVE
xn----otbidfdcb2b.xn--p1ai # NO_RESOLVE
xn----otbnbfcdbckt.xn--p1ai # NO_RESOLVE
xn----ptbedkedctru8bzb.xn--p1ai # NO_RESOLVE
xn----ptbefcchhbzs.xn--p1ai # NO_RESOLVE
xn----ptbefco1aca7a1esb.xn--p1ai # TOO_MANY_DIGITS (4)
xn----ptbickb3c.xn--p1ai # NO_RESOLVE
xn----stbbofbejr.xn--p1ai # NO_RESOLVE
xn----ttbigf8a.xn--p1ai # NO_RESOLVE
xn---027--3veap6e3blk1b.xn--p1ai # TOO_MANY_DIGITS (8)
xn---05-fddpvnqa6bne0i.xn--p1ai # TOO_MANY_DIGITS (5)
xn---1-6kc3bfr2e.xn--p1ai # TOO_MANY_DIGITS (5)
xn---1-6kcij3anqmu5ejb7bc.xn--p1ai # TOO_MANY_DIGITS (6)
xn---1-7kc3bfpcekho7e.xn--p1ai # TOO_MANY_DIGITS (5)
xn---1-plc7bb.xn--p1ai # NO_RESOLVE
xn---10-5cdgvcbm5amb1akdy9b.xyz # TOO_MANY_DIGITS (6)
xn---10-6cddxbbr5aeisnj2anr.xyz # TOO_MANY_DIGITS (5)
xn---10-6cdxbnzegqlhy.xyz # NO_RESOLVE
xn---10-bed5apd3f.xn--p1ai # TOO_MANY_DIGITS (5)
xn---10-qddohl3g.xn--p1ai # TOO_MANY_DIGITS (4)
xn---12-6cd3cgeardr9aze.xn--p1ai # TOO_MANY_DIGITS (6)
xn---12-6cddchdkabm7ai1a1e6att.xn--p1ai # TOO_MANY_DIGITS (8)
xn---14--53ddbnanbbl6bpoju4bma7bmdffkyp28a.xn--p1ai # TOO_MANY_DIGITS (10)
xn---14-6cdjfnyuonjfvdv8gze4b.xn--p1ai # TOO_MANY_DIGITS (6)
xn---15-5cd3baogt2m.xn--p1ai # TOO_MANY_DIGITS (6)
xn---156-43dxbg2ij.xn--p1ai # TOO_MANY_DIGITS (7)
xn---2-6kc3bpfa5a2bq3f.xn--p1ai # TOO_MANY_DIGITS (7)
xn---2-6kcat8aojg.xn--p1ai # TOO_MANY_DIGITS (4)
xn---2-7kcd7acicn9a8agd3k.xn--p1ai # TOO_MANY_DIGITS (7)
xn---2-klcoagfh8cf8i.xn--p1ai # TOO_MANY_DIGITS (4)
xn---21-mdd4c4a.xn--p1ai # TOO_MANY_DIGITS (5)
xn---23-6cd7bodcg2d4c4af.xn--p1ai # TOO_MANY_DIGITS (8)
xn---23-6cdjqynqkkvibxf.su # NO_RESOLVE
xn---23-rddnbsmvtebje1l.xn--p1ai # TOO_MANY_DIGITS (4)
xn---24-5cdb2ceo3crb1a.xn--p1ai # TOO_MANY_DIGITS (7)
xn---24-6cdjqynqkkvibxf.xn--p1ai # TOO_MANY_DIGITS (4)
xn---24-iddjt6aza8iza.xn--p1ai # TOO_MANY_DIGITS (5)
xn---25-5cdgvcbm5amb1akdy9b.xyz # TOO_MANY_DIGITS (6)
xn---26--43dw8akhc6aikrpl6g9f.xn--p1ai # TOO_MANY_DIGITS (9)
xn---26-5cdax4bzcik.xn--p1ai # TOO_MANY_DIGITS (5)
xn---3-6kcajaqe1aubi0bfxoked1i1h.xn--p1ai # TOO_MANY_DIGITS (7)
xn---3-6kclvec3aj7p.xn--p1ai # TOO_MANY_DIGITS (5)
xn---3-6kcpbevih3edh.xn--p1ai # TOO_MANY_DIGITS (4)
xn---3-7kcsblwdgokhw.xyz # NO_RESOLVE
xn---30-5cdozfc7ak5r.xn--p1ai # TOO_MANY_DIGITS (6)
xn---31-2dd5aectd.xn--p1ai # TOO_MANY_DIGITS (5)
xn---32-5cd3cb2aw.xn--p1ai # TOO_MANY_DIGITS (6)
xn---32-5cd3cgu2f.xn--p1ai # TOO_MANY_DIGITS (6)
xn---33-2dduknhj.xn--p1ai # TOO_MANY_DIGITS (4)
xn---35-5cda3a7bozk.xn--p1ai # TOO_MANY_DIGITS (6)
xn---35-6cdi6bwejdw0av9g.xn--p1ai # TOO_MANY_DIGITS (7)
xn---38-9cdtbb4byamjz0h0b.xn--p1ai # TOO_MANY_DIGITS (7)
xn---38-qdda4ati3aed7a.xn--p1ai # TOO_MANY_DIGITS (6)
xn---4---73dbaa4bgp5a8bdkwy.xn--p1ai # TOO_MANY_DIGITS (7)
xn---4-6kcaxdjzkcxls.xyz # NO_RESOLVE
xn---4-7kcct4aci0a2h.xn--p1ai # TOO_MANY_DIGITS (6)
xn---4-7kcctbbp2adiqmj0a2a.xyz # TOO_MANY_DIGITS (5)
xn---4-7kcsblwdgokhw.xyz # NO_RESOLVE
xn---40-eddl2axdje3l.xn--p1ai # TOO_MANY_DIGITS (5)
xn---45-qddaqymbwhrfe7p.xn--p1ai # TOO_MANY_DIGITS (4)
xn---5-6kcfrcbk2albzjdw1aq.xyz # TOO_MANY_DIGITS (4)
xn---5-7kcctbbp2adiqmj0a2a.xyz # TOO_MANY_DIGITS (5)
xn---5-7kcsblwdgokhw.xyz # NO_RESOLVE
xn---51-qddohl3g.xn--p1ai # TOO_MANY_DIGITS (4)
xn---53-5cd3cgu2f.xn--p1ai # TOO_MANY_DIGITS (6)
xn---54-5cdbp0b7abfqqfdx.xn--p1ai # TOO_MANY_DIGITS (6)
xn---54-5cdjx2ab8a0c.xn--p1ai # TOO_MANY_DIGITS (7)
xn---59-qddpli0cgd6i.xn--p1ai # TOO_MANY_DIGITS (5)
xn---6-6kcbyrlivbe4aye1f.xn--p1ai # TOO_MANY_DIGITS (5)
xn---6-6kcfrcbk2albzjdw1aq.xyz # TOO_MANY_DIGITS (4)
xn---6-7kcctbbp2adiqmj0a2a.xyz # TOO_MANY_DIGITS (5)
xn---63-5cdbfb3a8b2a0g.xn--p1ai # TOO_MANY_DIGITS (8)
xn---66-6cdal6dfsdro7m.xn--p1ai # TOO_MANY_DIGITS (6)
xn---7-6kcaxdjzkcxls.xyz # NO_RESOLVE
xn---7-6kcfrcbk2albzjdw1aq.xyz # TOO_MANY_DIGITS (4)
xn---7-7kcawbnzegql4a.xyz # NO_RESOLVE
xn---7-7kcctbbp2adiqmj0a2a.xyz # TOO_MANY_DIGITS (5)
xn---7-7kcctbbp2adiqmj0amq.xyz # TOO_MANY_DIGITS (4)
xn---7-7kcsblwdgokhw.xyz # NO_RESOLVE
xn---7-9kc7blaup1c.xn--p1ai # TOO_MANY_DIGITS (5)
xn---707-43d3dhx2g.xn--p1ai # TOO_MANY_DIGITS (8)
xn---72-5cdjun7aiel0sf.xn--p1ai # TOO_MANY_DIGITS (6)
xn---77-5cdbk1da7amujr.xn--p1ai # TOO_MANY_DIGITS (6)
xn---8-7kcawbnzegql4a.xyz # NO_RESOLVE
xn---8-7kcctbbp2adiqmj0amq.xyz # TOO_MANY_DIGITS (4)
xn---8-7kcsblwdgokhw.xyz # NO_RESOLVE
xn---84-5cd3cgu2f.xn--p1ai # TOO_MANY_DIGITS (6)
xn---9-7kcctbbp2adiqmj0amq.xyz # TOO_MANY_DIGITS (4)
xn---9-7kcsblwdgokhw.xyz # NO_RESOLVE
xn---92-iddj1bu9f.xn--p1ai # TOO_MANY_DIGITS (5)
xn--0--6lcpl1f.xn--p1ai # TOO_MANY_DIGITS (4)
xn--00tp5e735a.xn--cksr0a.life # TOO_MANY_DIGITS (7)
xn--01-1lcmscm.xn--p1ai # TOO_MANY_DIGITS (4)
xn--03-9kcmtabgh3dlw5c.xn--p1ai # TOO_MANY_DIGITS (6)
xn--0z2b57kkvhgon.xn--ok0b236bp0a.com # TOO_MANY_DIGITS (9)
xn--1--6kccfr1bi0afvkns6d.xn--p1ai # TOO_MANY_DIGITS (6)
xn--1--6kck3aied0agtl0a6d.xn--p1ai # TOO_MANY_DIGITS (7)
xn--1--8kccubnzk4asu0b.com # TOO_MANY_DIGITS (4)
xn--1--8kcuyk3as.xn--p1ai # TOO_MANY_DIGITS (4)
xn--1--9kcgqn2bx.xn--p1ai # TOO_MANY_DIGITS (4)
xn--1-7sbaadh9caru7af.xn--p1ai # TOO_MANY_DIGITS (5)
xn--1-8sbaa1cbwvl6l.xn--p1ai # TOO_MANY_DIGITS (5)
xn--1-itbifhkapr3a2a.xn--p1ai # TOO_MANY_DIGITS (4)
xn--10-xlcafeuyikm1b.xn--p1ai # TOO_MANY_DIGITS (4)
xn--100--y4da2aohw3h.xn--p1ai # TOO_MANY_DIGITS (7)
xn--100-nedz8d.xn--p1ai # TOO_MANY_DIGITS (5)
xn--101--83d3avwt3bl4c.xn--p1ai # TOO_MANY_DIGITS (9)
xn--11-1lctfw.xn--p1ai # TOO_MANY_DIGITS (4)
xn--11-6kca8agblvjdi2a2a.xn--p1ai # TOO_MANY_DIGITS (7)
xn--11-vlctj.xn--p1ai # NO_RESOLVE
xn--115-5cd3cgu2f.xn--p1ai # TOO_MANY_DIGITS (7)
xn--12--5cd3ceac0a0alw0d.xn--p1ai # TOO_MANY_DIGITS (8)
xn--12-9kcpb4b0ata5a6d.xn--p1ai # TOO_MANY_DIGITS (8)
xn--12-emcl0b.xn--p1ai # TOO_MANY_DIGITS (4)
xn--123-5cdkauz5cvjeg.xn--p1ai # TOO_MANY_DIGITS (6)
xn--123-eddpan7ci9a.xn--p1ai # TOO_MANY_DIGITS (6)
xn--13-6kcgb2cd5aus3d9a1dc.xn--p1ai # TOO_MANY_DIGITS (9)
xn--13-flclue4ax.xn--p1ai # TOO_MANY_DIGITS (4)
xn--13-pmc2a.xn--p1ai # TOO_MANY_DIGITS (4)
xn--14-6kc3bfr2e.xn--p1ai # TOO_MANY_DIGITS (6)
xn--14-6kchkfmc2a3b1g.xn--p1ai # TOO_MANY_DIGITS (7)
xn--14-6kclvec3aj7p.xn--p1ai # TOO_MANY_DIGITS (6)
xn--14-qmc.xn--p1ai # NO_RESOLVE
xn--145-5cdtbf0hi.xn--p1ai # TOO_MANY_DIGITS (6)
xn--15-clc1c.xn--p1ai # TOO_MANY_DIGITS (4)
xn--151-8cd3cgu2f.xn--p1ai # TOO_MANY_DIGITS (7)
xn--159-mdd4bl.xn--p1ai # TOO_MANY_DIGITS (5)
xn--16-7lc0b.xn--p1ai # TOO_MANY_DIGITS (5)
xn--16-dlcuebap5e.xn--p1ai # TOO_MANY_DIGITS (4)
xn--161-5cdal8dgrxr4n.xn--p1ai # TOO_MANY_DIGITS (7)
xn--161-mdddl3ee.xn--p1ai # TOO_MANY_DIGITS (5)
xn--164-5cd9d8b.xn--p1ai # TOO_MANY_DIGITS (7)
xn--167-mdddl3ee.xn--p1ai # TOO_MANY_DIGITS (5)
xn--17-ylcp4ae3a2b.xn--p1ai # TOO_MANY_DIGITS (6)
xn--174-5cdy4aug6e.xn--p1ai # TOO_MANY_DIGITS (7)
xn--174-9cda5bphzc.xn--p1ai # TOO_MANY_DIGITS (6)
xn--174-mdd3cyaw1c.xn--p1ai # TOO_MANY_DIGITS (6)
xn--174-mdddl3ee.xn--p1ai # TOO_MANY_DIGITS (5)
xn--18-6kcadnh7c3aw.xn--p1ai # TOO_MANY_DIGITS (6)
xn--18-mlc3bj6a.xn--p1ai # TOO_MANY_DIGITS (5)
xn--18-mlclbmm1bbk3f.xn--p1ai # TOO_MANY_DIGITS (5)
xn--18-slce9a.xn--p1ai # TOO_MANY_DIGITS (4)
xn--182-9cd8bg0d.xn--p1ai # TOO_MANY_DIGITS (7)
xn--19-6kcaj9cofc1aj.xn--p1ai # TOO_MANY_DIGITS (6)
xn--19-dlc5agpbnci3n.xn--p1ai # TOO_MANY_DIGITS (5)
xn--2--jlc0aov3c6b.xn--p1ai # TOO_MANY_DIGITS (5)
xn--2-7sbiio2acb0ase6j.xn--p1ai # TOO_MANY_DIGITS (6)
xn--2-7sblbdshg6ddg.xn--p1ai # TOO_MANY_DIGITS (4)
xn--2-otbfaqgkx.xn--p1ai # NO_RESOLVE
xn--2019-44dahobs1fvee3c.xn--p1ai # TOO_MANY_DIGITS (9)
xn--2019-f4dl2aqrin0byj.xn--p1ai # TOO_MANY_DIGITS (8)
xn--2020-43dfhoi5a9cmb2apq.xn--p1ai # TOO_MANY_DIGITS (10)
xn--2021-u4dlipij4s.xn--p1ai # TOO_MANY_DIGITS (7)
xn--2022-43da0dpql6c.xn--p1ai # TOO_MANY_DIGITS (9)
xn--2023-43d3auc7a4ambz2d1d.xn--p1ai # TOO_MANY_DIGITS (12)
xn--2023-43daanrkbit3bbc9bm1bydcq23a.xn--p1ai # TOO_MANY_DIGITS (12)
xn--2023-f4dmgb8c0ae3a.xn--p1ai # TOO_MANY_DIGITS (9)
xn--2023-p4dagbju3almpb4t.xn--p1ai # TOO_MANY_DIGITS (8)
xn--2024-43daanrkbit3bbc9bm1bydcq23a.xn--p1ai # TOO_MANY_DIGITS (12)
xn--2024-43drh6dcrbyk6a.xn--p1ai # TOO_MANY_DIGITS (9)
xn--2024-f4d0baihix2cxl.xn--p1ai # TOO_MANY_DIGITS (8)
xn--2024-f4dgnri0cfgdc1a0bykj.xn--p1ai # TOO_MANY_DIGITS (9)
xn--2025-43d3d1bzg.xn--p1ai # TOO_MANY_DIGITS (9)
xn--21-6kc0bekqpik.xn--p1ai # TOO_MANY_DIGITS (5)
xn--21-6kcaclrewuf1ab6cr3c.xn--p1ai # TOO_MANY_DIGITS (7)
xn--21-6kcichhfdwaxf8a4b.xn--p1ai # TOO_MANY_DIGITS (6)
xn--21-6kcua3abgihnntqi4b.xn--p1ai # TOO_MANY_DIGITS (6)
xn--21-6kcutg2a2cwa.xn--p1ai # TOO_MANY_DIGITS (6)
xn--21-9kcijbvqqu8b.xn--p1ai # TOO_MANY_DIGITS (5)
xn--218-8cd9a3c.xn--p1ai # TOO_MANY_DIGITS (7)
xn--22-6kc0dwb.xn--p1ai # TOO_MANY_DIGITS (5)
xn--22-6kcpuwjfati.xn--p1ai # TOO_MANY_DIGITS (4)
xn--22-8kcxggt6m.xn--p1ai # TOO_MANY_DIGITS (5)
xn--22-glcqfm3bya1b.xn--p1ai # TOO_MANY_DIGITS (5)
xn--22-mlcaxmtydf2c2c.xn--p1ai # TOO_MANY_DIGITS (5)
xn--22-plcee5a2h.xn--p1ai # TOO_MANY_DIGITS (5)
xn--226-5cdtbfyji0fdi.xn--p1ai # TOO_MANY_DIGITS (6)
xn--22c5d.xn--12c1fe0br.xn--o3cw4h # TOO_MANY_DIGITS (9)
xn--23-6kcaaxg1bbxiouq5m.xn--p1ai # TOO_MANY_DIGITS (6)
xn--23-6kctpao9bhmeu.xn--p1ai # TOO_MANY_DIGITS (5)
xn--24-6kc6a4adipd.xn--p1ai # TOO_MANY_DIGITS (6)
xn--24-6kcajmh3cxa3bd6j.xn--p1ai # TOO_MANY_DIGITS (7)
xn--24-6kcda1fo0h.xn--p1ai # TOO_MANY_DIGITS (6)
xn--24-6kch4am7ar1g.xn--p1acf # TOO_MANY_DIGITS (7)
xn--24-6kchbqogrevztmr7l.xn--p1ai # TOO_MANY_DIGITS (5)
xn--24-6kci4astyhc6i.xn--p1ai # TOO_MANY_DIGITS (6)
xn--24-6kcpbe8fh.xn--p1ai # TOO_MANY_DIGITS (5)
xn--24-8kcixc2c1c.xn--p1ai # TOO_MANY_DIGITS (6)
xn--24-9kce2acoxjvd5a.xn--p1ai # TOO_MANY_DIGITS (6)
xn--24-9kcqjf4agkuj0ak.xn--p1ai # TOO_MANY_DIGITS (6)
xn--24-flcifq8b.xn--p1ai # TOO_MANY_DIGITS (4)
xn--24-jlcda5bfj.xn--p1ai # TOO_MANY_DIGITS (4)
xn--24-slcdb1adi.xn--p1ai # TOO_MANY_DIGITS (4)
xn--25--8cd4a0ewd.xn--p1ai # TOO_MANY_DIGITS (6)
xn--25-6kcais6br5am.xn--p1ai # TOO_MANY_DIGITS (6)
xn--25-9kcqakgd9ahxml5r.xn--p1ai # TOO_MANY_DIGITS (6)
xn--25-jlc6c.xn--p1ai # TOO_MANY_DIGITS (4)
xn--26-6kciir8d.xn--p1ai # TOO_MANY_DIGITS (5)
xn--26-jlca3c5b.xn--p1ai # TOO_MANY_DIGITS (5)
xn--26-vlchabebybb3iwc.xn--p1ai # TOO_MANY_DIGITS (4)
xn--27-6kcpbe3ba7cege.xn--p1ai # TOO_MANY_DIGITS (6)
xn--27-dlcmaa0acz0cc8k.xn--p1ai # TOO_MANY_DIGITS (6)
xn--28-olca3bgcky8b.xn--p1ai # TOO_MANY_DIGITS (5)
xn--29-6kcho3di6j.xn--p1ai # TOO_MANY_DIGITS (6)
xn--3--8kcaocd7brwy7af.xn--p1ai # TOO_MANY_DIGITS (5)
xn--3-7sbbd6becxwlk7d.xn--p1ai # TOO_MANY_DIGITS (5)
xn--3-8sbbhml3az.xn--p1ai # TOO_MANY_DIGITS (4)
xn--3-8sbkfk9am0c1a.xn--p1ai # TOO_MANY_DIGITS (6)
xn--3-dtbhbkfu0abw1f.xn--p1ai # TOO_MANY_DIGITS (4)
xn--30-olcmkd4c6a.xn--p1ai # TOO_MANY_DIGITS (5)
xn--300-mddf6behll2b5g.xn--p1ai # TOO_MANY_DIGITS (7)
xn--31-6kc3bdacx6ajk6cwf.xn--p1ai # TOO_MANY_DIGITS (7)
xn--31-6kc5ayrcpfef.xn--p1ai # TOO_MANY_DIGITS (5)
xn--31-6kcadhwnl3cfdx.xn--p1ai # TOO_MANY_DIGITS (5)
xn--31-dlc6azax8c.xn--p1ai # TOO_MANY_DIGITS (5)
xn--31-elckyy6b.xn--p1ai # TOO_MANY_DIGITS (4)
xn--32-dlclab0ejkm.xn--p1ai # TOO_MANY_DIGITS (4)
xn--33-6kc3bex0d6d.xn--p1ai # TOO_MANY_DIGITS (7)
xn--33-6kc7ba8ah2g.xn--p1ai # TOO_MANY_DIGITS (7)
xn--33-6kcid3a1bibd.xn--p1ai # TOO_MANY_DIGITS (6)
xn--34-6kc3bfr2e.xn--p1ai # TOO_MANY_DIGITS (6)
xn--34-6kcpbevih3edh.xn--p1ai # TOO_MANY_DIGITS (5)
xn--34-mlcqomlcik.xn--p1ai # NO_RESOLVE
xn--35-6kcidhi4epmo.xn--p1ai # TOO_MANY_DIGITS (5)
xn--35-9kcm2bo9a.xn--p1ai # TOO_MANY_DIGITS (6)
xn--35-mlclamljijkjvi.xn--p1ai # NO_RESOLVE
xn--35-vlca3afhfso3b.xn--p1ai # TOO_MANY_DIGITS (5)
xn--365-bedya.xn--p1ai # TOO_MANY_DIGITS (4)
xn--365-iddj3cu.xn--p1ai # TOO_MANY_DIGITS (5)
xn--37-6kcanlw5ddbimco.xn--p1ai # TOO_MANY_DIGITS (5)
xn--37-8kc3bfr2e.xn--p1ai # TOO_MANY_DIGITS (6)
xn--37-glcex3acanefm.xn--p1ai # TOO_MANY_DIGITS (4)
xn--37-jlc8bj.xn--p1ai # TOO_MANY_DIGITS (4)
xn--38-6kca3bb3bxa5cc3i.xn--p1ai # TOO_MANY_DIGITS (8)
xn--38-6kcaysovb0bn1b.xn--p1ai # TOO_MANY_DIGITS (6)
xn--38-6kch5ajrgjuup.xn--p1ai # TOO_MANY_DIGITS (5)
xn--38-6kclb0ccx.xn--p1ai # TOO_MANY_DIGITS (5)
xn--38-jlcdq7aub.xn--p1ai # TOO_MANY_DIGITS (4)
xn--39-6kcdfkgz9bkbyno.xn--p1ai # TOO_MANY_DIGITS (5)
xn--39-6kcdqe2ap9cxf.xn--p1ai # TOO_MANY_DIGITS (6)
xn--39-6kchfg6bujcaxp2r.xn--p1ai # TOO_MANY_DIGITS (6)
xn--39-6kcqeb9bmyilf.xn--p1ai # TOO_MANY_DIGITS (5)
xn--4-7sbatz2av.xn--p1ai # TOO_MANY_DIGITS (4)
xn--40-6kctzgmgdq4g.xn--p1ai # TOO_MANY_DIGITS (5)
xn--400-9cdu8azbyc5bza.xn--p1ai # TOO_MANY_DIGITS (7)
xn--41--5cd3cecud2h.xn--p1ai # TOO_MANY_DIGITS (6)
xn--41-mlcajhscirj8a.xn--p1ai # TOO_MANY_DIGITS (4)
xn--42-6kcpbe8fh.xn--p1ai # TOO_MANY_DIGITS (5)
xn--42-glc1aub2a4f.xn--p1ai # TOO_MANY_DIGITS (6)
xn--42-jlcpbd3afrfegghn0r.xn--p1ai # TOO_MANY_DIGITS (5)
xn--42-plcq9c.xn--p1ai # TOO_MANY_DIGITS (4)
xn--42-vlc1afn7f.xn--p1ai # TOO_MANY_DIGITS (5)
xn--43-6kcaajb3cp1al3ab0a4q.xn--p1ai # TOO_MANY_DIGITS (9)
xn--43-dlcifso2ab4am2dc.xn--p1ai # TOO_MANY_DIGITS (6)
xn--437-qdd8ah6a2fo.xn--p1ai # TOO_MANY_DIGITS (7)
xn--44-6kc4b.xn--p1ai # TOO_MANY_DIGITS (5)
xn--44-mlcl5akbr2c.xn--p1ai # TOO_MANY_DIGITS (5)
xn--45-clcpbf6a3kza.xn--p1ai # TOO_MANY_DIGITS (5)
xn--46-6kci3abhddhxm4b.xn--p1ai # TOO_MANY_DIGITS (6)
xn--46-vlc9ak4a.xn--p1ai # TOO_MANY_DIGITS (5)
xn--48-6kcatagi3d.xn--p1ai # TOO_MANY_DIGITS (5)
xn--5-7sbatz2av.xn--p1ai # TOO_MANY_DIGITS (4)
xn--5-7sbbk7agusimic0d.xn--p1ai # TOO_MANY_DIGITS (5)
xn--5-7sboapmtnrm8aj.xn--p1ai # TOO_MANY_DIGITS (4)
xn--50--5cddx1bfdexe8bzftera.xn--p1ai # TOO_MANY_DIGITS (6)
xn--51-6kcaaqc3a2ct7he.xn--p1ai # TOO_MANY_DIGITS (7)
xn--51-6kcake8ahsvo1ani.xn--p1ai # TOO_MANY_DIGITS (6)
xn--52-dlc6aeh8a.xn--p1ai # TOO_MANY_DIGITS (5)
xn--53-6kc5agv2bdl.xn--p1ai # TOO_MANY_DIGITS (6)
xn--53-6kch4aanzhuu.xn--p1ai # TOO_MANY_DIGITS (5)
xn--53-6kchg1f3e.xn--p1ai # TOO_MANY_DIGITS (6)
xn--53-6kcyfeb1bedwk7c5f.xn--p1ai # TOO_MANY_DIGITS (7)
xn--54-1lcplxl.xn--p1ai # TOO_MANY_DIGITS (4)
xn--54-6kcaeghij4bl.xn--p1ai # TOO_MANY_DIGITS (5)
xn--54-6kcaih7a7d.xn--p1ai # TOO_MANY_DIGITS (6)
xn--54-6kcaj9cfpd2ah.xn--p1ai # TOO_MANY_DIGITS (6)
xn--55-6kcidziq7a.xn--p1ai # TOO_MANY_DIGITS (5)
xn--55-6kclyn5bya9b.xn--p1ai # TOO_MANY_DIGITS (6)
xn--55-mlc1ajfhcbjbw0i.xn--p1ai # TOO_MANY_DIGITS (5)
xn--555-2ed4b.xn--p1ai # TOO_MANY_DIGITS (6)
xn--56-6kca8aqc6c.xn--p1ai # TOO_MANY_DIGITS (6)
xn--56-6kca8dwap.xn--p1ai # TOO_MANY_DIGITS (5)
xn--56-6kcanlw5ddbimco.xn--p1ai # TOO_MANY_DIGITS (5)
xn--56-6kciot8cgaef.xn--p1ai # TOO_MANY_DIGITS (5)
xn--56-dlcefe2a5aidaxu7ct9d.xn--p1ai # TOO_MANY_DIGITS (7)
xn--56-dlcifjgd2auddfdp1amf0qe.xn--p1ai # TOO_MANY_DIGITS (6)
xn--58-7lc.xn--p1ai # TOO_MANY_DIGITS (4)
xn--59-6kcaj1bl8ass0m.xn--p1ai # TOO_MANY_DIGITS (7)
xn--59-9kc0d.xn--p1ai # TOO_MANY_DIGITS (5)
xn--59-slcej.xn--p1ai # NO_RESOLVE
xn--6-7sbatz2av.xn--p1ai # TOO_MANY_DIGITS (4)
xn--6-7sbg2ct.xn--p1ai # TOO_MANY_DIGITS (4)
xn--6-8sbbgh1bbknhcdb5d.xn--p1ai # TOO_MANY_DIGITS (5)
xn--6-9sb0ajpic.xn--p1ai # TOO_MANY_DIGITS (4)
xn--60-6kc3bfr2e.xn--p1ai # TOO_MANY_DIGITS (6)
xn--61-6kca9c8ajn8e.xn--p1ai # TOO_MANY_DIGITS (7)
xn--61-6kcdf1bl5arebw3m.xn--p1ai # TOO_MANY_DIGITS (7)
xn--61-llc6c.xn--p1ai # TOO_MANY_DIGITS (4)
xn--63-6kc5apeki.xn--p1ai # TOO_MANY_DIGITS (5)
xn--63-6kcajsubsicfrqussb3cxnfg.xn--p1ai # TOO_MANY_DIGITS (5)
xn--63-6kcatfca1aav4aezkut9cq.xn--p1ai # TOO_MANY_DIGITS (7)
xn--63-6kciifypn6alk.xn--p1ai # TOO_MANY_DIGITS (5)
xn--63-6kclebf8dkzldj.xn--p1ai # TOO_MANY_DIGITS (5)
xn--63-dlcm3amfbus.xn--p1ai # TOO_MANY_DIGITS (4)
xn--63-mlcmthgg3e.xn--p1ai # TOO_MANY_DIGITS (4)
xn--64-6kca7act.xn--p1ai # TOO_MANY_DIGITS (5)
xn--64-mlclgj2f.xn--p1ai # TOO_MANY_DIGITS (4)
xn--65-6kcd9amuv9k.xn--p1ai # TOO_MANY_DIGITS (6)
xn--65-8kc3bfr2e.xn--p1ai # TOO_MANY_DIGITS (6)
xn--66-6kc5a2c2a.xn--6-7sbatz2av.xn--p1ai # TOO_MANY_DIGITS (10)
xn--66-6kcau0b1aeko.xn--p1ai # TOO_MANY_DIGITS (6)
xn--66-glc2c.xn--p1ai # TOO_MANY_DIGITS (4)
xn--66-mlcaaaklxxgba7bm8f.xn--p1ai # TOO_MANY_DIGITS (5)
xn--68-6kcuzpihjx2b4d.xn--p1ai # TOO_MANY_DIGITS (6)
xn--69--5cddao1dj3ahwlr2f.xn--p1ai # TOO_MANY_DIGITS (7)
xn--69-9kc1alxsen4c.xn--p1ai # TOO_MANY_DIGITS (6)
xn--7-7sbaa3cgkl1gb.xn--p1ai # TOO_MANY_DIGITS (5)
xn--7-7sbirdczi9n.xn--p1ai # TOO_MANY_DIGITS (4)
xn--71-emci4a.xn--p1ai # TOO_MANY_DIGITS (4)
xn--72-6kc3bfr2e.xn--p1ai # TOO_MANY_DIGITS (6)
xn--72-6kcao5aueffq9a1o.xn--p1ai # TOO_MANY_DIGITS (7)
xn--72-6kcedclh0dzag2aq0m0a.xn--p1ai # TOO_MANY_DIGITS (8)
xn--72-9kcpb4b0ata5a6d.xn--p1ai # TOO_MANY_DIGITS (8)
xn--72-jlc1c3d.xn--p1ai # TOO_MANY_DIGITS (5)
xn--73-6kcteboqpm7d5b.xn--p1ai # TOO_MANY_DIGITS (6)
xn--73-jlce8aam9a6b2b.xn--p1ai # TOO_MANY_DIGITS (7)
xn--74-1lci4a.xn--p1ai # TOO_MANY_DIGITS (5)
xn--74-6kc5ck.xn--p1ai # TOO_MANY_DIGITS (5)
xn--74-6kca3cwancocl.xn--p1ai # TOO_MANY_DIGITS (5)
xn--74-6kcenypi6e.xn--p1ai # TOO_MANY_DIGITS (5)
xn--74-9kciy4a6a4g.xn--p1ai # TOO_MANY_DIGITS (7)
xn--74-dlchftzpuie.xn--p1ai # NO_RESOLVE
xn--74-jlc6ca.xn--p1ai # TOO_MANY_DIGITS (4)
xn--75-3lcpjfh.xn--p1ai # TOO_MANY_DIGITS (4)
xn--76-6kchpawf2aie7jh2bg.xn--p1ai # TOO_MANY_DIGITS (7)
xn--76-mlcufsri.xn--p1ai # NO_RESOLVE
xn--78-6kclja0fg.xn--p1ai # TOO_MANY_DIGITS (5)
xn--78-9kcqa5bfidnrm3i.xn--p1ai # TOO_MANY_DIGITS (6)
xn--78-mlcufvchfgh1m.xn--p1ai # TOO_MANY_DIGITS (4)
xn--8--9kc9a7a3f.xn--p1ai # TOO_MANY_DIGITS (6)
xn--8-jtbaeucij9b0g.xn--p1ai # TOO_MANY_DIGITS (4)
xn--80-dlcaib2aqzgcee.xn--p1ai # TOO_MANY_DIGITS (4)
xn--80a0apf2b.xn--80asehdb # TOO_MANY_DIGITS (6)
xn--80a5ad.xn--80aswg # TOO_MANY_DIGITS (5)
xn--80a6aabdck.xn--p1ai # TOO_MANY_DIGITS (4)
xn--80a6aaw.xn--p1ai # TOO_MANY_DIGITS (4)
xn--80a6agi.xn--p1ai # TOO_MANY_DIGITS (4)
xn--80aa0acdaoukcc3k.xn--p1ai # TOO_MANY_DIGITS (5)
xn--80aa1ajvddhd.xn--p1ai # TOO_MANY_DIGITS (4)
xn--80aa2abrldff.xn--p1ai # TOO_MANY_DIGITS (4)
xn--80aa2afl1adb.xn--p1ai # TOO_MANY_DIGITS (5)
xn--80aa3aamfkdiex7b2g.xn--p1ai # TOO_MANY_DIGITS (6)
xn--80aa3abcngmftdb.xn--p1ai # TOO_MANY_DIGITS (4)
xn--80aa3acljmn.xn--p1ai # TOO_MANY_DIGITS (4)
xn--80aa3aeok4bs9a.xn--p1ai # TOO_MANY_DIGITS (6)
xn--80aa3agbm7d.org # TOO_MANY_DIGITS (4)
xn--80aa3agff4av.xyz # TOO_MANY_DIGITS (4)
xn--80aa3ajjmfsgf.xn--p1ai # TOO_MANY_DIGITS (4)
xn--80aa5chhbg.xn--p1ai # TOO_MANY_DIGITS (4)
xn--80aa6acb6b.xn--p1ai # TOO_MANY_DIGITS (5)
xn--80aa6afyd.xn--p1ai # TOO_MANY_DIGITS (4)
xn--80aa6ajve9f.xn--c1avg # TOO_MANY_DIGITS (5)
xn--80aa8afdgik.xn--p1ai # TOO_MANY_DIGITS (4)
xn--80aaa0acbnewb5dackt.xn--p1ai # TOO_MANY_DIGITS (5)
xn--80aaa3ajbbvprgrd4e0f.xn--p1acf # TOO_MANY_DIGITS (6)
xn--80aaa3akginbpfdjg.xn--p1ai # TOO_MANY_DIGITS (4)
xn--80aaa4akbhmm0a7dr4g.xn--p1ai # TOO_MANY_DIGITS (7)
xn--80aaa4cbfodm8k.xn--p1ai # TOO_MANY_DIGITS (5)
xn--80aaaa2bw7am7bxa8chh.xn--p1ai # TOO_MANY_DIGITS (7)
xn--80aaaa2chc7eta.animerem.org # TOO_MANY_DIGITS (4)
xn--80aaaa3bmff3aihu.xn--p1ai # TOO_MANY_DIGITS (5)
xn--80aaaa4bgjskugkfh9e.xn--p1ai # TOO_MANY_DIGITS (5)
xn--80aaaab6af1a0a1o.xn--p1ai # TOO_MANY_DIGITS (7)
xn--80aaaabbx9bb0afhfzfl0hvg.xn--p1ai # TOO_MANY_DIGITS (6)
xn--80aaaadevo6a4cpm.xn--p1ai # TOO_MANY_DIGITS (5)
xn--80aaaaeipkfqaxl9doocg.xn--p1ai # TOO_MANY_DIGITS (4)
xn--80aaaaha0ba3dpxdj1e1d.xn--p1ai # TOO_MANY_DIGITS (7)
xn--80aaaahtsbukmdd5bcnmw5u.xn--p1ai # TOO_MANY_DIGITS (5)
xn--80aaaai2baaheddqv0bcyvs8toa.xn--p1ai # TOO_MANY_DIGITS (6)
xn--80aaaaibkkdyf6ayfjmf2c.xn--p1ai # TOO_MANY_DIGITS (5)
xn--80aaaaj1blvouctg2p.xn--p1ai # TOO_MANY_DIGITS (5)
xn--80aaaakaq2anfnqdquoceli3y.xn--p1ai # TOO_MANY_DIGITS (5)
xn--80aaaaogdzqkxprmgaj6f3a.xn--p1ai # TOO_MANY_DIGITS (5)
xn--80aaaasgcvoect4a0a6t.xn--p1ai # TOO_MANY_DIGITS (6)
xn--80aaabafhmybeagdadyicotcdbdlhibbaox3a0awop0b3ixa4a6lqb2a.xn--p1ai # TOO_MANY_DIGITS (10)
xn--80aaac8bguoo6b3d.xn--p1ai # TOO_MANY_DIGITS (6)
xn--80aaacd7a.xn--p1ai # TOO_MANY_DIGITS (4)
xn--80aaacddlm8b9bmd0m.xn--p1ai # TOO_MANY_DIGITS (6)
xn--80aaacemxw4adacjsx6o.xn--p1ai # TOO_MANY_DIGITS (5)
xn--80aaacmjvqahf0bs7au.xn--p1ai # TOO_MANY_DIGITS (5)
xn--80aaacnffa9ak0a4byaj.xn--p1ai # TOO_MANY_DIGITS (6)
xn--80aaad2bgedcmdhgd2dpq1e.xn--p1ai # TOO_MANY_DIGITS (6)
xn--80aaademhwo0czaihgp8c1exb.xn--p1ai # TOO_MANY_DIGITS (6)
xn--80aaadi7chhenbdioi.xn--p1ai # TOO_MANY_DIGITS (4)
xn--80aaadih8bpneqngu2l.xn--p1ai # TOO_MANY_DIGITS (5)
xn--80aaadkj7arnhct.xn--p1ai # TOO_MANY_DIGITS (4)
xn--80aaadommi7alwderv.xn--p1ai # TOO_MANY_DIGITS (4)
xn--80aaadq2bbirx1b9f.xn--p1ai # TOO_MANY_DIGITS (6)
xn--80aaaecbckp8bzatg5cb.xn--p1ai # TOO_MANY_DIGITS (5)
xn--80aaaed1bbmjflpb7alkl1hzd0b.xn--p1ai # TOO_MANY_DIGITS (7)
xn--80aaaeglyockofg9a3a.xn--p1ai # TOO_MANY_DIGITS (5)
xn--80aaaer9acafoztji.xn--p1ai # TOO_MANY_DIGITS (4)
xn--80aaaf6ahblcinhnk4ae2nqa.xn--p1ai # TOO_MANY_DIGITS (6)
xn--80aaag0aqhwbe4ag3f.xn--p1ai # TOO_MANY_DIGITS (6)
xn--80aaag0c.xn--p1ai # TOO_MANY_DIGITS (4)
xn--80aaag5ajzv.xn--p1ai # TOO_MANY_DIGITS (4)
xn--80aaagbgh8bjc2abdb5c1f.xn--p1ai # TOO_MANY_DIGITS (7)
xn--80aaagdg6ctabtdlq.xn--p1ai # TOO_MANY_DIGITS (4)
xn--80aaagghh4d3a.xn--p1ai # TOO_MANY_DIGITS (5)
xn--80aaagkdukhedkykbit0i.xn--p1ai # TOO_MANY_DIGITS (4)
xn--80aaagvjeegdmugb7dxa5k.xn--p1ai # TOO_MANY_DIGITS (5)
xn--80aaah4akngfg7agb4lwb.xn--p1ai # TOO_MANY_DIGITS (6)
xn--80aaahaho7a9aefhfiyc.xn--p1ai # TOO_MANY_DIGITS (5)
xn--80aaahc5acpfve1d7j.xn--p1ai # TOO_MANY_DIGITS (6)
xn--80aaahjcc1ajfdg3ap3amgd.xn--80aswg # TOO_MANY_DIGITS (7)
xn--80aaahmvkik9asm4bb.xn--p1ai # TOO_MANY_DIGITS (5)
xn--80aaahntsgmgzwe8ktb.xn--p1ai # TOO_MANY_DIGITS (4)
xn--80aaaho9amaouu1k.xn--p1ai # TOO_MANY_DIGITS (5)
xn--80aaahornwa6ck8e.xn--p1ai # TOO_MANY_DIGITS (5)
xn--80aaahpbi4afvbodo9a.xn--p1ai # TOO_MANY_DIGITS (5)
xn--80aaaioo1bnw0a6g.xn--p1ai # TOO_MANY_DIGITS (6)
xn--80aaaiphchz3b1aig.xn--p1ai # TOO_MANY_DIGITS (5)
xn--80aaaj7bktkib6i.xn--p1ai # TOO_MANY_DIGITS (5)
xn--80aaajj7acrcd1aon.xn--p1ai # TOO_MANY_DIGITS (5)
xn--80aaak1a0adwu5k.xn--p1ai # TOO_MANY_DIGITS (6)
xn--80aaakb5aj3aklf.xn--p1ai # TOO_MANY_DIGITS (5)
xn--80aaakeebwdtbhjbshfg5akr1c7lwa.xn--p1ai # TOO_MANY_DIGITS (6)
xn--80aaakei3ednrc1a.xn--p1ai # TOO_MANY_DIGITS (5)
xn--80aaakms4aepjlc9p.xn--p1ai # TOO_MANY_DIGITS (5)
xn--80aaalhzvfe9b4a.xn--80asehdb # TOO_MANY_DIGITS (6)
xn--80aaaog8agffgm4b7d.xn--p1ai # TOO_MANY_DIGITS (6)
xn--80aaaoh9ajchte9a.xn--p1ai # TOO_MANY_DIGITS (5)
xn--80aaaovieldhignl7a.xn--p1ai # TOO_MANY_DIGITS (4)
xn--80aaap6ah4d.xn--p1ai # TOO_MANY_DIGITS (5)
xn--80aaapdbpdgddebeegg2adacibeelb2aturpix2if7p4a.xn--p1ai # TOO_MANY_DIGITS (8)
xn--80aaar1aqdj3ac0bp1e5b.xn--p1ai # TOO_MANY_DIGITS (8)
xn--80aaarpcaihdfiikwquf5e1kna.xn--p1ai # TOO_MANY_DIGITS (5)
xn--80aaarvlorbc9jk.xn--p1ai # TOO_MANY_DIGITS (4)
xn--80aaaybcgtd3b9a4b.xn--p1ai # TOO_MANY_DIGITS (6)
xn--80aab0cdq1b.xn--p1ai # TOO_MANY_DIGITS (5)
xn--80aab3aafbggq6bik2c.xn--p1ai # TOO_MANY_DIGITS (6)
xn--80aabagbrwbvi1bfb1a0au.xn--p1ai # TOO_MANY_DIGITS (6)
xn--80aabbccm2fbewc1l.xn--p1ai # TOO_MANY_DIGITS (5)
xn--80aabcpftdjdff6diq3m.xn--p1ai # TOO_MANY_DIGITS (5)
xn--80aabdcobephfrk1bfed7a7j.xn--p1ai # TOO_MANY_DIGITS (6)
xn--80aabejccbba0dhjymd5afo7k9c.xn--p1ai # TOO_MANY_DIGITS (7)
xn--80aabf4aiko5c1aj2e.xn--p1ai # TOO_MANY_DIGITS (7)
xn--80aabflmke6byewa.xn--p1ai # TOO_MANY_DIGITS (4)
xn--80aabfmaaepme8apgibd7aj.xn--p1ai # TOO_MANY_DIGITS (5)
xn--80aabgoqnudcojo5n.xn--p1ai # TOO_MANY_DIGITS (4)
xn--80aablu4ccigd1a0j.xn--p1ai # TOO_MANY_DIGITS (6)
xn--80aaboeqnbt1bl4fxcwb.xn--p1ai # TOO_MANY_DIGITS (5)
xn--80aabp4admdwps6h.xn--p1ai # TOO_MANY_DIGITS (5)
xn--80aabpd1az2acbbh6k7ah.xn--p1ai # TOO_MANY_DIGITS (7)
xn--80aabsiiow2bza.xn--p1ai # TOO_MANY_DIGITS (4)
xn--80aac3agbfuwtjcd4j.xn--p1ai # TOO_MANY_DIGITS (5)
xn--80aac8a6ar.shop # TOO_MANY_DIGITS (4)
xn--80aac9aye.xn--p1acf # TOO_MANY_DIGITS (4)
xn--80aacd6cj1a.su # TOO_MANY_DIGITS (4)
xn--80aacfh0abnc5alsh1a2l5b.xn--p1ai # TOO_MANY_DIGITS (8)
xn--80aacfpjf3cftcg.xn--p1ai # TOO_MANY_DIGITS (4)
xn--80aacggag9aolgndu8a4m.xn--p1ai # TOO_MANY_DIGITS (6)
xn--80aackagcfljt4bdnty.xn--p1ai # TOO_MANY_DIGITS (4)
xn--80aackfcnhpflvp7ahh5i9e.xn--p1ai # TOO_MANY_DIGITS (6)
xn--80aacn2csgej.xn--p1ai # TOO_MANY_DIGITS (4)
xn--80aacnlqupbpx4j.xn--p1ai # TOO_MANY_DIGITS (4)
xn--80aacpifcrxbfnn4c0i.xn--p1ai # TOO_MANY_DIGITS (5)
xn--80aacpqiegwniboicv3k4c.xn--p1ai # TOO_MANY_DIGITS (5)
xn--80aacrthc0abjidioi1m.xn--p1ai # TOO_MANY_DIGITS (5)
xn--80aacwc1beqa7j3a.xn--p1ai # TOO_MANY_DIGITS (6)
xn--80aadcqb5a2abjxm9g0b.xn--p1ai # TOO_MANY_DIGITS (7)
xn--80aadddjeda9d2db9cya.xn--p1ai # TOO_MANY_DIGITS (6)
xn--80aadkevhbkvnxnq8km.xn--p1ai # TOO_MANY_DIGITS (4)
xn--80aadpblgwbweko2ab6e5dk.xn--p1ai # TOO_MANY_DIGITS (6)
xn--80aadwgabakd4ei.xn--p1ai # TOO_MANY_DIGITS (4)
xn--80aae0aahcze9azj.xn--p1ai # TOO_MANY_DIGITS (5)
xn--80aaeaihoi3cjs9f.xn--p1ai # TOO_MANY_DIGITS (5)
xn--80aaeb1aptida3a2g5d.xn--p1ai # TOO_MANY_DIGITS (7)
xn--80aaebdddfbg2cefj9ae5gtc.xn--p1ai # TOO_MANY_DIGITS (6)
xn--80aaebfbaatuh5ac5ahep6z.xn--p1ai # TOO_MANY_DIGITS (6)
xn--80aaekbwh2agta9b.xn--p1ai # TOO_MANY_DIGITS (5)
xn--80aaekfkfp2a8b9bxe.xn--p1ai # TOO_MANY_DIGITS (6)
xn--80aaemcxzdirt9b3d.xn--p1ai # TOO_MANY_DIGITS (5)
xn--80aaemfth.xn--p1ai # NO_RESOLVE
xn--80aaen8ayaq0cyb.xn--p1ai # TOO_MANY_DIGITS (5)
xn--80aaenze9f.com # NO_RESOLVE
xn--80aaevnc9bxb.xn--p1ai # TOO_MANY_DIGITS (4)
xn--80aaexamk2bdlf.xn--p1ai # TOO_MANY_DIGITS (4)
xn--80aaf6adeapd2a5m.xn--p1ai # TOO_MANY_DIGITS (6)
xn--80aaf7ahclcreij.xn--p1ai # TOO_MANY_DIGITS (4)
xn--80aafaxhjba3ak0aan2a.xn--p1ai # TOO_MANY_DIGITS (6)
xn--80aafbpx0aic0apb7duc.xn--80asehdb # TOO_MANY_DIGITS (7)
xn--80aafc4b.xn--p1acf # TOO_MANY_DIGITS (4)
xn--80aafcksadsplfcppnr0ae4b9aza0nge.xn--p1ai # TOO_MANY_DIGITS (7)
xn--80aafelpslnebjhp0a7qh.xn--p1ai # TOO_MANY_DIGITS (5)
xn--80aaff7agtblys7c.xn--p1ai # TOO_MANY_DIGITS (5)
xn--80aafggnpue4m.xn--p1ai # TOO_MANY_DIGITS (4)
xn--80aafiedicl6bim1fugsa.xn--p1ai # TOO_MANY_DIGITS (5)
xn--80aafkbrca1bgkgoeev1bza.xn--p1ai # TOO_MANY_DIGITS (5)
xn--80aaflaaal2atdu2a5a8f.xn--p1ai # TOO_MANY_DIGITS (7)
xn--80aaflrac7bhmdoe.xn--p1ai # TOO_MANY_DIGITS (4)
xn--80aafr2bgt.xn--p1ai # TOO_MANY_DIGITS (4)
xn--80aafsiardahjgme5p.xn--p1ai # TOO_MANY_DIGITS (4)
xn--80aafvsr1a.xn--p1ai # TOO_MANY_DIGITS (4)
xn--80aafwdannr1bcd6f.xn--p1ai # TOO_MANY_DIGITS (5)
xn--80aag1cacbjkk.xn--p1ai # TOO_MANY_DIGITS (4)
xn--80aag3abqgfgksc.xn--p1ai # TOO_MANY_DIGITS (4)
xn--80aagacmvtereo.xn--p1ai # NO_RESOLVE
xn--80aagaopbdap4bgb1afaheao0fc2s.xn--p1ai # TOO_MANY_DIGITS (7)
xn--80aagfebxgkhw7a6ar6io.xn--p1ai # TOO_MANY_DIGITS (6)
xn--80aagfiauwgogmniborf.xn--p1ai # NO_RESOLVE
xn--80aaghgjgi7aleaufet4p.xn--p1ai # TOO_MANY_DIGITS (5)
xn--80aagjaunuczoacq.xn--p1ai # NO_RESOLVE
xn--80aagjbsblfiqeceecghtioai4d8ai6m0a.xn--p1ai # TOO_MANY_DIGITS (7)
xn--80aagm3aqmghf.xn--p1ai # TOO_MANY_DIGITS (4)
xn--80aagmancbtdkorgx0ad9coi5p.xn--p1ai # TOO_MANY_DIGITS (6)
xn--80aagwcmqkqjjc5b8c.xn--p1ai # TOO_MANY_DIGITS (5)
xn--80aahaejsapkfklhcb5wsb.xn--p1ai # TOO_MANY_DIGITS (4)
xn--80aahfdav2b2ah.xn--p1ai # TOO_MANY_DIGITS (5)
xn--80aahjm4cdn.xn--p1ai # TOO_MANY_DIGITS (4)
xn--80aahknjxvwcc6c.xn--p1ai # TOO_MANY_DIGITS (4)
xn--80aahtcmcxio9bxc.xn--p1ai # TOO_MANY_DIGITS (4)
xn--80aai8ag9b.xn--p1ai # TOO_MANY_DIGITS (5)
xn--80aai8ag9baa.xn--p1ai # TOO_MANY_DIGITS (5)
xn--80aaiaip0cfmgim.xn--p1ai # TOO_MANY_DIGITS (4)
xn--80aaicduq3c.xn--p1ai # TOO_MANY_DIGITS (4)
xn--80aaich0a0akjols.xn--p1ai # TOO_MANY_DIGITS (5)
xn--80aaigamcytvme3b5a.xn--p1ai # TOO_MANY_DIGITS (5)
xn--80aaio0bl.xn--p1ai # TOO_MANY_DIGITS (4)
xn--80aairfbgrhahbb8p.xn--p1ai # TOO_MANY_DIGITS (4)
xn--80aaitih.xn--p1ai # NO_RESOLVE
xn--80aaiubxt0a1c8d.xn--p1ai # TOO_MANY_DIGITS (6)
xn--80aaiugnj1d.xn--p1ai # TOO_MANY_DIGITS (4)
xn--80aaiuhguvq7c1b.xn--p1ai # TOO_MANY_DIGITS (5)
xn--80aaiuzi6d.xn--p1ai # TOO_MANY_DIGITS (4)
xn--80aaiwphd9k.xn--p1ai # TOO_MANY_DIGITS (4)
xn--80aajbp5bep.xn--p1ai # TOO_MANY_DIGITS (4)
xn--80aajzbfbyacsnjm7k2b.xn--p1ai # TOO_MANY_DIGITS (5)
xn--80aakaeoqqeogazgp6q.xn--p1ai # TOO_MANY_DIGITS (4)
xn--80aakaqqahgrcbm0jodza.xn--p1ai # TOO_MANY_DIGITS (4)
xn--80aakdbae9abkcrqvs1a4exa6k.xn--p1ai # TOO_MANY_DIGITS (7)
xn--80aakdbkhsbjtsnuo5s8a.xn--p1ai # TOO_MANY_DIGITS (5)
xn--80aakfkdcc4bsohd9e2g.xn--p1acf # TOO_MANY_DIGITS (6)
xn--80aakiloddmgbe2bo7d0h4a.xn--p1ai # TOO_MANY_DIGITS (7)
xn--80aakmeicixd2isb.xn--p1ai # TOO_MANY_DIGITS (4)
xn--80aal4c.xn--p1acf # TOO_MANY_DIGITS (4)
xn--80aalb0ajddghgb6gxd.xn--p1ai # TOO_MANY_DIGITS (5)
xn--80aalbdoc8afeodwb6p.xn--p1ai # TOO_MANY_DIGITS (5)
xn--80aaldraajo4aatr8aef.xn--p1ai # TOO_MANY_DIGITS (5)
xn--80aaleqhbkbz7ak6l.xn--p1ai # TOO_MANY_DIGITS (5)
xn--80aalkh8aya.xn--p1ai # TOO_MANY_DIGITS (4)
xn--80aalpasklgwpm1d.xn--p1ai # TOO_MANY_DIGITS (4)
xn--80aalr8anf.xn--p1ai # TOO_MANY_DIGITS (4)
xn--80aalw7afh.xn--80aswg # TOO_MANY_DIGITS (5)
xn--80aalwao5ahif8jg.xn--p1ai # TOO_MANY_DIGITS (5)
xn--80aamurcdbsgld5j.xn--p1ai # TOO_MANY_DIGITS (4)
xn--80aanjcapxezgnd7c3f.xn--p1ai # TOO_MANY_DIGITS (5)
xn--80aannod0bi3b.xn--p1ai # TOO_MANY_DIGITS (5)
xn--80aanthkccaazxj7b5f4b.xn--p1ai # TOO_MANY_DIGITS (6)
xn--80aaocucl7ar6d.xn--p1ai # TOO_MANY_DIGITS (5)
xn--80aaof2aechwme6a.su # TOO_MANY_DIGITS (4)
xn--80aaoimgqohtjc9i.xn--p1ai # TOO_MANY_DIGITS (4)
xn--80aaokpb2bf.xn--p1ai # TOO_MANY_DIGITS (4)
xn--80aaolaacaekd2ahh3aracdi3h.xn--p1ai # TOO_MANY_DIGITS (6)
xn--80aaomkqtgjca1b.xn--p1ai # TOO_MANY_DIGITS (4)
xn--80aaqjaiefqixqnh0m.xn--p1ai # TOO_MANY_DIGITS (4)
xn--80aauel2ai1j.xn--p1ai # TOO_MANY_DIGITS (5)
xn--80aaupdqgjgn7k.xn--p1ai # TOO_MANY_DIGITS (4)
xn--80aawbfbdhxjcmbfl2a0n.xn--p1ai # TOO_MANY_DIGITS (5)
xn--80aax4bmb.xn--p1ai # TOO_MANY_DIGITS (4)
xn--80aaxgfihde1a6e.xn--p1ai # TOO_MANY_DIGITS (5)
xn--80aaxhm1abdf.xn--p1ai # TOO_MANY_DIGITS (4)
xn--80aaxpd2aa5c.xn--p1ai # TOO_MANY_DIGITS (5)
xn--80aazeslgfad.xn--p1ai # NO_RESOLVE
xn--80ab0bld6dza.xn--p1ai # TOO_MANY_DIGITS (5)
xn--80ab1bmfl6f.xn--p1ai # TOO_MANY_DIGITS (5)
xn--80ab2abm.xn--p1ai # TOO_MANY_DIGITS (4)
xn--80aba3cclgi3f2b.xn--p1ai # TOO_MANY_DIGITS (6)
xn--80abadiixnhydbbz5c6b.xn--p1ai # TOO_MANY_DIGITS (5)
xn--80abafjetbdrirvg3azg.xn--p1ai # TOO_MANY_DIGITS (4)
xn--80abapp6ar0j.xn--p1ai # TOO_MANY_DIGITS (5)
xn--80abbjhb6behi7c2g7a.xn--p1ai # TOO_MANY_DIGITS (7)
xn--80abc0acddcvff7ajrhi8j.xn--p1ai # TOO_MANY_DIGITS (6)
xn--80abciea9ckt0d.xn--p1ai # TOO_MANY_DIGITS (5)
xn--80abcitymdt0m.xn--p1ai # TOO_MANY_DIGITS (4)
xn--80abclbc3b1bfikh9htc.xn--p1ai # TOO_MANY_DIGITS (6)
xn--80abcsz1ax3d0b.xn--p1ai # TOO_MANY_DIGITS (6)
xn--80abddyaur1c5h.xn--p1ai # TOO_MANY_DIGITS (5)
xn--80abegs4bmdhk.xn--p1ai # TOO_MANY_DIGITS (4)
xn--80abekbpegcj1abedm8amh4o.xn--p1ai # TOO_MANY_DIGITS (6)
xn--80abemclccak3b6ato5d.xn--p1ai # TOO_MANY_DIGITS (6)
xn--80abfqjgfjhidysaqhcm5ksa.xn--p1ai # TOO_MANY_DIGITS (4)
xn--80abggbar1efk6cvc.xn--p1ai # TOO_MANY_DIGITS (5)
xn--80abhcueahhgzbbgy4ac5hxcbl.xn--p1ai # TOO_MANY_DIGITS (5)
xn--80abhddbmm5bieahtk5n.xn--p1ai # TOO_MANY_DIGITS (5)
xn--80abi2bc2a1a4e.xn--p1ai # TOO_MANY_DIGITS (7)
xn--80abibemewpt3o.xn--p1ai # TOO_MANY_DIGITS (4)
xn--80abidcsbqhs1aea6h6c.xn--p1ai # TOO_MANY_DIGITS (6)
xn--80abiumajgacgm0e.xn--p1ai # TOO_MANY_DIGITS (4)
xn--80abjd7bfgq.xn--p1ai # TOO_MANY_DIGITS (4)
xn--80abkwcfrcbhitp0l.xn--p1ai # TOO_MANY_DIGITS (4)
xn--80abmhewkdshjancdn.xn--p1ai # NO_RESOLVE
xn--80abmkibkau.xn--p1ai # NO_RESOLVE
xn--80abmsfh7be3b.xn--p1ai # TOO_MANY_DIGITS (5)
xn--80abnepvcuja8i.xn--p1ai # TOO_MANY_DIGITS (4)
xn--80abteno7j.xn--p1ai # TOO_MANY_DIGITS (4)
xn--80abucvd6a1g.xn--p1ai # TOO_MANY_DIGITS (5)
xn--80abvfi8b.xn--p1ai # TOO_MANY_DIGITS (4)
xn--80abwagddjkhv2ag.xn--p1ai # TOO_MANY_DIGITS (4)
xn--80abwhebnhb3bca2ktb.xn--p1ai # TOO_MANY_DIGITS (5)
xn--80acbldpruljfgeeay.xn--p1ai # NO_RESOLVE
xn--80acbmzf1bf1c2cvb.xn--p1ai # TOO_MANY_DIGITS (6)
xn--80acbypd3c.com # NO_RESOLVE
xn--80acbypdo.com # NO_RESOLVE
xn--80acc9bdbwdn.xn--p1ai # TOO_MANY_DIGITS (4)
xn--80acccjcw0a7ahjea.xn--p1ai # TOO_MANY_DIGITS (5)
xn--80acciebr2albne0ag1g.xn--p1ai # TOO_MANY_DIGITS (6)
xn--80accnaag4dgkf0m.xn--p1ai # TOO_MANY_DIGITS (5)
xn--80acdajfcy2ed.xn--j1amh # TOO_MANY_DIGITS (4)
xn--80acdk2bjb3ai1c.xn--p1ai # TOO_MANY_DIGITS (6)
xn--80acecegrasg7aj5aotb9f.xn--p1ai # TOO_MANY_DIGITS (6)
xn--80aceedd9alt0a7job.xn--p1ai # TOO_MANY_DIGITS (6)
xn--80acehaad1bmnngri1f9eg.xn--p1ai # TOO_MANY_DIGITS (6)
xn--80acf9e.xn--p1ai # TOO_MANY_DIGITS (4)
xn--80acffav7cpu0bzb.xn--80asehdb # TOO_MANY_DIGITS (6)
xn--80acg1bedocbnr.xn--p1ai # TOO_MANY_DIGITS (4)
xn--80acgdf0avgh0cb6e.xn--p1ai # TOO_MANY_DIGITS (6)
xn--80acgdfonbqjkbi0eb0h9b.xn--p1ai # TOO_MANY_DIGITS (6)
xn--80achdzergrmh2k.xn--p1ai # TOO_MANY_DIGITS (4)
xn--80aclbgxfep1m.xn--p1ai # TOO_MANY_DIGITS (4)
xn--80aclbwjd3b6g.xn--p1ai # TOO_MANY_DIGITS (5)
xn--80aclljcjda1cya.xn--p1ai # TOO_MANY_DIGITS (4)
xn--80aclnhrl.xn--p1ai # NO_RESOLVE
xn--80acmazejp5a.xn--p1ai # TOO_MANY_DIGITS (4)
xn--80acmmhk6ac.xn--p1ai # TOO_MANY_DIGITS (4)
xn--80acmmjhihrlafkd6m.xn--p1ai # TOO_MANY_DIGITS (4)
xn--80acq4akmah.xn--p1ai # TOO_MANY_DIGITS (4)
xn--80acvaamejcuh0a.xn--p1ai # TOO_MANY_DIGITS (4)
xn--80acycboidqki6job.xn--p1ai # TOO_MANY_DIGITS (4)
xn--80aczcaphbcmfhfc8e.xn--p1ai # TOO_MANY_DIGITS (4)
xn--80aczlrcbo5a3g.xn--p1ai # TOO_MANY_DIGITS (5)
xn--80ad9akgh1a4d.xn--p1ai # TOO_MANY_DIGITS (6)
xn--80adabaeidemeicaaib0c1acltbj9cugvs3f2k0b.xn--p1ai # TOO_MANY_DIGITS (9)
xn--80adahaagaab3ab1b2c6ahjdeb5x.xn--p1ai # TOO_MANY_DIGITS (8)
xn--80adahfni9aed0a8c6de7d.xn--p1ai # TOO_MANY_DIGITS (8)
xn--80adal0awnk7a2h.xn--p1ai # TOO_MANY_DIGITS (6)
xn--80adalasotdgbfu4a2g.xn--p1ai # TOO_MANY_DIGITS (5)
xn--80adaugyajgabjt6jxb.xn--p1ai # TOO_MANY_DIGITS (4)
xn--80adb3ajmvl.xn--p1ai # TOO_MANY_DIGITS (4)
xn--80adbfcbec3d9k.xn--p1ai # TOO_MANY_DIGITS (5)
xn--80adbhunc2aa3al.animerem.org # TOO_MANY_DIGITS (4)
xn--80adbjdaq0ajb2ciejr4jpa.xn--p1ai # TOO_MANY_DIGITS (6)
xn--80adc5apbv8i.xn--p1ai # TOO_MANY_DIGITS (5)
xn--80adcetbcdhhmu4k7d.xn--p1ai # TOO_MANY_DIGITS (5)
xn--80adfc1ayocc6a5g.xn--p1ai # TOO_MANY_DIGITS (6)
xn--80adfebmfdd9bcj2aehigc7v.xn--p1ai # TOO_MANY_DIGITS (6)
xn--80adgd5aauho7l.xn--p1ai # TOO_MANY_DIGITS (5)
xn--80adhcbtqcpbhb2aqk0m1c.xn--p1ai # TOO_MANY_DIGITS (6)
xn--80adiaihbaf1aenp8cbf.xn--p1ai # TOO_MANY_DIGITS (5)
xn--80adibnlkq7ele.xn--p1ai # TOO_MANY_DIGITS (4)
xn--80adic7alej3d.xn--p1ai # TOO_MANY_DIGITS (5)
xn--80adihearl1bq1m.xn--p1ai # TOO_MANY_DIGITS (5)
xn--80adikfjewj.xn--p1ai # NO_RESOLVE
xn--80adikuxem0j.xn--p1ai # TOO_MANY_DIGITS (4)
xn--80adild5aape7b4ag.xn--p1ai # TOO_MANY_DIGITS (6)
xn--80adisc4bc1a.xyz # TOO_MANY_DIGITS (4)
xn--80adjaap4adjbyjng8f.xn--p1ai # TOO_MANY_DIGITS (5)
xn--80adjbide2bbebbvs3b4a.xn--p1ai # TOO_MANY_DIGITS (6)
xn--80adjkkk3alj.xn--p1ai # TOO_MANY_DIGITS (4)
xn--80adjua8ablfi1h.xn--p1ai # TOO_MANY_DIGITS (5)
xn--80adku7df.xn--p1ai # TOO_MANY_DIGITS (4)
xn--80adnhbq3g0a.xn--p1ai # TOO_MANY_DIGITS (5)
xn--80adr0aix.xn--p1ai # TOO_MANY_DIGITS (4)
xn--80adrxbkilcsx2e.xn--p1ai # TOO_MANY_DIGITS (4)
xn--80adxocn.xn--p1ai # NO_RESOLVE
xn--80adxpabdib.xn--p1ai # NO_RESOLVE
xn--80adzdhgbqlq6h.xn--80asehdb # TOO_MANY_DIGITS (5)
xn--80ae0amt3d.xn--p1ai # TOO_MANY_DIGITS (5)
xn--80aeaaegcf2ai1bobbaiqb0aefq6e8m.xn--p1ai # TOO_MANY_DIGITS (8)
xn--80aeaxb0afcyk6d.xn--p1ai # TOO_MANY_DIGITS (5)
xn--80aebiamfhjo0asfq1nb.xn--p1ai # TOO_MANY_DIGITS (5)
xn--80aebrc1aoma6a3f.xn--p1ai # TOO_MANY_DIGITS (6)
xn--80aeedoeifn2aemlkm1m.xn--p1ai # TOO_MANY_DIGITS (5)
xn--80aeeecwiemt8aj.xn--p1ai # TOO_MANY_DIGITS (4)
xn--80aeegn6a9a.xn--p1ai # TOO_MANY_DIGITS (5)
xn--80aefcctj5che.xn--p1ai # TOO_MANY_DIGITS (4)
xn--80aefikiedvfde2d1a4b.xn--p1ai # TOO_MANY_DIGITS (6)
xn--80aefl1akaleglm4i.xn--p1ai # TOO_MANY_DIGITS (5)
xn--80aeg3amk6b4b.xn--p1ai # TOO_MANY_DIGITS (6)
xn--80aegcbawovqtiw4l.xn--p1ai # TOO_MANY_DIGITS (4)
xn--80aehab1apsnedgkd5k.xn--p1ai # TOO_MANY_DIGITS (5)
xn--80aehaiibxvcfgvccgr0ezh.xn--p1ai # TOO_MANY_DIGITS (4)
xn--80aehhgcamdmemlb7bvf.xn--p1ai # TOO_MANY_DIGITS (4)
xn--80aehofdbmuqq.xn--p1ai # NO_RESOLVE
xn--80aehr6bng.xn--p1ai # TOO_MANY_DIGITS (4)
xn--80aehukdjcrp.xn--p1ai # NO_RESOLVE
xn--80aeibb7afmr0al.xn--p1ai # TOO_MANY_DIGITS (5)
xn--80aeibphh3bu7epd.xn--p1ai # TOO_MANY_DIGITS (5)
xn--80aeinqcfl0a9a2a.xn--p1ai # TOO_MANY_DIGITS (6)
xn--80aeitizw4b.xn--p1ai # TOO_MANY_DIGITS (4)
xn--80aej0akkilk.xn--p1ai # TOO_MANY_DIGITS (4)
xn--80aejdicffpbpg0a5agfo0lza.xn--p1ai # TOO_MANY_DIGITS (6)
xn--80aejyh.xn--p1ai # NO_RESOLVE
xn--80aekcjne1b0a.xn--p1ai # TOO_MANY_DIGITS (5)
xn--80aerbpi1c2d.xn--p1ai # TOO_MANY_DIGITS (5)
xn--80aergbzn3a7a7a.xn--p1ai # TOO_MANY_DIGITS (6)
xn--80aewdcpd.xn--p1ai # NO_RESOLVE
xn--80af5ak6c.xn--p1ai # TOO_MANY_DIGITS (5)
xn--80af6aict.xn--p1ai # TOO_MANY_DIGITS (4)
xn--80afbcbga6ac1aldjb7c.xn--p1ai # TOO_MANY_DIGITS (6)
xn--80afbii2b.xn--p1ai # TOO_MANY_DIGITS (4)
xn--80afcbd2ciar1j.xn--80adxhks # TOO_MANY_DIGITS (6)
xn--80afceyc1andp9a.xn--p1ai # TOO_MANY_DIGITS (5)
xn--80afd4alanu8b.xn--p1ai # TOO_MANY_DIGITS (5)
xn--80afdwcpi1bs5h.xn--p1ai # TOO_MANY_DIGITS (5)
xn--80afebasdiheazbh2bsf6p.xn--p1ai # TOO_MANY_DIGITS (5)
xn--80afeno7a9c.xn--p1ai # TOO_MANY_DIGITS (5)
xn--80afeq0ank2g.xn--p1ai # TOO_MANY_DIGITS (5)
xn--80aff1a.xn--90a5a.com # TOO_MANY_DIGITS (6)
xn--80aff5a.xn--p1ai # TOO_MANY_DIGITS (4)
xn--80affa3aja3an.xn--80asehdb # TOO_MANY_DIGITS (6)
xn--80affbihr0cpc.xn--p1ai # TOO_MANY_DIGITS (4)
xn--80affkr8a5e.xn--p1ai # TOO_MANY_DIGITS (5)
xn--80afglihmzdsfc.xn--p1ai # NO_RESOLVE
xn--80afgucbrddqdbpbhcg8p.xn--p1ai # TOO_MANY_DIGITS (4)
xn--80afhalkbmn7g.xn--p1ai # TOO_MANY_DIGITS (4)
xn--80afhjwdh2av.xn--p1ai # TOO_MANY_DIGITS (4)
xn--80afoclggyd5duf.xn--p1ai # TOO_MANY_DIGITS (4)
xn--80afpopxz.xn--p1ai # NO_RESOLVE
xn--80afqmepaddrog2j.xn--p1ai # TOO_MANY_DIGITS (4)
xn--80aftgdhdd7am2j.xn--p1ai # TOO_MANY_DIGITS (5)
xn--80afvlem1dxc.xn--p1ai # TOO_MANY_DIGITS (4)
xn--80afvpk5f.xn--p1ai # TOO_MANY_DIGITS (4)
xn--80agabx3af.xn--p1ai # TOO_MANY_DIGITS (4)
xn--80agaegufak1afqd6b5h.xn--p1ai # TOO_MANY_DIGITS (6)
xn--80agcdc2aeimjpjoaq.xn--p1ai # TOO_MANY_DIGITS (4)
xn--80agdcdqdlxgvh4a2jtc.xn--p1ai # TOO_MANY_DIGITS (5)
xn--80agddmjykrbvr.xn--p1ai # NO_RESOLVE
xn--80agelzjnm2a.xn--p1ai # TOO_MANY_DIGITS (4)
xn--80agf0bicfia.xn--p1ai # TOO_MANY_DIGITS (4)
xn--80agfgklinba0aakchffpc.xn--p1ai # TOO_MANY_DIGITS (4)
xn--80agfnf1becjcp.xn--p1ai # TOO_MANY_DIGITS (4)
xn--80aggee9ai4a5f.xn--p1ai # TOO_MANY_DIGITS (6)
xn--80aggiawtcbome3c1f9a.xn--p1ai # TOO_MANY_DIGITS (6)
xn--80ahaenqe1m.xn--p1acf # TOO_MANY_DIGITS (4)
xn--80ahbcmdhge8ddhv3o.xn--p1ai # TOO_MANY_DIGITS (5)
xn--80ahc1akm.xn--p1ai # TOO_MANY_DIGITS (4)
xn--80ahc1axeh.xn--p1ai # TOO_MANY_DIGITS (4)
xn--80ahcbqaurw0b1a3i.xn--p1ai # TOO_MANY_DIGITS (6)
xn--80ahccfjc0a5akmm.xn--p1ai # TOO_MANY_DIGITS (5)
xn--80ahccncmbhae3a2iwf.xn--p1ai # TOO_MANY_DIGITS (5)
xn--80ahccncojo6b2a.xn--p1ai # TOO_MANY_DIGITS (5)
xn--80ahcmtigdj7m.xn--p1ai # TOO_MANY_DIGITS (4)
xn--80ahcnrdmi1a.xn--p1ai # TOO_MANY_DIGITS (4)
xn--80ahd6afy2a9b.xn--80adxhks # TOO_MANY_DIGITS (7)
xn--80ahdiezeyrk1h.xn--p1ai # TOO_MANY_DIGITS (4)
xn--80ahdm3chh.xn--p1ai # TOO_MANY_DIGITS (4)
xn--80ahdmfe2ced8c.xn--p1ai # TOO_MANY_DIGITS (5)
xn--80aheayaeqm2akl7i.xn--p1ai # TOO_MANY_DIGITS (5)
xn--80ahgcriqar0a.xn--p1ai # TOO_MANY_DIGITS (4)
xn--80ahm7adg.xn--p1ai # TOO_MANY_DIGITS (4)
xn--80ahmaabkrkdlphek0f2h.xn--p1ai # TOO_MANY_DIGITS (5)
xn--80ahmfdosigbv.xn--p1ai # NO_RESOLVE
xn--80ahrjdh6aq5g.xn--p1ai # TOO_MANY_DIGITS (5)
xn--80ahso8ao9c.xn--p1ai # TOO_MANY_DIGITS (5)
xn--80ahyhbfi.xn--p1ai # NO_RESOLVE
xn--80ahzio7f.xn--p1ai # TOO_MANY_DIGITS (4)
xn--80aiahraq2ajs.xn--p1ai # TOO_MANY_DIGITS (4)
xn--80aicbl2azghb2cd3e.xn--p1ai # TOO_MANY_DIGITS (6)
xn--80aildfcahiatbbb6be0q.xn--p1ai # TOO_MANY_DIGITS (5)
xn--80aimufj7c.xn--p1ai # TOO_MANY_DIGITS (4)
xn--80aja2adds.xn--p1ai # TOO_MANY_DIGITS (4)
xn--80ajagids1a3ad3c.xn--p1ai # TOO_MANY_DIGITS (6)
xn--80ajamkbatprcjfuyn.xn--p1ai # NO_RESOLVE
xn--80ajaptcbrbecdbsi6c1e.xn--p1ai # TOO_MANY_DIGITS (5)
xn--80ajaui2a6c6b.xn--p1ai # TOO_MANY_DIGITS (6)
xn--80ajcndddqbgqne2gxc.xn--p1ai # TOO_MANY_DIGITS (4)
xn--80ajfdq1b.xn--p1ai # TOO_MANY_DIGITS (4)
xn--80ajiexanfpcy3b.xn--p1ai # TOO_MANY_DIGITS (4)
xn--80ajijskcm3d.xn--p1ai # TOO_MANY_DIGITS (4)
xn--80ajikmnifgs.xn--p1ai # NO_RESOLVE
xn--80ajisgfk3b7a0az.xn--p1ai # TOO_MANY_DIGITS (6)
xn--80ajj1aaior.xn--p1ai # TOO_MANY_DIGITS (4)
xn--80ajjafbdxfjcsjlp4f.xn--p1ai # TOO_MANY_DIGITS (4)
xn--80ajjbotbfjcgm0c.xn--p1ai # TOO_MANY_DIGITS (4)
xn--80ajjbrpbdffvd6n.xn--p1ai # TOO_MANY_DIGITS (4)
xn--80ajjckndpiffg8c.xn--p1ai # TOO_MANY_DIGITS (4)
xn--80ajjhdci0bo.xn--p1ai # TOO_MANY_DIGITS (4)
xn--80ajjofcb6akn9eh.xn--p1ai # TOO_MANY_DIGITS (5)
xn--80ajkjghex5k.xn--p1ai # TOO_MANY_DIGITS (4)
xn--80ajobdejgabe2aht5cwb6h.xn--p1ai # TOO_MANY_DIGITS (6)
xn--80ajoeg3bxa.xn--p1ai # TOO_MANY_DIGITS (4)
xn--80ajpceieftfc9f5d.xn--p1ai # TOO_MANY_DIGITS (5)
xn--80ajycu4ak.xn--j1amh # TOO_MANY_DIGITS (4)
xn--80akaaarmitgbjkmp2h.xn--p1ai # TOO_MANY_DIGITS (4)
xn--80akbqkhb2ba2a2g.xn--p1ai # TOO_MANY_DIGITS (6)
xn--80akhco1afid.xn--p1ai # TOO_MANY_DIGITS (4)
xn--80akhepjapgil1a6b.xn--p1ai # TOO_MANY_DIGITS (5)
xn--80akhjbiec1acdqgh3k.xn--p1ai # TOO_MANY_DIGITS (5)
xn--80akibacjdrdbfu1a2f.xn--p1ai # TOO_MANY_DIGITS (5)
xn--80akiiuip7a.xn--p1ai # TOO_MANY_DIGITS (4)
xn--80akjdbel5am.xn--90ais # TOO_MANY_DIGITS (5)
xn--80akjfacrhfqaehoei9s.xn--p1ai # TOO_MANY_DIGITS (4)
xn--80akjffhsbkczr0kee.xn--p1ai # TOO_MANY_DIGITS (4)
xn--80akocmfqjhc2b.xn--p1ai # TOO_MANY_DIGITS (4)
xn--80akpacj1ag6g.xn--p1ai # TOO_MANY_DIGITS (5)
xn--80aktccze9fuade.xn--p1ai # TOO_MANY_DIGITS (4)
xn--80akxfjcfeb3a.xn--p1ai # TOO_MANY_DIGITS (4)
xn--80amgki0g.xn--p1ai # TOO_MANY_DIGITS (4)
xn--80anb2a2c.xn--p1ai # TOO_MANY_DIGITS (5)
xn--80anhfi7b3a3b.xn--p1ai # TOO_MANY_DIGITS (6)
xn--80anhgf4bb.xn--p1ai # TOO_MANY_DIGITS (4)
xn--80anofdan8j.xn--p1ai # TOO_MANY_DIGITS (4)
xn--80aoclfncm1hee.xn--p1ai # TOO_MANY_DIGITS (4)
xn--80aomjaddecuh.xn--p1ai # NO_RESOLVE
xn--80apaabfhzk7a5ck.xn--p1ai # TOO_MANY_DIGITS (5)
xn--80apabjkmqdelf3fve8a.xn--p1ai # TOO_MANY_DIGITS (5)
xn--80apaglwgfad2j.xn--p1ai # TOO_MANY_DIGITS (4)
xn--80apbhioddjdf3b.xn--p1ai # TOO_MANY_DIGITS (4)
xn--80apbkeihedku1a.xn--p1ai # TOO_MANY_DIGITS (4)
xn--80apbnbhdys4c6di.xn--p1ai # TOO_MANY_DIGITS (5)
xn--80apeg8adp.xn--p1ai # TOO_MANY_DIGITS (4)
xn--80apf6ae6a.xn--p1ai # TOO_MANY_DIGITS (5)
xn--80apfboj2a4b.xn--p1ai # TOO_MANY_DIGITS (5)
xn--80apfeltq8g.xn--p1ai # TOO_MANY_DIGITS (4)
xn--80apgafik2f.xn--p1ai # TOO_MANY_DIGITS (4)
xn--80apgd3ag6a7bq.xn--p1ai # TOO_MANY_DIGITS (6)
xn--80apgijdelg.xn--p1ai # NO_RESOLVE
xn--80apgircdih8a7cc.xn--p1ai # TOO_MANY_DIGITS (5)
xn--80apgoebfl.online # NO_RESOLVE
xn--80apugkva.xn--p1ai # NO_RESOLVE
xn--80aq2abkz.xn--p1ai # TOO_MANY_DIGITS (4)
xn--80aqaebc4bxc.xn--p1ai # TOO_MANY_DIGITS (4)
xn--80aqafgbagmva5b.xn--p1ai # TOO_MANY_DIGITS (4)
xn--80aqarcrcmj1c0b.xn--p1ai # TOO_MANY_DIGITS (5)
xn--80aqdc3ag.xn--p1ai # TOO_MANY_DIGITS (4)
xn--80aqdcudhdq.xn--p1ai # NO_RESOLVE
xn--80aqdnefifm6b.xn--p1ai # TOO_MANY_DIGITS (4)
xn--80aqekdgoddx.xn--p1ai # NO_RESOLVE
xn--80aqgckvh6f.xn--p1ai # TOO_MANY_DIGITS (4)
xn--80aqx6a.xn--p1ai # TOO_MANY_DIGITS (4)
xn--80ard0a4f.xn--p1ai # TOO_MANY_DIGITS (5)
xn--80atahciae4a0l.xn--p1ai # TOO_MANY_DIGITS (5)
xn--80ateekfh7a.xn--p1ai # TOO_MANY_DIGITS (4)
xn--80atfgc5d.xn--4-7sbatz2av.xn--p1ai # TOO_MANY_DIGITS (7)
xn--80athkhr.xn--p1ai # NO_RESOLVE
xn--80atidbw8b.xn--p1ai # TOO_MANY_DIGITS (4)
xn--80atmeg7e.xn--p1ai # TOO_MANY_DIGITS (4)
xn--80atrg5d.xn--p1ai # TOO_MANY_DIGITS (4)
xn--80audhdbbkfelff5a7i.xn--p1ai # TOO_MANY_DIGITS (5)
xn--80auhddcjdj.xn--p1ai # NO_RESOLVE
xn--80avidi.xn--80aswg # TOO_MANY_DIGITS (4)
xn--80avkd2b3af.xn--p1ai # TOO_MANY_DIGITS (5)
xn--80axhljs.xn--p1ai # NO_RESOLVE
xn--80ayw9a.xn--p1ai # TOO_MANY_DIGITS (4)
xn--82-9kcme6c8e.xn--p1ai # TOO_MANY_DIGITS (6)
xn--85-8kcn7akajdxoqd.xn--p1ai # TOO_MANY_DIGITS (5)
xn--86-6kcad3a4abdyjbksfzdfn.xn--p1ai # TOO_MANY_DIGITS (6)
xn--86-6kcdpf5dh.xn--p1ai # TOO_MANY_DIGITS (5)
xn--86-kmchf3c.xn--p1ai # TOO_MANY_DIGITS (4)
xn--89-9kc1abm1apf8dte.xn--p1ai # TOO_MANY_DIGITS (7)
xn--9-7sbatz2av.xn--p1ai # TOO_MANY_DIGITS (4)
xn--9-8sbm4c.xn--p1ai # TOO_MANY_DIGITS (4)
xn--90-6kcanb0b2bza.xn--p1ai # TOO_MANY_DIGITS (6)
xn--90a1af.xn--80abbembcyvesfij3at4loa4ff.xn--p1ai # TOO_MANY_DIGITS (9)
xn--90aajpke8cei.xn--p1ai # TOO_MANY_DIGITS (4)
xn--90aamhee5atpy1h.xn--p1ai # TOO_MANY_DIGITS (5)
xn--90aaxhcobc8ajk9bzc.xn--p1ai # TOO_MANY_DIGITS (5)
xn--90abadfchal5b0fb2fxd.xn--p1ai # TOO_MANY_DIGITS (6)
xn--90abageinb0bdsnybn4n.xn--p1ai # TOO_MANY_DIGITS (5)
xn--90abegx3bfik.xn--p1ai # TOO_MANY_DIGITS (4)
xn--90abhea1boyjmb6e.xn--p1ai # TOO_MANY_DIGITS (5)
xn--90abjbtjdof1b8dvb.xn--p1ai # TOO_MANY_DIGITS (5)
xn--90abjrhjfefu7aj1c6b.xn--p1ai # TOO_MANY_DIGITS (6)
xn--90acagbbhhqda2dvdzg.xn--p1ai # TOO_MANY_DIGITS (4)
xn--90acchc0boebbbbi9b.xn--p1ai # TOO_MANY_DIGITS (5)
xn--90acdes2afcdav.xn--p1ai # TOO_MANY_DIGITS (4)
xn--90acefob7abebvrk.xn--p1ai # TOO_MANY_DIGITS (4)
xn--90aceg3acncbbpe8al7b.xn--p1ai # TOO_MANY_DIGITS (6)
xn--90acegpqsbbcqr8dq.xn--p1ai # TOO_MANY_DIGITS (4)
xn--90acgdicqi6e6d.xn--p1ai # TOO_MANY_DIGITS (5)
xn--90achb0aedo7cu7e3a.xn--p1ai # TOO_MANY_DIGITS (7)
xn--90acjkzdhiodh5h.xn--p1ai # TOO_MANY_DIGITS (4)
xn--90adhkbaoevlso1l.xn--p1ai # TOO_MANY_DIGITS (4)
xn--90adndldtfm4i.xn--p1ai # TOO_MANY_DIGITS (4)
xn--90aedbb2ajtgacmiw9k.xn--p1ai # TOO_MANY_DIGITS (5)
xn--90aeeang6bkbdldq9byd.xn--p1ai # TOO_MANY_DIGITS (5)
xn--90afazorie3j.xn--p1ai # TOO_MANY_DIGITS (4)
xn--90afbd3andbr.xn--p1ai # TOO_MANY_DIGITS (4)
xn--90afcymbdrm0hg6b.xn--p1ai # TOO_MANY_DIGITS (5)
xn--90afdatlelcd3aay7c5do.xn--p1ai # TOO_MANY_DIGITS (6)
xn--90afdbldq1acqanq7b3e.xn--p1ai # TOO_MANY_DIGITS (6)
xn--90afdmba5a1af3i.xn--p1ai # TOO_MANY_DIGITS (6)
xn--90afebms4aw5f.xn--80aswg # TOO_MANY_DIGITS (6)
xn--90afr4a.xn--p1ai # TOO_MANY_DIGITS (4)
xn--90agbnpci1al7hdqv.xn--p1ai # TOO_MANY_DIGITS (5)
xn--90agdd5d4a1at.xn--p1ai # TOO_MANY_DIGITS (6)
xn--90agdkfjjl6joan.xn--p1ai # TOO_MANY_DIGITS (4)
xn--90agdlfe0aplelv.xn--p1ai # TOO_MANY_DIGITS (4)
xn--90agqrir8azbti.xn--p1ai # TOO_MANY_DIGITS (4)
xn--90ags8azd.xn--p1ai # TOO_MANY_DIGITS (4)
xn--90ahbjadpffi3r.xn--p1ai # TOO_MANY_DIGITS (4)
xn--90ahgccoq8a0ap7h.xn--p1ai # TOO_MANY_DIGITS (6)
xn--90ahicgeenf4boy2a8i.xn--p1ai # TOO_MANY_DIGITS (6)
xn--90ahkico2a6b9d.xn--b1ajukhp0cb.xn--p1ai # TOO_MANY_DIGITS (8)
xn--90aiegn8bc9a9b.xn--p1ai # TOO_MANY_DIGITS (6)
xn--90aifddrfgegwk2al.xn--p1ai # TOO_MANY_DIGITS (4)
xn--90aisw9be0a.xn--p1ai # TOO_MANY_DIGITS (5)
xn--90aj4ax.xn--p1ai # TOO_MANY_DIGITS (4)
xn--90anesbobap4c.xn--p1ai # TOO_MANY_DIGITS (4)
xn--90aofbbbihib2d6fkck.xn--p1ai # TOO_MANY_DIGITS (5)
xn--90aoulc.xn--p1ai # NO_RESOLVE
xn--90asdbla8a.xn--p1ai # TOO_MANY_DIGITS (4)
xn--90atbapaub4icq.xn--p1ai # TOO_MANY_DIGITS (4)
xn--90avceambknh9g.xn--p1ai # TOO_MANY_DIGITS (4)
xn--90aven.xn--p1ai # NO_RESOLVE
xn--93-vlchp9ao.xn--p1ai # TOO_MANY_DIGITS (4)
xn--94-jlc4bza.xn--p1ai # TOO_MANY_DIGITS (4)
xn--99-6kca7ai1crj1c.xn--p1ai # TOO_MANY_DIGITS (7)
xn--99-jlc5al4a.xn--p1ai # TOO_MANY_DIGITS (5)
xn--99-nmca3d.xn--p1ai # TOO_MANY_DIGITS (4)
xn--b1a6ab6b.xn--p1ai # TOO_MANY_DIGITS (4)
xn--b1aaaffbbu1bvc6aifd5d.xn--p1ai # TOO_MANY_DIGITS (5)
xn--b1aaakaap0bkafjrl2ncd.xn--p1ai # TOO_MANY_DIGITS (4)
xn--b1aae6cc3b1b.xn--p1ai # TOO_MANY_DIGITS (5)
xn--b1aaedda2ajfvagg4ag.xn--p1ai # TOO_MANY_DIGITS (4)
xn--b1aafflldpfmcbh6av6a6j.xn--p1ai # TOO_MANY_DIGITS (5)
xn--b1aaia3cg.xn--p1ai # NO_RESOLVE
xn--b1aaiabboc0b3bw6hh.xn--p1ai # TOO_MANY_DIGITS (5)
xn--b1aaibmkbnsb5ads7cwe.xn--p1ai # TOO_MANY_DIGITS (4)
xn--b1aaibplqi8g0a.xn--p1ai # TOO_MANY_DIGITS (4)
xn--b1aainzdddjsd5b6d.xn--p1ai # TOO_MANY_DIGITS (4)
xn--b1aajaomfvwe8l8a.xn--p1ai # TOO_MANY_DIGITS (4)
xn--b1aarahdtaeh2c7c.xn--p1ai # TOO_MANY_DIGITS (4)
xn--b1aarbxgbx9c.xn--p1ai # NO_RESOLVE
xn--b1abbaxhmcfodadc5bl2ac7n.xn--p1ai # TOO_MANY_DIGITS (5)
xn--b1abpbggrdbyvl5j8a.xn--p1ai # TOO_MANY_DIGITS (4)
xn--b1acdridqcbbcbgkondf.xn--p1ai # NO_RESOLVE
xn--b1acfydsdah4a5f.xn--p1ai # TOO_MANY_DIGITS (4)
xn--b1acgg0bm8f.xn--p1ai # TOO_MANY_DIGITS (4)
xn--b1acgjcmesff5a.xn--p1ai # NO_RESOLVE
xn--b1adadbp4dbjk1dxe.xn--p1ai # TOO_MANY_DIGITS (4)
xn--b1adbbbrcm5c8g.xn--p1ai # TOO_MANY_DIGITS (4)
xn--b1adbc4abt3d5dl.xn--p1ai # TOO_MANY_DIGITS (5)
xn--b1adcclonnbcbgxhh1f1e.xn--p1ai # TOO_MANY_DIGITS (4)
xn--b1addbflfo1abmmoo.xn--p1ai # NO_RESOLVE
xn--b1addboee6a0ael0l.xn--p1ai # TOO_MANY_DIGITS (5)
xn--b1addcngcd6ab9a.xn--p1ai # TOO_MANY_DIGITS (4)
xn--b1addtp.xn--p1ai # NO_RESOLVE
xn--b1adeaob1awhd.xn--p1ai # NO_RESOLVE
xn--b1ademzq.xn--p1ai # NO_RESOLVE
xn--b1admxkdbe2d0c.xn--p1ai # TOO_MANY_DIGITS (4)
xn--b1aeae7ba2c.xn--p1ai # TOO_MANY_DIGITS (4)
xn--b1aecbahcjcu5ad2bm4b.xn--p1ai # TOO_MANY_DIGITS (5)
xn--b1aecbnci0ab2ce.xn--p1ai # TOO_MANY_DIGITS (4)
xn--b1aedadlc3beb7ahf0s.xn--p1ai # TOO_MANY_DIGITS (5)
xn--b1aedkcrpi5f5b.xn--p1ai # TOO_MANY_DIGITS (4)
xn--b1af0abjei1e.xn--p1ai # TOO_MANY_DIGITS (4)
xn--b1afajfmzekg8b6a.xn--p1ai # TOO_MANY_DIGITS (4)
xn--b1afanrkgibdje4a.xn--p1ai # NO_RESOLVE
xn--b1afba3brd0j.xn--p1ai # TOO_MANY_DIGITS (4)
xn--b1afbalbd0aoginp8itdi.xn--p1ai # TOO_MANY_DIGITS (4)
xn--b1afcjb1ab6b6cwa.xn--p1ai # TOO_MANY_DIGITS (5)
xn--b1afic2bee3g.xn--p1ai # TOO_MANY_DIGITS (4)
xn--b1afqekfqc.xn--p1ai # NO_RESOLVE
xn--b1aga3afbcobt.xn--p1ai # NO_RESOLVE
xn--b1agabgihce1ach6bc.xn--p1ai # TOO_MANY_DIGITS (4)
xn--b1agajubkahlkhfi.xn--p1ai # NO_RESOLVE
xn--b1aggensj.xn--p1ai # NO_RESOLVE
xn--b1aghlocdtie.com # NO_RESOLVE
xn--b1agjhjnapeejcd.xn--p1ai # NO_RESOLVE
xn--b1aieblbu0b3a.xn--p1ai # TOO_MANY_DIGITS (4)
xn--b1aiifmfaxj5c5b.xn--p1ai # TOO_MANY_DIGITS (4)
xn--b1akbh0aa3a.xn--p1ai # TOO_MANY_DIGITS (4)
xn--b1albedefcpd3af7a0i.xn--p1ai # TOO_MANY_DIGITS (5)
xn--b1algkjlide.xn--p1ai # NO_RESOLVE
xn--b1am0a0c.xn--p1ai # TOO_MANY_DIGITS (4)
xn--b1am1aad0e.xn--p1ai # TOO_MANY_DIGITS (4)
xn--b1apbnsz.xn--p1ai # NO_RESOLVE
xn--b2web-vdb.at # NO_RESOLVE
xn--blcksprut-176d.com # NO_RESOLVE
xn--blcksprut-176d.net # NO_RESOLVE
xn--bme-0za.at # NO_RESOLVE
xn--bs2bst-sva.at # NO_RESOLVE
xn--bsm-lma.at # NO_RESOLVE
xn--c1abdniyjfm.xn--p1ai # NO_RESOLVE
xn--c1ablxcch7a.xn--p1ai # NO_RESOLVE
xn--c1acbq0aan5c.xn--p1ai # TOO_MANY_DIGITS (4)
xn--c1adkazhibpe9c.xn--p1ai # NO_RESOLVE
xn--c1adxcebk4d3bb.xn--p1ai # TOO_MANY_DIGITS (4)
xn--c1aehjbfmgbsc5l6a.xn--p1ai # TOO_MANY_DIGITS (4)
xn--c1aejededqi2and8i.xn--p1ai # TOO_MANY_DIGITS (4)
xn--c1aejes1a7d.xn--p1ai # TOO_MANY_DIGITS (4)
xn--c1aenmdabnflad.xn--p1ai # NO_RESOLVE
xn--c1afgbigqebd0b4dyco.xn--p1ai # TOO_MANY_DIGITS (4)
xn--c1agxigl8dr.xn--p1ai # NO_RESOLVE
xn--c1ajdchsjiadq.xn--p1ai # NO_RESOLVE
xn--c1ajjkbbdasg2b.xn--p1ai # NO_RESOLVE
xn--c1akjerrbi0ei.xn--p1ai # NO_RESOLVE
xn--c1ante.xn--p1ai # NO_RESOLVE
xn--c1aqgcbbkm.xn--p1ai # NO_RESOLVE
xn--c1awjfw.xn--p1ai # NO_RESOLVE
xn--d1aa0ade4am.xn--p1ai # TOO_MANY_DIGITS (4)
xn--d1aab1acm.xn--p1ai # NO_RESOLVE
xn--d1aabcifl2cpg8i.xn--p1ai # TOO_MANY_DIGITS (4)
xn--d1aacihrobi6i.xn--p1ai # NO_RESOLVE
xn--d1aadllinf1agj4d.xn--p1ai # TOO_MANY_DIGITS (4)
xn--d1abaa2baihgof9bye.xn--p1ai # TOO_MANY_DIGITS (4)
xn--d1abba1bceqeb7j.xn--p1ai # TOO_MANY_DIGITS (4)
xn--d1abbjarn1afcjk0cze.xn--p1ai # TOO_MANY_DIGITS (4)
xn--d1abg3alef4d.xn--p1ai # TOO_MANY_DIGITS (4)
xn--d1abih5b2cc.xn--p1ai # TOO_MANY_DIGITS (4)
xn--d1abjbdwbabgdcc4ai8b4c8c.xn--p1ai # TOO_MANY_DIGITS (6)
xn--d1abkk2achig9i.xn--p1ai # TOO_MANY_DIGITS (4)
xn--d1abwhng6a.xn--p1ai # NO_RESOLVE
xn--d1acgejgp.xn--p1ai # NO_RESOLVE
xn--d1acmhdljw8f.xn--p1ai # NO_RESOLVE
xn--d1ad3a.xn--80aswg # TOO_MANY_DIGITS (4)
xn--d1adjbdgu1bf.xn--p1ai # NO_RESOLVE
xn--d1afeai5ag2d.xn--p1ai # TOO_MANY_DIGITS (4)
xn--d1afechoebagcmogsu7j3b.xn--p1ai # TOO_MANY_DIGITS (4)
xn--d1ahabhe7b7c.xn--p1ai # TOO_MANY_DIGITS (4)
xn--d1ahiibceacf4b3a.xn--p1ai # TOO_MANY_DIGITS (4)
xn--d1ai1b.xn--p1ai # NO_RESOLVE
xn--d1aiqikw4d.xn--p1ai # NO_RESOLVE
xn--d1ajeffgcbssd1c.xn--80asehdb # TOO_MANY_DIGITS (4)
xn--d1alphb1a.xn--p1ai # NO_RESOLVE
xn--e1aa5aceg.xn--j1amh # NO_RESOLVE
xn--e1aaakbjgf0ccpk6c8cvc.xn--p1ai # TOO_MANY_DIGITS (5)
xn--e1aaatcmcdbfyh9e.xn--p1ai # NO_RESOLVE
xn--e1aaegekpj2a2a8e.com # TOO_MANY_DIGITS (4)
xn--e1aaeocodbauog2e.xn--p1ai # NO_RESOLVE
xn--e1aahbbajdbecwenfqj9a7f2fqa0a.xn--p1ai # TOO_MANY_DIGITS (6)
xn--e1aaingkkeq.xn--p1ai # NO_RESOLVE
xn--e1aaisctdic.xn--p1ai # NO_RESOLVE
xn--e1aajpdshg7a8d.xn--p1ai # TOO_MANY_DIGITS (4)
xn--e1aaldbcqahofhkhk1lzak.xn--p1ai # NO_RESOLVE
xn--e1acrkgdoe.xn--p1ai # NO_RESOLVE
xn--e1aedhcodedh8aj4j.xn--p1ai # TOO_MANY_DIGITS (4)
xn--e1afbfccvgpf6f9a.xn--p1ai # TOO_MANY_DIGITS (4)
xn--e1afbffdehljlw3a8i.xn--p1ai # TOO_MANY_DIGITS (4)
xn--e1afd5acdbc1b5b.xn--p1acf # TOO_MANY_DIGITS (5)
xn--e1afgbeuq4k.xn--p1ai # NO_RESOLVE
xn--e1afglgijf0i.xn--p1ai # NO_RESOLVE
xn--e1agdbargcijbkeawv9i.xn--p1ai # NO_RESOLVE
xn--e1agfng3c9a.xn--p1ai # TOO_MANY_DIGITS (4)
xn--e1agfojh6b.xn--p1ai # NO_RESOLVE
xn--e1agfqjha6b1e.xn--p1ai # TOO_MANY_DIGITS (4)
xn--e1agpddl.xn--p1ai # NO_RESOLVE
xn--e1ahcecjfdilwy6b7bnk.xn--p1ai # TOO_MANY_DIGITS (4)
xn--e1akdmlgeai.xn--p1ai # NO_RESOLVE
xn--e1akfich4c7c.xn--p1ai # TOO_MANY_DIGITS (4)
xn--e1akmqaze4f.xn--p1ai # NO_RESOLVE
xn--e1alcugdb7e.xn--p1ai # NO_RESOLVE
xn--e1amagfanmd1a8f.xn--p1ai # TOO_MANY_DIGITS (4)
xn--e1amg1bxa.xn--80atei4cxafy.xn--p1ai # TOO_MANY_DIGITS (6)
xn--e1ancebmci4f.xn--p1ai # NO_RESOLVE
xn--e1arcbgg.xn--p1ai # NO_RESOLVE
xn--g1aaogbfheyi9h.xn--p1ai # NO_RESOLVE
xn--g1ah.su # NO_RESOLVE
xn--g1aiiaafq7h.xn--p1ai # NO_RESOLVE
xn--gmq92kd2rm1kx34a.com # TOO_MANY_DIGITS (6)
xn--h1aaaidk2eua0a.xn--p1ai # TOO_MANY_DIGITS (4)
xn--h1aadjfx8b6c.xn--80asehdb # TOO_MANY_DIGITS (5)
xn--h1aagjv3a4c.xn--p1ai # TOO_MANY_DIGITS (4)
xn--h1aaiwdece4g.xn--p1ai # NO_RESOLVE
xn--h1aakblg5d.xn--p1ai # NO_RESOLVE
xn--h1aapgf.xn--p1ai # NO_RESOLVE
xn--h1adigivq.xn--p1ai # NO_RESOLVE
xn--h1aeifb.com.kz # NO_RESOLVE
xn--h1aioc.xn--p1ai # NO_RESOLVE
xn--h1aobz.xn--p1ai # NO_RESOLVE
xn--hdraruzxpnew4af-0r4h.xn--tr-5ja.com # TOO_MANY_DIGITS (4)
xn--i1abdfdikmdgcc0ij.xn--p1ai # NO_RESOLVE
xn--j1adfqu.xn--p1ai # NO_RESOLVE
xn--j1adld2a.xn--p1ai # NO_RESOLVE
xn--j1aeebcgsaif.xn--p1ai # NO_RESOLVE
xn--j1ael8b.xn--b1agc5a4f.xn--p1ai # TOO_MANY_DIGITS (6)
xn--j1aelk.xn--p1ai # NO_RESOLVE
xn--j1ahdaa.xn--p1ai # NO_RESOLVE
xn--k1aaajbjcl4j.xn--p1ai # NO_RESOLVE
xn--k1acf7c.xn--80aswg # TOO_MANY_DIGITS (4)
xn--kr-g5s.com # NO_RESOLVE
xn--kr28-1na.cc # NO_RESOLVE
xn--kr28-6na.cc # NO_RESOLVE
xn--kr30-moa.at # NO_RESOLVE
xn--kr32-1na.cc # NO_RESOLVE
xn--kr32-1na.com # NO_RESOLVE
xn--kr33-1na.cc # NO_RESOLVE
xn--kr34-1na.cc # NO_RESOLVE
xn--kr37-1na.cc # NO_RESOLVE
xn--m1abbdhbd.xn--p1ai # NO_RESOLVE
xn--mga-sb-bva.com # NO_RESOLVE
xn--mga-sra.com # NO_RESOLVE
xn--mts47c3w9b1qr.cn # TOO_MANY_DIGITS (5)
xn--mts47c3w9b1qr.net # TOO_MANY_DIGITS (5)
xn--q1a.rocketon.pw # NO_RESOLVE
xn2182.craftum.io # TOO_MANY_DIGITS (4)
xnatyre.online # NO_RESOLVE
xnd-vil.world # NO_RESOLVE
xnxx-ru1.com # NO_RESOLVE
xnxx-ru2.com # NO_RESOLVE
xnxx-ru4.com # NO_RESOLVE
xnxx-ru5.com # NO_RESOLVE
xnxx-rus.com # NO_RESOLVE
xnxx-rus1.com # NO_RESOLVE
xnxx-rus2.com # NO_RESOLVE
xnxx-rus3.com # NO_RESOLVE
xnxx-rus5.com # NO_RESOLVE
xnxx.haus # NO_RESOLVE
xnxx2022.cc # TOO_MANY_DIGITS (4)
xnxxhits.com # NO_RESOLVE
xnxxhole.com # NO_RESOLVE
xnxxmirror.com # NO_RESOLVE
xnxxpost.com # NO_RESOLVE
xo-z2t.space # NO_RESOLVE
xoey1mwiso8b52zg.filonl.ru # TOO_MANY_DIGITS (4)
xoxmagaz.com.ua # TLD_UA
xozaika.ru # NO_RESOLVE
xozain.com # NO_RESOLVE
xozigia7.ru # NO_RESOLVE
xp-options.online # NO_RESOLVE
xpertconnectedsignals.com # NO_RESOLVE
xpopa.cloud # NO_RESOLVE
xpopa.link # NO_RESOLVE
xpopa.top # NO_RESOLVE
xpornpics.pro # NO_RESOLVE
xpornpics.top # NO_RESOLVE
xprem.xyz # NO_RESOLVE
xprosufa.com # NO_RESOLVE
xqnxgqmb.com # NO_RESOLVE
xrayvpn.info # NO_RESOLVE
xrtt.kharkov.ua # TLD_UA
xsport.ua # TLD_UA
xstalk.com # NO_RESOLVE
xtimeworking.fun # NO_RESOLVE
xtradyma.com # NO_RESOLVE
xtube.love # NO_RESOLVE
xuite.net # NO_RESOLVE
xukru.org # NO_RESOLVE
xv-ru1.com # NO_RESOLVE
xv-ru2.com # NO_RESOLVE
xv-ru3.com # NO_RESOLVE
xv-rus.com # NO_RESOLVE
xv.hdx.lol # NO_RESOLVE
xv0.hdx.lol # NO_RESOLVE
xvideos-ru1.com # NO_RESOLVE
xvideos-ru10.com # NO_RESOLVE
xvideos-ru2.com # NO_RESOLVE
xvideos-ru3.com # NO_RESOLVE
xvideos-ru4.com # NO_RESOLVE
xvideos-ru5.com # NO_RESOLVE
xvideos-ru6.com # NO_RESOLVE
xvideos-ru7.com # NO_RESOLVE
xvideos-ru8.com # NO_RESOLVE
xvideos-ru9.com # NO_RESOLVE
xvideos-rus.com # NO_RESOLVE
xvideos-rus1.com # NO_RESOLVE
xvideos-rus2.com # NO_RESOLVE
xvideos.club # NO_RESOLVE
xvideos.es # NO_RESOLVE
xvideos.help # NO_RESOLVE
xvideos.mambahuyamba.com # NO_RESOLVE
xvideos.news # NO_RESOLVE
xvideos2.rocks # NO_RESOLVE
xvideos2025.com # TOO_MANY_DIGITS (4)
xx.huyalkino.com # NO_RESOLVE
xx.vaginke.love # NO_RESOLVE
xxivcea.org # NO_RESOLVE
xxlhjf17-1nalog.info # NO_RESOLVE
xxnxcom.pro # NO_RESOLVE
xxo.rusoska.net # NO_RESOLVE
xxprem.xyz # NO_RESOLVE
xxs.rusoska.net # NO_RESOLVE
xxx-41.com # NO_RESOLVE
xxx-crave.com # NO_RESOLVE
xxx.2021porno.com # TOO_MANY_DIGITS (4)
xxx.2022sex.com # TOO_MANY_DIGITS (4)
xxx.2023porno.com # TOO_MANY_DIGITS (4)
xxx.free-tor.org # NO_RESOLVE
xxx.porno365x.pro # NO_RESOLVE
xxx.style # NO_RESOLVE
xxx.vaginke.love # NO_RESOLVE
xxx24video.online # NO_RESOLVE
xxx24video.top # NO_RESOLVE
xxxhd.pics # NO_RESOLVE
xxxkino.xyz # NO_RESOLVE
xxxkrd.com # NO_RESOLVE
xxxkrd.net # NO_RESOLVE
xxxkzn.com # NO_RESOLVE
xxxmature.pro # NO_RESOLVE
xxxokko.com # NO_RESOLVE
xxxp.vip # NO_RESOLVE
xxxperevod.net # NO_RESOLVE
xxxporno365.com # NO_RESOLVE
xxxsexalka.com # NO_RESOLVE
xxxteentop.com # NO_RESOLVE
xxxtub.net # NO_RESOLVE
xxxx.pics # NO_RESOLVE
xyberitoacoesaireview.com # NO_RESOLVE
xyhajoe5.ru # NO_RESOLVE
xyrixpulseai-app.com # NO_RESOLVE
xyronbeamai.com # NO_RESOLVE
xytrionapp.org # NO_RESOLVE
xyvorelintus-app.com # NO_RESOLVE
xz-xz-1.space # NO_RESOLVE
y.stopfilms.info # NO_RESOLVE
y.ysoffosttores.ru # NO_RESOLVE
y2.viewlost.club # NO_RESOLVE
y2mate.com # NO_RESOLVE
y4.viewlost.club # NO_RESOLVE
y46mo.online # NO_RESOLVE
y46mo.ru # NO_RESOLVE
y5.rostabs.net # NO_RESOLVE
y7.doramatv.pro # NO_RESOLVE
y7.viewlost.club # NO_RESOLVE
y9de8xmb.com # NO_RESOLVE
ya1.porno666.tube # TOO_MANY_DIGITS (4)
yad-buys.ru # NO_RESOLVE
yad-prom.ru # NO_RESOLVE
yadamoda.ru # NO_RESOLVE
yahardware.ru # NO_RESOLVE
yakor-stator.ru # NO_RESOLVE
yakutdramaschool.ru # NO_RESOLVE
yamburara.com # NO_RESOLVE
yamorvi.pro # NO_RESOLVE
yanael.tatar # NO_RESOLVE
yandekseda.ru # NO_RESOLVE
yandex-1ru.web.app # NO_RESOLVE
yandex-chrome.com # NO_RESOLVE
yandex-chrome.lt # NO_RESOLVE
yandexdep.top # NO_RESOLVE
yangononlinestore.com # NO_RESOLVE
yaprekrasna.ru # NO_RESOLVE
yarbaby24.online # NO_RESOLVE
yarbaby24.ru # NO_RESOLVE
yarchild.ru # NO_RESOLVE
yarizbychka.ru # NO_RESOLVE
yarosdance.ru # NO_RESOLVE
yaroslavlf.vipster.net # NO_RESOLVE
yarovit-media.ru # NO_RESOLVE
yarpromsteel.ru # NO_RESOLVE
yarsale-muzey.ru # NO_RESOLVE
yarsm24.ru # NO_RESOLVE
yarval.org.ua # TLD_UA
yasa-online.org # NO_RESOLVE
yastva-iz-derevni.ru # NO_RESOLVE
yavyazhusama.ru # NO_RESOLVE
yayvo.com # NO_RESOLVE
yazdorov-48.ru # NO_RESOLVE
yazidinews.com # NO_RESOLVE
ye.ua # TLD_UA
yekupload.ir # NO_RESOLVE
yeleonfund.com # NO_RESOLVE
yelia.site # NO_RESOLVE
yemen-press.com # NO_RESOLVE
yemenvoice.net # NO_RESOLVE
yepxxx.com # NO_RESOLVE
yesshop.su # NO_RESOLVE
yhchinese.ru # NO_RESOLVE
yield-fundings.com # NO_RESOLVE
yify-torrent.org # NO_RESOLVE
yiptg.com # NO_RESOLVE
yjrrcdubrcxkbkrt.zp9o7fqxfv3m.lat # NO_RESOLVE
yk14.at # NO_RESOLVE
ykra1.cc # NO_RESOLVE
ykra2.me # NO_RESOLVE
ymjjzlkusutobfhe.qa5muqal0a4d.monster # NO_RESOLVE
ymtlc3mb.com # NO_RESOLVE
ynbzes05.com # NO_RESOLVE
yojhxfmvfdpjaaqk.3k6tgvgz61y5.quest # TOO_MANY_DIGITS (5)
yoootime.com # NO_RESOLVE
yord.ru # NO_RESOLVE
you-tk.ru # NO_RESOLVE
youaredonbas.com # NO_RESOLVE
youcrane.com.ua # TLD_UA
youmekazan.ru # NO_RESOLVE
young3dgirls.icu # NO_RESOLVE
youngawards.kiev.ua # TLD_UA
youngfuckingpics.com # NO_RESOLVE
youngpornphoto.com # NO_RESOLVE
youngpornvideos.com # NO_RESOLVE
youngthugmusic.com # NO_RESOLVE
younv21.top # NO_RESOLVE
your-freedom.net # NO_RESOLVE
youradvocate70.ru # NO_RESOLVE
yourcartridge.ru # NO_RESOLVE
yourlibrary.at.ua # TLD_UA
yourmix.online # NO_RESOLVE
yourserv.ru # NO_RESOLVE
youtubevpn.top # NO_RESOLVE
youx.pics # NO_RESOLVE
yozhik24.ru # NO_RESOLVE
yozhpri.ru # NO_RESOLVE
yri.animespirit.ru # NO_RESOLVE
ysr.top-sofosbuvir1.ru # NO_RESOLVE
ytimg.com # NO_RESOLVE
ytm.al # NO_RESOLVE
yts.unblocked.surf # NO_RESOLVE
yuemei.com # NO_RESOLVE
yuneecrussia.ru # NO_RESOLVE
yuniklo.ru # NO_RESOLVE
yunior.app # NO_RESOLVE
yururemi.com # NO_RESOLVE
yuzom-kim.ru # NO_RESOLVE
ywxc36.com # NO_RESOLVE
yzxgyqxxjxdbiklq.a1g9l1r3x3oq.online # TOO_MANY_DIGITS (5)
z-4k.net # NO_RESOLVE
z.ecoacademiya.ru # NO_RESOLVE
z.novosibirsk.top # NO_RESOLVE
z.protorrent.fun # NO_RESOLVE
z.stopfilms.info # NO_RESOLVE
z.zcatt.net # NO_RESOLVE
z1.hd-1080.online # TOO_MANY_DIGITS (5)
z1.smotrim1080.biz # TOO_MANY_DIGITS (5)
z1.viewlost.club # NO_RESOLVE
z2.smotrim1080.biz # TOO_MANY_DIGITS (5)
z32-med.ru # NO_RESOLVE
z5.rostabs.net # NO_RESOLVE
z7.bokep360.net # TOO_MANY_DIGITS (4)
za-granju-z-l-a.swezhak-2025.art # TOO_MANY_DIGITS (4)
za-rul.online # NO_RESOLVE
zaautorulem.ru # NO_RESOLVE
zabavaplus.ru # NO_RESOLVE
zabituisky-ds.ru # NO_RESOLVE
zabor.zp.ua # TLD_UA
zaconiya.ru # NO_RESOLVE
zadrochi.net # NO_RESOLVE
zae24.biz # NO_RESOLVE
zaebg2.site # NO_RESOLVE
zaebya.site # NO_RESOLVE
zaebya2.site # NO_RESOLVE
zaebya3.site # NO_RESOLVE
zaebya4.site # NO_RESOLVE
zagadki-i-tayni-animego.ru # NO_RESOLVE
zagadky-i-tayny-animego.ru # NO_RESOLVE
zagorodom174.ru # NO_RESOLVE
zagotovkaloma.ru # NO_RESOLVE
zagranpasport-kupit.com # NO_RESOLVE
zags.net.ua # TLD_UA
zags1.top # NO_RESOLVE
zags2.top # NO_RESOLVE
zahidfront.com.ua # TLD_UA
zajka.org # NO_RESOLVE
zakamsk-sport.ru # NO_RESOLVE
zakarpattya.net.ua # TLD_UA
zakaz.ua # TLD_UA
zakladka.art # NO_RESOLVE
zakupka-shop.ru # NO_RESOLVE
zakupkashop.ru # NO_RESOLVE
zalari-muzeum.ru # NO_RESOLVE
zalesje.ru # NO_RESOLVE
zalnovacoach.ru # NO_RESOLVE
zalupg.site # NO_RESOLVE
zalupg2.site # NO_RESOLVE
zalupokg.org # NO_RESOLVE
zalupokya.org # NO_RESOLVE
zaluppya2.site # NO_RESOLVE
zaluppya3.site # NO_RESOLVE
zamavpn.online # NO_RESOLVE
zamena-kukhonnykh-fasadov.ru # NO_RESOLVE
zamki812.ru # NO_RESOLVE
zanosikentik.ru # NO_RESOLVE
zaodessu.com.ua # TLD_UA
zaopromkomplekt.ru # NO_RESOLVE
zaotimber.ru # NO_RESOLVE
zapadnaya-dvina.bunin-yur.online # NO_RESOLVE
zapaha-net.ru # NO_RESOLVE
zapautobox.ru # NO_RESOLVE
zapchastichery.ru # NO_RESOLVE
zapravil.co # NO_RESOLVE
zaprembyt.ru # NO_RESOLVE
zar-weron.cc # NO_RESOLVE
zarashapar.ru # NO_RESOLVE
zarizino-hotel.ru # NO_RESOLVE
zarweron.pro # NO_RESOLVE
zasushis.kz # NO_RESOLVE
zatochkafranchise.ru # NO_RESOLVE
zavialovo.ru # NO_RESOLVE
zavonixflexai.org # NO_RESOLVE
zavtra.com.ua # TLD_UA
zavvolset.ru # NO_RESOLVE
zaweduy7.ru # NO_RESOLVE
zaxvostom.com # NO_RESOLVE
zaycev.online # NO_RESOLVE
zaycevnet.pro # NO_RESOLVE
zaykovlab.ru # NO_RESOLVE
zaynxukw650396.vidublog.com # TOO_MANY_DIGITS (6)
zaytcevo-child.com # NO_RESOLVE
zbcbs.ru # NO_RESOLVE
zbr24.ru # NO_RESOLVE
zbsme.cc # NO_RESOLVE
zbukl.com # NO_RESOLVE
zbx.xn----7sbbas7adbh1ak4hek1gg.xn--p1ai # TOO_MANY_DIGITS (6)
zc.garilla.warszawa.pl # NO_RESOLVE
zcatt.cc # NO_RESOLVE
zd.tabfil.me # NO_RESOLVE
zd39b0.c97.org # TOO_MANY_DIGITS (5)
zdaiblood.com # NO_RESOLVE
zdd.opmfilm.buzz # NO_RESOLVE
zdd1.ru # NO_RESOLVE
zdes-shkola7.online # NO_RESOLVE
zdes-shkola7.ru # NO_RESOLVE
zdorovcom.ru # NO_RESOLVE
zdoroviecom.ru # NO_RESOLVE
zdravnica-spb.ru # NO_RESOLVE
zdspumps.com.ua # TLD_UA
zeavento.click # NO_RESOLVE
zebrafilmgroup.ru # NO_RESOLVE
zebrashtor.ru # NO_RESOLVE
zegamahber.org # NO_RESOLVE
zelcluster.ru # NO_RESOLVE
zelmintrax-soft.com # NO_RESOLVE
zelmintraxsoft.com # NO_RESOLVE
zelvionx-engine.com # NO_RESOLVE
zemir8.xyz # NO_RESOLVE
zemliaua.org # NO_RESOLVE
zemptrovexis-app.com # NO_RESOLVE
zen-sosi-platform.com # NO_RESOLVE
zenbitpro.com # NO_RESOLVE
zenmatevpn.biz # NO_RESOLVE
zenmatevpn.info # NO_RESOLVE
zeno-flow-engine-app.com # NO_RESOLVE
zenora.click # NO_RESOLVE
zenskimir.ru # NO_RESOLVE
zensosi-solution.com # NO_RESOLVE
zentravex-app.com # NO_RESOLVE
zentrawealth.com # NO_RESOLVE
zenvideo.org # NO_RESOLVE
zenvix.net # NO_RESOLVE
zephyrforextrading.com # NO_RESOLVE
zephyrnet.com # NO_RESOLVE
zergus.ru # NO_RESOLVE
zerkala.top # NO_RESOLVE
zerkalki.top # NO_RESOLVE
zerohora.com # NO_RESOLVE
zerowastelab.ru # NO_RESOLVE
zetcasino.com # NO_RESOLVE
zeus-vs-hadese.com # NO_RESOLVE
zeuslightning.top # NO_RESOLVE
zewacee7.ru # NO_RESOLVE
zeya-liceum.ru # NO_RESOLVE
zezman.ua # TLD_UA
zf-fm.org # NO_RESOLVE
zfermer.cc # NO_RESOLVE
zgbi1.ru # NO_RESOLVE
zh.wow-xxx-videos.com # NO_RESOLVE
zhalobi.com.ua # TLD_UA
zhar-ptitza101.ru # NO_RESOLVE
zheleznogorye.ru # NO_RESOLVE
zheleznovodsk-sanatorii.ru # NO_RESOLVE
zhena-oligarha.serfilm.com # NO_RESOLVE
zhestokiy.ru # NO_RESOLVE
zhguejyiuljrrmqm.qa5muqal0a4d.monster # NO_RESOLVE
zhitomirgaz.com.ua # TLD_UA
zhizn-po-vyzovu.net # NO_RESOLVE
zhiznpovyzovugob.online # NO_RESOLVE
zhiznpovyzovugoi.online # NO_RESOLVE
zhiznpovyzovugoo.online # NO_RESOLVE
zhiznpovyzovugox.online # NO_RESOLVE
zhiznpovyzovuseries.online # NO_RESOLVE
zhk-jazz.ru # NO_RESOLVE
zhkh-data.ru # NO_RESOLVE
zhovanniknp.com # NO_RESOLVE
zhsk-1.ru # NO_RESOLVE
zhurawell.com.ua # TLD_UA
zhylet-pdd.ru # NO_RESOLVE
zhzh.com.ua # TLD_UA
zi.ua # TLD_UA
ziaurrehman.media # NO_RESOLVE
zib.com.ua # TLD_UA
zidepyn.com # NO_RESOLVE
zihelie2.ru # NO_RESOLVE
zim-s.ru # NO_RESOLVE
zimaleto-sport.ru # NO_RESOLVE
zimorodok.fans # NO_RESOLVE
zine.ec # NO_RESOLVE
zingmarkbit.com # NO_RESOLVE
zinoxxt.com # NO_RESOLVE
ziopeppe.ru # NO_RESOLVE
zioraravex-software.com # NO_RESOLVE
zioraravexsoftware.com # NO_RESOLVE
zioraravion-app.com # NO_RESOLVE
zip-code.ru # NO_RESOLVE
zip-motors.ru # NO_RESOLVE
zirka-z-neba.com.ua # TLD_UA
ziwspb.ru # NO_RESOLVE
zk-bogatyri.ru # NO_RESOLVE
zk.sui-network.mom # NO_RESOLVE
zlatlesskazka.online # NO_RESOLVE
zlatlesskazka.ru # NO_RESOLVE
zloekino.site # NO_RESOLVE
zlotariopro-app.com # NO_RESOLVE
zlovima.com # NO_RESOLVE
zloyfun.net # NO_RESOLVE
zm12.online # NO_RESOLVE
zm4.org # NO_RESOLVE
zmi.ck.ua # TLD_UA
zmist.pl.ua # TLD_UA
zmk-vrn.ru # NO_RESOLVE
zn.ua # TLD_UA
znaj.ua # TLD_UA
zname.com.ua # TLD_UA
znanie-vladimir.ru # NO_RESOLVE
znaychay.ru # NO_RESOLVE
zniy-novgorod.xn----7sbbas7adbh1ak4hek1gg.xn--p1ai # TOO_MANY_DIGITS (6)
znkirishi.ru # NO_RESOLVE
znrkv.com # NO_RESOLVE
znvstroi.ru # NO_RESOLVE
zodiac-markets.online # NO_RESOLVE
zolika1351.pages.dev # TOO_MANY_DIGITS (4)
zolotaya-troyka.ru # NO_RESOLVE
zolotoidalyan.ru # NO_RESOLVE
zolotoloto.com # NO_RESOLVE
zolotoy9.ru # NO_RESOLVE
zolotoyarbuz.club # NO_RESOLVE
zolskrepka.ru # NO_RESOLVE
zombie-dev.ru # NO_RESOLVE
zon.top-sofosbuvir1.ru # NO_RESOLVE
zona-interesov-2023.reallook.ru # TOO_MANY_DIGITS (4)
zona-tv2025.ru # TOO_MANY_DIGITS (4)
zona365.ru # NO_RESOLVE
zonafilm.cv # NO_RESOLVE
zonafilm.net # NO_RESOLVE
zonakross.ru # NO_RESOLVE
zone457.ru # NO_RESOLVE
zonefilm.org # NO_RESOLVE
zoneplanet.ru # NO_RESOLVE
zoo-miledi.ru # NO_RESOLVE
zoo-park.top # NO_RESOLVE
zoo-world.ru # NO_RESOLVE
zoobashop.com # NO_RESOLVE
zooclinika.ru # NO_RESOLVE
zoodom96.ru # NO_RESOLVE
zooevent.ru # NO_RESOLVE
zoogreenpark.ru # NO_RESOLVE
zoomuseum-tsu.ru # NO_RESOLVE
zoorinok.com.ua # TLD_UA
zooshopik.ru # NO_RESOLVE
zooteatrwild.com # NO_RESOLVE
zov-svo.ru # NO_RESOLVE
zp.vgorode.ua # TLD_UA
zptown.zp.ua # TLD_UA
zr.hd-1080.online # TOO_MANY_DIGITS (4)
zr.zp.ua # TLD_UA
zrelieporno.com # NO_RESOLVE
zrelki.zip # NO_RESOLVE
zrnxznmb.com # NO_RESOLVE
zsm-studio.ru # NO_RESOLVE
zsm.kz # NO_RESOLVE
zstm.ru # NO_RESOLVE
zsu.gov.ua # TLD_UA
zt-rada.gov.ua # TLD_UA
zt.20minut.ua # TLD_UA
ztgo.com.ua # TLD_UA
ztrinion.ru # NO_RESOLVE
zu.bazaknigg.shop # NO_RESOLVE
zu.myknigaa.shop # NO_RESOLVE
zug-umzug.info # NO_RESOLVE
zukunftigerreichtum.com # NO_RESOLVE
zulyalux.ru # NO_RESOLVE
zumala.net # NO_RESOLVE
zuqohii0.ru # NO_RESOLVE
zv.zp.ua # TLD_UA
zvenigorod-shkola2.online # NO_RESOLVE
zvezda-club.ru # NO_RESOLVE
zvezdnoe-nebo64.ru # NO_RESOLVE
zvezdochkasnt.ru # NO_RESOLVE
zvuk.me # NO_RESOLVE
zvukko.net # NO_RESOLVE
zvurs.com # NO_RESOLVE
zvz.com.ua # TLD_UA
zw-store.ru # NO_RESOLVE
zw.hd-1080.online # TOO_MANY_DIGITS (4)
zxy.india-helps24.ru # NO_RESOLVE
zylarissummit-gpt.com # NO_RESOLVE
zylarissummitgpt.net # NO_RESOLVE
zylyfiu2.ru # NO_RESOLVE
zynserax-system.com # NO_RESOLVE
zynseraxsystem.com # NO_RESOLVE
zypharun-strata-soft.com # NO_RESOLVE
zyptaflowsolution.com # NO_RESOLVE
zyrgoflyntsystem.com # NO_RESOLVE
zyvexorriseai.com # NO_RESOLVE
zyzizenol.com # NO_RESOLVE
zz.filmaz2025.buzz # TOO_MANY_DIGITS (4)
zz.metafilm7.buzz # NO_RESOLVE
