0101.co.jp # TLD
0123tt.ru # TLD
021.rs # TLD
1-ofd.ru # TLD
100.in-addr.arpa # TLD
10086.cn # TLD
101.ru # TLD
103.by # TLD
104.com.tw # TLD
108.in-addr.arpa # TLD
10jqka.com.cn # TLD
1177.se # TLD
11st.co.kr # TLD
12306.cn # TLD
12371.cn # TLD
12377.cn # TLD
123c.vn # TLD
123rutor.su # TLD
123tor.ru # TLD
123tt.ru # TLD
13.in-addr.arpa # TLD
1337x.to # TLD
1377x.to # TLD
142.in-addr.arpa # TLD
146.in-addr.arpa # TLD
15.in-addr.arpa # TLD
15min.lt # TLD
173.in-addr.arpa # TLD
17u.cn # TLD
18.in-addr.arpa # TLD
184.in-addr.arpa # TLD
189.cn # TLD
192.in-addr.arpa # TLD
1984.is # TLD
1blu.de # TLD
1c-bitrix.ru # TLD
1c-cabinet.ru # TLD
1c.ru # TLD
1capp.com # GeoIP (RU)
1capp.net # GeoIP (RU)
1cbit.ru # TLD
1cfresh.com # GeoIP (RU)
1cmycloud.com # GeoIP (RU)
1cupis.ru # TLD
1db.click # GeoIP (RU)
1drv.ms # TLD
1gb.ru # TLD
1geki.jp # TLD
1internet.tv # GeoIP (RU)
1password.eu # TLD
1tv.ru # TLD
1und1.de # TLD
2.in-addr.arpa # TLD
2.ip6.arpa # TLD
204.in-addr.arpa # TLD
20min.ch # TLD
20minutes.fr # TLD
20minutos.es # TLD
21-school.ru # TLD
211.ru # TLD
216.in-addr.arpa # TLD
21vek.by # TLD
22.cn # TLD
23.in-addr.arpa # TLD
24.hu # TLD
24028-net.jp # TLD
24chasa.bg # TLD
24h.com.vn # TLD
24h.tv # GeoIP (RU)
24sata.hr # TLD
24tv.ua # TLD
257.cz # TLD
2dehands.be # TLD
2ememain.be # TLD
2gis.com # GeoIP (RU)
2gis.ru # TLD
2giskz.app # GeoIP (RU)
2ip.ru # TLD
3.in-addr.arpa # TLD
300.cn # TLD
32.in-addr.arpa # TLD
34.in-addr.arpa # TLD
35.in-addr.arpa # TLD
360.cn # TLD
3bb.co.th # TLD
3cx.us # TLD
3d-galleru.ru # TLD
3ddd.ru # TLD
3dn.ru # TLD
3dnews.ru # TLD
4.cn # TLD
42.pl # TLD
44.in-addr.arpa # TLD
444.hu # TLD
47news.jp # TLD
49s.co.uk # TLD
4dcloud.fr # TLD
4in.co.kr # TLD
4pda.to # TLD
4rapwahere.in # TLD
5-tv.ru # TLD
50.in-addr.arpa # TLD
51.in-addr.arpa # TLD
51.la # TLD
52.in-addr.arpa # TLD
54.in-addr.arpa # TLD
573.jp # TLD
58cdn.com.cn # TLD
5element.by # TLD
5ka.ru # TLD
5mod.ru # TLD
63.in-addr.arpa # TLD
64.in-addr.arpa # TLD
69.in-addr.arpa # TLD
69shuba.tw # TLD
6cloud.fr # TLD
7-11.com.tw # TLD
713mtauburnctcolumbusoh43085.st # TLD
74.in-addr.arpa # TLD
7777.md # TLD
7a0.com.br # TLD
7mmtv.sx # TLD
7news.com.au # TLD
7sur7.be # TLD
8.in-addr.arpa # TLD
8888.bg # TLD
90minut.pl # TLD
98.in-addr.arpa # TLD
981a.casino # GeoIP (RU)
99.in-addr.arpa # TLD
9anime.org.lv # TLD
9db.jp # TLD
9news.com.au # TLD
9xflix.eu # TLD
_wildcard_.com.ph # TLD
_wildcard_.ph # TLD
a-dns.pl # TLD
a1.by # TLD
a2z.eu # TLD
aa.com.tr # TLD
aade.gr # TLD
aadl.dz # TLD
aajtak.in # TLD
aalto.fi # TLD
aarnet.net.au # TLD
aau.dk # TLD
abadis.ir # TLD
abc.cl # TLD
abc.es # TLD
abc.net.au # TLD
abcp.ru # TLD
abczdrowie.pl # TLD
abdn.ac.uk # TLD
abebooks.co.uk # TLD
abebooks.de # TLD
abebooks.fr # TLD
abebooks.it # TLD
abendblatt.de # TLD
abendzeitung-muenchen.de # TLD
abnamro.nl # TLD
abola.pt # TLD
aboutyou.de # TLD
abr.ge # TLD
abril.com.br # TLD
abs.gov.au # TLD
absher.sa # TLD
absolutbank.ru # TLD
abuse.ch # TLD
abv.bg # TLD
abzarek.ir # TLD
academia.edu # TLD
academic.ru # TLD
acb.com.vn # TLD
accc.gov.au # TLD
account.gov.uk # TLD
acesso.gov.br # TLD
acesso.gov.pt # TLD
acint.net # GeoIP (RU)
ack.de # TLD
acrobits.cz # TLD
act.gov.au # TLD
actalis.it # TLD
actcorp.in # TLD
action-media.ru # TLD
active24.cz # TLD
activemind.de # TLD
actu.fr # TLD
ad-cdek.ru # TLD
ad-contents.jp # TLD
ad-tech.ru # TLD
ad.gt # TLD
ad.nl # TLD
ad4m.at # TLD
ada.gov # TLD
adac.de # TLD
adelaide.edu.au # TLD
ademe.fr # TLD
adevarul.ro # TLD
adfox.ru # TLD
adg.de # TLD
adhahi.dz # TLD
adhigh.net # GeoIP (RU)
adiam.tech # GeoIP (RU)
adidas.com.ar # TLD
adidas.mx # TLD
adingo.jp # TLD
adintl.cn # TLD
adj.st # TLD
adjarabet.am # TLD
adjust.net.in # TLD
adliran.ir # TLD
adlook.online # GeoIP (RU)
adlook.tech # GeoIP (RU)
adlooxtracking.ru # TLD
admatic.com.tr # TLD
admatic.de # TLD
admhmao.ru # TLD
admicro.vn # TLD
admin.ch # TLD
adminforge.de # TLD
administracionelectronica.gob.es # TLD
administracionespublicas.gob.es # TLD
adminvps.ru # TLD
admissions.nic.in # TLD
admon.pro # GeoIP (RU)
adocean.pl # TLD
adplay.ru # TLD
adquiramexico.com.mx # TLD
adresowo.pl # TLD
adressa.no # TLD
adriver.ru # TLD
adrtun.ru # TLD
adsafrica.co.za # TLD
adscale.de # TLD
adsco.re # TLD
adseedtech.com # GeoIP (RU)
adservings.ru # TLD
adsl-pool.sx.cn # TLD
adsninja.ca # TLD
adspend.space # GeoIP (RU)
adtarget.com.tr # TLD
adtec.ru # TLD
advantagetvs.in # TLD
advmusic.com # GeoIP (RU)
adx.ws # TLD
adxcorp.kr # TLD
aemet.es # TLD
aena.es # TLD
aeolservice.es # TLD
aeon.co.jp # TLD
aepd.es # TLD
aerdns.ru # TLD
aeroflot.ru # TLD
aerzteblatt.de # TLD
afip.gob.ar # TLD
afisha.ru # TLD
afl.com.au # TLD
afranet.ir # TLD
aftenposten.no # TLD
aftonbladet.se # TLD
afun.mx # TLD
agenciatributaria.gob.es # TLD
agency2.ru # TLD
agenturserver.de # TLD
agenziaentrate.gov.it # TLD
agenziaentrateriscossione.gov.it # TLD
ageuk.org.uk # TLD
agh.edu.pl # TLD
agones.gr # TLD
agpd.es # TLD
ah.nl # TLD
ahost.uz # TLD
ahram.org.eg # TLD
ahrq.gov # TLD
aib.ie # TLD
aida.de # TLD
aif.ru # TLD
aiou.edu.pk # TLD
airbnb.ca # TLD
airbnb.co.in # TLD
airbnb.co.uk # TLD
airbnb.com.br # TLD
airbnb.fr # TLD
airee.ru # TLD
airfrance.fr # TLD
airtel.in # TLD
ais.th # TLD
aka.ms # TLD
akbars.ru # TLD
aktu.ac.in # TLD
aktuality.sk # TLD
aktualne.cz # TLD
al-adtech.com # GeoIP (RU)
alabama.gov # TLD
aladdin-rd.ru # TLD
aladin.co.kr # TLD
alania.net # GeoIP (RU)
alar.my # TLD
alarmeringen.nl # TLD
alaska.edu # TLD
alaska.gov # TLD
albany.edu # TLD
albelli.nl # TLD
alberta.ca # TLD
alchemer.eu # TLD
alcopa-auction.fr # TLD
alerts.in.ua # TLD
alfabank.ru # TLD
alfasense.net # GeoIP (RU)
alfastrah.ru # TLD
alfavita.gr # TLD
alice.it # TLD
aliexpress.ru # TLD
aliexpress.us # TLD
allabout.co.jp # TLD
allahabadhighcourt.in # TLD
alldatasheet.es # TLD
allegro.cz # TLD
allegro.hu # TLD
allegro.pl # TLD
allegro.sk # TLD
allegrolokalnie.pl # TLD
allen.in # TLD
allevents.in # TLD
allianz.de # TLD
allocine.fr # TLD
allstar.gg # TLD
alltel24.ru # TLD
allwyn.cz # TLD
allyonoapp.in # TLD
alo.bg # TLD
alo.rs # TLD
alpen-group.jp # TLD
alpha-prm.jp # TLD
alphapolis.co.jp # TLD
alphatv.gr # TLD
alrosa.ru # TLD
alta.ru # TLD
altema.jp # TLD
altibox.no # TLD
altin.in # TLD
alura.com.br # TLD
alza.cz # TLD
alzheimers.org.uk # TLD
amaterky.sk # TLD
amazon.ae # TLD
amazon.ca # TLD
amazon.cn # TLD
amazon.co.jp # TLD
amazon.co.uk # TLD
amazon.co.za # TLD
amazon.com.au # TLD
amazon.com.br # TLD
amazon.com.mx # TLD
amazon.com.tr # TLD
amazon.de # TLD
amazon.eg # TLD
amazon.es # TLD
amazon.eu # TLD
amazon.fr # TLD
amazon.ie # TLD
amazon.in # TLD
amazon.it # TLD
amazon.nl # TLD
amazon.pl # TLD
amazon.sa # TLD
amazon.se # TLD
amazon.sg # TLD
amazonaws.cn # TLD
amazonaws.com.cn # TLD
amazonaws.eu # TLD
amazonlogistics.eu # TLD
ameba.jp # TLD
ameblo.jp # TLD
ameli.fr # TLD
american.edu # TLD
americanas.com.br # TLD
americatv.com.pe # TLD
amiami.jp # TLD
amocrm.ru # TLD
amsterdam.nl # TLD
amu.edu.pl # TLD
amung.us # TLD
amur-cit.ru # TLD
amurobl.ru # TLD
amzn.eu # TLD
amzn.to # TLD
amzndns.co.uk # TLD
ana.co.jp # TLD
anaf.ro # TLD
ancestry.ca # TLD
ancestry.co.uk # TLD
ancestry.com.au # TLD
anchor.fm # TLD
andersnoren.se # TLD
andpad.jp # TLD
androidapplications.store # GeoIP (RU)
angelone.in # TLD
ani-lab.jp # TLD
aniagotuje.pl # TLD
anikai.to # TLD
anikoto.cz # TLD
anikototv.to # TLD
animate-onlineshop.jp # TLD
anime-sama.to # TLD
animego.me # GeoIP (RU)
animesalt.ac # TLD
animesaturn.cx # TLD
animesonlinecc.to # TLD
animesuge.cz # TLD
animeunity.so # TLD
animevietsub.pl # TLD
aninews.in # TLD
aniwaves.ru # TLD
aniworld.to # TLD
anl.gov # TLD
anm.co.uk # TLD
annas-archive.gl # TLD
annunci69.it # TLD
anony.nl # TLD
anpc.ro # TLD
ansa.it # TLD
anser.ne.jp # TLD
anses.fr # TLD
anses.gob.ar # TLD
antagus.de # TLD
anteldata.com.uy # TLD
antena3.ro # TLD
antenna.gr # TLD
anu.edu.au # TLD
anwb.nl # TLD
anycastdns.cz # TLD
aoglonass.ru # TLD
aok.de # TLD
aol.de # TLD
ap.gov.in # TLD
apa.at # TLD
apart.pl # TLD
aph.gov.au # TLD
apiblink.ru # TLD
apollopharmacy.in # TLD
apotea.se # TLD
appcenter.ms # TLD
apple-dns.cn # TLD
apple.com.cn # TLD
applilink.jp # TLD
appmedia.jp # TLD
appstate.edu # TLD
apptracer.ru # TLD
apteka-aprel.ru # TLD
apteka.ru # TLD
apteka911.ua # TLD
aqsi.ru # TLD
aragon.es # TLD
arba.gov.ar # TLD
arbeitsagentur.de # TLD
arbitr.ru # TLD
arcg.is # TLD
archive.fo # TLD
archive.is # TLD
archive.md # TLD
archive.ph # TLD
archives-ouvertes.fr # TLD
archives.gov # TLD
arcor.de # TLD
ard-mcdn.de # TLD
ard.de # TLD
ardentnews.co.kr # TLD
ardmediathek.de # TLD
arena.im # TLD
arenaplus.ph # TLD
argentina.gob.ar # TLD
argewebhosting.nl # TLD
argos.co.uk # TLD
arizona-rp.com # GeoIP (RU)
arizona.edu # TLD
arkansas.gov # TLD
arkusze.pl # TLD
armgs.team # GeoIP (RU)
arnebrachhold.de # TLD
arnes.si # TLD
arnet.com.ar # TLD
arpanet.jp # TLD
arsip.go.id # TLD
art.pl # TLD
artfiles.de # TLD
artic.edu # TLD
artificialintelligenceact.eu # TLD
arts.ac.uk # TLD
aruba.it # TLD
aruodas.lt # TLD
arvancdn.ir # TLD
asahi-net.or.jp # TLD
asahibeer-cp.jp # TLD
asb.by # TLD
ascii.jp # TLD
asg.to # TLD
asiae.co.kr # TLD
asianet.co.th # TLD
asic.gov.au # TLD
askul.co.jp # TLD
asna.ru # TLD
assam.gov.in # TLD
assemblee-nationale.fr # TLD
assertcom.de # TLD
astron.nl # TLD
astrum-play.ru # TLD
astrum.top # GeoIP (RU)
asu.edu # TLD
at.ua # TLD
atauni.edu.tr # TLD
ateve.ru # TLD
atg.se # TLD
ath.cx # TLD
athome.co.jp # TLD
ati.su # TLD
ati.tn # TLD
ato.gov.au # TLD
atol.ru # TLD
atrbpn.go.id # TLD
atrc.jp # TLD
atsenergo.ru # TLD
attachmail.ru # TLD
attmex.mx # TLD
atv.com.tr # TLD
atw.hu # TLD
au.dk # TLD
auburn.edu # TLD
auchan.fr # TLD
auchan.ru # TLD
auckland.ac.nz # TLD
auction.co.kr # TLD
audi.de # TLD
audible.ca # TLD
audible.co.uk # TLD
audible.com.br # TLD
audible.de # TLD
auerproxy.de # TLD
augsburger-allgemeine.de # TLD
auone.jp # TLD
auspost.com.au # TLD
austintexas.gov # TLD
austlii.edu.au # TLD
auswaertiges-amt.de # TLD
auth.gr # TLD
author.today # GeoIP (RU)
auto-motor-und-sport.de # TLD
auto.ru # TLD
auto24.ee # TLD
autobild.de # TLD
autocar.co.uk # TLD
autodoc.de # TLD
autoexpress.co.uk # TLD
autogidas.lt # TLD
autohome.com.cn # TLD
autoimg.cn # TLD
automobile.tn # TLD
autoplius.lt # TLD
autoriteitpersoonsgegevens.nl # TLD
autoscout24.be # TLD
autoscout24.de # TLD
autoscout24.it # TLD
autotrader.ca # TLD
autotrader.co.uk # TLD
autotrader.co.za # TLD
autovit.ro # TLD
autozone.com # Keyword
auvergnerhonealpes.fr # TLD
av.by # TLD
avaeduc.com.br # TLD
avant.si # TLD
aviasales.ru # TLD
aviationweather.gov # TLD
avidreaders.ru # TLD
aviso.bz # TLD
avito.ma # TLD
avito.ru # TLD
avito.st # TLD
avm.de # TLD
avmisohd.to # TLD
avrotros.nl # TLD
avsee.ru # TLD
avtub.cx # TLD
avtub.so # TLD
awsdns-00.co.uk # TLD
awsdns-01.co.uk # TLD
awsdns-02.co.uk # TLD
awsdns-03.co.uk # TLD
awsdns-04.co.uk # TLD
awsdns-05.co.uk # TLD
awsdns-06.co.uk # TLD
awsdns-07.co.uk # TLD
awsdns-08.co.uk # TLD
awsdns-09.co.uk # TLD
awsdns-10.co.uk # TLD
awsdns-11.co.uk # TLD
awsdns-12.co.uk # TLD
awsdns-13.co.uk # TLD
awsdns-14.co.uk # TLD
awsdns-15.co.uk # TLD
awsdns-16.co.uk # TLD
awsdns-17.co.uk # TLD
awsdns-18.co.uk # TLD
awsdns-19.co.uk # TLD
awsdns-20.co.uk # TLD
awsdns-21.co.uk # TLD
awsdns-22.co.uk # TLD
awsdns-23.co.uk # TLD
awsdns-24.co.uk # TLD
awsdns-25.co.uk # TLD
awsdns-26.co.uk # TLD
awsdns-27.co.uk # TLD
awsdns-28.co.uk # TLD
awsdns-29.co.uk # TLD
awsdns-30.co.uk # TLD
awsdns-31.co.uk # TLD
awsdns-32.co.uk # TLD
awsdns-33.co.uk # TLD
awsdns-34.co.uk # TLD
awsdns-35.co.uk # TLD
awsdns-36.co.uk # TLD
awsdns-37.co.uk # TLD
awsdns-38.co.uk # TLD
awsdns-39.co.uk # TLD
awsdns-40.co.uk # TLD
awsdns-41.co.uk # TLD
awsdns-42.co.uk # TLD
awsdns-43.co.uk # TLD
awsdns-44.co.uk # TLD
awsdns-45.co.uk # TLD
awsdns-46.co.uk # TLD
awsdns-47.co.uk # TLD
awsdns-48.co.uk # TLD
awsdns-49.co.uk # TLD
awsdns-50.co.uk # TLD
awsdns-51.co.uk # TLD
awsdns-52.co.uk # TLD
awsdns-53.co.uk # TLD
awsdns-54.co.uk # TLD
awsdns-55.co.uk # TLD
awsdns-56.co.uk # TLD
awsdns-57.co.uk # TLD
awsdns-58.co.uk # TLD
awsdns-59.co.uk # TLD
awsdns-60.co.uk # TLD
awsdns-61.co.uk # TLD
awsdns-62.co.uk # TLD
awsdns-63.co.uk # TLD
awsdns-cn-13.cn # TLD
awsdns-cn-36.cn # TLD
awsdns-cn-41.cn # TLD
awsdns-cn-47.cn # TLD
awsdns-cn-50.cn # TLD
awsdns-cn-57.cn # TLD
awsdns-cn-59.cn # TLD
axc.nl # TLD
axex.ru # TLD
az.gov # TLD
az24.vn # TLD
azarlatino.com.py # TLD
azbyka.ru # TLD
azet.sk # TLD
azure-dns.cn # TLD
azure.cn # TLD
azure.us # TLD
azureedge.us # TLD
azurefd.us # TLD
azuregov-dns.us # TLD
azurewebsites.us # TLD
b-dns.pl # TLD
b2b-center.ru # TLD
bab.la # TLD
baden-wuerttemberg.de # TLD
badische-zeitung.de # TLD
bahalmag.ir # TLD
bahesab.ir # TLD
bahn.de # TLD
bahnhof.se # TLD
baidu.cn # TLD
bainsx.cn # TLD
baishangeek.cn # TLD
bajajfinserv.in # TLD
baji999.in # TLD
balad.ir # TLD
bama.ir # TLD
bamper.by # TLD
bance.jp # TLD
bancobrasil.com.br # TLD
bancoestado.cl # TLD
bancofalabella.cl # TLD
bancogalicia.com.ar # TLD
bancointer.com.br # TLD
bancopan.com.br # TLD
bancosantander.es # TLD
band.com.br # TLD
band.us # TLD
banglarshiksha.gov.in # TLD
bangor.ac.uk # TLD
bank-hlynov.ru # TLD
bank.gov.ua # TLD
bank.in # TLD
banki.ru # TLD
bankier.pl # TLD
bankmandiri.co.id # TLD
bankofengland.co.uk # TLD
banque-france.fr # TLD
bantubet.co.ao # TLD
barbars.ru # TLD
barclays.co.uk # TLD
bark.us # TLD
barmer.de # TLD
bashtel.ru # TLD
batdongsan.com.vn # TLD
bath.ac.uk # TLD
batmanapollo.ru # TLD
baycrews.jp # TLD
bayern.de # TLD
baylor.edu # TLD
bazar.bg # TLD
bazos.cz # TLD
bazos.sk # TLD
bb.com.br # TLD
bbc.co.uk # TLD
bbci.co.uk # TLD
bbox.fr # TLD
bbtgz.cn # TLD
bbva.es # TLD
bbva.mx # TLD
bc.edu # TLD
bc.kz # TLD
bca.co.id # TLD
bcb.gov.br # TLD
bcm.edu # TLD
bcra.gob.ar # TLD
bcs.ru # TLD
bcv.org.ve # TLD
bd.nl # TLD
bdo.com.ph # TLD
bdt.com.ve # TLD
bdydns.cn # TLD
bea.gov # TLD
beboo.ru # TLD
becasbenitojuarez.gob.mx # TLD
beechtree.pk # TLD
beeline.ru # TLD
beelinegprs.ru # TLD
beforward.jp # TLD
beget.com # GeoIP (RU)
beget.pro # GeoIP (RU)
beget.ru # TLD
beget.tech # GeoIP (RU)
beian.gov.cn # TLD
beijing.gov.cn # TLD
belastingdienst.nl # TLD
belezanaweb.com.br # TLD
belfasttelegraph.co.uk # TLD
belgium.be # TLD
bell.ca # TLD
bellemaison.jp # TLD
belluna.jp # TLD
belnet.be # TLD
belregion.ru # TLD
belta.by # TLD
beltelecom.by # TLD
belwue.de # TLD
benesse.ne.jp # TLD
beniculturali.it # TLD
benzuber.ru # TLD
bergfex.at # TLD
berkeley.edu # TLD
berklee.edu # TLD
berlin.de # TLD
berliner-zeitung.de # TLD
berlingske.dk # TLD
bestbuy.ca # TLD
bestname.com.ua # TLD
bestprice.gr # TLD
bet261.mg # TLD
bet2africa.ml # TLD
bet365.bet.ar # TLD
bet365.es # TLD
bet365.gr # TLD
bet365.it # TLD
bet88.ph # TLD
beta-bank.ru # TLD
betano.bet.ar # TLD
betano.pe # TLD
betboom.ru # TLD
betcity.by # TLD
betcity.ru # TLD
betclic.ci # TLD
betflag.it # TLD
betking.com.ua # TLD
betman.co.kr # TLD
betmexico.mx # TLD
beton.ua # TLD
betonline.ag # TLD
betpawa.bj # TLD
betpawa.cd # TLD
betpawa.cm # TLD
betpawa.co.ke # TLD
betpawa.co.tz # TLD
betpawa.co.zm # TLD
betpawa.mw # TLD
betpawa.ug # TLD
betsson.bet.ar # TLD
betsson.pe # TLD
betswiz.in # TLD
betting.co.zw # TLD
betway.co.bw # TLD
betway.co.mz # TLD
betway.co.za # TLD
betway.co.zm # TLD
betweendigital.com # GeoIP (RU)
bezeq.co.il # TLD
bfi.org.uk # TLD
bfm.ru # TLD
bfv.de # TLD
bg.ac.rs # TLD
bget.ru # TLD
bgsu.edu # TLD
bgu.ac.il # TLD
bham.ac.uk # TLD
bharian.com.my # TLD
bhavyabiharhealth.in # TLD
bhf.org.uk # TLD
bi.zone # GeoIP (RU)
bibliaonline.com.br # TLD
bids.ws # TLD
bidvol.com # GeoIP (RU)
biess.fin.ec # TLD
bifit.com # GeoIP (RU)
biglobe.ne.jp # TLD
bigo.sg # TLD
bigpond.net.au # TLD
bigrock.in # TLD
bigw.com.au # TLD
bihar.gov.in # TLD
biisk.ru # TLD
bik.gov.tr # TLD
bild.de # TLD
bilkent.edu.tr # TLD
billetweb.fr # TLD
biltema.no # TLD
biltema.se # TLD
bim.com.tr # TLD
binance.us # TLD
binghamton.edu # TLD
bio-link.se # TLD
biobiochile.cl # TLD
birdie.so # TLD
birmingham.ac.uk # TLD
birminghammail.co.uk # TLD
bisp.gov.pk # TLD
bit.do # TLD
bit.ly # TLD
bitmaster.ru # TLD
bitmen.ru # TLD
bitrix.info # GeoIP (RU)
bitrix24.ru # TLD
bitrix24.tech # GeoIP (RU)
bitsearch.to # TLD
biz.ua # TLD
bjx.com.cn # TLD
bk6bba-resources.ru # TLD
bki-okb.ru # TLD
bkm.com.tr # TLD
bkn.go.id # TLD
bl.uk # TLD
blackhub.games # GeoIP (RU)
blackrussia.online # GeoIP (RU)
blackwells.co.uk # TLD
blancheporte.fr # TLD
bldrdoc.gov # TLD
ble.ir # TLD
blesk.cz # TLD
blic.rs # TLD
blick.ch # TLD
blikk.hu # TLD
bling.com.br # TLD
blink-maps.com # GeoIP (RU)
blitz.bg # TLD
blitz.gg # TLD
blm.gov # TLD
blocket.se # TLD
blocklist.de # TLD
blog.gov.uk # TLD
blog.jp # TLD
bloggersdelight.dk # TLD
blogspot.ca # TLD
blogspot.co.uk # TLD
blogspot.com.au # TLD
blogspot.com.br # TLD
blogspot.com.es # TLD
blogspot.de # TLD
blogspot.fr # TLD
blogspot.in # TLD
blogspot.it # TLD
blogspot.jp # TLD
blogspot.nl # TLD
blogspot.ru # TLD
blogspot.se # TLD
bls.gov # TLD
bluesoft.com.br # TLD
blueweb.co.kr # TLD
bluewin.ch # TLD
blueyonder.co.uk # TLD
bmas.de # TLD
bmbf.de # TLD
bme.hu # TLD
bmf.gv.at # TLD
bmi.ir # TLD
bmw.de # TLD
bmwi.de # TLD
bna.com.ar # TLD
bnc.lt # TLD
bndestem.nl # TLD
bnf.fr # TLD
bngf.ru # TLD
bnl.gov # TLD
bnnbloomberg.ca # TLD
bnnvara.nl # TLD
bnonline.fi.cr # TLD
bnovo.ru # TLD
bnr.nl # TLD
boatrace.jp # TLD
bobaedream.co.kr # TLD
bobshop.co.za # TLD
boc.cn # TLD
bocongan.gov.vn # TLD
bodegaaurrera.com.mx # TLD
boe.es # TLD
bokepnoz.in # TLD
bolabet.co.zm # TLD
bold.dk # TLD
bollyflix.gd # TLD
bolt.eu # TLD
bom.gov.au # TLD
bombuj.si # TLD
bongda24h.vn # TLD
bongdaplus.vn # TLD
bonprix.de # TLD
bonprix.it # TLD
bonusprint.co.uk # TLD
booklive.jp # TLD
booknet.ua # TLD
bookoff.co.jp # TLD
books.com.tw # TLD
boosty.to # TLD
booth.pm # TLD
boreus.de # TLD
borsaitaliana.it # TLD
botfaqtor.ru # TLD
boticario.com.br # TLD
boun.edu.tr # TLD
bouyguestelecom.fr # TLD
bovada.lv # TLD
boyfriend.dk # TLD
boyfriendtv.in # TLD
bpb.de # TLD
bpc.co.in # TLD
bpcl.in # TLD
bpjs-kesehatan.go.id # TLD
bplay.bet.ar # TLD
bps.go.id # TLD
bps.org.uk # TLD
br.de # TLD
bradesco.com.br # TLD
bradesconetempresa.b.br # TLD
brainly.in # TLD
brainshare.pl # TLD
brandeis.edu # TLD
brandenburg.de # TLD
brasiltelecom.net.br # TLD
braze.eu # TLD
brazino777.mx # TLD
bremen.de # TLD
brew.sh # TLD
bri.co.id # TLD
bricodepot.es # TLD
bricodepot.fr # TLD
bris.ac.uk # TLD
bristol.ac.uk # TLD
bristolpost.co.uk # TLD
briteline.de # TLD
brocabrac.fr # TLD
brocardi.it # TLD
brookings.edu # TLD
brother.co.jp # TLD
brown.edu # TLD
browseit.info.bd # TLD
browser-intake-datadoghq.eu # TLD
brta.gov.bd # TLD
brtb.jp # TLD
brunch.co.kr # TLD
brunel.ac.uk # TLD
bsclink.cn # TLD
bseh.org.in # TLD
bsgslb.cn # TLD
bsnl.in # TLD
bspb.ru # TLD
bt.cn # TLD
bt.com.ve # TLD
bt.dk # TLD
bt.no # TLD
bta.net.cn # TLD
btc-net.bg # TLD
btcl.net.bd # TLD
btclparked.com.bd # TLD
bts.gov # TLD
btvnovinite.bg # TLD
bu.edu # TLD
buap.mx # TLD
bucknell.edu # TLD
buenosaires.gob.ar # TLD
buffalo.edu # TLD
buffalo.jp # TLD
buienradar.be # TLD
buienradar.nl # TLD
bund.de # TLD
bundesbank.de # TLD
bundesfinanzministerium.de # TLD
bundesgesundheitsministerium.de # TLD
bundesnetzagentur.de # TLD
bundesregierung.de # TLD
bundestag.de # TLD
bundesumweltministerium.de # TLD
bundeswirtschaftsministerium.de # TLD
bunkr.cr # TLD
bunnings.com.au # TLD
bunshun.jp # TLD
bunte.de # TLD
bureau.id # TLD
burgerkingrus.ru # TLD
business-gazeta.ru # TLD
business.gov.au # TLD
businessinsider.com.au # TLD
businessinsider.com.pl # TLD
businessinsider.de # TLD
businessinsider.in # TLD
businesstech.co.za # TLD
businesstimes.com.sg # TLD
businesstoday.in # TLD
bussimulator.id # TLD
but.fr # TLD
buyee.jp # TLD
buzzoola.com # GeoIP (RU)
bwanet.ca # TLD
bwinners.gm # TLD
bytecdn.cn # TLD
byu.edu # TLD
bz-berlin.de # TLD
c-srv.de # TLD
c.cx # TLD
c2dns.ru # TLD
c6consig.com.br # TLD
ca-servers.ca # TLD
ca.gov # TLD
caa.go.jp # TLD
cac.gov.cn # TLD
caf.fr # TLD
cafe24.co.kr # TLD
cafebazaar.ir # TLD
cafef.vn # TLD
caib.es # TLD
cainet.ru # TLD
cairo.gov.eg # TLD
caissedesdepots.fr # TLD
caiway.nl # TLD
caixa.gov.br # TLD
caixabank.es # TLD
cakeisalie.co.uk # TLD
caliente.mx # TLD
caliente.pe # TLD
callbomberz.in # TLD
callibri.ru # TLD
calltouch.ru # TLD
calpoly.edu # TLD
calstate.edu # TLD
caltech.edu # TLD
cam.ac.uk # TLD
camera.it # TLD
camp-fire.jp # TLD
campaignlive.co.uk # TLD
can.az # TLD
canada.ca # TLD
canadapost-postescanada.ca # TLD
canadiantire.ca # TLD
canaltech.com.br # TLD
canberratimes.com.au # TLD
cancer.ca # TLD
cancer.gov # TLD
canoe.ca # TLD
canon.jp # TLD
cantamen.de # TLD
canterbury.ac.nz # TLD
canva-apps.cn # TLD
canva.cn # TLD
canva.in # TLD
cao.go.jp # TLD
capcutapi.us # TLD
capital.fr # TLD
capital.gr # TLD
captivate.fm # TLD
car.gr # TLD
cardiff.ac.uk # TLD
cardsmobile.ru # TLD
careerpower.in # TLD
cari.com.my # TLD
carleton.ca # TLD
carleton.edu # TLD
carnet.hr # TLD
carousell.sg # TLD
carrefour.es # TLD
carrefour.fr # TLD
carrosnaserra.com.br # TLD
carrotquest.app # GeoIP (RU)
carsales.com.au # TLD
cartacapital.com.br # TLD
carview.co.jp # TLD
cas.cn # TLD
cas.cz # TLD
cas.sk # TLD
casa.it # TLD
casadoscontos.com.br # TLD
casasbahia.com.br # TLD
case.edu # TLD
cashify.in # TLD
casinolead.ca # TLD
casinonsvenska.eu # TLD
casinoplus.com.ph # TLD
castbox.fm # TLD
castlebet.com.na # TLD
castorama.fr # TLD
castorama.pl # TLD
catho.com.br # TLD
catracalivre.com.br # TLD
catsnetwork.ru # TLD
cb-24.ru # TLD
cba.pl # TLD
cbc.ca # TLD
cbl.gov.ly # TLD
cbo.gov # TLD
cbp.gov # TLD
cbr.ru # TLD
cbrpay.ru # TLD
cbs.nl # TLD
cbse.gov.in # TLD
cbse.nic.in # TLD
cbseit.in # TLD
cbseresults.nic.in # TLD
ccc.de # TLD
ccc.eu # TLD
ccdi.gov.cn # TLD
ccgp.gov.cn # TLD
cctld.us # TLD
cda.pl # TLD
cdc.gov # TLD
cdek.ru # TLD
cdek.shopping # GeoIP (RU)
cdmx.gob.mx # TLD
cdn-cian.ru # TLD
cdn-go.cn # TLD
cdn-kaspi.kz # TLD
cdn-tinkoff.ru # TLD
cdn-vk.ru # TLD
cdn.ir # TLD
cdn77.eu # TLD
cdnhwc1.cn # TLD
cdnhwc10.cn # TLD
cdnhwc6.cn # TLD
cdnhwcaip122.cn # TLD
cdnhwcqvk105.cn # TLD
cdnhwcuwd107.cn # TLD
cdnhwczic111.cn # TLD
cdns.cn # TLD
cdnvideo.ru # TLD
cdsc.com.np # TLD
ce.cn # TLD
cea.com.br # TLD
cea.fr # TLD
celebforum.to # TLD
cellphones.com.vn # TLD
ceneo.pl # TLD
ceneval.edu.mx # TLD
census.gov # TLD
census.gov.in # TLD
centauro.com.br # TLD
centertel.pl # TLD
centraldepasajes.com.ar # TLD
centre.ru # TLD
centrepompidou.fr # TLD
centris.ca # TLD
centrum.cz # TLD
centrum24.pl # TLD
centrumrowerowe.pl # TLD
cern.ch # TLD
cert.pl # TLD
certum.pl # TLD
cervantes.es # TLD
ceskatelevize.cz # TLD
cf.lk # TLD
cfe.mx # TLD
cftc.gov # TLD
cfx.re # TLD
cg.nic.in # TLD
cga.gov.in # TLD
cgd.pt # TLD
cgg.gov.in # TLD
cgocable.ca # TLD
cgood.ru # TLD
cgstate.gov.in # TLD
challenges.fr # TLD
chalmers.se # TLD
championat.com # GeoIP (RU)
championat.ru # TLD
championcross.jp # TLD
channel.or.jp # TLD
chapman.edu # TLD
charite.de # TLD
charlotte.edu # TLD
chatib.us # TLD
chatpia.jp # TLD
chavesnamao.com.br # TLD
cheaptickets.nl # TLD
check24.de # TLD
checkdomain.de # TLD
chedraui.com.mx # TLD
chefkoch.de # TLD
chello.nl # TLD
chicago.gov # TLD
chileatiende.gob.cl # TLD
chileautos.cl # TLD
chiletrabajos.cl # TLD
china.com.cn # TLD
china.org.cn # TLD
chinacloudapi.cn # TLD
chinadaily.com.cn # TLD
chinanews.com.cn # TLD
chinatax.gov.cn # TLD
chinhphu.vn # TLD
chip.de # TLD
chng.it # TLD
chomikuj.pl # TLD
chop.edu # TLD
chroniclelive.co.uk # TLD
chronopost.fr # TLD
chsi.com.cn # TLD
chula.ac.th # TLD
chunichi.co.jp # TLD
cia.gov # TLD
cian.ru # TLD
cian.tech # GeoIP (RU)
cib.com.cn # TLD
cic.fr # TLD
cielo.com.br # TLD
cifraclub.com.br # TLD
cikrf.ru # TLD
cineby.at # TLD
cineby.sc # TLD
cineca.it # TLD
cinecalidad.am # TLD
cinemagia.ro # TLD
cira.ca # TLD
circle.so # TLD
cisa.gov # TLD
cisf.gov.in # TLD
cit-23.ru # TLD
citapreviadnie.es # TLD
citilink.ru # TLD
citizen.co.za # TLD
citizensadvice.org.uk # TLD
citrt.ru # TLD
city.ac.uk # TLD
citycenteronline.bet.ar # TLD
citynews.ca # TLD
clalit.co.il # TLD
clan.su # TLD
clara.es # TLD
clarity.ms # TLD
claro.com.ar # TLD
claro.com.br # TLD
claro.net.br # TLD
clarocdn.com.br # TLD
clarowifi.com.br # TLD
classistatic.de # TLD
clausweb.ro # TLD
clave.gob.es # TLD
claveunica.gob.cl # TLD
clck.ru # TLD
cldin.eu # TLD
cldmail.ru # TLD
clean.gg # TLD
clearsale.com.br # TLD
cleartax.in # TLD
clemson.edu # TLD
clever-tanken.de # TLD
clickn.co.kr # TLD
clickonometrics.pl # TLD
clickpetroleoegas.com.br # TLD
clicks.co.za # TLD
clicrbs.com.br # TLD
clientbase.ru # TLD
clients-cdnnow.ru # TLD
clients.site # GeoIP (RU)
climate.gov # TLD
climatempo.com.br # TLD
clinicaltrials.gov # TLD
cloud.gov # TLD
cloud.ru # TLD
cloud86.nl # TLD
cloudbirds.cn # TLD
cloudfront.cn # TLD
cloudlinks.cn # TLD
cloudn.co.kr # TLD
cloudpayments.ru # TLD
cloudpit.de # TLD
cloudrc.ru # TLD
cma.gov.cn # TLD
cmaj.ca # TLD
cmd.su # TLD
cmecloud.cn # TLD
cmediahub.ru # TLD
cmich.edu # TLD
cmjornal.pt # TLD
cmoa.jp # TLD
cmoney.tw # TLD
cms.gov # TLD
cmu.edu # TLD
cna.com.tw # TLD
cnc.cn # TLD
cnews.fr # TLD
cnews.ru # TLD
cnil.fr # TLD
cninfo.com.cn # TLD
cnipa.gov.cn # TLD
cnn.co.jp # TLD
cnn.gr # TLD
cnnbrasil.com.br # TLD
cnnic.cn # TLD
cnpq.br # TLD
cnr.cn # TLD
cnr.it # TLD
cnrs.fr # TLD
cnt.my # TLD
cntd.ru # TLD
cntv.cn # TLD
cocacola.co.jp # TLD
cock.li # TLD
codere.mx # TLD
cofidis.fr # TLD
colaboraread.com.br # TLD
coles.com.au # TLD
colorado.edu # TLD
colorado.gov # TLD
colostate.edu # TLD
columbia.edu # TLD
com.be # TLD
com.ru # TLD
com.se # TLD
comagic.ru # TLD
comdirect.de # TLD
comfy.ua # TLD
comix.to # TLD
commbank.com.au # TLD
commerce.gov # TLD
commercialrealestate.com.au # TLD
commerzbank.de # TLD
companieshouse.gov.uk # TLD
comprasparaguai.com.br # TLD
computerbase.de # TLD
computerbild.de # TLD
comune.roma.it # TLD
conac.cn # TLD
concordia.ca # TLD
conectate.com.do # TLD
conforama.fr # TLD
congress.gov # TLD
conn3ct.space # GeoIP (RU)
conrad.de # TLD
consultant.ru # TLD
consumerfinance.gov # TLD
consumidor.gov.br # TLD
coocan.jp # TLD
cookiebot.eu # TLD
coolblue.nl # TLD
coolrom.com.au # TLD
coopdeli.jp # TLD
cope.es # TLD
copernicus.eu # TLD
coppersurfer.tk # TLD
copyright.gov # TLD
coral.co.uk # TLD
corbina.net # GeoIP (RU)
cordkit.online # GeoIP (RU)
core.ac.uk # TLD
cornell.edu # TLD
cornelsen.de # TLD
corp.com.tw # TLD
corpinter.de # TLD
corpinter.net.cn # TLD
corppn.ru # TLD
correio24horas.com.br # TLD
correiobraziliense.com.br # TLD
correios.com.br # TLD
correoargentino.com.ar # TLD
corriere.it # TLD
corrieredellosport.it # TLD
costco.ca # TLD
cotanet.com.br # TLD
coub.com # GeoIP (RU)
country.is # TLD
couriermail.com.au # TLD
court.gov.cn # TLD
cp.sk # TLD
cpbl.com.tw # TLD
cpfl.com.br # TLD
cpi.ad.jp # TLD
cpkservice.ru # TLD
cpsc.gov # TLD
cpx.to # TLD
cq.gov.cn # TLD
cqc.org.uk # TLD
cra.cz # TLD
crave.ca # TLD
crazedns.ru # TLD
crazypanda.ru # TLD
cre.ma # TLD
crea-tv.jp # TLD
crealitycloud.cn # TLD
creatium.io # GeoIP (RU)
credit-agricole.fr # TLD
creditchina.gov.cn # TLD
creditmutuel.fr # TLD
creema.jp # TLD
cretaforce.gr # TLD
cri.cn # TLD
croc.ru # TLD
crowdworks.jp # TLD
crpt.ru # TLD
crptech.ru # TLD
crucial.com.au # TLD
cruzverde.cl # TLD
cryoutcreations.eu # TLD
cryptopro.ru # TLD
csat.ru # TLD
csc.gov.in # TLD
csc.gov.ph # TLD
csccloud.in # TLD
csdnimg.cn # TLD
csfd.cz # TLD
csgoskins.gg # TLD
csic.es # TLD
csiro.au # TLD
csrc.gov.cn # TLD
csu.edu.au # TLD
csulb.edu # TLD
csun.edu # TLD
csusm.edu # TLD
ct.gov # TLD
ctacdn.cn # TLD
ctadns.cn # TLD
ctc.ru # TLD
ctdns.cn # TLD
ctecdn.cn # TLD
ctee.com.tw # TLD
ctlcdn.cn # TLD
ctrls.in # TLD
ctrltech.ai # GeoIP (RU)
ctv.ca # TLD
ctvnews.ca # TLD
ctyun.cn # TLD
cuckcapital.cr # TLD
cuisineactuelle.fr # TLD
cultura.gov.it # TLD
culture.fr # TLD
culture.ru # TLD
cumhuriyet.com.tr # TLD
cuni.cz # TLD
cuny.edu # TLD
curl.se # TLD
currys.co.uk # TLD
cursor.sh # TLD
cursorinfo.co.il # TLD
curtin.edu.au # TLD
customs.gov.cn # TLD
cutt.ly # TLD
cvbankas.lt # TLD
cvs-a.com # GeoIP (RU)
cvut.cz # TLD
cwa.gov.tw # TLD
cwi.nl # TLD
cwi.re # TLD
cwru.edu # TLD
cybercrime.gov.in # TLD
cyberfolks.pl # TLD
cyberleninka.ru # TLD
cyberok.ru # TLD
cyberpolice.nic.in # TLD
cyberprotect.ru # TLD
cyon.ch # TLD
cytanet.com.cy # TLD
d-53.jp # TLD
d-dns.pl # TLD
d-zone.ca # TLD
d2c.ne.jp # TLD
daad.de # TLD
dacom.co.kr # TLD
dafiti.com.br # TLD
daft.ie # TLD
dagbladet.no # TLD
daily.co.jp # TLD
dailyhunt.in # TLD
dailymail.co.uk # TLD
dailymaverick.co.za # TLD
dailyrecord.co.uk # TLD
dailystar.co.uk # TLD
dailytelegraph.com.au # TLD
daiwa.co.jp # TLD
dal.ca # TLD
dana.id # TLD
danas.rs # TLD
dancuquocgia.gov.vn # TLD
dandomain.dk # TLD
dansnoscoeurs.fr # TLD
dantri.com.vn # TLD
danviet.vn # TLD
daraz.com.bd # TLD
daraz.com.np # TLD
daraz.lk # TLD
daraz.pk # TLD
dartmouth.edu # TLD
daryo.uz # TLD
daserste.de # TLD
data.gouv.fr # TLD
data.gov # TLD
data.gov.uk # TLD
datacloudmail.ru # TLD
datadoghq.eu # TLD
dataprev.gov.br # TLD
dataprivacyframework.gov # TLD
datart.cz # TLD
datenschutz-generator.de # TLD
datev.de # TLD
dayunlinks.cn # TLD
db.tt # TLD
dba.dk # TLD
dbankcdn.cn # TLD
dbankcdn.ru # TLD
dbankcloud.cn # TLD
dbankcloud.eu # TLD
dbankcloud.ru # TLD
dbankedge.cn # TLD
dbs.cl # TLD
dc.gov # TLD
dcard.tw # TLD
dcloud.net.cn # TLD
dcu.ie # TLD
ddizi.im # TLD
ddns-intelbras.com.br # TLD
ddns.ms # TLD
ddnss.de # TLD
de-nserver.de # TLD
de.tl # TLD
de.vu # TLD
dea.gov # TLD
deakin.edu.au # TLD
dear-lottery.in # TLD
decathlon.be # TLD
decathlon.co.uk # TLD
decathlon.com.tr # TLD
decathlon.cz # TLD
decathlon.de # TLD
decathlon.es # TLD
decathlon.fr # TLD
decathlon.in # TLD
decathlon.it # TLD
decathlon.nl # TLD
decathlon.pl # TLD
dedeman.ro # TLD
defense.gov # TLD
defra.gov.uk # TLD
deine-tierwelt.de # TLD
delaware.gov # TLD
delegaciondelgobierno.gob.es # TLD
delfi.ee # TLD
delfi.lt # TLD
delfi.lv # TLD
delhigovt.nic.in # TLD
delima.edu.my # TLD
deliveroo.co.uk # TLD
dellin.ru # TLD
deltaexploits.gg # TLD
deltafibernederland.nl # TLD
demande-logement-social.gouv.fr # TLD
demon.co.uk # TLD
demonoid.ch # TLD
demorgen.be # TLD
denfaminicogamer.jp # TLD
denic.de # TLD
denik.cz # TLD
dennikn.sk # TLD
deodap.in # TLD
depaul.edu # TLD
deped.gov.ph # TLD
dephub.go.id # TLD
dergipark.org.tr # TLD
derstandard.at # TLD
derwesten.de # TLD
desarrollohumano.gob.ec # TLD
desipussy.in # TLD
desktop.com.br # TLD
destatis.de # TLD
destentor.nl # TLD
desy.de # TLD
detik.net.id # TLD
detmir.ru # TLD
detran.mg.gov.br # TLD
detran.rj.gov.br # TLD
detran.sp.gov.br # TLD
deutsche-bank.de # TLD
deutschepost.de # TLD
deutschlandfunk.de # TLD
deutschlandfunkkultur.de # TLD
dev.to # TLD
devline.tv # GeoIP (RU)
devmail.ru # TLD
dexter.com.ar # TLD
dfat.gov.au # TLD
dfb.de # TLD
dfmc.com.cn # TLD
dfn.de # TLD
dfn.nl # TLD
dg-datenschutz.de # TLD
dgt.gob.es # TLD
dhl.de # TLD
dhlecommerce.com.tr # TLD
dhlottery.co.kr # TLD
dhm.de # TLD
dhnet.be # TLD
dhosting.pl # TLD
dhs.gov # TLD
di-net.ru # TLD
di.gov.eg # TLD
di.se # TLD
diamond.jp # TLD
diariodenavarra.es # TLD
diariodocomercio.com.br # TLD
dice.fm # TLD
dice.se # TLD
dichvucong.gov.vn # TLD
diesiedleronline.de # TLD
digi.ro # TLD
digi24.ro # TLD
digicert.cn # TLD
digiform.ir # TLD
digilocker.gov.in # TLD
digiseller.com # GeoIP (RU)
digisport.ro # TLD
digital-id.my # TLD
digital.gov.eg # TLD
digital.govt.nz # TLD
digitalamhara.et # TLD
digitalcaramel.com # GeoIP (RU)
digitalgov.gov # TLD
digitalgujarat.gov.in # TLD
digitallocker.gov.in # TLD
digitalpacific.com.au # TLD
digitalstage.jp # TLD
digitaltarget.ru # TLD
dilib.vn # TLD
dinos.co.jp # TLD
dioezesennetz.de # TLD
dion.ne.jp # TLD
dion.vc # TLD
diplo.de # TLD
direct.gov.uk # TLD
directcrm.ru # TLD
diretta.it # TLD
dischem.co.za # TLD
discord.gg # TLD
disney.co.jp # TLD
distmed.com # GeoIP (RU)
district.in # TLD
divar.ir # TLD
dixy.ru # TLD
djerycom.ug # TLD
djpunjab.is # TLD
dknadmin.be # TLD
dkttc.ac.th # TLD
dlr.de # TLD
dm.de # TLD
dmed.kz # TLD
dmi.dk # TLD
dmm.co.jp # TLD
dn.se # TLD
dnb.de # TLD
dnb.no # TLD
dnevnik.hr # TLD
dnevnik.ru # TLD
dnevnik.si # TLD
dnevno.hr # TLD
dnews.gr # TLD
dni.gov # TLD
dnipro-m.ua # TLD
dns-servers.vn # TLD
dns-shop.ru # TLD
dns-tm.us # TLD
dns.ar # TLD
dns.br # TLD
dns.cn # TLD
dns.com.cn # TLD
dns.edu.cn # TLD
dns.eu # TLD
dns.id # TLD
dns.it # TLD
dns.jp # TLD
dns.kr # TLD
dns.lv # TLD
dns.ne.jp # TLD
dns.net.nz # TLD
dns.net.za # TLD
dns.nl # TLD
dns.pt # TLD
dns.sa # TLD
dns.sb # TLD
dns.si # TLD
dns.tw # TLD
dns.ws # TLD
dns1.co.za # TLD
dns2.co.za # TLD
dns2.edu.cn # TLD
dns24.hu # TLD
dns3.edu.cn # TLD
dnspod.cn # TLD
dnsv.jp # TLD
dnsv1.com.cn # TLD
do.am # TLD
doc.gov # TLD
docdoc.ru # TLD
docomo.ne.jp # TLD
docs.rs # TLD
doctissimo.fr # TLD
doctolib.de # TLD
doctolib.fr # TLD
doctoralia.com.br # TLD
doctoralia.com.mx # TLD
documentonews.gr # TLD
doda.jp # TLD
doe.gov # TLD
doi.gov # TLD
dol.gov # TLD
domain.by # TLD
domain.com.au # TLD
domainers.de # TLD
domainkunden.de # TLD
domaintechnik.at # TLD
domclick.ru # TLD
domengood.ru # TLD
domenus.ru # TLD
dominiosecuador.ec # TLD
domob.cn # TLD
domru.biz # GeoIP (RU)
domru.ru # TLD
donationalerts.com # GeoIP (RU)
donedeal.ie # TLD
donmai.us # TLD
dontworry.su # TLD
dopa.go.th # TLD
dord.gov.in # TLD
dorsandesk.ir # TLD
doruk.net.tr # TLD
dorzeczy.pl # TLD
dost.gov.ph # TLD
dot.gov # TLD
dotfashion.cn # TLD
dothome.co.kr # TLD
dotvndns.vn # TLD
douglas.de # TLD
download.it # TLD
download1music.ir # TLD
doxologia.ro # TLD
doxygen.nl # TLD
doz.pl # TLD
dpbosss.net.in # TLD
dpd.co.uk # TLD
dpd.de # TLD
dpd.ru # TLD
dpdgroup.co.uk # TLD
dpgmedia.nl # TLD
dr.dk # TLD
dragonpass.ca # TLD
draugas.lt # TLD
dreammail.jp # TLD
drecom.jp # TLD
drexel.edu # TLD
drive-data.ru # TLD
drive.com.au # TLD
drive2.ru # TLD
drmax.ro # TLD
drogaraia.com.br # TLD
drogariasaopaulo.com.br # TLD
drogariaspacheco.com.br # TLD
drogasil.com.br # TLD
drom.ru # TLD
dropgame.jp # TLD
drugabuse.gov # TLD
drugvokrug.ru # TLD
druni.es # TLD
drweb.com # GeoIP (RU)
dskdirect.bg # TLD
dsname.ru # TLD
dsts.cloud # GeoIP (RU)
dtag.de # TLD
dtf.ru # TLD
dti.ne.jp # TLD
dtkn.ru # TLD
dtln.ru # TLD
dto.jp # TLD
dtu.dk # TLD
du.edu # TLD
dubizzle.com.eg # TLD
duden.de # TLD
duke.edu # TLD
dukeupress.edu # TLD
dump.cl # TLD
dundee.ac.uk # TLD
duolingo.cn # TLD
dur.ac.uk # TLD
dutchnews.nl # TLD
duunitori.fi # TLD
dw-world.de # TLD
dw.de # TLD
dwd.de # TLD
dynotech.io # GeoIP (RU)
dzen.ru # TLD
dzeninfra.ru # TLD
dziennik.pl # TLD
dziennikzachodni.pl # TLD
e-docs.es.gov.br # TLD
e-gov.go.jp # TLD
e-jumbo.gr # TLD
e-recht24.de # TLD
e-tesda.gov.ph # TLD
e1.ru # TLD
e24.no # TLD
e5.sk # TLD
eadaily.com # GeoIP (RU)
eapteka.ru # TLD
eaqbr.com.br # TLD
earn.fm # TLD
easybell.de # TLD
easybet.co.za # TLD
easyhost.be # TLD
easynet.co.uk # TLD
easytrader.ir # TLD
eb.mil.br # TLD
eba.gov.tr # TLD
ebally.co.uk # TLD
ebay-kleinanzeigen.de # TLD
ebay.be # TLD
ebay.ca # TLD
ebay.co.uk # TLD
ebay.com.au # TLD
ebay.de # TLD
ebay.es # TLD
ebay.fr # TLD
ebay.ie # TLD
ebay.it # TLD
ebc.com.br # TLD
ebet.co.sz # TLD
ebi.ac.uk # TLD
ec-lyon.fr # TLD
ecfr.gov # TLD
echodnia.eu # TLD
eci.gov.in # TLD
ecitizen.go.ke # TLD
ecnavi.jp # TLD
ecnl.ru # TLD
ecomdata.de # TLD
ecopsy.com # GeoIP (RU)
ecourts.gov.in # TLD
ecu.edu # TLD
ed.ac.uk # TLD
ed.gov # TLD
ed.nl # TLD
eddie4.nl # TLD
edeka.de # TLD
edf.fr # TLD
edgecdn.co # GeoIP (RU)
edgecdn.ru # TLD
edgedns-tm.us # TLD
edgedns.ru # TLD
edinos.ru # TLD
edna.id # TLD
edna.ru # TLD
edreams.es # TLD
edreams.it # TLD
edu.gob.sv # TLD
educacao.go.gov.br # TLD
educacao.mg.gov.br # TLD
educacao.pe.gov.br # TLD
educacao.sp.gov.br # TLD
educacion.gob.ar # TLD
educacion.gob.es # TLD
education.dz # TLD
education.fr # TLD
education.gov.in # TLD
education.ne.jp # TLD
educationportal3.in # TLD
educause.edu # TLD
eduvulcan.pl # TLD
ee.co.uk # TLD
eeoc.gov # TLD
efko.ru # TLD
efsyn.gr # TLD
eftps.gov # TLD
egais.ru # TLD
eganet.go.tz # TLD
eghrmis.gov.my # TLD
egov.uz # TLD
egramswaraj.gov.in # TLD
ehu.es # TLD
eia.gov # TLD
eisz.kz # TLD
eitaa.ir # TLD
ejalshakti.gov.in # TLD
ekino-tv.pl # TLD
ekstrabladet.dk # TLD
elcomercio.pe # TLD
elcorteingles.es # TLD
eldiario.es # TLD
eldiariomontanes.es # TLD
eldorado.gg # TLD
eleconomista.com.mx # TLD
eleconomista.es # TLD
electro-com.ru # TLD
electrodepot.fr # TLD
elem.mobi # GeoIP (RU)
elephantbet.co.ao # TLD
elephantbet.co.mz # TLD
elfinanciero.com.mx # TLD
elibrary.ru # TLD
elisa.ee # TLD
elisa.fi # TLD
elle.fr # TLD
elmundo.es # TLD
elonara.com.au # TLD
elpais.com.uy # TLD
elsevier.es # TLD
elster.de # TLD
elte.hu # TLD
eltiempo.es # TLD
eluniversal.com.mx # TLD
elysee.fr # TLD
em.com.br # TLD
ema.md # TLD
emag.bg # TLD
emag.hu # TLD
emag.ro # TLD
emaktab.uz # TLD
emalls.ir # TLD
emb-japan.go.jp # TLD
embrapa.br # TLD
emergent.sh # TLD
emgsound.ru # TLD
emisoras.com.mx # TLD
emmikochteinfach.de # TLD
emory.edu # TLD
enabiz.gov.tr # TLD
enamad.ir # TLD
enchanted.gg # TLD
energy.gov # TLD
energystar.gov # TLD
engie.fr # TLD
england.nhs.uk # TLD
english-heritage.org.uk # TLD
enjoei.com.br # TLD
ens-lyon.fr # TLD
ens.fr # TLD
entekhab.ir # TLD
entel.cl # TLD
enthdf.fr # TLD
env.go.jp # TLD
eol.cn # TLD
eolas.fr # TLD
eonet.ne.jp # TLD
epa.gov # TLD
epfindia.gov.in # TLD
epfl.ch # TLD
epiccare.ie # TLD
epicentrk.ua # TLD
epicsports.in # TLD
eplus.jp # TLD
epoq.de # TLD
epoznan.pl # TLD
eprocure.gov.bd # TLD
eqoe.cn # TLD
equidia.fr # TLD
er.ru # TLD
erau.edu # TLD
erli.pl # TLD
ernet.in # TLD
ernstings-family.de # TLD
erodate.pl # TLD
erotikforum.at # TLD
err.ee # TLD
ertelecom.ru # TLD
esa.co.za # TLD
esafeline.com # GeoIP (RU)
eschool.edu.ps # TLD
escolavirtual.gov.br # TLD
escortsandbabes.com.au # TLD
esdnevnik.rs # TLD
eshot.gov.tr # TLD
esic.gov.in # TLD
esm.sh # TLD
esocial.gov.br # TLD
esphere.ru # TLD
espn.co.uk # TLD
espn.com.ar # TLD
espn.com.br # TLD
espn.com.do # TLD
espn.com.mx # TLD
espn.com.ve # TLD
espn.in # TLD
espritgames.ru # TLD
esse-online.jp # TLD
essential.gg # TLD
essex.ac.uk # TLD
estacio.br # TLD
estadao.com.br # TLD
estama.jp # TLD
esteri.it # TLD
esthe-ranking.jp # TLD
estranky.cz # TLD
estrepublicain.fr # TLD
esy.es # TLD
etagi.com # GeoIP (RU)
ethiolottery.et # TLD
ethz.ch # TLD
etisalat.ae # TLD
etisalatdomains.ae # TLD
etudiant.gouv.fr # TLD
eudora.com.br # TLD
eur.nl # TLD
euro.com.pl # TLD
euroauto.ru # TLD
eurobet.it # TLD
eurointegration.com.ua # TLD
euronic.fi # TLD
europa.eu # TLD
europapress.es # TLD
europe1.fr # TLD
europeana.eu # TLD
eurosport.de # TLD
eurosport.fr # TLD
eurosport.it # TLD
eutelia.it # TLD
eva.ua # TLD
eva.vn # TLD
even3.com.br # TLD
eventbrite.ca # TLD
eventbrite.co.uk # TLD
eventbrite.com.au # TLD
eventbrite.de # TLD
eventbrite.it # TLD
eventim.de # TLD
evotor.ru # TLD
evraz.com # GeoIP (RU)
eway.in.ua # TLD
ewaybillgst.gov.in # TLD
examens-concours.gouv.fr # TLD
examinationservices.nic.in # TLD
exblog.jp # TLD
excite.co.jp # TLD
exeter.ac.uk # TLD
exoscale.ch # TLD
expedia.ca # TLD
expedia.co.uk # TLD
expert.ru # TLD
expf.ru # TLD
exploratorium.edu # TLD
export.gov # TLD
express.co.uk # TLD
express.de # TLD
expressen.se # TLD
expresso.pt # TLD
exs.pl # TLD
ext.to # TLD
extra.com.br # TLD
extra.cz # TLD
extranjeria.gob.cl # TLD
eye4.cn # TLD
eyeo.it # TLD
eztvx.to # TLD
ezvizru.com # GeoIP (RU)
f-dns.pl # TLD
f.cx # TLD
f1.com.tw # TLD
f6.security # GeoIP (RU)
f95zone.to # TLD
faa.gov # TLD
faberlic.com # GeoIP (RU)
fabrikant.ru # TLD
facct.ru # TLD
facio.com.br # TLD
fakt.pl # TLD
fakti.bg # TLD
falabella.com.pe # TLD
famikura-store.jp # TLD
familie.de # TLD
family.co.jp # TLD
familyclub.jp # TLD
famu.jp # TLD
fanatik.com.tr # TLD
fanotech.ir # TLD
fanpage.it # TLD
fantia.jp # TLD
fardayetaze.ir # TLD
farmaciatei.ro # TLD
faroutmagazine.co.uk # TLD
farpost.ru # TLD
farsnews.ir # TLD
fasthosts.co.uk # TLD
fastpath.gr # TLD
fastpic.ru # TLD
fastweb.it # TLD
fastwebnet.it # TLD
fattoincasadabenedetta.it # TLD
fatum.ru # TLD
fau.de # TLD
fau.edu # TLD
fawanews.sc # TLD
fazenda.gov.br # TLD
fb.gg # TLD
fbi.gov # TLD
fbise.edu.pk # TLD
fc-zenit.ru # TLD
fca.org.uk # TLD
fcatvps.de # TLD
fcc.gov # TLD
fccn.pt # TLD
fcdm.ru # TLD
fcdynamo.ru # TLD
fcinter1908.it # TLD
fco.gov.uk # TLD
fda.gov # TLD
fdic.gov # TLD
fdj.fr # TLD
fec.gov # TLD
federalregister.gov # TLD
federalreserve.gov # TLD
feishewang.cn # TLD
feishu.cn # TLD
felissimo.co.jp # TLD
felizes.pt # TLD
fema.gov # TLD
femd.ws # TLD
femina.hu # TLD
fernsehserien.de # TLD
fes.de # TLD
fff.fr # TLD
ffkipas.my.id # TLD
ffm.to # TLD
fgirl.ch # TLD
fgov.be # TLD
fgv.br # TLD
fidal.it # TLD
files.fm # TLD
film.ru # TLD
filmix.my # TLD
filmmakinesi.to # TLD
filmstarts.de # TLD
filmweb.pl # TLD
finam.ru # TLD
finance.gov.bd # TLD
finanze.it # TLD
finanznachrichten.de # TLD
fincen.gov # TLD
finder.co.kr # TLD
finn.no # TLD
finna.fi # TLD
finya.de # TLD
fio.cz # TLD
fiocruz.br # TLD
fips.ru # TLD
firefox.com.cn # TLD
first-id.fr # TLD
firstbytedns.ru # TLD
firstvds.ru # TLD
fishki.net # GeoIP (RU)
fitorf.ru # TLD
fiu.edu # TLD
fixtelega.co.uk # TLD
fl.gov # TLD
flant.com # GeoIP (RU)
flashb.id # TLD
flashscore.co.id # TLD
flashscore.co.uk # TLD
flashscore.co.za # TLD
flashscore.com.br # TLD
flashscore.com.ng # TLD
flashscore.com.tr # TLD
flashscore.com.ua # TLD
flashscore.com.ve # TLD
flashscore.de # TLD
flashscore.es # TLD
flashscore.fr # TLD
flashscore.gr # TLD
flashscore.in # TLD
flashscore.pe # TLD
flashscore.pl # TLD
flashscore.pt # TLD
flashscore.ro # TLD
flashscore.sk # TLD
flashscore.ua # TLD
flavii.ru # TLD
flexbe.ru # TLD
flexwebhosting.nl # TLD
flic.kr # TLD
flinders.edu.au # TLD
flixtor.to # TLD
flocktory.com # GeoIP (RU)
flsenate.gov # TLD
flux.jp # TLD
flysleep.cn # TLD
fmb.la # TLD
fmprc.gov.cn # TLD
fnal.gov # TLD
fnn.jp # TLD
focus.cn # TLD
focus.de # TLD
folieporno.fr # TLD
follow.it # TLD
fon.bet # GeoIP (RU)
fontanka.ru # TLD
food.gov.uk # TLD
foodnetwork.co.uk # TLD
foodsharing.de # TLD
football.ua # TLD
football24.ua # TLD
football360.ir # TLD
forbes.ru # TLD
fordham.edu # TLD
foreca.fi # TLD
forpsi.cz # TLD
forsal.pl # TLD
fortebet.ug # TLD
forth.gr # TLD
forthnet.gr # TLD
fortnite.gg # TLD
fortum.ru # TLD
forum24.ru # TLD
forumwanda.pl # TLD
fotocasa.es # TLD
fotogramas.es # TLD
fotomac.com.tr # TLD
fotostrana.ru # TLD
foundit.in # TLD
fourmilab.ch # TLD
fout.jp # TLD
foxkitcloud.ru # TLD
foxsports.com.au # TLD
foxtrot.com.ua # TLD
fpt.vn # TLD
fr.de # TLD
fr.im # TLD
fr.ru # TLD
fragrantica.com.br # TLD
fragrantica.es # TLD
francebleu.fr # TLD
franceconnect.gouv.fr # TLD
franceinfo.fr # TLD
francetravail.fr # TLD
francetvinfo.fr # TLD
fraunhofer.de # TLD
freakyza.co.za # TLD
frebsite.nl # TLD
free-pokies.co.nz # TLD
free-tracker.ga # TLD
free.fr # TLD
freedns.si # TLD
freedom.to # TLD
freedom1.ru # TLD
freee.co.jp # TLD
freemail.hu # TLD
freemeteo.gr # TLD
freenet.de # TLD
freeserve.co.uk # TLD
freevideo.cz # TLD
freifunk-stuttgart.de # TLD
freightpass.ca # TLD
freundin.de # TLD
fril.jp # TLD
frontol.ru # TLD
fsolver.fr # TLD
fsu.edu # TLD
ftc.gov # TLD
ftc.ru # TLD
fu-berlin.de # TLD
fudan.edu.cn # TLD
fueleconomy.gov # TLD
fujian.gov.cn # TLD
fujinkoron.jp # TLD
fujitv.co.jp # TLD
fujoho.jp # TLD
fukuishimbun.co.jp # TLD
full-count.jp # TLD
fullcast.jp # TLD
fullerton.edu # TLD
funda.nl # TLD
funeral-notices.co.uk # TLD
funet.fi # TLD
funix.nl # TLD
funtime.su # TLD
furusato-tax.jp # TLD
fussball.de # TLD
fut.gg # TLD
futbol-libre.su # TLD
futbol-libres.su # TLD
futbollibregol.pe # TLD
fuzoku.jp # TLD
fvds.ru # TLD
fws.gov # TLD
fxtools.gl # TLD
fz-juelich.de # TLD
g-cloud.by # TLD
g.cn # TLD
g123.jp # TLD
g4media.ro # TLD
g777.ph # TLD
ga.gov # TLD
gabia.co.kr # TLD
gag.gg # TLD
gala.de # TLD
gala.fr # TLD
galaxus.ch # TLD
galaxycloud.ru # TLD
galaxydata.ru # TLD
gals-telecom.ru # TLD
gama.ir # TLD
gamberorosso.it # TLD
gamblerzone.ca # TLD
gamblingcommission.gov.uk # TLD
gamcare.org.uk # TLD
game8.jp # TLD
gameassists.co.uk # TLD
gamecity.ne.jp # TLD
gamefactory.jp # TLD
gameinstaller.ru # TLD
gamemania.co.ke # TLD
gamer-network.uk # TLD
gamer.com.tw # TLD
gamestar.de # TLD
gamewith.jp # TLD
gamma.nl # TLD
gandi-ns.fr # TLD
gao.gov # TLD
gaohuaassetmanagement.cn # TLD
gaohuasecurities.cn # TLD
gapcanada.ca # TLD
garant.ru # TLD
garanteprivacy.it # TLD
garena.vn # TLD
garotocomlocal.com.br # TLD
gashapon.jp # TLD
gastecnologia.com.br # TLD
gastronom.ru # TLD
gatech.edu # TLD
gateio.ws # TLD
gayforit.eu # TLD
gayporno.fm # TLD
gayporntube.com # GeoIP (RU)
gazeta.pl # TLD
gazeta.ru # TLD
gazetadopovo.com.br # TLD
gazetaprawna.pl # TLD
gazetawroclawska.pl # TLD
gazprom-neft.ru # TLD
gazprom.ru # TLD
gazprombank.ru # TLD
gazzetta.gr # TLD
gazzetta.it # TLD
gazzettaufficiale.it # TLD
gba.gov.ar # TLD
gcc.go.kr # TLD
gccdn.cn # TLD
gcprivacy.id # TLD
gcu.edu # TLD
gd.gov.cn # TLD
gda.pl # TLD
gdatasecurity.de # TLD
gdemoideti.ru # TLD
gdpr-info.eu # TLD
gdpr.eu # TLD
gdt.gov.vn # TLD
gdz-raketa.ru # TLD
gdz.ru # TLD
gece.az # TLD
gegen-hartz.de # TLD
gekisaka.jp # TLD
gelderlander.nl # TLD
gem.gov.in # TLD
gemius.pl # TLD
gemo.fr # TLD
geni.us # TLD
genial.ly # TLD
geniee.jp # TLD
genieesspv.jp # TLD
genome.gov # TLD
genybet.fr # TLD
geo.de # TLD
geobasket.ru # TLD
geocities.co.jp # TLD
geocities.jp # TLD
geocities.ws # TLD
geoedge.be # TLD
geograph.org.uk # TLD
geopop.it # TLD
georgetown.edu # TLD
georgia.gov # TLD
gesetze-im-internet.de # TLD
getcourse.ru # TLD
getshop.tv # GeoIP (RU)
getty.edu # TLD
gettyimages.co.uk # TLD
gettyimages.in # TLD
gfx.ms # TLD
ggsel.com # GeoIP (RU)
ggsel.net # GeoIP (RU)
giallozafferano.it # TLD
gib.gov.tr # TLD
gid.ru # TLD
giex.ru # TLD
gifi.fr # TLD
giga.chat # GeoIP (RU)
giga.de # TLD
gigahost.dk # TLD
gigasena.com.br # TLD
gimyai.tw # TLD
giornalone.it # TLD
giraff.io # GeoIP (RU)
giroditalia.it # TLD
gismeteo.by # TLD
gismeteo.kz # TLD
gismeteo.ru # TLD
gitter.im # TLD
giz.de # TLD
gizmodo.jp # TLD
gla.ac.uk # TLD
glamourmagazine.co.uk # TLD
glasoperator.nl # TLD
glassdoor.co.in # TLD
glassdoor.co.uk # TLD
glassdoor.com.br # TLD
glasvezelactiveren.nl # TLD
glauco.it # TLD
glavbukh.ru # TLD
global-hotspot.ru # TLD
global.gc.ca # TLD
globalnews.ca # TLD
globalresearch.ca # TLD
globaltimes.cn # TLD
globe.com.ph # TLD
globes.co.il # TLD
gloryads.ru # TLD
gmarket.co.kr # TLD
gmu.edu # TLD
gmw.cn # TLD
gmx.ch # TLD
gnavi.co.jp # TLD
gnezdo.ru # TLD
gobid.co.za # TLD
gocase.com.br # TLD
goethe.de # TLD
gofizz.in # TLD
goias.gov.br # TLD
goindigo.in # TLD
gold.ac.uk # TLD
goldapple.ru # TLD
goldbet.it # TLD
goldengate.hu # TLD
golem.de # TLD
golfdigest.co.jp # TLD
goneo.de # TLD
goo.gl # TLD
goo.ne.jp # TLD
goo.su # TLD
goodreturns.in # TLD
googirl.jp # TLD
google.ac # TLD
google.ad # TLD
google.ae # TLD
google.al # TLD
google.am # TLD
google.as # TLD
google.at # TLD
google.az # TLD
google.ba # TLD
google.be # TLD
google.bf # TLD
google.bg # TLD
google.bi # TLD
google.bj # TLD
google.bs # TLD
google.bt # TLD
google.by # TLD
google.ca # TLD
google.cd # TLD
google.cf # TLD
google.cg # TLD
google.ch # TLD
google.ci # TLD
google.cl # TLD
google.cm # TLD
google.cn # TLD
google.co.ao # TLD
google.co.bw # TLD
google.co.ck # TLD
google.co.cr # TLD
google.co.id # TLD
google.co.il # TLD
google.co.in # TLD
google.co.jp # TLD
google.co.ke # TLD
google.co.kr # TLD
google.co.ls # TLD
google.co.ma # TLD
google.co.mz # TLD
google.co.nz # TLD
google.co.th # TLD
google.co.tz # TLD
google.co.ug # TLD
google.co.uk # TLD
google.co.uz # TLD
google.co.ve # TLD
google.co.vi # TLD
google.co.za # TLD
google.co.zm # TLD
google.co.zw # TLD
google.com.af # TLD
google.com.ag # TLD
google.com.ar # TLD
google.com.au # TLD
google.com.bd # TLD
google.com.bh # TLD
google.com.bn # TLD
google.com.bo # TLD
google.com.br # TLD
google.com.bz # TLD
google.com.cu # TLD
google.com.cy # TLD
google.com.do # TLD
google.com.ec # TLD
google.com.eg # TLD
google.com.et # TLD
google.com.fj # TLD
google.com.gh # TLD
google.com.gi # TLD
google.com.gt # TLD
google.com.jm # TLD
google.com.kh # TLD
google.com.kw # TLD
google.com.lb # TLD
google.com.ly # TLD
google.com.mm # TLD
google.com.mt # TLD
google.com.mx # TLD
google.com.my # TLD
google.com.na # TLD
google.com.nf # TLD
google.com.ng # TLD
google.com.ni # TLD
google.com.np # TLD
google.com.om # TLD
google.com.pa # TLD
google.com.pe # TLD
google.com.pg # TLD
google.com.ph # TLD
google.com.pk # TLD
google.com.pr # TLD
google.com.py # TLD
google.com.qa # TLD
google.com.sa # TLD
google.com.sb # TLD
google.com.sg # TLD
google.com.sl # TLD
google.com.sv # TLD
google.com.tj # TLD
google.com.tr # TLD
google.com.tw # TLD
google.com.ua # TLD
google.com.uy # TLD
google.com.vc # TLD
google.com.vn # TLD
google.cv # TLD
google.cz # TLD
google.de # TLD
google.dj # TLD
google.dk # TLD
google.dm # TLD
google.dz # TLD
google.ee # TLD
google.es # TLD
google.eu # TLD
google.fi # TLD
google.fm # TLD
google.fr # TLD
google.ga # TLD
google.ge # TLD
google.gg # TLD
google.gl # TLD
google.gm # TLD
google.gp # TLD
google.gr # TLD
google.gy # TLD
google.hn # TLD
google.hr # TLD
google.ht # TLD
google.hu # TLD
google.ie # TLD
google.im # TLD
google.in # TLD
google.iq # TLD
google.is # TLD
google.it # TLD
google.je # TLD
google.jo # TLD
google.kg # TLD
google.ki # TLD
google.kz # TLD
google.la # TLD
google.li # TLD
google.lk # TLD
google.lt # TLD
google.lu # TLD
google.lv # TLD
google.md # TLD
google.mg # TLD
google.mk # TLD
google.ml # TLD
google.mn # TLD
google.ms # TLD
google.mu # TLD
google.mv # TLD
google.mw # TLD
google.ne # TLD
google.nl # TLD
google.no # TLD
google.nr # TLD
google.nu # TLD
google.pl # TLD
google.pn # TLD
google.ps # TLD
google.pt # TLD
google.ro # TLD
google.rs # TLD
google.ru # TLD
google.rw # TLD
google.sc # TLD
google.se # TLD
google.sh # TLD
google.si # TLD
google.sk # TLD
google.sm # TLD
google.sn # TLD
google.so # TLD
google.sr # TLD
google.st # TLD
google.td # TLD
google.tg # TLD
google.tk # TLD
google.tl # TLD
google.tm # TLD
google.tn # TLD
google.to # TLD
google.tt # TLD
google.us # TLD
google.vg # TLD
google.vu # TLD
google.ws # TLD
googleapis.cn # TLD
goojara.to # TLD
goope.jp # TLD
gorodok.bz # TLD
gospodynka.com.ua # TLD
gosuslugi.ru # TLD
goszakup.gov.kz # TLD
gotoassist.at # TLD
gouv.qc.ca # TLD
gouvernement.fr # TLD
gov.bc.ca # TLD
gov.hu # TLD
gov.on.ca # TLD
gov.ru # TLD
gov.uz # TLD
government.bg # TLD
government.nl # TLD
government.ru # TLD
governo.it # TLD
govinfo.gov # TLD
govtrack.us # TLD
govtschemes.in # TLD
goznak.ru # TLD
gpb.ru # TLD
gpk.eu # TLD
gpmdata.ru # TLD
gpo.gov # TLD
gprocurement.go.th # TLD
gq-magazine.co.uk # TLD
grail.bz # TLD
granbluefantasy.jp # TLD
grants.gov # TLD
grapee.jp # TLD
gratisafhalen.be # TLD
gratiskryssord.no # TLD
grazia.fr # TLD
grazia.it # TLD
gree.jp # TLD
greenend.org.uk # TLD
grena.ge # TLD
gribu.lv # TLD
griffith.edu.au # TLD
grnet.gr # TLD
growone.sg # TLD
growthrx.in # TLD
groww.in # TLD
grserver.gr # TLD
gry-online.pl # TLD
gsa.gov # TLD
gsis.gr # TLD
gslbnspk.ru # TLD
gsp.ro # TLD
gsspat.jp # TLD
gssprt.jp # TLD
gst.gov.in # TLD
gstatic.cn # TLD
gsu.edu # TLD
gsuplementos.com.br # TLD
gsxt.gov.cn # TLD
gtimg.cn # TLD
gu-st.ru # TLD
gu.se # TLD
guardian.co.uk # TLD
guardian.ng # TLD
guess.eu # TLD
guim.co.uk # TLD
gujarat.gov.in # TLD
gujgov.edu.in # TLD
gumtree.com.au # TLD
guu.ru # TLD
gva.be # TLD
gva.es # TLD
gvt.net.br # TLD
gwadar.cn # TLD
gwdg.de # TLD
gwu.edu # TLD
gyakorikerdesek.hu # TLD
gzone.ph # TLD
h-dns.pl # TLD
ha.rs # TLD
haaretz.co.il # TLD
habr.com # Keyword
hacettepe.edu.tr # TLD
hainan.gov.cn # TLD
halifax-online.co.uk # TLD
halktv.com.tr # TLD
halykbank.kz # TLD
hama-sushi.co.jp # TLD
hamburg.de # TLD
hamraazmp8.gov.in # TLD
hamshahrionline.ir # TLD
handbrake.fr # TLD
handycomic.jp # TLD
handyhost.ru # TLD
hange.jp # TLD
hani.co.kr # TLD
happ.su # TLD
happymail.co.jp # TLD
hapsee.cn # TLD
hapseemate.cn # TLD
haraj.com.sa # TLD
hardoff.co.jp # TLD
hardverapro.hu # TLD
harica.gr # TLD
harry.lu # TLD
harvard.edu # TLD
haryana.gov.in # TLD
has-sante.fr # TLD
hasil.gov.my # TLD
hasznaltauto.hu # TLD
hatena.ne.jp # TLD
haufe.de # TLD
havan.com.br # TLD
havegreatday.co.uk # TLD
hawaii.edu # TLD
hawaii.gov # TLD
haxx.se # TLD
haystack.es # TLD
hbs.edu # TLD
hbvl.be # TLD
hdblog.it # TLD
hdfilmcehennemi.nl # TLD
hdhub4u.cl # TLD
hdhub4u.fo # TLD
healmate.jp # TLD
health.gov # TLD
health.gov.au # TLD
healthcare.gov # TLD
healthdirect.gov.au # TLD
hearthis.at # TLD
hef.co.ke # TLD
heise.de # TLD
hekko.net.pl # TLD
helsinki.fi # TLD
hema.nl # TLD
hemnet.se # TLD
henan.gov.cn # TLD
heovl.im # TLD
heraldo.es # TLD
heraldsun.com.au # TLD
heroeswm.ru # TLD
hesap.com.tr # TLD
hessen.de # TLD
hessenschau.de # TLD
heteml.jp # TLD
hetzner.de # TLD
heureka.cz # TLD
heute.at # TLD
hexawall.ru # TLD
hexin.cn # TLD
hh.ru # TLD
hhkungfu.ee # TLD
hhpanda.st # TLD
hhs.gov # TLD
hhu.de # TLD
hi-ho.ne.jp # TLD
hibiny.ru # TLD
hiddenvpn.ru # TLD
hik-connectru.com # GeoIP (RU)
hikvision-cctv.su # TLD
hiroshima-u.ac.jp # TLD
hitachi.co.jp # TLD
hitomi.la # TLD
hitta.se # TLD
hl.co.uk # TLD
hln.be # TLD
hmetro.com.my # TLD
hmv.co.jp # TLD
hna.de # TLD
hoerzu.de # TLD
hokudai.ac.jp # TLD
hol.gr # TLD
holidaycheck.de # TLD
home.ne.jp # TLD
home.pl # TLD
homeaffairs.gov.au # TLD
homedepot.ca # TLD
homedepot.com.mx # TLD
homegate.ch # TLD
homeoffice.gov.uk # TLD
homes.co.jp # TLD
hometax.go.kr # TLD
honda.co.jp # TLD
honto.jp # TLD
hornbach.de # TLD
hornbach.nl # TLD
hospedagemdesites.ws # TLD
host-food.ru # TLD
host-it.co.uk # TLD
hoster.by # TLD
hoster.kz # TLD
hoster.ru # TLD
hosteurope.de # TLD
hostfactory.ch # TLD
hostgator.com.br # TLD
hostgator.in # TLD
hostgator.mx # TLD
hostico.ro # TLD
hosting.cl # TLD
hosting.co.kr # TLD
hosting.de # TLD
hostingplatform.net.au # TLD
hostingradio.ru # TLD
hostland.ru # TLD
hostname.cl # TLD
hostnet.com.br # TLD
hostnet.nl # TLD
hostpoint.ch # TLD
hosttech.ch # TLD
hot.net.il # TLD
hotcopper.com.au # TLD
hotnews.ro # TLD
hotpepper.jp # TLD
house.gov # TLD
hover.to # TLD
howwe.ug # TLD
hp10.us # TLD
hpcl.co.in # TLD
hpplay.cn # TLD
hr-link.ru # TLD
hrsa.gov # TLD
hs.fi # TLD
hsbc.co.uk # TLD
hse.de # TLD
hse.gov.uk # TLD
hse.ru # TLD
hsmedia.ru # TLD
ht-systems.ru # TLD
hts.ru # TLD
htzq.com.cn # TLD
hu-berlin.de # TLD
huawei.com.cn # TLD
huawei.ru # TLD
huaweicloud-dns.cn # TLD
huaweicloud-dns.ru # TLD
hubble.in # TLD
hubei.gov.cn # TLD
hubs.ly # TLD
hud.gov # TLD
huffingtonpost.ca # TLD
huffingtonpost.co.uk # TLD
huffingtonpost.es # TLD
huffingtonpost.fr # TLD
huffingtonpost.it # TLD
huffingtonpost.jp # TLD
huion.cn # TLD
huji.ac.il # TLD
humanite.fr # TLD
hunan.gov.cn # TLD
huntflow.ru # TLD
huorong.cn # TLD
hurriyet.com.tr # TLD
hust.edu.cn # TLD
hvg.hu # TLD
hvosting.ua # TLD
hw.ac.uk # TLD
hwcdn.ru # TLD
hydrahd.ru # TLD
hypothes.is # TLD
i-mo.de # TLD
i-mobile.co.jp # TLD
i.ua # TLD
iam.gov.sa # TLD
iamcook.ru # TLD
iarc.fr # TLD
iastate.edu # TLD
iau.ir # TLD
ib-game.jp # TLD
ibaldr.ru # TLD
ibge.gov.br # TLD
ibps.in # TLD
ibs.it # TLD
ibscorp.ru # TLD
ibtimes.co.uk # TLD
ibus.cl # TLD
ic.ac.uk # TLD
ic3.gov # TLD
ica.se # TLD
icbc.com.cn # TLD
ice.gov # TLD
icfi.ir # TLD
ich-tanke.de # TLD
ici.fr # TLD
icio.us # TLD
iclinic.com.br # TLD
icloud.com.cn # TLD
icm.edu.pl # TLD
icmp0.ru # TLD
ico.org.uk # TLD
icq.com # GeoIP (RU)
ics-vpn.de # TLD
idaho.gov # TLD
ideal.nl # TLD
idealista.it # TLD
idealista.pt # TLD
idealo.de # TLD
idealo.fr # TLD
idnes.cz # TLD
idokep.hu # TLD
idos.cz # TLD
iec.ch # TLD
iefimerida.gr # TLD
ielove.jp # TLD
iess.gob.ec # TLD
ifema.es # TLD
ifood.com.br # TLD
iframe.ly # TLD
ig.com.br # TLD
ignou.ac.in # TLD
ignum.cz # TLD
igooods.ru # TLD
igrsup.gov.in # TLD
iha.ee # TLD
ihc.ru # TLD
ihead.ru # TLD
ihk.de # TLD
iij.ad.jp # TLD
iij.jp # TLD
iiko.it # TLD
iinet.net.au # TLD
iit.edu # TLD
iitkgp.ac.in # TLD
iitm.ac.in # TLD
ikco.ir # TLD
ikman.lk # TLD
ildolomiti.it # TLD
ilex.by # TLD
ilfattoquotidiano.it # TLD
ilfoglio.it # TLD
ilga.gov # TLD
ilgazzettino.it # TLD
ilgiornale.it # TLD
ilgiorno.it # TLD
iliad.it # TLD
illinois.edu # TLD
illinois.gov # TLD
illinoisstate.edu # TLD
ilmatieteenlaitos.fi # TLD
ilmattino.it # TLD
ilmessaggero.it # TLD
ilmeteo.it # TLD
ilogy.ru # TLD
iloveusomuch.to # TLD
iloveyourweewee.bz # TLD
ilportaledellautomobilista.it # TLD
ilpost.it # TLD
ilrestodelcarlino.it # TLD
iltalehti.fi # TLD
imageshack.us # TLD
imchip.ru # TLD
imd.gov.in # TLD
imedia.cz # TLD
imedia.ru # TLD
imgsmail.ru # TLD
imgsrc.ru # TLD
imguol.com.br # TLD
imhd.sk # TLD
immobiliare.it # TLD
immobilienscout24.de # TLD
immoweb.be # TLD
immowelt.de # TLD
imo.im # TLD
imovelweb.com.br # TLD
impact-ad.jp # TLD
imperial.ac.uk # TLD
impots.gouv.fr # TLD
impress.co.jp # TLD
imss.gob.mx # TLD
imssbienestar.gob.mx # TLD
in-addr-servers.arpa # TLD
in-addr.cn # TLD
in-pocasi.cz # TLD
in.gov # TLD
in.gov.br # TLD
in.gr # TLD
in2p3.fr # TLD
ina.fr # TLD
inappstory.ru # TLD
inaproc.id # TLD
inbox.lv # TLD
incometax.gov.in # TLD
independent.co.uk # TLD
independent.ie # TLD
index.hr # TLD
index.hu # TLD
india.gov.in # TLD
indiahood.in # TLD
indiana.edu # TLD
indianoil.in # TLD
indianrail.gov.in # TLD
indiapost.gov.in # TLD
indiatoday.in # TLD
indigo.ca # TLD
ine.es # TLD
inegi.org.mx # TLD
inep.gov.br # TLD
inet.fi # TLD
inet.vn # TLD
inews.co.uk # TLD
infn.it # TLD
infobox.ru # TLD
infofer.ro # TLD
infojobs.com.br # TLD
infomaniak.ch # TLD
infomart.co.jp # TLD
infomoney.com.br # TLD
infonavit.org.mx # TLD
infopanel.jp # TLD
infor.pl # TLD
informatic.ru # TLD
informer.rs # TLD
infoseek.co.jp # TLD
infoweb.ne.jp # TLD
ingos.ru # TLD
inmyroom.ru # TLD
inn.ru # TLD
innogames.de # TLD
inosmi.ru # TLD
inpe.br # TLD
inpost.pl # TLD
inps.it # TLD
inra.fr # TLD
inrae.fr # TLD
inria.fr # TLD
insales.ru # TLD
insalesteam.ru # TLD
insead.edu # TLD
insee.fr # TLD
inserm.fr # TLD
inside-games.jp # TLD
inss.gov.br # TLD
instyle.de # TLD
intelbras.com.br # TLD
intelbrasp2p.com.br # TLD
inter.net.il # TLD
interbet.co.za # TLD
interbusiness.it # TLD
intercars.eu # TLD
interfax.ru # TLD
interia.pl # TLD
internet2.edu # TLD
internex.at # TLD
internic.at # TLD
interno.gov.it # TLD
interros.ru # TLD
intersport.fr # TLD
intoday.in # TLD
intuit.ca # TLD
inven.co.kr # TLD
inventos.ru # TLD
investidor10.com.br # TLD
investor.gov # TLD
invitro.ru # TLD
inwx.de # TLD
ioam.de # TLD
ioh.co.id # TLD
iol.co.za # TLD
iol.pt # TLD
ionos.co.uk # TLD
ionos.de # TLD
ionos.es # TLD
ionos.fr # TLD
iowa.gov # TLD
iowl.jp # TLD
ip.sb # TLD
ipa.go.jp # TLD
ipapi.is # TLD
ipcc.ch # TLD
ipma.pt # TLD
ipmetradar.com.br # TLD
ipn.mx # TLD
iportal.ru # TLD
iprima.cz # TLD
iptv2022.com # GeoIP (RU)
iptvportal.ru # TLD
ipv4only.arpa # TLD
ipwho.is # TLD
iql.ru # TLD
irancell.ir # TLD
iranjib.ir # TLD
iranketab.ir # TLD
iranlms.ir # TLD
ircam.fr # TLD
ircep.gov.in # TLD
irctc.co.in # TLD
ird.fr # TLD
irecommend.ru # TLD
irishmirror.ie # TLD
irna.ir # TLD
irs.gov # TLD
is-mis.ru # TLD
is.co.za # TLD
is.fi # TLD
is.gd # TLD
is74.ru # TLD
isbank.com.tr # TLD
isciii.es # TLD
iserv.eu # TLD
isi.edu # TLD
isimple.ru # TLD
iskur.gov.tr # TLD
isna.ir # TLD
isnet.ru # TLD
iso.ch # TLD
ispringlearn.ru # TLD
israelhayom.co.il # TLD
istat.it # TLD
istruzione.gov.it # TLD
isweb.co.kr # TLD
itaka.pl # TLD
italia.it # TLD
itatiaia.com.br # TLD
itau.com.br # TLD
itc.cn # TLD
iteco.com # GeoIP (RU)
iti.br # TLD
itmedia.co.jp # TLD
itspro.team # GeoIP (RU)
ittefaq.com.bd # TLD
itu.ch # TLD
itu.edu.tr # TLD
iu.edu # TLD
iupui.edu # TLD
ivi.ru # TLD
ivicdn.tv # GeoIP (RU)
iwm.org.uk # TLD
ix.ru # TLD
ixbt.com # GeoIP (RU)
ixdzs.tw # TLD
iz.ru # TLD
izap24.ru # TLD
izbirkom.ru # TLD
j-dns.pl # TLD
j.mp # TLD
jadlog.com.br # TLD
jakarta.go.id # TLD
jal.co.jp # TLD
jamb.gov.ng # TLD
jameda.de # TLD
jang.com.pk # TLD
japanet.co.jp # TLD
japanpost.jp # TLD
japantimes.co.jp # TLD
jatengprov.go.id # TLD
jatimprov.go.id # TLD
jauns.lv # TLD
jav.sb # TLD
javhd.co.uk # TLD
javmost.ws # TLD
javsubid.sx # TLD
jaxa.jp # TLD
jazztel.es # TLD
jbhifi.com.au # TLD
jbzd.com.pl # TLD
jcb.co.jp # TLD
jcu.edu.au # TLD
jcyl.es # TLD
jdsports.co.uk # TLD
jemogfix.dk # TLD
jet.co.id # TLD
jet.su # TLD
jetro.go.jp # TLD
jfa.jp # TLD
jharkhand.gov.in # TLD
jhu.edu # TLD
jhuapl.edu # TLD
jiangsu.gov.cn # TLD
jiguang.cn # TLD
jimmobile.be # TLD
jino.ru # TLD
jisc.ac.uk # TLD
jisin.jp # TLD
jit.si # TLD
jivo.ru # TLD
jjlxoi.cn # TLD
jk.gov.in # TLD
jku.at # TLD
jlccptt.net.cn # TLD
jlu.edu.cn # TLD
jma.go.jp # TLD
jmty.jp # TLD
jmu.edu # TLD
jn.pt # TLD
jne.co.id # TLD
jobbank.gc.ca # TLD
jobcan.jp # TLD
jobfind.gr # TLD
jobkorea.co.kr # TLD
jobs.nhs.uk # TLD
jobsatamazon.co.uk # TLD
jockey.in # TLD
jofogas.hu # TLD
jogossantacasa.pt # TLD
johnpyeauctions.co.uk # TLD
joinindianarmy.nic.in # TLD
joinindiannavy.gov.in # TLD
joinserver.xyz # GeoIP (RU)
joom.ru # TLD
joongang.co.kr # TLD
jornada.com.mx # TLD
jorudan.co.jp # TLD
joshinweb.jp # TLD
journaldesfemmes.fr # TLD
jouwweb.nl # TLD
joyclub.de # TLD
joyn.de # TLD
joysporn.st # TLD
jps.go.cr # TLD
jpush.cn # TLD
jra.go.jp # TLD
jra.jp # TLD
jreast.co.jp # TLD
jrj.com.cn # TLD
jscrambler.com # Keyword
jst.go.jp # TLD
jsuol.com.br # TLD
jtb.co.jp # TLD
jtexpress.com.cn # TLD
juegosonce.es # TLD
juejin.cn # TLD
jugabet.cl # TLD
jugandoonline.com.ar # TLD
jugem.jp # TLD
juicyscore.com # GeoIP (RU)
jumia.com.ng # TLD
juntadeandalucia.es # TLD
jup.ag # TLD
juraforum.de # TLD
juris.de # TLD
jurnal.id # TLD
jusbrasil.com.br # TLD
juspay.in # TLD
jussieu.fr # TLD
just-eat.co.uk # TLD
just-smilenext.jp # TLD
just.ro # TLD
justhost.ru # TLD
justice.gov # TLD
justpaste.it # TLD
jut.su # TLD
jutarnji.hr # TLD
jwwb.nl # TLD
jysk.de # TLD
jysk.pl # TLD
jyu.fi # TLD
k-manga.jp # TLD
k-state.edu # TLD
k2.cloud # GeoIP (RU)
k7nx.in # TLD
kabu.co.jp # TLD
kabum.com.br # TLD
kabutan.jp # TLD
kadokawa.co.jp # TLD
kahoot.it # TLD
kaist.ac.kr # TLD
kakuyomu.jp # TLD
kama.gs # TLD
kamaz.ru # TLD
kameleoon.eu # TLD
kamigame.jp # TLD
kan.org.il # TLD
kanald.com.tr # TLD
kanoon.ir # TLD
kantei.go.jp # TLD
kariyerkapisi.gov.tr # TLD
karnataka.gov.in # TLD
kartoshka.co.uk # TLD
kas.de # TLD
kaskus.co.id # TLD
kaspersky-labs.com # Keyword
kaspersky.com # Keyword
kaspersky.ru # TLD
kasperskylabs.com # Keyword
kaspi.kz # TLD
kassir.ru # TLD
kathimerini.gr # TLD
kaufda.de # TLD
kaufland.de # TLD
kauppalehti.fi # TLD
kazanexpress.ru # TLD
kb.se # TLD
kbs.co.kr # TLD
kcl.ac.uk # TLD
kddi.ne.jp # TLD
kdns.fr # TLD
kdocs.cn # TLD
kdreams.jp # TLD
keenetic.ru # TLD
kegg.jp # TLD
kei.pl # TLD
keiba-lv-st.jp # TLD
keiba.go.jp # TLD
keibabook.co.jp # TLD
keibalab.jp # TLD
keio.ac.jp # TLD
keirin.jp # TLD
kejaksaan.go.id # TLD
kemdiktisaintek.go.id # TLD
kemenag.go.id # TLD
kemendikdasmen.go.id # TLD
kemensos.go.id # TLD
kemkes.go.id # TLD
kemono.cr # TLD
kenh14.vn # TLD
kennesaw.edu # TLD
kent.ac.uk # TLD
kent.edu # TLD
kepco.jp # TLD
kerala.gov.in # TLD
keralapsc.gov.in # TLD
keydisk.ru # TLD
keymachine.de # TLD
kfw.de # TLD
kh.edu.tw # TLD
khabaronline.ir # TLD
khan.co.kr # TLD
khata.pe # TLD
khl.ru # TLD
ki.se # TLD
kicker.de # TLD
kicktipp.de # TLD
kijiji.ca # TLD
kikkoman.co.jp # TLD
kill-bot.ru # TLD
kimberlite.io # GeoIP (RU)
kimiafarma.co.id # TLD
kinepolis.fr # TLD
kingcounty.gov # TLD
kinghost.com.br # TLD
kingoftime.jp # TLD
kino-teatr.ru # TLD
kino.de # TLD
kinoafisha.info # GeoIP (RU)
kinogo.ec # TLD
kinogo.my # TLD
kinokuniya.co.jp # TLD
kinopoisk.ru # TLD
kinozal.tv # GeoIP (RU)
kion.ru # TLD
kiosgamer.co.id # TLD
kiryuu.to # TLD
kisskh.do # TLD
kisskh.nl # TLD
kit.edu # TLD
kiwislot.co.nz # TLD
kkb.kz # TLD
kku.ac.th # TLD
klart.se # TLD
kleinanzeigen.de # TLD
kleinezeitung.at # TLD
klerk.ru # TLD
klix.ba # TLD
kmart.co.nz # TLD
kmart.com.au # TLD
kmv.ru # TLD
knigavuhe.org # GeoIP (RU)
knipp.de # TLD
knotch.it # TLD
kobe-u.ac.jp # TLD
koctas.com.tr # TLD
kodakbot.ru # TLD
kodansha.co.jp # TLD
kolesa.kz # TLD
kolkataff.in # TLD
komikindo.ch # TLD
komiku.org # GeoIP (RU)
kommersant.ru # TLD
komoot.de # TLD
komus.ru # TLD
konkurent.ru # TLD
kontur.ru # TLD
koreatimes.co.kr # TLD
kosmo.com.my # TLD
kp.ru # TLD
kpcdn.net # GeoIP (RU)
kpkbmha.in # TLD
kpnmail.nl # TLD
kra.go.ke # TLD
krakow.pl # TLD
kreativmedia.ch # TLD
krebson.ru # TLD
kredito24.in # TLD
kreiszeitung.de # TLD
kremlin.ru # TLD
kriesi.at # TLD
krisha.kz # TLD
kro.kr # TLD
krone.at # TLD
kruidvat.nl # TLD
ks.gov # TLD
ks.works # GeoIP (RU)
ksta.de # TLD
ksu.edu # TLD
ksu.edu.sa # TLD
ksycdn.cn # TLD
ktalk.ru # TLD
ktcdn.co.kr # TLD
kth.se # TLD
ktu.edu.in # TLD
ku.dk # TLD
ku.edu # TLD
kubtel.ru # TLD
kuf.by # TLD
kufar.by # TLD
kuleuven.be # TLD
kundelik.kz # TLD
kuper.ru # TLD
kupi.cz # TLD
kupibilet.ru # TLD
kura-vie.jp # TLD
kurier.at # TLD
kurir.rs # TLD
kurnik.pl # TLD
kuronekoyamato.co.jp # TLD
kuruma-news.jp # TLD
kuwo.cn # TLD
kvant-telecom.ru # TLD
kvs.gov.in # TLD
kwork.ru # TLD
kxmp.cf # TLD
ky.gov # TLD
kyivstar.ua # TLD
kyobobook.co.kr # TLD
kyoto-np.co.jp # TLD
kyoto-u.ac.jp # TLD
kyounoryouri.jp # TLD
kyushu-u.ac.jp # TLD
l--n.de # TLD
la.gov # TLD
la.lv # TLD
laanonima.com.ar # TLD
labanquepostale.fr # TLD
labirint.ru # TLD
labour.gov.za # TLD
laccd.edu # TLD
lacentrale.fr # TLD
lacity.gov # TLD
lacounty.gov # TLD
ladepeche.fr # TLD
ladies.de # TLD
ladsp.jp # TLD
lafeltrinelli.it # TLD
lagoon.nc # TLD
lalibre.be # TLD
lamoda.ru # TLD
lamontagne.fr # TLD
lanacion.com.ar # TLD
lanazione.it # TLD
lancaster.ac.uk # TLD
lance.com.br # TLD
lancs.ac.uk # TLD
land.gov.bd # TLD
langame.ru # TLD
lanit.ru # TLD
lanl.gov # TLD
lanouvellerepublique.fr # TLD
laodong.vn # TLD
laola1.at # TLD
laposte.fr # TLD
lapresse.ca # TLD
larazon.es # TLD
laredoute.fr # TLD
larepublica.pe # TLD
larepubliquedespyrenees.fr # TLD
larousse.fr # TLD
lasprovincias.es # TLD
lassuranceretraite.fr # TLD
last.fm # TLD
lastampa.it # TLD
latinka.com.pe # TLD
latribune.fr # TLD
latrobe.edu.au # TLD
laut.fm # TLD
lavoixdunord.fr # TLD
lavoz.com.ar # TLD
lavozdegalicia.es # TLD
lawson.co.jp # TLD
lazada.co.id # TLD
lazada.co.th # TLD
lazada.com.my # TLD
lazada.com.ph # TLD
lazada.sg # TLD
lazada.vn # TLD
lbl.gov # TLD
lboro.ac.uk # TLD
ldtax.gov.bd # TLD
le.ac.uk # TLD
learncbse.in # TLD
leboncoin.fr # TLD
lectio.dk # TLD
leeds.ac.uk # TLD
lefigaro.fr # TLD
lefrecce.it # TLD
legal-rights.us # TLD
legendsgame.ru # TLD
leggo.it # TLD
legislation.gov.au # TLD
legislation.gov.uk # TLD
lehigh.edu # TLD
leidenuniv.nl # TLD
lejdd.fr # TLD
lekton.io # GeoIP (RU)
lemanapro.ru # TLD
lemonde.fr # TLD
lenovo.com.cn # TLD
lenreg.ru # TLD
lenta.com # GeoIP (RU)
lenta.ru # TLD
lenta.tech # GeoIP (RU)
lento.pl # TLD
leparisien.fr # TLD
lepida.it # TLD
lepoint.fr # TLD
leprogres.fr # TLD
lequipe.fr # TLD
leroymerlin.com.br # TLD
leroymerlin.es # TLD
leroymerlin.fr # TLD
leroymerlin.it # TLD
leroymerlin.pl # TLD
leroymerlin.pt # TLD
leroymerlin.ro # TLD
lesechos.fr # TLD
lesoir.be # TLD
lesta.ru # TLD
letelegramme.fr # TLD
letemps.ch # TLD
letour.fr # TLD
letras.mus.br # TLD
letu.ru # TLD
letudiant.fr # TLD
levi.in # TLD
lewdgames.to # TLD
lexpress.fr # TLD
lexware.de # TLD
lh.pl # TLD
lib.ru # TLD
libas.in # TLD
libelle.nl # TLD
liberation.fr # TLD
libero.it # TLD
libertatea.ro # TLD
liberty.edu # TLD
librepelota.su # TLD
librus.pl # TLD
licindia.in # TLD
lider.cl # TLD
lidl-hellas.gr # TLD
lidl.cz # TLD
lidl.de # TLD
lidl.es # TLD
lidl.fr # TLD
lidl.hu # TLD
lidl.it # TLD
lidl.pl # TLD
lidl.ro # TLD
lidl.rs # TLD
lieferando.de # TLD
life-n.jp # TLD
life.ru # TLD
lifehacker.ru # TLD
lifo.gr # TLD
ligamagic.com.br # TLD
ligapokemon.com.br # TLD
ligastavok.ru # TLD
likeevideo.ru # TLD
lima-city.de # TLD
limelight.pk # TLD
lin.ee # TLD
lindependant.fr # TLD
linkis.ru # TLD
linkmake.in # TLD
linkssp.ru # TLD
linktr.ee # TLD
linux.do # TLD
lipetsknews.ru # TLD
list.am # TLD
list.ly # TLD
listcrawler.eu # TLD
litboom.ru # TLD
lite-host.in # TLD
litgorod.ru # TLD
litmarket.ru # TLD
litres.ru # TLD
liu.se # TLD
live-tennis.eu # TLD
live24.gr # TLD
liveball.sx # TLD
livecamrips.to # TLD
livedns.co.uk # TLD
livedoor.jp # TLD
liveinternet.ru # TLD
livejournal.com # GeoIP (RU)
livelib.ru # TLD
livemaster.ru # TLD
livepocket.jp # TLD
liverpool.ac.uk # TLD
liverpool.com.mx # TLD
liverpoolecho.co.uk # TLD
livescore.co.kr # TLD
livescore.cz # TLD
livescore.in # TLD
livesport.cz # TLD
livesportmedia.eu # TLD
livetex.ru # TLD
livetv.sx # TLD
livroreclamacoes.pt # TLD
lkt.is # TLD
llnl.gov # TLD
lloydsbank.co.uk # TLD
lmcdn.ru # TLD
lmu.de # TLD
lne.es # TLD
lnk.to # TLD
lnkd.in # TLD
loc.gov # TLD
localitymanagement.us # TLD
locanto.cl # TLD
locanto.com.ar # TLD
locanto.com.au # TLD
locanto.com.mx # TLD
locaweb.com.br # TLD
locondo.jp # TLD
locum.ru # TLD
lodz.pl # TLD
logicnow.us # TLD
login.gov # TLD
logly.co.jp # TLD
logme.in # TLD
loja.li # TLD
lojasrenner.com.br # TLD
lolipop.jp # TLD
london.gov.uk # TLD
lookmovie2.to # TLD
loopia.se # TLD
lootlabs.gg # TLD
losandes.com.ar # TLD
lot-online.ru # TLD
loterianacional.gob.mx # TLD
loteriasmundiales.com.ar # TLD
loteriasyapuestas.es # TLD
lotterysambadresult.in # TLD
lotto-italia.it # TLD
lottomatica.it # TLD
lottostar.co.za # TLD
lotus-dsp.ru # TLD
louhi.fi # TLD
louisiana.edu # TLD
louisiana.gov # TLD
louisville.edu # TLD
louvre.fr # TLD
loveplanet.ru # TLD
loveread.ec # TLD
lovetrue.co.uk # TLD
lpga.or.jp # TLD
lpu.in # TLD
lrb.co.uk # TLD
lrt.lt # TLD
lrytas.lt # TLD
lrz.de # TLD
lsapp.eu # TLD
lse.ac.uk # TLD
lse.co.uk # TLD
lsgkerala.gov.in # TLD
lsm.lv # TLD
lsu.edu # TLD
ltn.com.tw # TLD
lto.gov.ph # TLD
lu.ma # TLD
lu.se # TLD
lublin.pl # TLD
luc.edu # TLD
luca.com.tr # TLD
luckyfish.co.za # TLD
lukoil.com # GeoIP (RU)
lutrija.hr # TLD
luxcdn.com # GeoIP (RU)
lws.fr # TLD
lycos.fr # TLD
lynk.id # TLD
m4sport.hu # TLD
maariv.co.il # TLD
maastrichtuniversity.nl # TLD
macaro-ni.jp # TLD
machteam.ro # TLD
macleans.ca # TLD
macomnet.net # GeoIP (RU)
macomnet.ru # TLD
macour.jp # TLD
madeiramadeira.com.br # TLD
madisoft.it # TLD
madrasati.sa # TLD
madrid.es # TLD
maff.go.jp # TLD
magazineluiza.com.br # TLD
magerta.ir # TLD
magic.ly # TLD
magic.mn # TLD
magicpin.in # TLD
magicrust.gg # TLD
magnit.ru # TLD
magonet.ru # TLD
mahabhumi.gov.in # TLD
mahadiscom.in # TLD
mahafyjcadmissions.in # TLD
mahahsscboard.in # TLD
mahaonline.gov.in # TLD
maharashtra.gov.in # TLD
mahkamahagung.go.id # TLD
maidonanews.jp # TLD
mail.ru # TLD
mailchi.mp # TLD
mailin.fr # TLD
mailpulse.best # GeoIP (RU)
main.jp # TLD
maine.edu # TLD
maine.gov # TLD
mainichi.jp # TLD
majhinaukri.in # TLD
majordomo.ru # TLD
makeshop.co.kr # TLD
makeup.com.ua # TLD
mako.co.il # TLD
makro.co.za # TLD
maksavit.ru # TLD
mamastar.jp # TLD
mamba.ru # TLD
manager-magazin.de # TLD
manakonline.in # TLD
manchester.ac.uk # TLD
manchestereveningnews.co.uk # TLD
mangabuddy1.co.uk # TLD
mangabuff.ru # TLD
mangafire.to # TLD
mangahub.ru # TLD
mangakakalot.gg # TLD
mangakatana.com # GeoIP (RU)
manganato.gg # TLD
mangaraw.ac # TLD
mango-office.ru # TLD
mangosip.ru # TLD
manhwaindo.my # TLD
mania.kr # TLD
manomano.co.uk # TLD
manomano.de # TLD
manomano.es # TLD
manomano.fr # TLD
manomano.it # TLD
mantan-web.jp # TLD
manus.im # TLD
manutouch.com.cn # TLD
mapion.co.jp # TLD
mapy.cz # TLD
marchespublics.gov.ma # TLD
marcusoscarsson.se # TLD
maricopa.gov # TLD
marieclaire.fr # TLD
marketing-hub.net # GeoIP (RU)
marketo.co.uk # TLD
markt.de # TLD
marktplaats.nl # TLD
marquette.edu # TLD
marquiz.ru # TLD
maryland.gov # TLD
mass.gov # TLD
massey.ac.nz # TLD
master.cz # TLD
mastercard.us # TLD
masterhost.ru # TLD
mastername.ru # TLD
matalan.co.uk # TLD
matchendirect.fr # TLD
matchtv.ru # TLD
matka420.in # TLD
matrix.to # TLD
matrp.ru # TLD
matsui.co.jp # TLD
matsuyafoods.co.jp # TLD
max.ru # TLD
maxifoot.fr # TLD
maxroll.gg # TLD
maya.ph # TLD
maybank2u.com.my # TLD
mayo.edu # TLD
mb.com.ph # TLD
mbank.pl # TLD
mbga.jp # TLD
mbl.is # TLD
mbrd.ru # TLD
mca.gov.cn # TLD
mca.gov.in # TLD
mcas-gov.us # TLD
mcas.ms # TLD
mcdonalds.co.jp # TLD
mcgill.ca # TLD
mchost.ru # TLD
mchs.ru # TLD
mci.ir # TLD
mcldns.co.uk # TLD
mcmaster.ca # TLD
mcn.ru # TLD
mcw.edu # TLD
mcx.ru # TLD
mdex.de # TLD
mdpr.jp # TLD
mdr.de # TLD
mds.gov.br # TLD
me-talk.ru # TLD
meb.gov.tr # TLD
mec.gov.br # TLD
mechacomic.jp # TLD
mecom.ru # TLD
meczyki.pl # TLD
medallia.eu # TLD
medbank.pro # GeoIP (RU)
medex.com.bd # TLD
mediacenter.hu # TLD
mediadash.ru # TLD
mediaexpert.pl # TLD
mediafax.ro # TLD
mediamarkt.com.tr # TLD
mediamarkt.de # TLD
mediamarkt.es # TLD
mediapart.fr # TLD
mediapool.bg # TLD
mediaset.it # TLD
mediatoday.ru # TLD
mediavitrina.ru # TLD
medicaid.gov # TLD
medicare.gov # TLD
medlineplus.gov # TLD
medu.ir # TLD
mee.gov.cn # TLD
mega.co.nz # TLD
mega.nz # TLD
megafile.co.kr # TLD
megafon.ru # TLD
megagroup.ru # TLD
megamarket.ru # TLD
meganameservers.eu # TLD
megapbx.ru # TLD
megapersonals.eu # TLD
megaphone.fm # TLD
megasmp.gg # TLD
megoplan.ru # TLD
mein-schoener-garten.de # TLD
meinbezirk.at # TLD
meinestadt.de # TLD
meliuz.com.br # TLD
melody98.ir # TLD
melonbooks.co.jp # TLD
memphis.edu # TLD
men.gov.ma # TLD
mensnet.jp # TLD
mentalhealth.org.uk # TLD
meow.ac # TLD
mephi.ru # TLD
mercadolibre.cl # TLD
mercadolibre.com.ar # TLD
mercadolibre.com.mx # TLD
mercadolibre.com.pe # TLD
mercadolibre.com.uy # TLD
mercadolibre.com.ve # TLD
mercadolivre.com.br # TLD
mercadopago.cl # TLD
mercadopago.com.ar # TLD
mercadopago.com.br # TLD
mercadopago.com.mx # TLD
mercedes-benz.com.cn # TLD
meripehchaan.gov.in # TLD
merkur.de # TLD
mesh.ad.jp # TLD
met.no # TLD
meta.ua # TLD
metanet.ch # TLD
metcom.ru # TLD
meteo.be # TLD
meteo.gr # TLD
meteo.hr # TLD
meteociel.fr # TLD
meteofor.com.ua # TLD
meteofor.lt # TLD
meteofor.md # TLD
meteofrance.fr # TLD
meteored.cl # TLD
meteored.com.ar # TLD
meteored.mx # TLD
meti.go.jp # TLD
metoffice.gov.uk # TLD
metrix.ir # TLD
metro.co.uk # TLD
metu.edu.tr # TLD
metunic.com.tr # TLD
meusitehostgator.com.br # TLD
mext.go.jp # TLD
mf.gov.pl # TLD
mfa.gov.cn # TLD
mfa.gov.tr # TLD
mfms.ru # TLD
mg.co.za # TLD
mga.org.mt # TLD
mgm.gov.tr # TLD
mgts.ru # TLD
mhlw.go.jp # TLD
mhrs.gov.tr # TLD
mhverifier.ru # TLD
miami.edu # TLD
miamidade.gov # TLD
michigan.gov # TLD
microad.jp # TLD
microsoft.us # TLD
microsoftonline.cn # TLD
microsoftonline.us # TLD
mid.ru # TLD
middlebury.edu # TLD
midea.com.cn # TLD
midilibre.fr # TLD
migros.ch # TLD
miibeian.gov.cn # TLD
miit.gov.cn # TLD
miitbeian.gov.cn # TLD
mijndnsserver.nl # TLD
mijndomein.nl # TLD
mijnwoordenboek.nl # TLD
mil.gov.ua # TLD
mil.ru # TLD
milannews.it # TLD
milanofinanza.it # TLD
milanotoday.it # TLD
militaria.pl # TLD
military.eu # TLD
milliyet.com.tr # TLD
minas.com.br # TLD
mind.org.uk # TLD
mindbox.ru # TLD
mindmegette.hu # TLD
mine.nu # TLD
minecraft-inside.ru # TLD
minfin.com.ua # TLD
minhngoc.net.vn # TLD
minkabu.jp # TLD
minkou.jp # TLD
minsa.gob.pe # TLD
miodottore.it # TLD
mioffice.cn # TLD
mir-chitki.ru # TLD
mir24.tv # GeoIP (RU)
mirapolis.ru # TLD
mirconnect.ru # TLD
miregistrocivil.gob.mx # TLD
mironline.ru # TLD
mirror.co.uk # TLD
mirtesen.ru # TLD
mirtv.ru # TLD
misa.vn # TLD
misli.az # TLD
misp.ru # TLD
missav.ws # TLD
missouri.edu # TLD
mistore.jp # TLD
mit.edu # TLD
mitid.dk # TLD
mitsubishielectric.co.jp # TLD
mixh.jp # TLD
mixi.jp # TLD
mixnews.lv # TLD
mizuhobank.co.jp # TLD
mjt.lu # TLD
mjusticia.gob.es # TLD
mk.co.kr # TLD
mk.ru # TLD
mkb.ru # TLD
mkedit.in # TLD
mlcdn.com.br # TLD
mlit.go.jp # TLD
mlrnd.ru # TLD
mlwbd.is # TLD
mmua.in # TLD
mn.gov # TLD
mnhn.fr # TLD
mnregaweb4.nic.in # TLD
mo.gov # TLD
moa.gov.cn # TLD
moack.co.kr # TLD
mobalytics.gg # TLD
mobcup.fm # TLD
mobiauto.com.br # TLD
mobidriven.com # GeoIP (RU)
mobile.bg # TLD
mobile.de # TLD
mobileslotsite.co.uk # TLD
mobilevikings.be # TLD
mobiri.se # TLD
mod.gov.uk # TLD
mod.uk # TLD
moe.gov.cn # TLD
moe.gov.jo # TLD
moe.gov.my # TLD
moe.gov.sa # TLD
moe.video # GeoIP (RU)
moex.com # GeoIP (RU)
moeys.gov.kh # TLD
mof.go.jp # TLD
mof.go.th # TLD
mof.gov.cn # TLD
mofa.go.jp # TLD
mofa.gov.sa # TLD
mofcom.gov.cn # TLD
mohfw.gov.in # TLD
mohrss.gov.cn # TLD
mohurd.gov.cn # TLD
mohw.gov.tw # TLD
moi.gov.qa # TLD
moj.go.jp # TLD
moj.gov.tw # TLD
mojedatovaschranka.cz # TLD
momoshop.com.tw # TLD
monash.edu # TLD
monash.edu.au # TLD
mondialrelay.fr # TLD
moneta.ru # TLD
monetka.ru # TLD
monex.co.jp # TLD
money.pl # TLD
monica.im # TLD
montana.edu # TLD
montevideo.com.uy # TLD
moonshot.cn # TLD
mopo.de # TLD
moppy.jp # TLD
more.com.au # TLD
morenutrition.de # TLD
morgenpost.de # TLD
mos.ru # TLD
mosmedzdrav.ru # TLD
mosmetro.ru # TLD
mosreg.ru # TLD
mossport.ru # TLD
most.gov.cn # TLD
mothercare.co.id # TLD
motor-fan.jp # TLD
mountain-portal.co.uk # TLD
mover.uz # TLD
moviead55.ru # TLD
moviebox.ph # TLD
moviepilot.de # TLD
movies4u.as # TLD
movies4u.ee # TLD
movies4u.pn # TLD
movilnet.com.ve # TLD
movistar.cl # TLD
movistar.es # TLD
moy.su # TLD
moysklad.ru # TLD
mozzartbet.co.ke # TLD
mp.gov.in # TLD
mp3juice.sc # TLD
mp3party.net # GeoIP (RU)
mp4.ir # TLD
mpedistrict.gov.in # TLD
mpez.co.in # TLD
mpg.de # TLD
mpi.gov.vn # TLD
mponline.gov.in # TLD
mps.gov.cn # TLD
mpsuadv.ru # TLD
mq.edu.au # TLD
mr-bet.ca # TLD
mr-jatt.im # TLD
mrgcdn.ru # TLD
mriia.gov.ua # TLD
mrush.mobi # GeoIP (RU)
ms.gov # TLD
msa.fr # TLD
msbte.ac.in # TLD
msidentity.us # TLD
msk.ru # TLD
msn.cn # TLD
mssm.edu # TLD
msstate.edu # TLD
mstea.ms # TLD
msu.edu # TLD
msu.ru # TLD
mt.co.kr # TLD
mt.gov # TLD
mt98.ir # TLD
mtnl.net.in # TLD
mtproto.ru # TLD
mts-link.ru # TLD
mts-nn.ru # TLD
mts.by # TLD
mts.ru # TLD
mtsbank.ru # TLD
mtsu.edu # TLD
mtt.ru # TLD
mtu-net.ru # TLD
mtu.edu # TLD
mtu.ru # TLD
mtv.de # TLD
mudah.my # TLD
muenchen.de # TLD
mufg.jp # TLD
multipasko.pl # TLD
mun.ca # TLD
muni.cz # TLD
musasi.jp # TLD
musc.edu # TLD
musee-orsay.fr # TLD
museodelprado.es # TLD
musical.ly # TLD
musicdel.ir # TLD
musicsweb.ir # TLD
musicviral.ir # TLD
musta.ch # TLD
muzofond.fm # TLD
mvd.ru # TLD
mvdis.gov.tw # TLD
mvideo.ru # TLD
mweb.co.za # TLD
mwscdn.ru # TLD
mx-ns.mx # TLD
mxplayer.in # TLD
my-ihor.ru # TLD
my-personaltrainer.it # TLD
my.games # Keyword
my.gov.au # TLD
my.gov.ir # TLD
my1.ru # TLD
myasiantv.es # TLD
mybharat.gov.in # TLD
mybrt.it # TLD
mybsn.com.my # TLD
mycdn.me # GeoIP (RU)
mydealz.de # TLD
myer.com.au # TLD
myfin.by # TLD
myhpgas.in # TLD
myhuaweicloud.eu # TLD
myhuaweicloud.ru # TLD
myinsales.ru # TLD
myket.ir # TLD
myna.go.jp # TLD
mynavi.jp # TLD
myoffice.ru # TLD
mypertamina.id # TLD
mypurecloud.de # TLD
mypurecloud.ie # TLD
myrostelecom.ru # TLD
myshn.eu # TLD
mywhc.ca # TLD
mz.de # TLD
n-tv.de # TLD
n1info.rs # TLD
nab.com.au # TLD
nabu.de # TLD
nadra.gov.pk # TLD
naftemporiki.gr # TLD
nag.kz # TLD
nag.ru # TLD
nagalandstatelottery.in # TLD
nagoya-u.ac.jp # TLD
nakanohito.jp # TLD
naked-science.ru # TLD
nalog.ru # TLD
name-servers.ch # TLD
name-servers.gr # TLD
nameserver.net.au # TLD
nameserverservice.de # TLD
nameservice.at # TLD
namespro.ca # TLD
namesystem.se # TLD
namirial.it # TLD
nanocosmos.de # TLD
nanosystems.it # TLD
nap.edu # TLD
napthe.vn # TLD
narod.ru # TLD
narwhalpay.ph # TLD
nasa.gov # TLD
nashjournal.ru # TLD
naszemiasto.pl # TLD
nat.gov.tw # TLD
natalie.mu # TLD
national-lottery.co.uk # TLD
nationalarchives.gov.uk # TLD
nationalbroadband.pk # TLD
nationalgallery.org.uk # TLD
nationalgeographic.com.es # TLD
nationalrail.co.uk # TLD
nationaltrust.org.uk # TLD
nativendo.de # TLD
natura.com.br # TLD
naturabuy.fr # TLD
nau.edu # TLD
naukanet.ru # TLD
naumen.ru # TLD
naurok.com.ua # TLD
nautil.us # TLD
nav.no # TLD
navarra.es # TLD
naver.jp # TLD
navima.jp # TLD
navitime.co.jp # TLD
nazwa.pl # TLD
nbe.com.eg # TLD
nbp.pl # TLD
nc.gov # TLD
nccu.edu.tw # TLD
ncert.nic.in # TLD
ncku.edu.tw # TLD
ncl.ac.uk # TLD
ncl.edu.tw # TLD
ncsc.gov.uk # TLD
ncsu.edu # TLD
ncu.edu.tw # TLD
nd.edu # TLD
nd.gov # TLD
ndl.go.jp # TLD
ndmais.com.br # TLD
ndr.de # TLD
ndrc.gov.cn # TLD
ndsu.edu # TLD
ndtv.in # TLD
ne.gov # TLD
nebally.co.uk # TLD
nebenan.de # TLD
nebo.mobi # GeoIP (RU)
nebraska.gov # TLD
nefes.com.tr # TLD
nemo.travel # GeoIP (RU)
nenkin.go.jp # TLD
neoserv.si # TLD
neostrada.nl # TLD
net-line.pro # GeoIP (RU)
net.hr # TLD
net.ru # TLD
netangels.ru # TLD
netcologne.de # TLD
netcraze.io # GeoIP (RU)
netcraze.link # GeoIP (RU)
netcraze.net # GeoIP (RU)
netcraze.pro # GeoIP (RU)
netcraze.ru # TLD
netease.im # TLD
netexpert.ru # TLD
netfiber.net.il # TLD
nethouse.ru # TLD
netinfo.bg # TLD
netmirror.gg # TLD
netnod.se # TLD
netshoes.com.br # TLD
nettavisen.no # TLD
nettruyen.gg # TLD
netvasco.com.br # TLD
netvision.net.il # TLD
network-lc.ru # TLD
netzwelt.de # TLD
neu.edu # TLD
neu.edu.cn # TLD
nevosoft.ru # TLD
new-programmatic.com # GeoIP (RU)
newcastle.edu.au # TLD
news.am # TLD
news.cn # TLD
news.com.au # TLD
news.ru # TLD
news1.kr # TLD
news247.gr # TLD
newsbeast.gr # TLD
newsbomb.gr # TLD
newschool.edu # TLD
newsit.gr # TLD
newsnow.co.uk # TLD
newsroom.bi # TLD
newsweek.ro # TLD
newswire.ca # TLD
next.co.uk # TLD
nfnpx.online # GeoIP (RU)
nfse.gov.br # TLD
ng.ru # TLD
nga.gov # TLD
ngengesport.cd # TLD
ngenix-dns.ru # TLD
ngenix.net # GeoIP (RU)
ngs.ru # TLD
nguoiquansat.vn # TLD
nh.gov # TLD
nha.gov.in # TLD
nhathuoclongchau.com.vn # TLD
nhc.gov.cn # TLD
nhentai.to # TLD
nhk.jp # TLD
nhk.or.jp # TLD
nhm.ac.uk # TLD
nhtsa.gov # TLD
nic.bg # TLD
nic.br # TLD
nic.ch # TLD
nic.cl # TLD
nic.cr # TLD
nic.cz # TLD
nic.de # TLD
nic.dk # TLD
nic.do # TLD
nic.dz # TLD
nic.es # TLD
nic.fm # TLD
nic.fr # TLD
nic.ir # TLD
nic.it # TLD
nic.kw # TLD
nic.kz # TLD
nic.lk # TLD
nic.lv # TLD
nic.net.ng # TLD
nic.no # TLD
nic.rs # TLD
nic.ru # TLD
nic.sh # TLD
nic.so # TLD
nic.uk # TLD
nic.uy # TLD
nice.org.uk # TLD
nickfinder.com # GeoIP (RU)
niconline.co.in # TLD
nicovideo.jp # TLD
nidirect.gov.uk # TLD
nidw.gov.bd # TLD
niedersachsen.de # TLD
niedersachsen.eu # TLD
nieuwsblad.be # TLD
niezalezna.pl # TLD
nih.gov # TLD
nii.ac.jp # TLD
nijisanji.jp # TLD
nike.com.br # TLD
nike.sk # TLD
nikkei.co.jp # TLD
nikkeibp.co.jp # TLD
nikshay.in # TLD
nine.com.au # TLD
nintendo.co.jp # TLD
nios.ac.in # TLD
nirvam.it # TLD
nishinippon.co.jp # TLD
nissan.co.jp # TLD
nissen.co.jp # TLD
nist.gov # TLD
nit.ro # TLD
nitori-net.jp # TLD
niu.edu # TLD
nix.ru # TLD
nj.gov # TLD
njit.edu # TLD
nju.edu.cn # TLD
njuskalo.hr # TLD
nkn.in # TLD
nla.gov.au # TLD
nlc.hu # TLD
nld.com.vn # TLD
nlnetlabs.nl # TLD
nlr.gov # TLD
nltimes.nl # TLD
nmas.com.mx # TLD
nmsu.edu # TLD
nmu.edu # TLD
nnmclub.to # TLD
noaa.gov # TLD
nobat.ir # TLD
nobroker.in # TLD
nodacdn.net # GeoIP (RU)
nodes.ac # TLD
nomerogram.ru # TLD
nominaltechno.com # GeoIP (RU)
nominetdns.uk # TLD
nomura.co.jp # TLD
nontondrama.my # TLD
nordbayern.de # TLD
nordkurier.de # TLD
nordnet.fr # TLD
noris.de # TLD
normbot.ru # TLD
nornik.ru # TLD
northeastern.edu # TLD
northwestern.edu # TLD
nos.nl # TLD
nos.pt # TLD
nosalty.hu # TLD
noskomnadzor.co.uk # TLD
notamedia.ru # TLD
notelega.co.uk # TLD
nothingthere.co.uk # TLD
notion.so # TLD
nottingham.ac.uk # TLD
nova.bg # TLD
nova.cz # TLD
nova.edu # TLD
nova.rs # TLD
novascotia.ca # TLD
novatek.ru # TLD
novayagazeta.ru # TLD
novibet.gr # TLD
novinky.cz # TLD
novofon.com # GeoIP (RU)
novofon.ru # TLD
novosti.rs # TLD
novotelecom.ru # TLD
now.gg # TLD
now.sh # TLD
nowcdn.co # GeoIP (RU)
nowtv.com.tr # TLD
nox.ru # TLD
noz.de # TLD
nozomi.la # TLD
np-internal.ru # TLD
np-sr.ru # TLD
npa.go.jp # TLD
npb.jp # TLD
npc.gov.cn # TLD
npci.org.in # TLD
npo.nl # TLD
nps.gov # TLD
nptel.ac.in # TLD
nrao.edu # TLD
nrc.gov # TLD
nrc.nl # TLD
nrega.nic.in # TLD
nregastrep.nic.in # TLD
nrel.gov # TLD
nrk.no # TLD
nrw.de # TLD
ns.at # TLD
ns.gov # TLD
ns.ie # TLD
ns.il # TLD
ns.nl # TLD
ns.ph # TLD
ns.se # TLD
ns.tr # TLD
ns.ua # TLD
nsa.gov # TLD
nsaudience.pl # TLD
nsc.ru # TLD
nsctotal.com.br # TLD
nsf.gov # TLD
nsfc.gov.cn # TLD
nso.edu # TLD
nso.ru # TLD
nsone.net.cn # TLD
nspk.ru # TLD
nsset.be # TLD
nst.com.my # TLD
nsu.ru # TLD
nsw.gov.au # TLD
nt.gov.au # TLD
nt.technology # GeoIP (RU)
nta.go.jp # TLD
nta.nic.in # TLD
ntc.net.np # TLD
ntdb.su # TLD
ntelecom.ru # TLD
nthu.edu.tw # TLD
ntnu.edu.tw # TLD
ntnu.no # TLD
nto.pl # TLD
ntp-servers.net # GeoIP (RU)
ntp.br # TLD
ntp.org.cn # TLD
ntp.se # TLD
ntpc.edu.tw # TLD
ntsb.gov # TLD
nttdocomo.co.jp # TLD
nttpc.ne.jp # TLD
ntu.edu.sg # TLD
ntu.edu.tw # TLD
ntua.gr # TLD
ntv.co.jp # TLD
ntv.com.tr # TLD
ntv.ru # TLD
nu.com.mx # TLD
nu.nl # TLD
nu.or.id # TLD
nubank.com.br # TLD
nuevoloquo.ch # TLD
nulls.gg # TLD
numericable.fr # TLD
nur.kz # TLD
nuro.jp # TLD
nus.edu.sg # TLD
nustargame.ph # TLD
nv.gov # TLD
nv.ua # TLD
nvidia.cn # TLD
nwu.ac.za # TLD
ny.gov # TLD
nyaa.si # TLD
nyc.gov # TLD
nyecasino.eu # TLD
nysc.org.ng # TLD
nysed.gov # TLD
nysenate.gov # TLD
nyti.ms # TLD
nyu.edu # TLD
nz.ua # TLD
nzherald.co.nz # TLD
nzz.ch # TLD
o2.co.uk # TLD
o2.cz # TLD
o2.pl # TLD
o2online.de # TLD
o3.ru # TLD
o3t.ru # TLD
o7.com # GeoIP (RU)
oaed.gr # TLD
oaic.gov.au # TLD
oantagonista.com.br # TLD
obi.de # TLD
obi.pl # TLD
obr55.ru # TLD
obramat.es # TLD
observador.pt # TLD
obsidian.md # TLD
ocbnyutpfwjs.in # TLD
occ.com.mx # TLD
ocdn.eu # TLD
ocn.ne.jp # TLD
odisha.gov.in # TLD
odishaminerals.gov.in # TLD
odn.ne.jp # TLD
odnoklassniki.ru # TLD
ods.com.mx # TLD
odu.edu # TLD
oe24.at # TLD
oeaw.ac.at # TLD
oebb.at # TLD
oechsle.pe # TLD
oem.com.mx # TLD
ofcom.org.uk # TLD
ofeminin.pl # TLD
office365-net.us # TLD
office365.us # TLD
officestation.jp # TLD
offshor.co.uk # TLD
oghost.com.br # TLD
ogol.com.br # TLD
ogomovies1.com.pk # TLD
ohio-state.edu # TLD
ohio.edu # TLD
ohio.gov # TLD
ohmy.bid # GeoIP (RU)
ohsu.edu # TLD
oikotie.fi # TLD
ojp.gov # TLD
ok.gov # TLD
ok.ru # TLD
okcdn.ru # TLD
okko.tv # Keyword
oklahoma.gov # TLD
okmeter.io # GeoIP (RU)
okolo.app # GeoIP (RU)
okstate.edu # TLD
okx.ac # TLD
olabet.co.mz # TLD
ole.com.ar # TLD
olemiss.edu # TLD
olhardigital.com.br # TLD
olimp.bet # GeoIP (RU)
olimpbet.kz # TLD
olm.vn # TLD
olx.co.id # TLD
olx.com.br # TLD
olx.com.pk # TLD
olx.in # TLD
olx.kz # TLD
olx.pl # TLD
olx.pt # TLD
olx.ro # TLD
olx.ua # TLD
olx.uz # TLD
omelete.com.br # TLD
omni.ru # TLD
omni7.jp # TLD
omny.fm # TLD
omroepbrabant.nl # TLD
ondisk.co.kr # TLD
one-dns.ru # TLD
onedaychamp.co.uk # TLD
onelink.to # TLD
oneme.ru # TLD
onet.pl # TLD
onetarget.ru # TLD
onetrust.eu # TLD
onlar.az # TLD
online.fr # TLD
online.no # TLD
onlinejobs.ph # TLD
onlinemobilecasinos.de # TLD
onlinepbx.ru # TLD
onliner.by # TLD
onlinetestpad.com # GeoIP (RU)
onpe.gob.pe # TLD
ons.gov.uk # TLD
ontario.ca # TLD
onthebeach.co.uk # TLD
onthestage.ru # TLD
ontvtime.ru # TLD
onvista.de # TLD
onward.co.jp # TLD
oop.tw # TLD
oos.ru # TLD
op.gg # TLD
open-internet.nl # TLD
open.ac.uk # TLD
open.edu # TLD
openaire.eu # TLD
opendsp.ru # TLD
openintegration.inc # GeoIP (RU)
openpetition.de # TLD
openprovider.eu # TLD
openrent.co.uk # TLD
openspeech.cn # TLD
openssp.ru # TLD
openstreetmap.de # TLD
openstreetmap.fr # TLD
openwork.jp # TLD
operacoes.sp.gov.br # TLD
ophan.co.uk # TLD
opm.gov # TLD
optmarketshali.ru # TLD
optus.com.au # TLD
optusnet.com.au # TLD
orange.be # TLD
orange.es # TLD
orange.fr # TLD
orange.mg # TLD
orange.pl # TLD
orange.ro # TLD
orangedata.ru # TLD
orb.ee # TLD
oregon.gov # TLD
oregonstate.edu # TLD
orf.at # TLD
org.ru # TLD
ori.nic.in # TLD
oricon.co.jp # TLD
origo.hu # TLD
orizzontescuola.it # TLD
ornl.gov # TLD
ors.at # TLD
orst.edu # TLD
ortified.ws # TLD
osaka-u.ac.jp # TLD
osaka.lg.jp # TLD
osha.gov # TLD
osta.ee # TLD
osti.gov # TLD
ostrovok.ru # TLD
osu.edu # TLD
osvita.ua # TLD
osym.gov.tr # TLD
otago.ac.nz # TLD
otclick-adv.ru # TLD
otdelit.ru # TLD
otempo.com.br # TLD
otenet.gr # TLD
otm-r.com # GeoIP (RU)
otodom.pl # TLD
otomoto.pl # TLD
otpbank.ru # TLD
ottgoods.ru # TLD
otto.de # TLD
otzovik.com # GeoIP (RU)
ou.edu # TLD
ouest-france.fr # TLD
oulu.fi # TLD
ourcommons.ca # TLD
outlook.cn # TLD
overcast.fm # TLD
overclockers.ru # TLD
overheid.nl # TLD
ovh.ca # TLD
ovh.us # TLD
ovo.id # TLD
ovotech.org.uk # TLD
ow.ly # TLD
ownit.se # TLD
ox.ac.uk # TLD
oxfam.org.uk # TLD
ozbargain.com.au # TLD
ozerov.de # TLD
ozmall.co.jp # TLD
ozna.ru # TLD
ozon.by # TLD
ozon.com # Keyword
ozon.kz # TLD
ozon.ru # TLD
ozone.ru # TLD
ozonusercontent.com # Keyword
p-bandai.jp # TLD
p-cdn.us # TLD
p-world.co.jp # TLD
pa.gov # TLD
pagbank.com.br # TLD
page-stats.de # TLD
page.tl # TLD
pagesjaunes.fr # TLD
pagesperso-orange.fr # TLD
pagina12.com.ar # TLD
paginegialle.it # TLD
pagseguro.com.br # TLD
paguemenos.com.br # TLD
pajak.go.id # TLD
palcloset.jp # TLD
palermo.edu # TLD
pami.org.ar # TLD
pan.pl # TLD
panasonic.jp # TLD
pandect.es # TLD
panini.com.br # TLD
papaki.gr # TLD
pappers.fr # TLD
papy.co.jp # TLD
parfumo.de # TLD
paris.cl # TLD
paris.fr # TLD
parivahan.gov.in # TLD
parliament.uk # TLD
parool.nl # TLD
partner.co.il # TLD
passport.gov.ph # TLD
passportindia.gov.in # TLD
pastelink.id # TLD
pasteur.fr # TLD
patnahighcourt.gov.in # TLD
patria.org.ve # TLD
pavietnam.vn # TLD
pavv.co.kr # TLD
payanyway.ru # TLD
paykeeper.ru # TLD
paypay.ne.jp # TLD
paywb.com # GeoIP (RU)
pazarium.com.tr # TLD
pb06e2-resources.ru # TLD
pbc.gov.cn # TLD
pca.st # TLD
pcauto.com.cn # TLD
pchome.com.tw # TLD
pciconcursos.com.br # TLD
pclead.co.uk # TLD
pcmax.jp # TLD
pconline.com.cn # TLD
pcvisit.de # TLD
pcwelt.de # TLD
pddrc.in # TLD
pdst.fm # TLD
pdx.edu # TLD
peek-cloppenburg.de # TLD
peers.tv # GeoIP (RU)
pelotalibretv.su # TLD
penguin.co.uk # TLD
penzcentrum.hu # TLD
people.cn # TLD
people.com.cn # TLD
pepper.pl # TLD
perekrestok.ru # TLD
perf1.fr # TLD
perm.ru # TLD
permkrai.ru # TLD
persee.fr # TLD
personal.com.ar # TLD
personio.de # TLD
petitesannonces.ch # TLD
petrovich.ru # TLD
pex.jp # TLD
pf.gov.br # TLD
pfms.nic.in # TLD
pgportal.gov.in # TLD
phanet.de # TLD
pharmeasy.in # TLD
phila.gov # TLD
philnews.ph # TLD
pho.to # TLD
phoca.cz # TLD
phoenix.edu # TLD
phorum.pl # TLD
phosagro.ru # TLD
photozou.jp # TLD
pi-asp.de # TLD
pia.jp # TLD
pib.gov.in # TLD
picks.my # TLD
pik-digital.ru # TLD
pik-service.ru # TLD
pik.ru # TLD
pikabu.ru # TLD
pilio.idv.tw # TLD
pin.it # TLD
pinayflix.ws # TLD
pingone.eu # TLD
pink.rs # TLD
pinterest.ca # TLD
pinterest.co.uk # TLD
pinterest.com.au # TLD
pinterest.de # TLD
pinterest.es # TLD
pinterest.fr # TLD
pinup3559.com # GeoIP (RU)
piraeusbank.gr # TLD
pirlotv3.pl # TLD
pitc.com.pk # TLD
pitt.edu # TLD
piwniczna.eu # TLD
pixad.com.tr # TLD
pixhost.to # TLD
pj.gob.pe # TLD
pje.jus.br # TLD
pjn.gov.ar # TLD
pkb.ru # TLD
pknic.pk # TLD
pku.edu.cn # TLD
placardefutebol.com.br # TLD
plala.or.jp # TLD
planalto.gov.br # TLD
planetwin365.it # TLD
planfix.ru # TLD
platform.sh # TLD
plati.market # GeoIP (RU)
play.pl # TLD
playarenax.in # TLD
playcasinoonline.ca # TLD
player.fm # TLD
playerok.com # GeoIP (RU)
playfamily.ru # TLD
playgamesonline.ru # TLD
playground.ru # TLD
playgzone.ph # TLD
playhop.com # GeoIP (RU)
playnewgames.ru # TLD
playtime.ph # TLD
playtopgames.ru # TLD
playwekings.mobi # GeoIP (RU)
playwekings.ru # TLD
plazavea.com.pe # TLD
plejada.pl # TLD
plemiona.pl # TLD
plex.bz # TLD
plotek.pl # TLD
plovdiv24.bg # TLD
plu.mx # TLD
plus.pl # TLD
plusline.de # TLD
plx.im # TLD
ply.gg # TLD
pm.by # TLD
pmaymis.gov.in # TLD
pmkisan.gov.in # TLD
pmu.fr # TLD
pmvidyalaxmi.co.in # TLD
pn.vg # TLD
pnet.co.za # TLD
pnp.de # TLD
pnpclearance.ph # TLD
po18.tw # TLD
pochta.ru # TLD
poco.de # TLD
poder360.com.br # TLD
poe2db.tw # TLD
pogovorim.by # TLD
poig.ru # TLD
point-game.jp # TLD
point-news.jp # TLD
pointi.jp # TLD
pokepara.jp # TLD
polimi.it # TLD
politico.eu # TLD
politiken.dk # TLD
polito.it # TLD
poliziadistato.it # TLD
polki.pl # TLD
pollo.net.cn # TLD
polsatnews.pl # TLD
polsatsport.pl # TLD
polskieradio.pl # TLD
polymetal.ru # TLD
polyus.com # GeoIP (RU)
pomogite.co.uk # TLD
pomorska.pl # TLD
pomponik.pl # TLD
ponta.jp # TLD
ponyexpress.ru # TLD
poool.fr # TLD
popcornnews.ru # TLD
poppen.de # TLD
popt.in # TLD
pornktube.st # TLD
porno666.fo # TLD
porno666.nl # TLD
pornobolt.in # TLD
pornpics.de # TLD
porofessor.gg # TLD
port.ac.uk # TLD
portal6.com.br # TLD
portaldasfinancas.gov.pt # TLD
portaldozacarias.com.br # TLD
portaleargo.it # TLD
portalsamorzadowy.pl # TLD
portaltemponovo.com.br # TLD
porter.in # TLD
portfolio.hu # TLD
portoseguro.com.br # TLD
poshantracker.in # TLD
post.ch # TLD
postbank.de # TLD
poste.dz # TLD
poste.it # TLD
posteo.de # TLD
postimees.ee # TLD
postnl.nl # TLD
postupi.online # GeoIP (RU)
poznan.pl # TLD
pp.ru # TLD
pp.ua # TLD
ppo.gov.eg # TLD
ppomppu.co.kr # TLD
ppy.sh # TLD
pr.gov # TLD
pracuj.pl # TLD
praktiker.gr # TLD
pravda.com.ua # TLD
pravda.ru # TLD
pravda.sk # TLD
prefeitura.sp.gov.br # TLD
preghiereperlafamiglia.it # TLD
prehrajto.cz # TLD
premier.one # GeoIP (RU)
premierbet.co.ao # TLD
premierbetzone.co.ao # TLD
premium-clinic.com # GeoIP (RU)
premium.pl # TLD
president.gov.by # TLD
president.gov.ua # TLD
president.jp # TLD
presinet.ne.jp # TLD
presseportal.de # TLD
presstv.ir # TLD
pretix.eu # TLD
prf.hn # TLD
price.ua # TLD
priceoye.pk # TLD
primor.eu # TLD
princeton.edu # TLD
privacy.com.br # TLD
privacyshield.gov # TLD
privat24.ua # TLD
privatbank.ua # TLD
privateproperty.co.za # TLD
prnt.sc # TLD
pro32connect.ru # TLD
prochepetsk.ru # TLD
prod-infinitum.com.mx # TLD
prodemge.gov.br # TLD
proderj.rj.gov.br # TLD
prodns.com.br # TLD
prodns.de # TLD
prodoctorov.ru # TLD
profesia.sk # TLD
profi.ru # TLD
profinance.ru # TLD
profit.ro # TLD
progoroduhta.ru # TLD
programmatica.com # GeoIP (RU)
project4.pl # TLD
prom.ua # TLD
promart.pe # TLD
promiedos.com.ar # TLD
pronews.gr # TLD
proofpoint.us # TLD
prosport.ro # TLD
prosv.ru # TLD
proteantech.in # TLD
protek.ru # TLD
protonmail.ch # TLD
protothema.gr # TLD
proximus.be # TLD
proxit.ru # TLD
proza.ru # TLD
prozeny.cz # TLD
prtimes.jp # TLD
pruffme.com # GeoIP (RU)
ps.kz # TLD
psbank.ru # TLD
pscrb.fm # TLD
pscube.jp # TLD
psg.fr # TLD
psiphon.ca # TLD
psl.eu # TLD
pstu.ru # TLD
psu.edu # TLD
psynet.gg # TLD
psytests.org # GeoIP (RU)
ptb.de # TLD
ptcl.net.pk # TLD
ptengine.jp # TLD
ptgaming.ph # TLD
ptsecurity.com # GeoIP (RU)
publi24.ro # TLD
public.lu # TLD
publico.es # TLD
publico.pt # TLD
puc-rio.br # TLD
pucp.edu.pe # TLD
pudelek.pl # TLD
pullkin.eu # TLD
pumo.com.tw # TLD
punchmedia.ru # TLD
punjab.gov.pk # TLD
punjabpolice.gov.pk # TLD
purdue.edu # TLD
purepeople.com.br # TLD
pushed.ru # TLD
puuilo.fi # TLD
pvideo.cz # TLD
pvip.se # TLD
pw.edu.pl # TLD
pxltag.com # GeoIP (RU)
pyatdesyatdva.co.uk # TLD
pyatdesyatodin.co.uk # TLD
pysznosci.pl # TLD
python.ca # TLD
q.au # TLD
q0.ru # TLD
qan.az # TLD
qbrik.in # TLD
qiwi.com # GeoIP (RU)
qizam.az # TLD
qlogo.cn # TLD
qmul.ac.uk # TLD
qoo10.jp # TLD
qpic.cn # TLD
qpyou.cn # TLD
qq.com.cn # TLD
qqq-ttss.su # TLD
qrco.de # TLD
qstheory.cn # TLD
qu.ax # TLD
qualcomm.cn # TLD
qualys.eu # TLD
quark.cn # TLD
quartier-rouge.be # TLD
qub.ac.uk # TLD
quebec.ca # TLD
queensu.ca # TLD
queniuwk.cn # TLD
queropassagem.com.br # TLD
queuebox.online # GeoIP (RU)
quickconnect.to # TLD
quintoandar.com.br # TLD
quizme.pl # TLD
quoka.de # TLD
qut.edu.au # TLD
qutu.az # TLD
qvc.de # TLD
qvc.it # TLD
qvc.jp # TLD
qwarta.ru # TLD
qwps.cn # TLD
r-line.ru # TLD
r01.ru # TLD
r10s.jp # TLD
r777.us # TLD
rabobank.nl # TLD
rabota.ru # TLD
rac.co.uk # TLD
racing.nl # TLD
racingnews365.nl # TLD
rada.gov.ua # TLD
radikal.ru # TLD
radio-canada.ca # TLD
radio.cz # TLD
radio.fm # TLD
radiofrance.fr # TLD
radiopotok.ru # TLD
radios.com.br # TLD
radiotrek.rv.ua # TLD
rae.es # TLD
rai.it # TLD
raiffeisen.ru # TLD
railsc.ru # TLD
railyatri.in # TLD
rainews.it # TLD
raiplay.it # TLD
rajasthan.gov.in # TLD
rakuten-bank.co.jp # TLD
rakuten-card.co.jp # TLD
rakuten-sec.co.jp # TLD
rakuten.co.jp # TLD
rakuten.ne.jp # TLD
rambler.ru # TLD
randewoo.ru # TLD
ranking-deli.jp # TLD
rapbeh.cx # TLD
rapidenet.ca # TLD
rarbg.to # TLD
rarus.ru # TLD
ras.ru # TLD
ratesolutions.eu # TLD
ratkojat.fi # TLD
ratp.fr # TLD
rb.gy # TLD
rbb24.de # TLD
rbc.ru # TLD
rbc.ua # TLD
rbi.org.in # TLD
rbk.ru # TLD
rbl.ms # TLD
rbth.com # GeoIP (RU)
rcaap.pt # TLD
rci.fm # TLD
rdcu.be # TLD
rdsnet.ro # TLD
rdstation.com.br # TLD
reading.ac.uk # TLD
ready.gov # TLD
realescort.eu # TLD
realestate.com.au # TLD
realmoney-casino.ca # TLD
realmoneygaming.ca # TLD
realtimetrains.co.uk # TLD
realtor.ca # TLD
rebrand.ly # TLD
receitafederal.gov.br # TLD
receitasnestle.com.br # TLD
receiteria.com.br # TLD
reclameaqui.com.br # TLD
record.pt # TLD
recreation.gov # TLD
recruit.co.jp # TLD
redbus.in # TLD
redcare.it # TLD
redcdn.pl # TLD
redd.it # TLD
rediris.es # TLD
redlights.be # TLD
rednet.cn # TLD
redspell.ru # TLD
redsys.es # TLD
redtube.com.br # TLD
redvelvet.co.za # TLD
reed.co.uk # TLD
rees46.ru # TLD
reg.ru # TLD
regione.lombardia.it # TLD
registar.ro # TLD
register.it # TLD
registerdomain.net.za # TLD
registrant.ru # TLD
registro.br # TLD
registry.in # TLD
registry.qa # TLD
regjeringen.no # TLD
regnum.ru # TLD
regrucolo.ru # TLD
regulations.gov # TLD
regzone.cz # TLD
reklama5.mk # TLD
relcomhost.ru # TLD
reliancedigital.in # TLD
remove.bg # TLD
ren-tv.com # GeoIP (RU)
ren.tv # GeoIP (RU)
renater.fr # TLD
renee.pl # TLD
repubblica.it # TLD
research-panel.jp # TLD
researchmap.jp # TLD
reservix.de # TLD
resolver.arpa # TLD
resultadofacil.com.br # TLD
retailrocket.ru # TLD
reviews.co.uk # TLD
rewe.de # TLD
rexporn.st # TLD
rezka.ag # TLD
rf.gd # TLD
rfb.ac # TLD
rfi.fr # TLD
rfn.ru # TLD
rg.ru # TLD
rgs.ru # TLD
rhs.org.uk # TLD
ri.gov # TLD
ria.ru # TLD
riachuelo.com.br # TLD
rian.ru # TLD
ricardo.ch # TLD
rice.edu # TLD
ricoh.jp # TLD
ricta.org.rw # TLD
ridigital.org.br # TLD
rightmove.co.uk # TLD
rigla.ru # TLD
rijksmuseum.nl # TLD
rijksoverheid.nl # TLD
riken.jp # TLD
rimon.net.il # TLD
rin.ru # TLD
riotvpn.eu # TLD
riovagas.com.br # TLD
rip.ie # TLD
ripley.cl # TLD
ripley.com.pe # TLD
ris.promo # GeoIP (RU)
rit.edu # TLD
rivm.nl # TLD
rki.de # TLD
rlp.de # TLD
rmbl.ws # TLD
rmf.fm # TLD
rmf24.pl # TLD
rmg.co.uk # TLD
rmit.edu.au # TLD
rmrp.ru # TLD
rnd.de # TLD
rnp.br # TLD
rnz.co.nz # TLD
roblox.us # TLD
rochester.edu # TLD
rocketnetwork.ru # TLD
roinet.in # TLD
roistat.com # GeoIP (RU)
rollic.gs # TLD
roman.co.uk # TLD
romatoday.it # TLD
rona.ca # TLD
ros.ie # TLD
rosatom.ru # TLD
rosdomofon.com # GeoIP (RU)
roseltorg.ru # TLD
rosenergo.com # GeoIP (RU)
roskazna.ru # TLD
rosminzdrav.ru # TLD
rosneft.ru # TLD
rospotrebnadzor.ru # TLD
rosreestr.ru # TLD
rossko.ru # TLD
rossmann.pl # TLD
rosszlanyok.hu # TLD
rostaxi.org # GeoIP (RU)
rostelecom.ru # TLD
roszdravnadzor.ru # TLD
rotld.ro # TLD
roularta.be # TLD
royal.uk # TLD
rozetka.com.ua # TLD
rozklad-pkp.pl # TLD
rp-online.de # TLD
rp.pl # TLD
rp5.ru # TLD
rpi.edu # TLD
rpp.pe # TLD
rqch.ru # TLD
rqtrk.eu # TLD
rs.ge # TLD
rsch.jp # TLD
rshb.ru # TLD
rsl.ru # TLD
rsnx.ru # TLD
rspb.org.uk # TLD
rspca.org.uk # TLD
rssi.ru # TLD
rst.ua # TLD
rt.com # GeoIP (RU)
rt.ru # TLD
rtb.mx # TLD
rtbcdn.ru # TLD
rtbf.be # TLD
rtcloud.ru # TLD
rte.ie # TLD
rtl.be # TLD
rtl.de # TLD
rtl.fr # TLD
rtl.nl # TLD
rtm.gov.my # TLD
rtp.pt # TLD
rts-tender.ru # TLD
rts.ch # TLD
rttv.ru # TLD
rtve.es # TLD
rtvslo.si # TLD
ru-tld.ru # TLD
ru.net # GeoIP (RU)
ru.nl # TLD
rubika.ir # TLD
ruc.edu.cn # TLD
rudesktop.ru # TLD
rudn.ru # TLD
rufus.ie # TLD
rug.nl # TLD
rugbyrama.fr # TLD
ruhr-uni-bochum.de # TLD
ruhr24.de # TLD
ruijie.com.cn # TLD
rulate.ru # TLD
rule34.gg # TLD
rule34.us # TLD
runnr.in # TLD
rupool.pro # GeoIP (RU)
rush.edu # TLD
rusklimat.ru # TLD
ruso-turist.ru # TLD
rusoska.to # TLD
rusprofile.ru # TLD
russianpost.ru # TLD
rustore.ru # TLD
ruta1000.com.ar # TLD
rutarget.ru # TLD
ruten.com.tw # TLD
rutgers.edu # TLD
rutube.ru # TLD
ruwiki.ru # TLD
rwth-aachen.de # TLD
rynekzdrowia.pl # TLD
rzd.ru # TLD
rzone.de # TLD
s-cloud.fi # TLD
s.id # TLD
s7.ru # TLD
saarland.de # TLD
sabah.com.tr # TLD
saby.ru # TLD
sachsen-anhalt.de # TLD
sachsen.de # TLD
sadnews.co.uk # TLD
safaricom.co.ke # TLD
safaricombusiness.co.ke # TLD
sagawa-exp.co.jp # TLD
sageone.co.za # TLD
saglik.gov.tr # TLD
sainsburys.co.uk # TLD
sakura.ne.jp # TLD
salesmanago.pl # TLD
salute.gov.it # TLD
salute.ru # TLD
sam.gov # TLD
samagra.gov.in # TLD
samarth.ac.in # TLD
samarth.edu.in # TLD
samhsa.gov # TLD
samokat.ru # TLD
samolet.ru # TLD
samoletplus.ru # TLD
samplicio.us # TLD
samr.gov.cn # TLD
samregion.ru # TLD
sams.com.mx # TLD
samsodisha.gov.in # TLD
samsung.co.kr # TLD
samsung.com.cn # TLD
sandia.gov # TLD
sandiego.edu # TLD
sanrio.co.jp # TLD
santafe.gob.ar # TLD
santafe.gov.ar # TLD
santander.co.uk # TLD
santander.com.br # TLD
santandernetibe.com.br # TLD
sante.fr # TLD
sape.ru # TLD
sapo.pt # TLD
sapphireonline.pk # TLD
sapsf.eu # TLD
saralharyana.gov.in # TLD
saramin.co.kr # TLD
saren.gob.ve # TLD
sarenet.es # TLD
sarkariresult.com.cm # TLD
saser.tw # TLD
sassa.gov.za # TLD
sat.co.id # TLD
sat.gob.mx # TLD
sattakingy.in # TLD
satyam.net.in # TLD
saude.gov.br # TLD
saya.pk # TLD
sb.by # TLD
sba.gov # TLD
sbb.ch # TLD
sbb.rs # TLD
sbcloud.us # TLD
sber.ru # TLD
sberbank-tele.com # Keyword
sberbank.com # Keyword
sberbank.ru # TLD
sbercloud.ru # TLD
sberdevices.ru # TLD
sberkassa.site # Keyword
sbis.ru # TLD
sbisec.co.jp # TLD
sblogistica.ru # TLD
sbrf.ru # TLD
sbs.co.kr # TLD
sbs.com.au # TLD
sc.edu # TLD
sc.gov # TLD
sc.gov.cn # TLD
scannet2.dk # TLD
scba.gov.ar # TLD
sch.gr # TLD
sch.uk # TLD
schiphol.nl # TLD
schlund.de # TLD
schlundtech.de # TLD
schoolsoft.se # TLD
schwaebische.de # TLD
scielo.br # TLD
scielo.org.mx # TLD
sciencemuseum.org.uk # TLD
sciencespo.fr # TLD
scloud.sg # TLD
scoalarutiera.ro # TLD
scoop.co.nz # TLD
scoop.it # TLD
scot.nhs.uk # TLD
screamingfrog.co.uk # TLD
screener.in # TLD
script.ac # TLD
scroll.in # TLD
scu.edu # TLD
sd.gov # TLD
sdamgia.ru # TLD
sdn.cz # TLD
sdna.gr # TLD
sdpay.co.in # TLD
sdstate.edu # TLD
sdsu.edu # TLD
sdsys.ru # TLD
sdu.dk # TLD
sdu.edu.cn # TLD
se.pl # TLD
seabank.co.id # TLD
search.ch # TLD
sears.com.mx # TLD
seasonvar.ru # TLD
seattle.gov # TLD
sebrae.com.br # TLD
sec.gov # TLD
secget.ru # TLD
second-ns.de # TLD
secret-folder.ru # TLD
securelist.com # GeoIP (RU)
sedecatastro.gob.es # TLD
seduc.ce.gov.br # TLD
seed.net.tw # TLD
seek.com.au # TLD
seenthis.se # TLD
seesaawiki.jp # TLD
seeweb.it # TLD
sefan.ru # TLD
seg-social.es # TLD
seg-social.gob.es # TLD
seg-social.pt # TLD
segmento.ru # TLD
seguridadvial.gob.ar # TLD
seher.no # TLD
sei.df.gov.br # TLD
sei.mg.gov.br # TLD
sei.rj.gov.br # TLD
sei.sp.gov.br # TLD
seimanga.me # GeoIP (RU)
seiska.fi # TLD
sej.co.jp # TLD
sejm.gov.pl # TLD
seks.ws # TLD
selcdn.ru # TLD
selcloud.ru # TLD
selectel.ru # TLD
selfhost.de # TLD
selfhost.eu # TLD
selstorage.ru # TLD
semana.es # TLD
senat.fr # TLD
senate.gov # TLD
sendsay.ru # TLD
sengokuixa.jp # TLD
seniat.gob.ve # TLD
senior.com.br # TLD
seohost.pl # TLD
seoul.co.kr # TLD
sepe.gob.es # TLD
serasa.com.br # TLD
serasaexperian.com.br # TLD
serpro.gov.br # TLD
sertastore.com.br # TLD
server-he.de # TLD
serveriai.lt # TLD
service-public.fr # TLD
service-public.gouv.fr # TLD
service.edu.cn # TLD
service.gov.uk # TLD
servicecdn.ru # TLD
servicepipe.ru # TLD
servicepipe.tech # GeoIP (RU)
services.gc.ca # TLD
servidor.net.br # TLD
serving-sys.ru # TLD
servionica.ru # TLD
set.gov.py # TLD
set.or.th # TLD
setlist.fm # TLD
sexosur.cl # TLD
seznam.cz # TLD
seznamzpravy.cz # TLD
sf-cloud.ru # TLD
sfdc.cl # TLD
sfn-am.ru # TLD
sfndns.cn # TLD
sfr.fr # TLD
sfsu.edu # TLD
sfu.ca # TLD
sfx.ms # TLD
sg.fr # TLD
sgg.fi # TLD
sgisistemas.com.br # TLD
sgk.gov.tr # TLD
sgnic.sg # TLD
sh.gov.cn # TLD
shaanxi.gov.cn # TLD
shad.ir # TLD
shafa.ua # TLD
shamela.ws # TLD
shandong.gov.cn # TLD
shanghai.gov.cn # TLD
shaparak.ir # TLD
sharepoint.us # TLD
sharif.ir # TLD
sharkia.gov.eg # TLD
sharp.co.jp # TLD
shatel.ir # TLD
shaw.ca # TLD
shef.ac.uk # TLD
sheffield.ac.uk # TLD
shein.co.uk # TLD
shein.com.mx # TLD
sheincorp.cn # TLD
sheinindia.in # TLD
shillongteergrounds.in # TLD
shinigami.to # TLD
shinobi.jp # TLD
shiseido.co.jp # TLD
shisu.edu.cn # TLD
shkolo.bg # TLD
shmff.gov.eg # TLD
shmu.sk # TLD
shockmedia.nl # TLD
shop-pro.jp # TLD
shop.pe # TLD
shopch.jp # TLD
shopee.co.id # TLD
shopee.co.th # TLD
shopee.com.br # TLD
shopee.com.my # TLD
shopee.ph # TLD
shopee.sg # TLD
shopee.tw # TLD
shopee.vn # TLD
shopeepay.co.id # TLD
shopeepay.com.br # TLD
shopmy.us # TLD
shopsy.in # TLD
shoptoshop.co.za # TLD
short.gy # TLD
shorturl.at # TLD
shorturl.fm # TLD
showpm.in # TLD
showvid.ws # TLD
shp.ee # TLD
shueisha.co.jp # TLD
shuzilm.cn # TLD
shz.de # TLD
si.edu # TLD
siamsport.co.th # TLD
sian.it # TLD
sibnet.ru # TLD
sicnoticias.pt # TLD
sicofi.com.mx # TLD
sicoob.com.br # TLD
sicredi.com.br # TLD
siemens.de # TLD
sigmaparking.ru # TLD
sigmob.cn # TLD
sii.cl # TLD
sima-land.ru # TLD
simepar.br # TLD
simpcity.cr # TLD
simplecloud.ru # TLD
simplevoip.us # TLD
simpli.fi # TLD
simplic.com.br # TLD
simplywall.st # TLD
sina.cn # TLD
sina.com.cn # TLD
sinaimg.cn # TLD
sinajs.cn # TLD
sinarharian.com.my # TLD
singaporepools.com.sg # TLD
singnet.com.sg # TLD
singtelchina.cn # TLD
sinica.edu.tw # TLD
sinn.ru # TLD
sinoptik.bg # TLD
sinoptik.ua # TLD
sintecgroup.ru # TLD
sipnet.ru # TLD
siriusxm.ca # TLD
sirsidynix.net.au # TLD
sisal.it # TLD
sistema.gov.br # TLD
sita.sk # TLD
site777.jp # TLD
siteground.eu # TLD
siteground.us # TLD
sitehost.co.nz # TLD
sitesoft.ru # TLD
sitnet.ru # TLD
siu.edu # TLD
siue.edu # TLD
sivc.ac.th # TLD
sjsu.edu # TLD
sjtu.edu.cn # TLD
skai.gr # TLD
skbkontur.ru # TLD
skcrtxr.com # GeoIP (RU)
skelbiu.lt # TLD
skillbox.pro # GeoIP (RU)
skku.edu # TLD
sklavenitis.gr # TLD
sknt.ru # TLD
skokka.co.in # TLD
skokka.com.pe # TLD
skole.hr # TLD
skorozvon.ru # TLD
skroutz.gr # TLD
sktorrent.eu # TLD
sky.de # TLD
sky.it # TLD
skycdn.it # TLD
skyeng.ru # TLD
skylark.co.jp # TLD
skynet.be # TLD
skynews.com.au # TLD
skyscanner.co.in # TLD
skyscanner.com.br # TLD
skyscanner.de # TLD
skyscanner.es # TLD
skyscanner.fr # TLD
skyscanner.it # TLD
skysound7.com # GeoIP (RU)
sl.pt # TLD
slate.fr # TLD
sld.cu # TLD
sli.do # TLD
slim02.jp # TLD
slobodnadalmacija.hr # TLD
slon4.at # TLD
slotcity.ua # TLD
slotor777.ua # TLD
slt.lk # TLD
slu.edu # TLD
slweb.ru # TLD
sm.cn # TLD
sma.de # TLD
smaregi.jp # TLD
smartape.ru # TLD
smartbill.ro # TLD
smartcallback.ru # TLD
smartfit.com.br # TLD
smarthost.pl # TLD
smartnews.be # TLD
smartpress.by # TLD
smartshell.gg # TLD
smartspb.net # GeoIP (RU)
smarturl.it # TLD
smbc.co.jp # TLD
smbcnikko.co.jp # TLD
sme.sk # TLD
smh.com.au # TLD
smhi.se # TLD
smi2.net # GeoIP (RU)
smi2.ru # TLD
smiles.com.br # TLD
smith.edu # TLD
smotrim.ru # TLD
smu.edu # TLD
smu.edu.sg # TLD
snai.it # TLD
snapfit.co.kr # TLD
snapinsta.to # TLD
snapp.ir # TLD
snu.ac.kr # TLD
so-net.ne.jp # TLD
so-ups.ru # TLD
soc-club.ru # TLD
soccer365.ru # TLD
soccer6.co.za # TLD
soccerline.kr # TLD
socpublic.com # GeoIP (RU)
sodimac.cl # TLD
sodimac.com.pe # TLD
softbank.jp # TLD
sogirl.so # TLD
soha.vn # TLD
soika.site # GeoIP (RU)
solidbroker.ru # TLD
solidinvest.ru # TLD
soliq.uz # TLD
solitalian.it # TLD
solo.to # TLD
solodeportes.com.ar # TLD
soloway.ru # TLD
solseed.cn # TLD
sonera.fi # TLD
sonnen.de # TLD
sonnenbatterie.de # TLD
sony.co.jp # TLD
sony.jp # TLD
sorbonne-universite.fr # TLD
sorokdva.co.uk # TLD
sorokodin.co.uk # TLD
soton.ac.uk # TLD
soulapp.cn # TLD
soumu.go.jp # TLD
southampton.ac.uk # TLD
sovcloud.cn # TLD
sovcombank.ru # TLD
sozcu.com.tr # TLD
spaceweb.pro # GeoIP (RU)
spaceweb.ru # TLD
spaggiari.eu # TLD
spareroom.co.uk # TLD
spat4.jp # TLD
spb.ru # TLD
spbtv.com # GeoIP (RU)
spbtv.media # GeoIP (RU)
spbu.ru # TLD
spd-mgts.ru # TLD
spdns.de # TLD
spectator.co.uk # TLD
spektrum.de # TLD
spellingoefenen.nl # TLD
sph.com.sg # TLD
spiegel.de # TLD
splashtop.eu # TLD
splus.ir # TLD
spmb.id # TLD
sponichi.co.jp # TLD
sport-express.ru # TLD
sport-fm.gr # TLD
sport.cz # TLD
sport.de # TLD
sport.es # TLD
sport.pl # TLD
sport.ro # TLD
sport.ua # TLD
sport1.de # TLD
sport24.gr # TLD
sport24.ru # TLD
sportal.bg # TLD
sportbox.ru # TLD
sportchek.ca # TLD
sportisimo.cz # TLD
sportmail.ru # TLD
sportmaster.ru # TLD
sportnieuws.nl # TLD
sports.bet.ar # TLD
sports.ru # TLD
sportsapi.ru # TLD
sportschau.de # TLD
sportsnet.ca # TLD
sportsplus.ph # TLD
sportsport.ba # TLD
sportybet.co.za # TLD
sporza.be # TLD
spot.im # TLD
spoti.fi # TLD
sprinthost.net # GeoIP (RU)
sprinthost.ru # TLD
sprzedajemy.pl # TLD
sputnik.ru # TLD
sputniknews.com # GeoIP (RU)
sputniknews.ru # TLD
sravni.ru # TLD
srce.hr # TLD
sreality.cz # TLD
srf.ch # TLD
sri.gob.ec # TLD
ss.lv # TLD
ss2.us # TLD
ssa.gov # TLD
ssc.gov.in # TLD
sse.com.cn # TLD
ssotica.com.br # TLD
sspnet.tech # GeoIP (RU)
sss.gov.ph # TLD
sssrvpn.pro # GeoIP (RU)
st-andrews.ac.uk # TLD
stake.ac # TLD
stake.us # TLD
standaard.be # TLD
standard.co.uk # TLD
standardbank.co.za # TLD
standardmedia.co.ke # TLD
stanford.edu # TLD
starbucks.co.jp # TLD
starhealth.in # TLD
starline.ru # TLD
starlink.in # TLD
start.ru # TLD
startech.com.bd # TLD
stat.go.jp # TLD
stat.gov.pl # TLD
state.co.us # TLD
state.gov # TLD
state.ny.us # TLD
stats.gov.cn # TLD
stbid.ru # TLD
steadfast.com.bd # TLD
stealth.si # TLD
stepstone.de # TLD
stern.de # TLD
stesti.cz # TLD
stihi.ru # TLD
stirileprotv.ro # TLD
stiripesurse.ro # TLD
stnet.ad.jp # TLD
stocrm.ru # TLD
stoiximan.gr # TLD
stoloto.ru # TLD
stonybrook.edu # TLD
stopblocking.co.uk # TLD
storage-yahoo.jp # TLD
storeland.ru # TLD
stores.jp # TLD
storm.mg # TLD
stormshieldcs.eu # TLD
storytv.co.in # TLD
stps.gob.mx # TLD
strath.ac.uk # TLD
strato.de # TLD
stratum2.ru # TLD
streamed.pk # TLD
streamimdb.ru # TLD
strikeout.im # TLD
strip2.in # TLD
strmd.st # TLD
stroyserviceru.ru # TLD
sts.pl # TLD
stsci.edu # TLD
stuba.sk # TLD
studentaid.gov # TLD
studenti.it # TLD
studilka.ru # TLD
studocu.vn # TLD
studying.jp # TLD
studyinsaudi.sa # TLD
stuff.co.nz # TLD
stuttgarter-zeitung.de # TLD
stylo.pk # TLD
su.se # TLD
suamusica.com.br # TLD
sub.jp # TLD
subito.it # TLD
successfactors.eu # TLD
sudinfo.be # TLD
sudouest.fr # TLD
sudrf.ru # TLD
sueddeutsche.de # TLD
sulamericaseguros.com.br # TLD
sumo.or.jp # TLD
sun.ac.za # TLD
sunat.gob.pe # TLD
sunbet.co.za # TLD
sunet.se # TLD
suninggslb.cn # TLD
sunrise.ch # TLD
suntory.co.jp # TLD
suny.edu # TLD
super-pharm.co.il # TLD
super.cz # TLD
superbet.pl # TLD
superbet.ro # TLD
supercdn.ru # TLD
superenalotto.it # TLD
superguidatv.it # TLD
superhosting.bg # TLD
superjob.ru # TLD
supersim.com.br # TLD
supersport.hr # TLD
supremecourt.gov # TLD
surabaya.go.id # TLD
surfnet.nl # TLD
suribet.sr # TLD
surrey.ac.uk # TLD
suruga-ya.jp # TLD
sussex.ac.uk # TLD
sutochno.ru # TLD
suumo.jp # TLD
suzuki.co.jp # TLD
svc.ms # TLD
svd.se # TLD
svenskaspel.se # TLD
sverigesradio.se # TLD
svet24.si # TLD
svoevse.ru # TLD
svt.se # TLD
svtplay.se # TLD
swarthmore.edu # TLD
sweatco.in # TLD
sweb.ru # TLD
swedbank.lt # TLD
swgoh.gg # TLD
swin.edu.au # TLD
swisscom.ch # TLD
swissinfo.ch # TLD
switch.ch # TLD
swr.de # TLD
syapp.jp # TLD
sydney.edu.au # TLD
sympatico.ca # TLD
sympla.com.br # TLD
syr.edu # TLD
sysu.edu.cn # TLD
sz.gov.cn # TLD
szamlazz.hu # TLD
szerencsejatek.hu # TLD
szimc.ru # TLD
szn.cz # TLD
t-bank-app.ru # TLD
t-bank-app.su # TLD
t-ipconnect.de # TLD
t-ipnet.de # TLD
t-j.ru # TLD
t-mobile.pl # TLD
t-online.de # TLD
t-static.ru # TLD
t.cn # TLD
t.ly # TLD
t1-cloud.ru # TLD
t1.ru # TLD
t2.ru # TLD
t24.com.tr # TLD
t3n.de # TLD
t72.ru # TLD
t817smgn6zs.ru # TLD
tabletki.ua # TLD
tabnak.ir # TLD
tabor.ru # TLD
tadex.id # TLD
tag24.de # TLD
tages.dev # GeoIP (RU)
tagesanzeiger.ch # TLD
tagesschau.de # TLD
tagesspiegel.de # TLD
taichung.gov.tw # TLD
taiwannews.com.tw # TLD
takarakuji-official.jp # TLD
takashimaya.co.jp # TLD
takbet.com # GeoIP (RU)
tala.ir # TLD
tally.so # TLD
talon.by # TLD
tamin.ir # TLD
tamo.lt # TLD
tamtam.chat # GeoIP (RU)
tamu.edu # TLD
tander.ru # TLD
tanishq.co.in # TLD
tanki.su # TLD
tanksblitz.ru # TLD
tantora.jp # TLD
taplink.cc # GeoIP (RU)
tapsell.ir # TLD
tapsi.ir # TLD
targetads.io # GeoIP (RU)
task.com.br # TLD
tasnimnews.ir # TLD
tass.com # GeoIP (RU)
tass.ru # TLD
tatar.ru # TLD
tatarstan.ru # TLD
tatasteel.co.in # TLD
tate.org.uk # TLD
tatneft.ru # TLD
tau.ac.il # TLD
taw-bio.ir # TLD
tawk.to # TLD
tax.gov.ir # TLD
taxcom.ru # TLD
taximaxim.ru # TLD
taxsee.ru # TLD
taxtelecom.ru # TLD
taz.bz # TLD
taz.de # TLD
tbank.ru # TLD
tbs.co.jp # TLD
tc.edu.tw # TLD
tcd.ie # TLD
tcdn.com.br # TLD
tche.br # TLD
tchibo.de # TLD
tci.ir # TLD
tcmb.gov.tr # TLD
tconnect.services # GeoIP (RU)
tcsbank.ru # TLD
tdnsdl1.cn # TLD
tdnsdp1.cn # TLD
tdnsstic1.cn # TLD
tdnsvod1.cn # TLD
tdnsvod4.cn # TLD
tdscpc.gov.in # TLD
te.eg # TLD
tec.mx # TLD
tecconcursos.com.br # TLD
techdns.kz # TLD
technetbloggers.de # TLD
technion.ac.il # TLD
techsterowniki.pl # TLD
tecnomat.it # TLD
tekta.ru # TLD
tektorg.ru # TLD
telangana.gov.in # TLD
tele2.ru # TLD
tele2.se # TLD
tele3.cz # TLD
telecentro.net.ar # TLD
telecid.ru # TLD
telecinco.es # TLD
telecom.kz # TLD
telecom.net.ar # TLD
telecomitalia.it # TLD
telefonica.de # TLD
telegra.ph # TLD
telegraaf.nl # TLD
telegraf.rs # TLD
telegram.im # TLD
telegraph.co.uk # TLD
telekom-dienste.de # TLD
telekom.at # TLD
telekom.de # TLD
telekom.hu # TLD
telemagazyn.pl # TLD
teleman.pl # TLD
telenet-ops.be # TLD
telenet.be # TLD
telenor.se # TLD
teleport.media # GeoIP (RU)
telerama.fr # TLD
telesco.pe # TLD
teletalk.com.bd # TLD
teletype.in # TLD
telewebion.ir # TLD
telex.hu # TLD
telkomadsl.co.za # TLD
telkomuniversity.ac.id # TLD
tellybiz.in # TLD
telphin.com # GeoIP (RU)
telphin.ru # TLD
telstra.com.au # TLD
temple.edu # TLD
tempo.pt # TLD
tencentcos.cn # TLD
tenda.com.cn # TLD
tengrinews.kz # TLD
tenki.jp # TLD
tensor.ru # TLD
tenten.vn # TLD
tepco.co.jp # TLD
terabyteshop.com.br # TLD
terra.com.br # TLD
tesda.gov.ph # TLD
tesla.cn # TLD
test-uz.ru # TLD
test.de # TLD
texas.gov # TLD
texify.blog # GeoIP (RU)
tf1.fr # TLD
tf1info.fr # TLD
tfkc.de # TLD
tfl.gov.uk # TLD
tgstat.ru # TLD
thains.co.th # TLD
thairath.co.th # TLD
thalia.de # TLD
thanhnien.vn # TLD
the-ans.jp # TLD
the-ozone-project.com # Keyword
theage.com.au # TLD
theaustralian.com.au # TLD
thebase.in # TLD
thecanadianencyclopedia.ca # TLD
thefuse.co.za # TLD
theiconic.com.au # TLD
thejournal.ie # TLD
thelocal.se # TLD
thenational.ae # TLD
thenews.com.pk # TLD
thepaper.cn # TLD
theplatform.eu # TLD
thepoizon.ru # TLD
theprint.in # TLD
therange.co.uk # TLD
therarbg.to # TLD
theregister.co.uk # TLD
thescottishsun.co.uk # TLD
thespacemachines.st # TLD
thestar.com.my # TLD
thesun.co.uk # TLD
thesun.ie # TLD
thethao247.vn # TLD
thethaovanhoa.vn # TLD
thetimes.co.uk # TLD
thetv.jp # TLD
thetvapp.to # TLD
thewire.in # TLD
thewom.it # TLD
thinkingdata.cn # TLD
thinline.cz # TLD
thisismoney.co.uk # TLD
thomann.de # TLD
thomann.fr # TLD
thomsonreuters.co.uk # TLD
threema.ch # TLD
thuisbezorgd.nl # TLD
thuvienphapluat.vn # TLD
ticketjam.jp # TLD
ticketmaster.ca # TLD
ticketmaster.co.uk # TLD
ticketmaster.com.br # TLD
ticketmaster.com.mx # TLD
ticketmaster.de # TLD
ticketmaster.nl # TLD
ticketmaster.ph # TLD
ticketone.it # TLD
tidd.ly # TLD
tiendapanini.com.mx # TLD
tienphong.vn # TLD
tiktok-minis.us # TLD
tiktoklb.eu # TLD
tiktokmod.pro # GeoIP (RU)
tiktokpangle-b.us # TLD
tiktokpangle.us # TLD
tiktokv.eu # TLD
tiktokv.us # TLD
tiktokw.eu # TLD
tiktokw.us # TLD
tilda.ws # TLD
tildacdn.com # GeoIP (RU)
tildadns.com # GeoIP (RU)
tim.it # TLD
timbrasil.com.br # TLD
time.edu.cn # TLD
time.is # TLD
timepad.ru # TLD
timeslive.co.za # TLD
timesonline.co.uk # TLD
timeweb.cloud # GeoIP (RU)
timeweb.com # GeoIP (RU)
timeweb.ru # TLD
timmehosting.de # TLD
tinhte.vn # TLD
tinkoff.ru # TLD
tinkoffinsurance.ru # TLD
tipness.co.jp # TLD
tippmix.hu # TLD
tippmixpro.hu # TLD
tiscali.co.uk # TLD
tiscali.it # TLD
tisnet.net.tw # TLD
titan.co.in # TLD
titech.ac.jp # TLD
tiwar.ru # TLD
tjgo.jus.br # TLD
tjoy.jp # TLD
tjrs.jus.br # TLD
tjsp.jus.br # TLD
tk.de # TLD
tkc.co.jp # TLD
tld-servers.ru # TLD
tld.lt # TLD
tld.ma # TLD
tld.pl # TLD
tld.sk # TLD
tld.sy # TLD
tm.net.my # TLD
tme.eu # TLD
tmgrup.com.tr # TLD
tmiaf.ru # TLD
tmn-obl.ru # TLD
tmn141246.ru # TLD
tmok.tm # TLD
tmt.de # TLD
tmweb.ru # TLD
tn.com.ar # TLD
tn.gov # TLD
tn.gov.in # TLD
tnpds.gov.in # TLD
tnresults.nic.in # TLD
tns-counter.ru # TLD
tnstc.in # TLD
tntsports.co.uk # TLD
tochka.com # GeoIP (RU)
todamateria.com.br # TLD
toernooi.nl # TLD
togelnet.id # TLD
tohoku.ac.jp # TLD
tohotheater.jp # TLD
tokeon.ru # TLD
tokmanni.fi # TLD
tokubai.co.jp # TLD
tokyo-np.co.jp # TLD
tokyo-sports.co.jp # TLD
tokyo.lg.jp # TLD
tokyodisneyresort.jp # TLD
tolstoycomments.com # GeoIP (RU)
tombola.it # TLD
tomsk.ru # TLD
tongji.edu.cn # TLD
toom.de # TLD
top100.ru # TLD
topcv.vn # TLD
tophost.ch # TLD
topjobs.lk # TLD
topky.sk # TLD
toprecepty.cz # TLD
topwar.ru # TLD
toranet.jp # TLD
toranoana.jp # TLD
tori.fi # TLD
toronto.ca # TLD
toronto.edu # TLD
torontomu.ca # TLD
toss.im # TLD
totalcasino.pl # TLD
totogaming.am # TLD
tourvisor.ru # TLD
tovima.gr # TLD
tower.jp # TLD
toyhou.se # TLD
toyota.co.jp # TLD
toyota.jp # TLD
tp.edu.tw # TLD
tpg.com.au # TLD
tpgi.com.au # TLD
tplinkcloud.com.cn # TLD
tpmn.co.kr # TLD
tpnet.pl # TLD
tportal.hr # TLD
tpserv.ru # TLD
tr.ee # TLD
trace-flow.ru # TLD
tracker.cl # TLD
tracker.gg # TLD
tracktor.in # TLD
trade.gov # TLD
trademe.co.nz # TLD
tradesoft.ru # TLD
traeapi.us # TLD
traffaret.com # GeoIP (RU)
trafficmanager.cn # TLD
trafficnews.jp # TLD
transfermarkt.com.tr # TLD
transfermarkt.fr # TLD
transip.eu # TLD
transip.nl # TLD
transistor.fm # TLD
transportation.gov # TLD
transportgzm.pl # TLD
trashbox.ru # TLD
travelata.ru # TLD
travelline.ru # TLD
travesticomlocal.com.br # TLD
trbcdn.net # GeoIP (RU)
treas.gov # TLD
treasury.gov # TLD
treasurydirect.gov # TLD
treccani.it # TLD
trendmicro.co.jp # TLD
trendmicro.eu # TLD
trepy.jp # TLD
trevenque.es # TLD
trf6.jus.br # TLD
tribune.com.pk # TLD
trilltrill.jp # TLD
tripadvisor.ca # TLD
tripadvisor.co.uk # TLD
tripadvisor.com.au # TLD
tripadvisor.com.br # TLD
tripadvisor.de # TLD
tripadvisor.es # TLD
tripadvisor.fr # TLD
tripadvisor.in # TLD
tripadvisor.it # TLD
tripadvisor.ru # TLD
trkn.us # TLD
trojmiasto.pl # TLD
trouw.nl # TLD
trovaprezzi.it # TLD
trt.com.tr # TLD
trtcube-license.cn # TLD
tru.am # TLD
trudvsem.ru # TLD
trueconf.ru # TLD
truenetwork.ru # TLD
trustvox.com.br # TLD
truyenqq.com.vn # TLD
tsa.gov # TLD
tsargrad.tv # GeoIP (RU)
tsc.go.ke # TLD
tse.go.cr # TLD
tse.jus.br # TLD
tsinghua.edu.cn # TLD
tsite.jp # TLD
tsn.ca # TLD
tsn.ua # TLD
tspolice.gov.in # TLD
tsu.ru # TLD
tsukuba.ac.jp # TLD
tters.jp # TLD
ttidc.com.tr # TLD
ttk.ru # TLD
ttks.tw # TLD
ttu.edu # TLD
tu-berlin.de # TLD
tu-bs.de # TLD
tu-chemnitz.de # TLD
tu-darmstadt.de # TLD
tu-dortmund.de # TLD
tu-dresden.de # TLD
tubantia.nl # TLD
tube8.fr # TLD
tudelft.nl # TLD
tudogostoso.com.br # TLD
tue.nl # TLD
tufts.edu # TLD
tugraz.at # TLD
tui.co.uk # TLD
tui.nl # TLD
tujugada.com.ar # TLD
tulane.edu # TLD
tum.de # TLD
tuma.jp # TLD
tumadouga.jp # TLD
tuni.fi # TLD
tuoitre.vn # TLD
tupi.fm # TLD
turbo.az # TLD
turfomania.fr # TLD
turfpronos.fr # TLD
turkcell.com.tr # TLD
turkiye.gov.tr # TLD
turktelekom.com.tr # TLD
tutu.ru # TLD
tuwien.ac.at # TLD
tv-asahi.co.jp # TLD
tv-tokyo.co.jp # TLD
tv2.dk # TLD
tv2.no # TLD
tv3.lt # TLD
tvanouvelles.ca # TLD
tvbs.com.tw # TLD
tver.jp # TLD
tvgids.nl # TLD
tvguia.es # TLD
tvip-media.net # GeoIP (RU)
tvn.pl # TLD
tvn24.pl # TLD
tvnz.co.nz # TLD
tvp.pl # TLD
tvplus.com.tr # TLD
tvspielfilm.de # TLD
tvzavr.ru # TLD
tw1.ru # TLD
twcstorage.ru # TLD
twiket.com # GeoIP (RU)
twinkl.co.uk # TLD
twnic.net.tw # TLD
twojapogoda.pl # TLD
txstate.edu # TLD
tyc.edu.tw # TLD
tz.de # TLD
u-bordeaux.fr # TLD
u-psud.fr # TLD
u-strasbg.fr # TLD
u-szeged.hu # TLD
u-tokyo.ac.jp # TLD
u.gg # TLD
u.to # TLD
ua.edu # TLD
ua.es # TLD
uab.edu # TLD
uaf.edu # TLD
ualberta.ca # TLD
uam.es # TLD
uam.mx # TLD
uanl.mx # TLD
uantwerpen.be # TLD
uark.edu # TLD
uaserials.my # TLD
ub.ac.id # TLD
ub.edu # TLD
uba.ar # TLD
ubc.ca # TLD
ubuy.co.in # TLD
uc.cl # TLD
uc.cn # TLD
uc.edu # TLD
uc.pt # TLD
uc3m.es # TLD
ucalgary.ca # TLD
ucanr.edu # TLD
ucar.edu # TLD
ucc.ie # TLD
ucd.ie # TLD
ucdavis.edu # TLD
ucf.edu # TLD
uchi.ru # TLD
uchicago.edu # TLD
uchile.cl # TLD
uci.edu # TLD
ucl.ac.uk # TLD
ucla.edu # TLD
uclm.es # TLD
ucloud.cn # TLD
uclouvain.be # TLD
ucm.es # TLD
uco.es # TLD
ucom.ne.jp # TLD
uconn.edu # TLD
ucop.edu # TLD
ucoz.ru # TLD
ucpress.edu # TLD
ucr.ac.cr # TLD
ucr.edu # TLD
ucsb.edu # TLD
ucsc.edu # TLD
ucsd.edu # TLD
ucsf.edu # TLD
uct.ac.za # TLD
udag.de # TLD
udec.cl # TLD
udel.edu # TLD
udg.mx # TLD
udiseplus.gov.in # TLD
udmr.ru # TLD
udns.com.br # TLD
udyamregistration.gov.in # TLD
uea.ac.uk # TLD
uecdn.es # TLD
uem.mz # TLD
ufanet.ru # TLD
ufba.br # TLD
ufc.br # TLD
uff.br # TLD
ufl.edu # TLD
ufmg.br # TLD
ufpe.br # TLD
ufpr.br # TLD
ufrgs.br # TLD
ufrj.br # TLD
ufrn.br # TLD
ufs-online.ru # TLD
ufsc.br # TLD
uga.edu # TLD
ugent.be # TLD
ugm.ac.id # TLD
ugr.es # TLD
ugsk.ru # TLD
ugtelset.ru # TLD
uh.edu # TLD
uhost.co.kr # TLD
ui-dns.de # TLD
ui-portal.de # TLD
ui.ac.id # TLD
uib.es # TLD
uib.no # TLD
uibk.ac.at # TLD
uic.edu # TLD
uidaho.edu # TLD
uidai.gov.in # TLD
uiic.in # TLD
uillinois.edu # TLD
uio.no # TLD
uiowa.edu # TLD
uiscom.ru # TLD
uit.no # TLD
uitm.edu.my # TLD
uiuc.edu # TLD
uj.edu.pl # TLD
uky.edu # TLD
ul.pt # TLD
ulaval.ca # TLD
ulb.ac.be # TLD
uliege.be # TLD
ulife.com.br # TLD
ulisboa.pt # TLD
ulluuncut.to # TLD
uls.co.za # TLD
um.edu.my # TLD
um.es # TLD
uma.es # TLD
umaine.edu # TLD
umami.is # TLD
umang.gov.in # TLD
umanitoba.ca # TLD
umaryland.edu # TLD
umass.edu # TLD
umb.edu # TLD
umbc.edu # TLD
umd.edu # TLD
umich.edu # TLD
uminho.pt # TLD
umk.pl # TLD
umkc.edu # TLD
umn.edu # TLD
umontreal.ca # TLD
umt.edu # TLD
umu.se # TLD
umweltbundesamt.de # TLD
unam.mx # TLD
unb.br # TLD
unb.ca # TLD
unblog.fr # TLD
unc.edu # TLD
unc.edu.ar # TLD
uncg.edu # TLD
uncn.jp # TLD
undip.ac.id # TLD
une.edu.au # TLD
uned.es # TLD
unem.edu.ve # TLD
unesp.br # TLD
unext.jp # TLD
unf.edu # TLD
unh.edu # TLD
uni-augsburg.de # TLD
uni-bayreuth.de # TLD
uni-bielefeld.de # TLD
uni-bonn.de # TLD
uni-bremen.de # TLD
uni-due.de # TLD
uni-erlangen.de # TLD
uni-frankfurt.de # TLD
uni-freiburg.de # TLD
uni-giessen.de # TLD
uni-goettingen.de # TLD
uni-graz.at # TLD
uni-halle.de # TLD
uni-hamburg.de # TLD
uni-hannover.de # TLD
uni-heidelberg.de # TLD
uni-jena.de # TLD
uni-kassel.de # TLD
uni-kiel.de # TLD
uni-kl.de # TLD
uni-koeln.de # TLD
uni-konstanz.de # TLD
uni-leipzig.de # TLD
uni-lj.si # TLD
uni-mainz.de # TLD
uni-mannheim.de # TLD
uni-marburg.de # TLD
uni-muenchen.de # TLD
uni-muenster.de # TLD
uni-oldenburg.de # TLD
uni-osnabrueck.de # TLD
uni-paderborn.de # TLD
uni-potsdam.de # TLD
uni-regensburg.de # TLD
uni-rostock.de # TLD
uni-saarland.de # TLD
uni-stuttgart.de # TLD
uni-trier.de # TLD
uni-tuebingen.de # TLD
uni-ulm.de # TLD
uni-wuerzburg.de # TLD
uni.edu # TLD
unian.ua # TLD
unibas.ch # TLD
unibe.ch # TLD
unibo.it # TLD
unicaen.fr # TLD
unicamp.br # TLD
unicomcdn.com.cn # TLD
unicomics.ru # TLD
unicontext.ru # TLD
unicredit.ru # TLD
unifi.it # TLD
unifr.ch # TLD
unige.ch # TLD
unige.it # TLD
unigrande.edu.br # TLD
unil.ch # TLD
unimelb.edu.au # TLD
unimi.it # TLD
unimib.it # TLD
unimo.it # TLD
unina.it # TLD
uninet.net.mx # TLD
unionesarda.it # TLD
uniovi.es # TLD
unipd.it # TLD
unipi.it # TLD
unirioja.es # TLD
uniroma1.it # TLD
uniroma2.it # TLD
unisa.ac.za # TLD
unisa.edu.au # TLD
unistra.fr # TLD
united-arrows.co.jp # TLD
united-domains.de # TLD
unitedcinemas.jp # TLD
unitn.it # TLD
unito.it # TLD
unity.cn # TLD
univ-lorraine.fr # TLD
univ-lyon1.fr # TLD
univ-nantes.fr # TLD
unive.it # TLD
universiteitleiden.nl # TLD
universityofcalifornia.edu # TLD
univie.ac.at # TLD
unizar.es # TLD
unizg.hr # TLD
unl.edu # TLD
unl.pt # TLD
unlam.edu.ar # TLD
unleashed.be # TLD
unlp.edu.ar # TLD
unlv.edu # TLD
unm.edu # TLD
unr.edu # TLD
unsw.edu.au # TLD
unt.edu # TLD
unu.edu # TLD
unu.im # TLD
uoa.gr # TLD
uoc.edu # TLD
uoc.gr # TLD
uod.ac.in # TLD
uoguelph.ca # TLD
uol.com.br # TLD
uoregon.edu # TLD
uottawa.ca # TLD
uow.edu.au # TLD
up.ac.za # TLD
up.gov.in # TLD
up.nic.in # TLD
up.pt # TLD
upatras.gr # TLD
upbhulekh.gov.in # TLD
upc.edu # TLD
upd.edu.ph # TLD
upenn.edu # TLD
upf.edu # TLD
upm.edu.my # TLD
upm.es # TLD
upol.cz # TLD
upravel.com # GeoIP (RU)
upsc.gov.in # TLD
upsdc.gov.in # TLD
upsssc.gov.in # TLD
upv.es # TLD
uq.edu.au # TLD
uqam.ca # TLD
uqmobile.jp # TLD
ura.news # GeoIP (RU)
urfu.ru # TLD
uri.edu # TLD
uri.sh # TLD
urssaf.fr # TLD
us.es # TLD
usa.gov # TLD
usaid.gov # TLD
usajobs.gov # TLD
usal.es # TLD
usask.ca # TLD
usc.edu # TLD
uscis.gov # TLD
uscourts.gov # TLD
usda.gov # TLD
usdoj.gov # TLD
usembassy.gov # TLD
userapi.com # GeoIP (RU)
usercentrics.eu # TLD
usergate.com # GeoIP (RU)
userx.pro # GeoIP (RU)
usf.edu # TLD
usfca.edu # TLD
usg.edu # TLD
usgs.gov # TLD
usherbrooke.ca # TLD
usitc.gov # TLD
usmint.gov # TLD
usolie.info # GeoIP (RU)
usp.br # TLD
usps.gov # TLD
uspto.gov # TLD
usra.edu # TLD
ussp.io # GeoIP (RU)
ustc.edu.cn # TLD
ustr.gov # TLD
usu.edu # TLD
usyd.edu.au # TLD
ut.ac.id # TLD
ut.ee # TLD
uta.edu # TLD
utah.edu # TLD
utah.gov # TLD
utas.edu.au # TLD
utdallas.edu # TLD
uteka.ru # TLD
uteq.edu.ec # TLD
utexas.edu # TLD
utk.edu # TLD
utm.edu # TLD
utoledo.edu # TLD
utopia.de # TLD
utoronto.ca # TLD
utorria.ru # TLD
utp.edu.pe # TLD
utp.st # TLD
utraff.com # GeoIP (RU)
uts.edu.au # TLD
utsa.edu # TLD
utu.fi # TLD
utua.com.br # TLD
utwente.nl # TLD
uu.nl # TLD
uu.se # TLD
uv.es # TLD
uv.mx # TLD
uva.es # TLD
uva.nl # TLD
uvic.ca # TLD
uvm.edu # TLD
uw.edu # TLD
uw.edu.pl # TLD
uwa.edu.au # TLD
uwaterloo.ca # TLD
uwi.edu # TLD
uwm.edu # TLD
uwo.ca # TLD
uwyo.edu # TLD
uxfeedback.ru # TLD
uzbmb.uz # TLD
uzh.ch # TLD
v-tal.net.br # TLD
v2z.ru # TLD
va.gov # TLD
valmo.in # TLD
valuehost.ru # TLD
vam.ac.uk # TLD
vanderbilt.edu # TLD
vanityfair.it # TLD
variomedia.de # TLD
vassar.edu # TLD
vatican.va # TLD
vaticannews.va # TLD
vaz.ru # TLD
vbet.am # TLD
vbet.ua # TLD
vc.ru # TLD
vcu.edu # TLD
vdsina.ru # TLD
vecernji.hr # TLD
vectant.ne.jp # TLD
vector.co.jp # TLD
vedomosti.ru # TLD
veepee.fr # TLD
vegamovie.pe # TLD
vegamovie.sl # TLD
vegamovie.sn # TLD
vegamovies.mq # TLD
veikkaus.fi # TLD
veloxzone.com.br # TLD
vendora.gr # TLD
ventanillaunicasocial.gob.cl # TLD
ventraip.net.au # TLD
verbraucherzentrale.de # TLD
verify.hn # TLD
verivox.de # TLD
vermont.gov # TLD
versatel.de # TLD
vertbaudet.fr # TLD
very.co.uk # TLD
vesti.ru # TLD
vg.no # TLD
vgtimes.ru # TLD
vgwort.de # TLD
viadata.store # GeoIP (RU)
viamichelin.fr # TLD
vianet.ca # TLD
vianet.com.np # TLD
viaprog.eu # TLD
vibra.best # GeoIP (RU)
videa.hu # TLD
video-mech.ru # TLD
videonow.ru # TLD
videotron.ca # TLD
vie-publique.fr # TLD
viet69.be # TLD
vietcombank.com.vn # TLD
vietel.com.vn # TLD
vietnam.vn # TLD
vietnamnet.vn # TLD
vietnamplus.vn # TLD
viettel.vn # TLD
viettelidc.com.vn # TLD
vigo.tech # GeoIP (RU)
villanova.edu # TLD
vimpelcom.ru # TLD
vinted.be # TLD
vinted.co.uk # TLD
vinted.cz # TLD
vinted.de # TLD
vinted.es # TLD
vinted.fr # TLD
vinted.ie # TLD
vinted.it # TLD
vinted.lt # TLD
vinted.nl # TLD
vinted.pl # TLD
vinted.pt # TLD
vintera.tv # GeoIP (RU)
virgilio.it # TLD
virginia.edu # TLD
virginia.gov # TLD
virginmediao2.co.uk # TLD
virtua.com.br # TLD
virtualhosts.de # TLD
virtuaserver.com.br # TLD
visir.is # TLD
visual.ly # TLD
visualsoft.co.uk # TLD
vivareal.com.br # TLD
vivastreet.co.uk # TLD
vivo.com.br # TLD
vivo.com.cn # TLD
vivozap.com.br # TLD
vk-analytics.ru # TLD
vk-apps.com # GeoIP (RU)
vk-cdn.net # Keyword
vk-portal.net # GeoIP (RU)
vk.cc # GeoIP (RU)
vk.com # GeoIP (RU)
vk.me # GeoIP (RU)
vk.ru # TLD
vk.team # GeoIP (RU)
vkcloud-storage.ru # TLD
vkontakte.ru # TLD
vkplay.ru # TLD
vkuser.net # Keyword
vkuseraudio.net # Keyword
vkuseraudio.ru # TLD
vkuserphoto.ru # TLD
vkusvill.ru # TLD
vkvideo.ru # TLD
vl.ru # TLD
vlaanderen.be # TLD
vlibras.gov.br # TLD
vlr.gg # TLD
vmailru.net # GeoIP (RU)
vn2b.my # TLD
vn2c.my # TLD
vniiftri.ru # TLD
vnn.vn # TLD
vnu.edu.vn # TLD
vodacom.co.za # TLD
vodafone-ip.de # TLD
vodafone.co.uk # TLD
vodafone.com.au # TLD
vodafone.com.tr # TLD
vodafone.cz # TLD
vodafone.de # TLD
vodafone.es # TLD
vodafone.ind.in # TLD
vodafone.it # TLD
vodafone.net.tr # TLD
vodafone.pt # TLD
voeazul.com.br # TLD
voetbalprimeur.nl # TLD
voetbalzone.nl # TLD
vogue.co.uk # TLD
vogue.fr # TLD
vogue.in # TLD
vogue.it # TLD
voip.ms # TLD
voir-anime.to # TLD
volganet.ru # TLD
volkskrant.nl # TLD
volksstimme.de # TLD
volkswagen.de # TLD
voskhod.ru # TLD
voz.vn # TLD
vp3n.ru # TLD
vpn48.ru # TLD
vpngate2.jp # TLD
vrisko.gr # TLD
vrt.be # TLD
vscale.io # GeoIP (RU)
vseinstrumenti.ru # TLD
vseosvita.ua # TLD
vt.edu # TLD
vtal.net.br # TLD
vtb.ru # TLD
vtbbo.ru # TLD
vtex.com.br # TLD
vteximg.com.br # TLD
vtvgo.vn # TLD
vu.edu.au # TLD
vu.edu.pk # TLD
vu.lt # TLD
vu.nl # TLD
vutbr.cz # TLD
vw.com.mx # TLD
vz.ru # TLD
wa.gov # TLD
wacoal.jp # TLD
wadax-sv.jp # TLD
waikato.ac.nz # TLD
waldenu.edu # TLD
walesonline.co.uk # TLD
walla.co.il # TLD
wallstreet-online.de # TLD
walmart.ca # TLD
walmart.com.mx # TLD
wambacdn.net # GeoIP (RU)
wamgame.jp # TLD
wanadoo.es # TLD
wanadoo.fr # TLD
wanfangdata.com.cn # TLD
war.gov # TLD
warau.jp # TLD
wartank.ru # TLD
warwick.ac.uk # TLD
waseda.jp # TLD
washington.edu # TLD
washu.edu # TLD
watch-movies.com.pk # TLD
watchporn.to # TLD
watson.ch # TLD
watson.de # TLD
waust.at # TLD
wayfair.ca # TLD
wayfair.co.uk # TLD
wayne.edu # TLD
waz.de # TLD
wb.gov.in # TLD
wb.ru # TLD
wbbasket.ru # TLD
wbd.ms # TLD
wbs-law.de # TLD
wcd.gov.in # TLD
wdp-gazduire.ro # TLD
wdr.de # TLD
we.tl # TLD
wear.jp # TLD
weather.com.cn # TLD
weather.gc.ca # TLD
weather.gov # TLD
weatherkit.net # GeoIP (RU)
weathernews.jp # TLD
web.de # TLD
web4u.cz # TLD
webd.pl # TLD
webempresa.eu # TLD
webglobe.cz # TLD
webgo.de # TLD
webguard.pro # GeoIP (RU)
webhosting.dk # TLD
webhouse.sk # TLD
webim.ru # TLD
webinar.ru # TLD
webland.ch # TLD
weblio.jp # TLD
webmotors.com.br # TLD
webnames.ca # TLD
webnode.cz # TLD
weboc.gov.pk # TLD
webofcomics.top # GeoIP (RU)
webopulsar.com # GeoIP (RU)
weborama-tech.ru # TLD
weborama.fr # TLD
webspace.uz # TLD
websupport.sk # TLD
webvisor.com # GeoIP (RU)
wechatpay.cn # TLD
wedos.cz # TLD
weeronline.nl # TLD
weerplaza.nl # TLD
wehkamp.nl # TLD
weibo.cn # TLD
weizmann.ac.il # TLD
welt.de # TLD
wenming.cn # TLD
wesleyan.edu # TLD
west.cn # TLD
westpac.com.au # TLD
wetter.de # TLD
wetteronline.de # TLD
wfolio.ru # TLD
wfu.edu # TLD
wfxs.tw # TLD
wg-gesucht.de # TLD
wgu.edu # TLD
whatmobile.com.pk # TLD
whc.ca # TLD
which.co.uk # TLD
whiteboard.ms # TLD
whiteboxdigital.ru # TLD
whitehouse.gov # TLD
whmpanels.ro # TLD
whoi.edu # TLD
whois.co.kr # TLD
whoisdomain.kr # TLD
whost-solutions.ru # TLD
whu.edu.cn # TLD
wi.gov # TLD
wickes.co.uk # TLD
wien.at # TLD
wien.gv.at # TLD
wifly.net # GeoIP (RU)
wiki.gg # TLD
wikiwiki.jp # TLD
wildberries.by # TLD
wildberries.ru # TLD
wildred.ru # TLD
wildred.tv # GeoIP (RU)
willhaben.at # TLD
williams.edu # TLD
win2day.at # TLD
winamax.fr # TLD
winbet.bg # TLD
windguru.cz # TLD
windows.us # TLD
wink.ru # TLD
winline.ru # TLD
winner.rw # TLD
wired.co.uk # TLD
wired.it # TLD
wisc.edu # TLD
wisconsin.gov # TLD
wiwo.de # TLD
wiz.cn # TLD
wjx.cn # TLD
wko.at # TLD
wku.edu # TLD
wlink.com.np # TLD
wm.edu # TLD
wmich.edu # TLD
wnp.pl # TLD
wo.cn # TLD
woman.ru # TLD
womenshealth.gov # TLD
woolworths.com.au # TLD
wordunscrambler.me # Keyword
wordunscrambler.net # Keyword
work.gd # TLD
work.ua # TLD
work24.go.kr # TLD
workabroad.ph # TLD
workbox.dk # TLD
worklabweb.com.br # TLD
workman.jp # TLD
world.co.jp # TLD
worldoftanks.eu # TLD
wort-suchen.de # TLD
worten.pt # TLD
wosms.cn # TLD
wowma.jp # TLD
wp.pl # TLD
wpcdn.pl # TLD
wpi.edu # TLD
wpolityce.pl # TLD
wps.cn # TLD
wpscdn.cn # TLD
wroc.pl # TLD
wsbetting.co.mw # TLD
wscvip.cn # TLD
wso2.download # GeoIP (RU)
wsrv.nl # TLD
wsu.edu # TLD
wtp.waw.pl # TLD
wur.nl # TLD
wustl.edu # TLD
wv.gov # TLD
wvu.edu # TLD
wwf.org.uk # TLD
wwu.edu # TLD
www.gob.mx # TLD
www.gob.pe # TLD
www.gov.br # TLD
www.gov.cn # TLD
www.gov.gr # TLD
www.gov.ie # TLD
www.gov.il # TLD
www.gov.pl # TLD
www.gov.uk # TLD
www.gov.za # TLD
www.ne.jp # TLD
www.nhs.uk # TLD
wyborcza.pl # TLD
wykop.pl # TLD
wyo.gov # TLD
wz.cz # TLD
x.gd # TLD
x5.ru # TLD
x5media.ru # TLD
xbato.co.uk # TLD
xbiz.ne.jp # TLD
xbox-dns.ru # TLD
xcar.com.cn # TLD
xdate.ch # TLD
xe.gr # TLD
xfyun.cn # TLD
xiaoman.cn # TLD
xit.az # TLD
xjtu.edu.cn # TLD
xmu.edu.cn # TLD
xn--42c5ab1a9aq9hqb5dud.to # TLD
xn--b1aew.xn--p1ai # TLD
xnhau.bz # TLD
xnhau.cx # TLD
xnhau.la # TLD
xnhau.vc # TLD
xnxx.es # TLD
xnxxarab.to # TLD
xoso.com.vn # TLD
xpi.com.br # TLD
xplosion.de # TLD
xs4all.nl # TLD
xserver.jp # TLD
xskt.com.vn # TLD
xsph.ru # TLD
xsrv.jp # TLD
xsw.tw # TLD
xtracloud.cn # TLD
xuexi.cn # TLD
xvideo.vlog.br # TLD
xvideos.blog.br # TLD
xvideos.es # TLD
xvideos.tv.br # TLD
xvideosporno.blog.br # TLD
xxxclub.to # TLD
xxxhindi.to # TLD
xxxlutz.de # TLD
xyyh.com.cn # TLD
y2mate.nu # TLD
y99.in # TLD
ya-content.ru # TLD
ya.ru # TLD
yad2.co.il # TLD
yadi.sk # TLD
yadro.com # GeoIP (RU)
yadro.ru # TLD
yaeby.com.ua # TLD
yahoo.co.jp # TLD
yahooapis.jp # TLD
yaklass.ru # TLD
yale.edu # TLD
yama96.jp # TLD
yamaha-motor.eu # TLD
yanao.ru # TLD
yandex-net.ru # TLD
yandex-team.ru # TLD
yandex.by # TLD
yandex.com # Keyword
yandex.com.tr # TLD
yandex.fi # TLD
yandex.kz # TLD
yandex.md # TLD
yandex.net # Keyword
yandex.ru # TLD
yandex.uz # TLD
yandexadexchange.net # Keyword
yandexcloud.net # Keyword
yangshipin.cn # TLD
yanmaga.jp # TLD
yapo.cl # TLD
yar.ru # TLD
yarnet.ru # TLD
yastatic.net # Keyword
yccdn.ru # TLD
yclients.com # GeoIP (RU)
ydns.eu # TLD
yellowpages.ca # TLD
yelp.ca # TLD
yimg.jp # TLD
yjc.ir # TLD
yjtag.jp # TLD
yle.fi # TLD
ymobile.jp # TLD
yna.co.kr # TLD
ynet.co.il # TLD
yoasobi.co.jp # TLD
yokohama.lg.jp # TLD
yomiuri.co.jp # TLD
yoomoney.ru # TLD
york.ac.uk # TLD
yorku.ca # TLD
yota.ru # TLD
youboost.app # GeoIP (RU)
yougile.com # GeoIP (RU)
yougov.co.uk # TLD
youla.ru # TLD
youngchampion.jp # TLD
your-server.de # TLD
your-storagebox.de # TLD
your-storageshare.de # TLD
youradchoices.ca # TLD
yournet.ne.jp # TLD
youronlinechoices.eu # TLD
youth.cn # TLD
youtu.be # TLD
yp.to # TLD
yr.no # TLD
yt2mp3.gs # TLD
yt2mp3.sc # TLD
ytdown.to # TLD
yts.bz # TLD
yts.gg # TLD
yuga.ru # TLD
yutex.ru # TLD
z-library.sk # TLD
zaccodigitaltrustlabs.se # TLD
zadn.vn # TLD
zadns.vn # TLD
zakon.kz # TLD
zalan.do # TLD
zalando.at # TLD
zalando.be # TLD
zalando.ch # TLD
zalando.de # TLD
zalando.dk # TLD
zalando.es # TLD
zalando.fi # TLD
zalando.fr # TLD
zalando.it # TLD
zalando.nl # TLD
zalando.pl # TLD
zalando.se # TLD
zalora.co.id # TLD
zaobao.com.sg # TLD
zapimoveis.com.br # TLD
zapvi.in # TLD
zaq.ne.jp # TLD
zardfilm.in # TLD
zarebin.ir # TLD
zattini.com.br # TLD
zazaza.me # GeoIP (RU)
zcool.com.cn # TLD
zdf.de # TLD
zdfheute.de # TLD
zdn.vn # TLD
zdnscloud.cn # TLD
zeit.de # TLD
zen.co.uk # TLD
zenbox.pl # TLD
zenithly.best # GeoIP (RU)
zeno.fm # TLD
zenon.net # GeoIP (RU)
zepto.co.in # TLD
zer0day.ch # TLD
zerocdn.com # GeoIP (RU)
zerocha.jp # TLD
zerodepositcasino.co.uk # TLD
zerozero.pt # TLD
zeturf.be # TLD
zeturf.fr # TLD
zhqidown.cn # TLD
ziggo.nl # TLD
zimmo.be # TLD
zing.vn # TLD
zingmp3.vn # TLD
zj.gov.cn # TLD
zjol.com.cn # TLD
zju.edu.cn # TLD
znaki.fm # TLD
znanylekarz.pl # TLD
znews.vn # TLD
zoho.eu # TLD
zoho.in # TLD
zohopublic.eu # TLD
zohopublic.in # TLD
zol.com.cn # TLD
zonaprop.com.ar # TLD
zonatelecom.ru # TLD
zone-turf.fr # TLD
zone.ee # TLD
zoom.us # TLD
zoomdev.us # TLD
zoomit.ir # TLD
zoon.ru # TLD
zoopla.co.uk # TLD
zougla.gr # TLD
zoznam.sk # TLD
zozo.jp # TLD
zr.ru # TLD
zsttk.ru # TLD
zt.ru # TLD
zte.com.cn # TLD
zum.de # TLD
zurich.com.au # TLD
zurnal24.si # TLD
zus.pl # TLD
zvuk.com # GeoIP (RU)
zxcs.nl # TLD
